AAWt,AAMt,Sstruct,SaccW,ShbondsW,SaccM,ShbondsM,yDDG,Result,Positiontype,ProteinPropens,Positionaccept,MOSST,SectorSuperficie,Functionalrelevancefunction,Clinical
0.45454545454545453,0.09090909090909091,0.2727272727272727,0.1,0.8181818181818182,0.1,0.8181818181818182,-3.2,0.6363636363636364,0.2727272727272727,0.5,0.9,-0.8,0.18181818181818182,0.1,0
0.09090909090909091,0.36363636363636365,0.36363636363636365,52.4,0.09090909090909091,29.7,0.8181818181818182,-2.3,0.6363636363636364,0.2727272727272727,0.2,0.91,-0.8,0.36363636363636365,0.6,0
0.09090909090909091,0.18181818181818182,0.2727272727272727,111.8,0.8181818181818182,128.5,0.8181818181818182,-3,0.6363636363636364,0.2727272727272727,0.5,0.62,-0.3,0.09090909090909091,0.55,0
0.09090909090909091,0.18181818181818182,0.2727272727272727,37,0.8181818181818182,69.9,0.09090909090909091,-0.4,0.2727272727272727,0.09090909090909091,0.2,0.89,-0.2,0.2727272727272727,0,0
0.45454545454545453,0.36363636363636365,0.36363636363636365,1.4,0.8181818181818182,2,0.8181818181818182,-4.9,0.6363636363636364,0.45454545454545453,0,1,-1,0.36363636363636365,0.1,0
0.09090909090909091,0.09090909090909091,0.36363636363636365,68.8,0.09090909090909091,71.5,0.8181818181818182,-3.7,0.6363636363636364,0.45454545454545453,0,1,-0.5,0.36363636363636365,0,0
0.45454545454545453,0.36363636363636365,0.2727272727272727,15.5,0.8181818181818182,12.6,0.8181818181818182,-3.5,0.6363636363636364,0.09090909090909091,0.3,0.17,-0.1,0.18181818181818182,0.1,1
0.09090909090909091,0.18181818181818182,0.2727272727272727,46.3,0.8181818181818182,15.3,0.8181818181818182,-0.2,0.2727272727272727,0.45454545454545453,0,1,-1,0.2727272727272727,0.35,1
0.45454545454545453,0.18181818181818182,0.09090909090909091,0.2,0.8181818181818182,34.1,0.8181818181818182,-4.7,0.6363636363636364,0.09090909090909091,0.5,0.91,-0.7,0.2727272727272727,0.1,0
0.09090909090909091,0.36363636363636365,0.2727272727272727,0,0.8181818181818182,0,0.8181818181818182,0.3,0.2727272727272727,0.45454545454545453,0,1,-0.9,0.09090909090909091,0.75,1
0.45454545454545453,0.09090909090909091,0.36363636363636365,35.5,0.8181818181818182,58.8,0.09090909090909091,-1.1,0.09090909090909091,0.45454545454545453,0.3,0.95,-0.8,0.36363636363636365,0.1,0
