AAWt,AAMt,Sstruct,SaccW,ShbondsW,SaccM,ShbondsM,yDDG,Result,Positiontype,ProteinPropens,Positionaccept,MOSST,SectorSuperficie,Functionalrelevancefunction,Clinical
0.107632712227,0.215265424455,0.107632712227,0.0,0.322898136682,0.0,0.322898136682,-0.43053084891,0.215265424455,0.215265424455,0.0,0.43053084891,-0.473583933801,0.107632712227,0.150685797118,1
0.00523604923212,0.00523604923212,0.0104720984642,0.232480585906,0.0157081476964,0.971810737482,0.00523604923212,-0.0083776787714,0.00523604923212,0.0104720984642,0.0104720984642,0.0190592192049,-0.0167553575428,0.00523604923212,0.0104720984642,0
0.00172577637413,0.00345155274826,0.00345155274826,0.771767194512,0.0051773291224,0.63577601623,0.0051773291224,-0.00345155274826,0.00345155274826,0.00345155274826,0.00345155274826,0.00427992540785,-0.000690310549653,0.00172577637413,0.00379670802309,0
0.00251286900158,0.00251286900158,0.00251286900158,0.691541549235,0.00251286900158,0.721695977254,0.00753860700475,-0.0241235424152,0.00251286900158,0.00502573800316,0.0,0.0100514760063,-0.011056623607,0.00251286900158,0.0,0
