Metric,Score
accuracy,0.822580645161
recall,0.483870967742
precision,0.483870967742
