AAWt,AAMt,Sstruct,SaccW,ShbondsW,SaccM,ShbondsM,yDDG,Result,Positiontype,ProteinPropens,Positionaccept,MOSST,SectorSuperficie,Functionalrelevancefunction,Clinical
0.29369113918065715,0.14684556959032857,0.29369113918065715,0.0,0.4405367087709857,0.11747645567226286,0.29369113918065715,0.0,0.14684556959032857,0.29369113918065715,0.41116759485292,0.45815817712182516,0.0,0.14684556959032857,0.05873822783613143,0
0.050461717650281346,0.025230858825140673,0.050461717650281346,0.0,0.07569257647542202,0.9385879482952331,0.025230858825140673,-0.3027703059016881,0.025230858825140673,0.025230858825140673,0.09083109177050643,0.04743401459126446,-0.04036937412022508,0.025230858825140673,0.03532320235519694,0
0.039567860379280534,0.039567860379280534,0.07913572075856107,0.7755300634338985,0.039567860379280534,0.4748143245513664,0.039567860379280534,0.3323700271859565,0.039567860379280534,0.07913572075856107,0.1107900090619855,0.11553815230749916,-0.03165428830342443,0.039567860379280534,0.1187035811378416,0
0.005443658944839971,0.005443658944839971,0.010887317889679941,0.553075748795741,0.016330976834519912,0.8317910867715476,0.010887317889679941,0.017419708623487906,0.005443658944839971,0.005443658944839971,0.0,0.021774635779359883,-0.028307026513167848,0.005443658944839971,0.0,1
