AAWt,AAMt,Sstruct,SaccW,ShbondsW,SaccM,ShbondsM,yDDG,Result,Positiontype,ProteinPropens,Positionaccept,MOSST,SectorSuperficie,Functionalrelevancefunction,Clinical
0.0481398093913,0.0481398093913,0.144419428174,0.750981026504,0.0481398093913,0.365862551374,0.192559237565,-0.365862551374,0.0481398093913,0.144419428174,0.0962796187826,0.169452129057,-0.154047390052,0.0962796187826,0.0962796187826,0
0.00562349653073,0.00562349653073,0.0168704895922,0.623083415605,0.00562349653073,0.780541318465,0.0224939861229,0.00899759444916,0.0112469930615,0.00562349653073,0.0,0.0224939861229,-0.0292421819598,0.00562349653073,0.00224939861229,1
0.00230957376789,0.00230957376789,0.00692872130367,0.563535999365,0.00461914753578,0.825903579397,0.00923829507156,0.0,0.00461914753578,0.00692872130367,0.000923829507156,0.00702110425438,-0.000923829507156,0.00461914753578,0.00184765901431,0
0.00146745250917,0.00146745250917,0.00146745250917,0.656244762103,0.00293490501835,0.754270589716,0.0058698100367,-0.0176094301101,0.00146745250917,0.00440235752752,0.00293490501835,0.00363928222275,-0.00176094301101,0.00146745250917,0.00322839552018,0
