AAWt,AAMt,Sstruct,SaccW,ShbondsW,SaccM,ShbondsM,yDDG,Result,Positiontype,ProteinPropens,Positionaccept,MOSST,SectorSuperficie,Functionalrelevancefunction,Clinical
0.030376725375212573,0.060753450750425146,0.030376725375212573,0.0,0.12150690150085029,0.7867571872180057,0.18226035225127543,-0.42527415525297607,0.030376725375212573,0.09113017612563772,0.0,0.21263707762648804,-0.27642820091443443,0.12150690150085029,0.031895561643973204,0
0.07476805309761046,0.03738402654880523,0.14953610619522092,0.026168818584163665,0.14953610619522092,0.026168818584163665,0.2243041592928314,-0.8374021946932373,0.2243041592928314,0.07476805309761046,0.1308440929208183,0.23551936725747297,-0.20935054867330932,0.14953610619522092,0.026168818584163665,0
0.002659214815808505,0.002659214815808505,0.01063685926323402,0.8339297662375472,0.002659214815808505,0.5491278594644563,0.01595528889485103,-0.04467480890558289,0.01595528889485103,0.002659214815808505,0.01489160296852763,0.005212061038984671,-0.0018614503710659537,0.01063685926323402,0.0027921755565989306,0
0.0028717324216396122,0.0014358662108198061,0.0028717324216396122,0.6915131671308186,0.0028717324216396122,0.7216663575580345,0.008615197264918837,-0.02412255234177274,0.008615197264918837,0.004307598632459418,0.0,0.010051063475738644,-0.011056169823312508,0.0028717324216396122,0.0,0
0.025886564578185407,0.05177312915637081,0.10354625831274163,0.03624119040945957,0.10354625831274163,0.09060297602364893,0.15531938746911245,-0.9241503554412189,0.15531938746911245,0.05177312915637081,0.10872357122837871,0.16127329732209508,-0.10872357122837871,0.10354625831274163,0.018120595204729785,0
0.002876971669637747,0.0014384858348188735,0.002876971669637747,0.6927747780487694,0.002876971669637747,0.7199621603268462,0.008630915008913241,-0.03725678312180883,0.008630915008913241,0.0043154575044566205,0.0,0.010069400843732115,-0.005034700421866057,0.002876971669637747,0.0,0
0.028809453094448018,0.014404726547224009,0.057618906188896035,0.0,0.057618906188896035,0.9377476982242832,0.014404726547224009,-0.3024992574917042,0.08642835928334405,0.014404726547224009,0.09074977724751127,0.04739155034036699,-0.040333234332227234,0.014404726547224009,0.03529158004069882,0
