AAWt,AAMt,Sstruct,SaccW,ShbondsW,SaccM,ShbondsM,yDDG,Result,Positiontype,ProteinPropens,Positionaccept,MOSST,SectorSuperficie,Functionalrelevancefunction,Clinical
0.14285714285714285,0.2857142857142857,0.14285714285714285,0,0.5714285714285714,3.7,0.8571428571428571,-2,0.14285714285714285,0.42857142857142855,0,1,-1.3,0.5714285714285714,0.15,0
0.2857142857142857,0.14285714285714285,0.5714285714285714,0.1,0.5714285714285714,0.1,0.8571428571428571,-3.2,0.8571428571428571,0.2857142857142857,0.5,0.9,-0.8,0.5714285714285714,0.1,0
0.14285714285714285,0.14285714285714285,0.5714285714285714,44.8,0.14285714285714285,29.5,0.8571428571428571,-2.4,0.8571428571428571,0.14285714285714285,0.8,0.28,-0.1,0.5714285714285714,0.15,0
0.2857142857142857,0.14285714285714285,0.2857142857142857,68.8,0.2857142857142857,71.8,0.8571428571428571,-2.4,0.8571428571428571,0.42857142857142855,0,1,-1.1,0.2857142857142857,0,0
0.14285714285714285,0.2857142857142857,0.5714285714285714,0.2,0.5714285714285714,0.5,0.8571428571428571,-5.1,0.8571428571428571,0.2857142857142857,0.6,0.89,-0.6,0.5714285714285714,0.1,0
0.2857142857142857,0.14285714285714285,0.2857142857142857,68.8,0.2857142857142857,71.5,0.8571428571428571,-3.7,0.8571428571428571,0.42857142857142855,0,1,-0.5,0.2857142857142857,0,0
0.2857142857142857,0.14285714285714285,0.5714285714285714,0,0.5714285714285714,9.3,0.14285714285714285,-3,0.8571428571428571,0.14285714285714285,0.9,0.47,-0.4,0.14285714285714285,0.35,0
