AAWt,AAMt,Sstruct,SaccW,ShbondsW,SaccM,ShbondsM,yDDG,Result,Positiontype,ProteinPropens,Positionaccept,MOSST,SectorSuperficie,Functionalrelevancefunction,Clinical
0.0769230769231,0.0769230769231,0.153846153846,62,0.0769230769231,37.2,0.615384615385,-0.7,0.307692307692,0.0769230769231,0.3,0.67,-0.4,0.0769230769231,0.35,0
0.153846153846,0.153846153846,0.153846153846,82.8,0.384615384615,74.3,0.307692307692,-0.7,0.307692307692,0.384615384615,0.8,0.64,-0.2,0.230769230769,0.1,0
0.153846153846,0.153846153846,0.0769230769231,96.5,0.384615384615,95.3,0.307692307692,0.3,0.230769230769,0.384615384615,0.4,0.6,0.2,0.153846153846,0.3,0
0.0769230769231,0.153846153846,0.230769230769,68.8,0.384615384615,83.3,0.307692307692,0.4,0.230769230769,0.461538461538,0,1,-1.2,0.153846153846,0,0
0.0769230769231,0.0769230769231,0.230769230769,62.5,0.384615384615,76,0.0769230769231,-0.8,0.307692307692,0.384615384615,0.7,0.59,0.4,0.153846153846,0.25,1
0.153846153846,0.153846153846,0.153846153846,0,0.538461538462,4.9,0.615384615385,1.6,0.153846153846,0.461538461538,0,1,-1.3,0.0769230769231,0.15,0
0.153846153846,0.0769230769231,0.153846153846,6.8,0.538461538462,15.1,0.615384615385,-4.9,0.153846153846,0.461538461538,0.3,0.97,-0.9,0.230769230769,0.2,0
0.153846153846,0.0769230769231,0.307692307692,37,0.538461538462,48.6,0.615384615385,1.7,0.153846153846,0.0769230769231,0.2,0.89,-0.4,0.230769230769,0,1
0.0769230769231,0.153846153846,0.230769230769,9.8,0.538461538462,20.3,0.615384615385,-3.2,0.153846153846,0.461538461538,0,1,-0.8,0.153846153846,0.1,0
0.0769230769231,0.0769230769231,0.307692307692,29.8,0.538461538462,30.4,0.615384615385,-0.2,0.230769230769,0.384615384615,0,0.81,0.3,0.230769230769,0.2,0
0.153846153846,0.0769230769231,0.307692307692,1.2,0.538461538462,3.4,0.615384615385,-0.6,0.307692307692,0.461538461538,0,1,-0.5,0.230769230769,0.1,0
0.0769230769231,0.0769230769231,0.0769230769231,39.9,0.538461538462,27.5,0.615384615385,2.8,0.153846153846,0.384615384615,0.4,0.56,-0.4,0.0769230769231,0,1
0.0769230769231,0.153846153846,0.307692307692,17.3,0.384615384615,16.3,0.307692307692,3.4,0.153846153846,0.461538461538,0,1,-1.3,0.230769230769,0.85,1
