AAWt,AAMt,Sstruct,SaccW,ShbondsW,SaccM,ShbondsM,yDDG,Result,Positiontype,ProteinPropens,Positionaccept,MOSST,SectorSuperficie,Functionalrelevancefunction,Clinical
0.04851397452249322,0.04851397452249322,0.04851397452249322,0.0,0.19405589808997287,0.34930061656195116,0.19405589808997287,-0.8344403617868833,0.14554192356747966,0.09702794904498643,0.0,0.19405589808997287,-0.15524471847197832,0.04851397452249322,0.0679195643314905,1
0.003099864981600665,0.003099864981600665,0.003099864981600665,0.7377678656209582,0.01239945992640266,0.6745306199963046,0.01239945992640266,0.01239945992640266,0.003099864981600665,0.003099864981600665,0.011159513933762393,0.00694369755878549,0.0037198379779207974,0.003099864981600665,0.0012399459926402659,0
0.00695830371397529,0.00695830371397529,0.00695830371397529,0.3562651501555349,0.02783321485590116,0.9268460547015086,0.02783321485590116,-0.09741625199565407,0.02087491114192587,0.01391660742795058,0.0,0.02783321485590116,-0.033399857827081395,0.00695830371397529,0.016699928913540697,0
0.02164659567558613,0.02164659567558613,0.02164659567558613,0.017317276540468905,0.08658638270234452,0.8052533591318042,0.08658638270234452,-0.5628114875652395,0.0649397870267584,0.02164659567558613,0.04329319135117226,0.07879360825913352,-0.06926910616187562,0.02164659567558613,0.008658638270234453,1
