AAWt,AAMt,Sstruct,SaccW,ShbondsW,SaccM,ShbondsM,yDDG,Result,Positiontype,ProteinPropens,Positionaccept,MOSST,SectorSuperficie,Functionalrelevancefunction,Clinical
0.18181818181818182,0.2727272727272727,0.36363636363636365,7.3,0.8181818181818182,1.7,0.36363636363636365,-2.3,0.36363636363636365,0.45454545454545453,0,1,-0.3,0.36363636363636365,0.95,1
0.09090909090909091,0.09090909090909091,0.36363636363636365,50.8,0.8181818181818182,23.9,0.45454545454545453,-1.8,0.18181818181818182,0.36363636363636365,1,0.63,-0.3,0.09090909090909091,0.25,0
0.18181818181818182,0.09090909090909091,0.18181818181818182,0,0.8181818181818182,0,0.45454545454545453,1.9,0.18181818181818182,0.18181818181818182,0.7,0.25,1.1,0.36363636363636365,0,1
0.18181818181818182,0.18181818181818182,0.36363636363636365,59.5,0.8181818181818182,54.4,0.45454545454545453,1,0.09090909090909091,0.18181818181818182,0.9,0.56,0.3,0.09090909090909091,0.1,0
0.18181818181818182,0.09090909090909091,0.09090909090909091,3.9,0.18181818181818182,2.4,0.45454545454545453,1.4,0.18181818181818182,0.36363636363636365,0.5,0.88,-0.7,0.18181818181818182,0.5,0
0.18181818181818182,0.2727272727272727,0.36363636363636365,7.3,0.8181818181818182,1.7,0.36363636363636365,-2.3,0.36363636363636365,0.45454545454545453,0,1,-0.3,0.36363636363636365,0.95,1
0.09090909090909091,0.09090909090909091,0.36363636363636365,6.7,0.8181818181818182,30.5,0.18181818181818182,0.5,0.09090909090909091,0.36363636363636365,0.7,0.78,0.1,0.18181818181818182,0.5,0
0.09090909090909091,0.18181818181818182,0.18181818181818182,17.3,0.18181818181818182,21,0.45454545454545453,-1.5,0.18181818181818182,0.45454545454545453,0,1,-1,0.36363636363636365,0.85,1
0.09090909090909091,0.09090909090909091,0.36363636363636365,12.8,0.8181818181818182,39.6,0.18181818181818182,2.7,0.09090909090909091,0.45454545454545453,0,1,-0.5,0.09090909090909091,0.6,0
0.18181818181818182,0.2727272727272727,0.36363636363636365,40.3,0.8181818181818182,46.6,0.36363636363636365,-2.2,0.36363636363636365,0.36363636363636365,0.6,0.87,-0.6,0.09090909090909091,0.6,0
0.09090909090909091,0.09090909090909091,0.36363636363636365,9.8,0.8181818181818182,17.2,0.36363636363636365,-3.4,0.36363636363636365,0.45454545454545453,0,1,-0.9,0.09090909090909091,0.1,0
