AAWt,AAMt,Sstruct,SaccW,ShbondsW,SaccM,ShbondsM,yDDG,Result,Positiontype,ProteinPropens,Positionaccept,MOSST,SectorSuperficie,Functionalrelevancefunction,Clinical
0.00562483077424,0.00562483077424,0.00562483077424,0.623231249786,0.00562483077424,0.780726511464,0.0112496615485,0.00899972923878,0.00562483077424,0.0168744923227,0.0,0.022499323097,-0.029249120026,0.00562483077424,0.0022499323097,1
0.0102964639494,0.00514823197472,0.00514823197472,0.821657823166,0.0154446959242,0.56630551722,0.0102964639494,0.0576601981169,0.00514823197472,0.00514823197472,0.00823717115956,0.0115320396234,-0.00823717115956,0.00514823197472,0.0,1
0.235506087028,0.117753043514,0.117753043514,0.0,0.353259130542,0.0,0.117753043514,0.282607304433,0.117753043514,0.353259130542,0.0,0.471012174056,-0.518113391461,0.117753043514,0.235506087028,0
0.0310176323321,0.0310176323321,0.0310176323321,0.905714864097,0.0930528969963,0.210919899858,0.0310176323321,-0.285362217455,0.0310176323321,0.0930528969963,0.0,0.124070529328,-0.0372211587985,0.0310176323321,0.117867002862,1
