AAWt,AAMt,Sstruct,SaccW,ShbondsW,SaccM,ShbondsM,yDDG,Result,Positiontype,ProteinPropens,Positionaccept,MOSST,SectorSuperficie,Functionalrelevancefunction,Clinical
0.08633994017143909,0.043169970085719545,0.12950991025715863,0.09065693718001105,0.30218979060003687,0.12087591624001474,0.25901982051431727,-0.8159124346200995,0.12950991025715863,0.12950991025715863,0.09065693718001105,0.287080301070035,0.0,0.043169970085719545,0.030218979060003686,1
0.0018059456382200974,0.0018059456382200974,0.005417836914660292,0.46773992029900524,0.012641619467540681,0.8836492007810938,0.0018059456382200974,-0.005056647787016273,0.003611891276440195,0.0018059456382200974,0.0025283238935081367,0.011251041326111207,-0.0025283238935081367,0.0018059456382200974,0.0,0
0.005277061054459685,0.0026385305272298423,0.005277061054459685,0.7443294617315385,0.0184697136906089,0.6667566642309812,0.015831183163379055,0.011081828214365338,0.005277061054459685,0.007915591581689528,0.011081828214365338,0.016068650910829742,0.005540914107182669,0.0026385305272298423,0.011081828214365338,1
0.049054339851911426,0.049054339851911426,0.1471630195557343,0.0,0.34338037896338003,0.0,0.2943260391114686,-0.7554368337194362,0.1471630195557343,0.1471630195557343,0.103014113689014,0.3296451638048448,-0.13735215158535202,0.049054339851911426,0.120183132637183,0
0.0032058260893532507,0.0032058260893532507,0.006411652178706501,0.7966477832042828,0.022440782625472753,0.5969248178375753,0.019234956536119504,-0.0830308957142492,0.009617478268059752,0.009617478268059752,0.006732234787641826,0.021318743494199117,-0.022440782625472753,0.0032058260893532507,0.0022440782625472756,0
0.03189479149683267,0.015947395748416335,0.03189479149683267,0.6697906214334861,0.11163177023891435,0.6363010903618118,0.09568437449049802,0.32373213369285164,0.015947395748416335,0.04784218724524901,0.055815885119457176,0.06809537984573776,-0.04465270809556574,0.03189479149683267,0.06697906214334862,0
0.03639859037912017,0.018199295189560084,0.03639859037912017,0.7643703979615235,0.12739506632692058,0.5987568117365268,0.1091957711373605,0.06369753316346029,0.018199295189560084,0.05459788556868025,0.06369753316346029,0.07771099045942156,-0.038218519898076175,0.03639859037912017,0.07643703979615235,1
