AAWt,AAMt,Sstruct,SaccW,ShbondsW,SaccM,ShbondsM,yDDG,Result,Positiontype,ProteinPropens,Positionaccept,MOSST,SectorSuperficie,Functionalrelevancefunction,Clinical
0.142857142857,0.142857142857,0.285714285714,14.4,0.142857142857,20.5,0.142857142857,-3.1,0.428571428571,0.142857142857,0.2,0.48,-0.2,0.428571428571,0.8,0
0.142857142857,0.142857142857,0.285714285714,11.1,0.857142857143,23.1,0.714285714286,-0.4,0.142857142857,0.285714285714,0.5,0.91,0,0.142857142857,0.5,1
0.428571428571,0.142857142857,0.285714285714,93.3,0.857142857143,96.3,0.714285714286,-1,0.142857142857,0.571428571429,0,1,-1,0.428571428571,0.3,1
0.428571428571,0.285714285714,0.428571428571,0.1,0.857142857143,4.9,0.714285714286,-4,0.428571428571,0.285714285714,0.5,0.9,-0.7,0.142857142857,0.1,0
0.428571428571,0.142857142857,0.285714285714,93.3,0.857142857143,92.8,0.714285714286,-0.6,0.142857142857,0.571428571429,0,1,-0.3,0.428571428571,0.3,0
0.142857142857,0.285714285714,0.428571428571,0,0.857142857143,0,0.714285714286,-3.4,0.428571428571,0.571428571429,0.3,0.96,-1,0.142857142857,0.35,1
0.142857142857,0.142857142857,0.428571428571,0,0.857142857143,0,0.142857142857,0.6,0.142857142857,0.571428571429,0,1,-1.1,0.142857142857,0.5,0
