Statistic,Value
Mean,4.82751147842
Std,5.51056138958
Max,21.6
Min,0.0
Var,30.3662868284
