AAWt,AAMt,Sstruct,SaccW,ShbondsW,SaccM,ShbondsM,yDDG,Result,Positiontype,ProteinPropens,Positionaccept,MOSST,SectorSuperficie,Functionalrelevancefunction,Clinical
0.181818181818,0.272727272727,0.181818181818,66.5,0.0909090909091,47.9,0.545454545455,-1.4,0.545454545455,0.272727272727,0.7,0.85,0,0.272727272727,0.25,1
0.181818181818,0.0909090909091,0.181818181818,50.3,0.181818181818,55,0.363636363636,-1.6,0.545454545455,0.636363636364,0,1,-1.1,0.181818181818,0.1,0
0.0909090909091,0.181818181818,0.0909090909091,7.7,0.727272727273,9,0.363636363636,-2,0.545454545455,0.636363636364,0,1,-1,0.0909090909091,0.1,0
0.272727272727,0.272727272727,0.363636363636,57.5,0.727272727273,70.8,0.545454545455,-1.3,0.545454545455,0.272727272727,0.9,0.31,0.1,0.0909090909091,0.35,1
0.272727272727,0.0909090909091,0.0909090909091,6.8,0.727272727273,8.6,0.0909090909091,0.5,0.0909090909091,0.636363636364,0.3,0.97,-0.6,0.181818181818,0.2,0
0.0909090909091,0.181818181818,0.272727272727,40.3,0.727272727273,46.6,0.363636363636,-2.2,0.363636363636,0.272727272727,0.6,0.87,-0.6,0.0909090909091,0.6,0
0.181818181818,0.0909090909091,0.363636363636,15.5,0.727272727273,12.6,0.545454545455,-3.5,0.363636363636,0.0909090909091,0.3,0.17,-0.1,0.0909090909091,0.1,1
0.272727272727,0.272727272727,0.363636363636,1.2,0.727272727273,0.8,0.545454545455,-5,0.363636363636,0.636363636364,0,1,-0.9,0.272727272727,0.1,0
0.0909090909091,0.0909090909091,0.363636363636,17.3,0.181818181818,21,0.545454545455,-1.5,0.545454545455,0.636363636364,0,1,-1,0.272727272727,0.85,1
0.0909090909091,0.0909090909091,0.272727272727,12.8,0.727272727273,17.4,0.363636363636,-1.2,0.545454545455,0.636363636364,0,1,-0.8,0.181818181818,0.6,0
0.181818181818,0.0909090909091,0.272727272727,11.9,0.727272727273,15.2,0.545454545455,-2.3,0.363636363636,0.636363636364,0,1,-1.2,0.181818181818,0.1,1
