AAWt,AAMt,Sstruct,SaccW,ShbondsW,SaccM,ShbondsM,yDDG,Result,Positiontype,ProteinPropens,Positionaccept,MOSST,SectorSuperficie,Functionalrelevancefunction,Clinical
0.181818181818,0.181818181818,0.545454545455,0,0.636363636364,0,0.727272727273,-1.3,0.0909090909091,0.272727272727,0,1,-1.1,0.0909090909091,0.5,1
0.181818181818,0.181818181818,0.545454545455,0,0.636363636364,16.9,0.727272727273,-3.2,0.545454545455,0.181818181818,0.9,0.47,-0.2,0.181818181818,0.35,1
0.181818181818,0.363636363636,0.545454545455,40.5,0.636363636364,29.7,0.727272727273,-3.3,0.545454545455,0.0909090909091,0.3,0.44,-0.3,0.0909090909091,0.6,0
0.181818181818,0.181818181818,0.0909090909091,82.8,0.272727272727,74.3,0.272727272727,-0.7,0.0909090909091,0.454545454545,0.8,0.64,-0.2,0.0909090909091,0.1,0
0.181818181818,0.363636363636,0.272727272727,52.4,0.0909090909091,29.7,0.727272727273,-2.3,0.545454545455,0.454545454545,0.2,0.91,-0.8,0.181818181818,0.6,0
0.181818181818,0.363636363636,0.272727272727,6.7,0.636363636364,21.4,0.727272727273,-3.5,0.545454545455,0.454545454545,0.7,0.78,-0.1,0.181818181818,0.5,1
0.0909090909091,0.0909090909091,0.272727272727,63.3,0.272727272727,97.8,0.272727272727,-0.4,0.0909090909091,0.272727272727,0,1,-0.3,0.0909090909091,1,1
0.181818181818,0.363636363636,0.545454545455,0,0.636363636364,4.9,0.727272727273,-4,0.545454545455,0.181818181818,0.9,0.47,-0.3,0.181818181818,0.35,0
0.0909090909091,0.0909090909091,0.545454545455,0.3,0.636363636364,18,0.727272727273,-5.2,0.545454545455,0.272727272727,0.3,0.95,-0.7,0.0909090909091,0.1,0
0.0909090909091,0.0909090909091,0.0909090909091,21.2,0.636363636364,25.6,0.727272727273,0.8,0.0909090909091,0.454545454545,0,0.83,-0.6,0.181818181818,0.25,0
0.181818181818,0.181818181818,0.545454545455,45.5,0.272727272727,50.6,0.272727272727,1.2,0.0909090909091,0.454545454545,0.9,0.69,-0.2,0.181818181818,0.1,1
