AAWt,AAMt,Sstruct,SaccW,ShbondsW,SaccM,ShbondsM,yDDG,Result,Positiontype,ProteinPropens,Positionaccept,MOSST,SectorSuperficie,Functionalrelevancefunction,Clinical
0.428571428571,0.142857142857,0.571428571429,0,0.857142857143,10,0.714285714286,-3.3,0.285714285714,0.571428571429,0,1,-0.5,0.142857142857,0.75,0
0.142857142857,0.285714285714,0.428571428571,0,0.857142857143,0,0.714285714286,-0.2,0.428571428571,0.571428571429,0,1,-0.8,0.142857142857,0.5,0
0.142857142857,0.285714285714,0.428571428571,1.2,0.857142857143,0.8,0.714285714286,-5,0.285714285714,0.571428571429,0,1,-0.9,0.571428571429,0.1,0
0.142857142857,0.142857142857,0.571428571429,26.8,0.857142857143,40.7,0.714285714286,0,0.428571428571,0.571428571429,0,1,-1.2,0.142857142857,0.1,0
0.428571428571,0.285714285714,0.428571428571,4.9,0.142857142857,3,0.142857142857,2.1,0.142857142857,0.428571428571,0.7,0.73,-0.2,0.571428571429,0.75,0
0.428571428571,0.142857142857,0.571428571429,11.1,0.857142857143,23.1,0.714285714286,-0.4,0.428571428571,0.428571428571,0.5,0.91,0,0.571428571429,0.5,1
0.142857142857,0.285714285714,0.571428571429,74.6,0.857142857143,70.3,0.142857142857,1.1,0.142857142857,0.428571428571,0,0.79,-0.3,0.571428571429,0.35,1
