Statistic,Value
Mean,0.574913833044
Std,0.0438190505486
Max,0.705294117647
Min,0.402058823529
Var,0.00192010919098
