AAWt,AAMt,Sstruct,SaccW,ShbondsW,SaccM,ShbondsM,yDDG,Result,Positiontype,ProteinPropens,Positionaccept,MOSST,SectorSuperficie,Functionalrelevancefunction,Clinical
0.14285714285714285,0.14285714285714285,0.42857142857142855,50.3,0.2857142857142857,35,0.8571428571428571,0.1,0.5714285714285714,0.5714285714285714,0,1,-1,0.2857142857142857,0.1,1
0.14285714285714285,0.2857142857142857,0.42857142857142855,0,0.7142857142857143,2.2,0.8571428571428571,-6.5,0.2857142857142857,0.42857142857142855,0.7,0.78,-0.5,0.2857142857142857,0.1,0
0.14285714285714285,0.14285714285714285,0.42857142857142855,99.4,0.2857142857142857,98.6,0.14285714285714285,-0.5,0.5714285714285714,0.42857142857142855,-0.1,0.71,-0.1,0.2857142857142857,0.2,0
0.14285714285714285,0.2857142857142857,0.42857142857142855,7.3,0.7142857142857143,0.6,0.8571428571428571,0,0.5714285714285714,0.5714285714285714,0,1,-1.1,0.2857142857142857,0.95,1
0.14285714285714285,0.14285714285714285,0.42857142857142855,42.5,0.7142857142857143,55.3,0.8571428571428571,0.7,0.14285714285714285,0.42857142857142855,0.5,0.93,-0.6,0.2857142857142857,0.1,0
0.14285714285714285,0.14285714285714285,0.14285714285714285,0.5,0.7142857142857143,1.2,0.8571428571428571,-0.4,0.5714285714285714,0.5714285714285714,0,1,-0.8,0.2857142857142857,0,0
0.14285714285714285,0.14285714285714285,0.42857142857142855,25.3,0.7142857142857143,32.4,0.8571428571428571,-2.5,0.2857142857142857,0.5714285714285714,0.3,0.97,0,0.14285714285714285,0.25,0
