Statistic,Value
Mean,0.452624472574
Std,0.118611217079
Max,0.733333333333
Min,0.0
Var,0.0140686208169
