AAWt,AAMt,Sstruct,SaccW,ShbondsW,SaccM,ShbondsM,yDDG,Result,Positiontype,ProteinPropens,Positionaccept,MOSST,SectorSuperficie,Functionalrelevancefunction,Clinical
0.0769230769231,0.0769230769231,0.153846153846,11.1,0.846153846154,28.8,0.153846153846,-0.7,0.230769230769,0.615384615385,0.5,0.91,-0.7,0.230769230769,0.5,1
0.0769230769231,0.0769230769231,0.307692307692,62.5,0.0769230769231,76,0.153846153846,-0.8,0.230769230769,0.615384615385,0.7,0.59,0.4,0.153846153846,0.25,1
0.230769230769,0.153846153846,0.153846153846,0.2,0.846153846154,9,0.769230769231,-3.6,0.307692307692,0.0769230769231,0.5,0.91,-0.6,0.230769230769,0.1,0
0.153846153846,0.153846153846,0.307692307692,1.2,0.846153846154,3.4,0.769230769231,-0.6,0.230769230769,0.307692307692,0,1,-0.5,0.230769230769,0.1,0
0.230769230769,0.0769230769231,0.307692307692,0.1,0.846153846154,4.9,0.769230769231,-4,0.307692307692,0.615384615385,0.5,0.9,-0.7,0.0769230769231,0.1,0
0.0769230769231,0.0769230769231,0.307692307692,29.8,0.846153846154,30.4,0.769230769231,-0.2,0.307692307692,0.615384615385,0,0.81,0.3,0.153846153846,0.2,0
0.153846153846,0.153846153846,0.307692307692,0.3,0.846153846154,0.4,0.769230769231,-2.7,0.307692307692,0.307692307692,0.3,0.95,0,0.0769230769231,0.1,1
0.0769230769231,0.0769230769231,0.0769230769231,61,0.846153846154,89.4,0.769230769231,0,0.307692307692,0.615384615385,0.1,0.76,-0.1,0.153846153846,0.2,1
0.230769230769,0.153846153846,0.307692307692,1.4,0.846153846154,2,0.769230769231,-3.3,0.307692307692,0.307692307692,0,1,-0.8,0.153846153846,0.1,1
0.0769230769231,0.0769230769231,0.307692307692,47.8,0.0769230769231,67.9,0.0769230769231,1.6,0.0769230769231,0.615384615385,0.2,0.92,-0.8,0.153846153846,0.35,0
0.153846153846,0.153846153846,0.153846153846,6.8,0.846153846154,7.8,0.769230769231,-1.1,0.0769230769231,0.307692307692,0.3,0.97,-0.7,0.153846153846,0.2,1
0.153846153846,0.153846153846,0.307692307692,40.3,0.846153846154,39.7,0.769230769231,0.2,0.307692307692,0.615384615385,0.6,0.87,0,0.0769230769231,0.6,0
0.0769230769231,0.0769230769231,0.153846153846,50.8,0.846153846154,62.7,0.769230769231,0.3,0.307692307692,0.615384615385,1,0.63,-0.2,0.0769230769231,0.25,0
