feature,mean,var,std,min,max
SaccW,39.9125,514.36859375,22.6796956274,7.7,75.7
SaccM,44.8875,712.53609375,26.6933717194,9.0,90.9
yDDG,-0.6125,2.69359375,1.64121715504,-2.8,2.8
ProteinPropens,0.125,0.026875,0.163935963108,0.0,0.4
Positionaccept,0.82,0.0356,0.188679622641,0.56,1.0
MOSST,-0.5875,0.42109375,0.648917367621,-1.3,0.6
Functionalrelevancefunction,0.075,0.001875,0.0433012701892,0.0,0.1
