AAWt,AAMt,Sstruct,SaccW,ShbondsW,SaccM,ShbondsM,yDDG,Result,Positiontype,ProteinPropens,Positionaccept,MOSST,SectorSuperficie,Functionalrelevancefunction,Clinical
0.00439388177556,0.00878776355112,0.00878776355112,0.294390078962,0.0307571724289,0.940290699969,0.03954493598,-0.153785862145,0.00878776355112,0.00878776355112,0.0307571724289,0.0342722778494,-0.00439388177556,0.00878776355112,0.0219694088778,1
0.0317140860456,0.0317140860456,0.126856344182,0.0,0.221998602319,0.761138065095,0.285426774411,-0.253712688365,0.0634281720912,0.253712688365,0.0,0.317140860456,-0.158570430228,0.0317140860456,0.11099930116,1
0.0526563814226,0.0263281907113,0.105312762845,0.842502102761,0.0789845721339,0.0526563814226,0.0263281907113,0.315938288535,0.0263281907113,0.21062552569,0.131640953556,0.242219354544,-0.131640953556,0.0526563814226,0.157969144268,0
0.0463116844647,0.0926233689295,0.185246737859,0.0,0.324181791253,0.0,0.416805160183,0.138935053394,0.0926233689295,0.370493475718,0.0,0.463116844647,-0.416805160183,0.0463116844647,0.347337633486,1
0.00163105661622,0.00326211323244,0.00652422646488,0.820421477959,0.00489316984866,0.570869815677,0.014679509546,0.00163105661622,0.00326211323244,0.0130484529298,0.0,0.0163105661622,-0.0163105661622,0.00163105661622,0.00163105661622,1
0.0468982487911,0.0234491243956,0.0937964975822,0.750371980658,0.0703473731867,0.0,0.21104211956,-0.492431612307,0.0468982487911,0.187592995164,0.117245621978,0.215731944439,-0.117245621978,0.0468982487911,0.140694746373,1
0.0834900241643,0.0834900241643,0.166980048329,0.0,0.292215084575,0.0834900241643,0.375705108739,-0.709665205396,0.0834900241643,0.0834900241643,0.292215084575,0.325611094241,0.0834900241643,0.0834900241643,0.0417450120821,1
0.0506915887227,0.101383177445,0.202766354891,0.0,0.354841121059,0.0,0.456224298504,-0.405532709782,0.101383177445,0.405532709782,0.152074766168,0.486639251738,0.0,0.101383177445,0.0506915887227,0
0.00149138408783,0.000745692043915,0.00149138408783,0.695730676973,0.00521984430741,0.71810143829,0.00671122839524,-0.00745692043915,0.00149138408783,0.00596553635132,0.0,0.00745692043915,-0.00745692043915,0.00149138408783,0.00223707613175,1
0.00217705331047,0.00435410662095,0.00870821324189,0.55297154086,0.0152393731733,0.831634364601,0.0195934797943,0.0174164264838,0.00217705331047,0.0174164264838,0.0,0.0217705331047,-0.0283016930361,0.00217705331047,0.0,1
