Metric,Score
accuracy,0.142857142857
recall,0.428571428571
precision,0.428571428571
