AAWt,AAMt,Sstruct,SaccW,ShbondsW,SaccM,ShbondsM,yDDG,Result,Positiontype,ProteinPropens,Positionaccept,MOSST,SectorSuperficie,Functionalrelevancefunction,Clinical
0.00765417707508,0.00765417707508,0.00765417707508,0.92462459067,0.0153083541502,0.367400499604,0.0306167083003,-0.0796034415808,0.0153083541502,0.0229625312252,0.00612334166006,0.0275550374703,-0.0244933666403,0.0153083541502,0.00306167083003,0
0.0143869934739,0.0143869934739,0.0143869934739,0.391326222491,0.0287739869479,0.868974405825,0.0575479738957,-0.281985072089,0.0287739869479,0.0143869934739,0.0172643921687,0.0558215346788,-0.0517931765061,0.0143869934739,0.0115095947791,0
0.00223570827203,0.00223570827203,0.00223570827203,0.545512818376,0.00447141654407,0.837943460358,0.00894283308813,0.00268284992644,0.00223570827203,0.0067071248161,0.000894283308813,0.00679655314698,0.00625998316169,0.00223570827203,0.00178856661763,1
0.0180800009809,0.0180800009809,0.0180800009809,0.354368019225,0.0361600019617,0.918464049828,0.0723200039235,-0.101248005493,0.0180800009809,0.0542400029426,0.0506240027464,0.0527936028641,0.0144640007847,0.0361600019617,0.0542400029426,1
