AAWt,AAMt,Sstruct,SaccW,ShbondsW,SaccM,ShbondsM,yDDG,Result,Positiontype,ProteinPropens,Positionaccept,MOSST,SectorSuperficie,Functionalrelevancefunction,Clinical
0.18181818181818182,0.2727272727272727,0.18181818181818182,65.1,0.36363636363636365,64.1,0.2727272727272727,-0.4,0.45454545454545453,0.5454545454545454,0.1,0.8,0,0.09090909090909091,0.5,1
0.09090909090909091,0.09090909090909091,0.45454545454545453,91.7,0.36363636363636365,64.7,0.6363636363636364,0,0.45454545454545453,0.5454545454545454,0.5,0.9,-0.7,0.2727272727272727,0,0
0.18181818181818182,0.09090909090909091,0.45454545454545453,66.5,0.2727272727272727,53.3,0.6363636363636364,0.3,0.45454545454545453,0.5454545454545454,0.7,0.85,-0.3,0.09090909090909091,0.25,1
0.09090909090909091,0.18181818181818182,0.18181818181818182,68.8,0.36363636363636365,71.8,0.6363636363636364,-2.4,0.09090909090909091,0.36363636363636365,0,1,-1.1,0.2727272727272727,0,0
0.18181818181818182,0.18181818181818182,0.36363636363636365,0,0.36363636363636365,0,0.2727272727272727,0.6,0.2727272727272727,0.36363636363636365,0,1,-1.1,0.18181818181818182,0.5,0
0.09090909090909091,0.18181818181818182,0.36363636363636365,0.2,0.36363636363636365,0.3,0.6363636363636364,-1.1,0.09090909090909091,0.5454545454545454,0.6,0.89,-0.1,0.18181818181818182,0.1,0
0.09090909090909091,0.18181818181818182,0.45454545454545453,62,0.2727272727272727,61.8,0.2727272727272727,0.6,0.2727272727272727,0.09090909090909091,0.3,0.67,0.6,0.18181818181818182,0.35,1
0.09090909090909091,0.09090909090909091,0.36363636363636365,12.1,0.2727272727272727,28.6,0.6363636363636364,1.5,0.09090909090909091,0.36363636363636365,0.3,0.97,-0.7,0.2727272727272727,0.6,1
0.18181818181818182,0.2727272727272727,0.45454545454545453,75.7,0.36363636363636365,81.1,0.09090909090909091,0.1,0.45454545454545453,0.5454545454545454,0.1,0.72,0,0.09090909090909091,0.1,1
0.18181818181818182,0.09090909090909091,0.45454545454545453,21.2,0.36363636363636365,25.6,0.6363636363636364,0.8,0.2727272727272727,0.5454545454545454,0,0.83,-0.6,0.09090909090909091,0.25,0
0.18181818181818182,0.2727272727272727,0.36363636363636365,0.5,0.36363636363636365,1.2,0.6363636363636364,-0.4,0.45454545454545453,0.36363636363636365,0,1,-0.8,0.18181818181818182,0,0
