AAWt,AAMt,Sstruct,SaccW,ShbondsW,SaccM,ShbondsM,yDDG,Result,Positiontype,ProteinPropens,Positionaccept,MOSST,SectorSuperficie,Functionalrelevancefunction,Clinical
0.454545454545,0.0909090909091,0.454545454545,0,0.909090909091,9.3,0.181818181818,-3,0.545454545455,0.181818181818,0.9,0.47,-0.4,0.272727272727,0.35,0
0.0909090909091,0.181818181818,0.454545454545,57.5,0.909090909091,70.8,0.818181818182,-1.3,0.0909090909091,0.181818181818,0.9,0.31,0.1,0.272727272727,0.35,1
0.0909090909091,0.0909090909091,0.454545454545,0,0.909090909091,0,0.818181818182,0,0.272727272727,0.545454545455,0,1,-1.3,0.0909090909091,0.5,1
0.454545454545,0.0909090909091,0.272727272727,1.4,0.909090909091,2.3,0.818181818182,-3.1,0.545454545455,0.545454545455,0,1,-0.9,0.181818181818,0.1,0
0.0909090909091,0.181818181818,0.454545454545,0,0.909090909091,5.2,0.818181818182,-5,0.545454545455,0.545454545455,0,1,-0.9,0.272727272727,0.35,1
0.0909090909091,0.0909090909091,0.272727272727,68.8,0.0909090909091,50.2,0.181818181818,-0.4,0.272727272727,0.545454545455,0,1,-0.8,0.181818181818,0,0
0.454545454545,0.0909090909091,0.0909090909091,4.2,0.909090909091,13.7,0.818181818182,-6.5,0.545454545455,0.545454545455,1,0.95,-0.9,0.0909090909091,0.1,0
0.0909090909091,0.0909090909091,0.454545454545,37,0.909090909091,48.6,0.818181818182,1.7,0.0909090909091,0.181818181818,0.2,0.89,-0.4,0.272727272727,0,1
0.454545454545,0.0909090909091,0.0909090909091,0.2,0.909090909091,34.1,0.818181818182,-4.7,0.545454545455,0.0909090909091,0.5,0.91,-0.7,0.272727272727,0.1,0
0.0909090909091,0.0909090909091,0.0909090909091,11.1,0.909090909091,23.1,0.818181818182,-0.4,0.272727272727,0.181818181818,0.5,0.91,0,0.272727272727,0.5,1
0.454545454545,0.0909090909091,0.272727272727,11.9,0.909090909091,15.2,0.818181818182,-2.3,0.545454545455,0.545454545455,0,1,-1.2,0.0909090909091,0.1,1
