AAWt,AAMt,Sstruct,SaccW,ShbondsW,SaccM,ShbondsM,yDDG,Result,Positiontype,ProteinPropens,Positionaccept,MOSST,SectorSuperficie,Functionalrelevancefunction,Clinical
0.0018642293323249295,0.0018642293323249295,0.0018642293323249295,0.6957303868236637,0.005592687996974789,0.7181011388115628,0.007456917329299718,-0.007456917329299718,0.0018642293323249295,0.0018642293323249295,0.0,0.007456917329299718,-0.007456917329299718,0.003728458664649859,0.0022370751987899153,1
0.0061831853240810804,0.0061831853240810804,0.01854955597224324,0.2745334283892,0.01854955597224324,0.9596303622973836,0.024732741296324322,0.027206015425956756,0.0061831853240810804,0.01854955597224324,0.012366370648162161,0.022506794579655133,-0.019786193037059457,0.0061831853240810804,0.012366370648162161,1
0.006193722520651017,0.0030968612603255083,0.009290583780976525,0.6292822080981433,0.009290583780976525,0.7766928040896375,0.012387445041302033,0.0037162335123906098,0.006193722520651017,0.009290583780976525,0.012387445041302033,0.007804090376020281,-0.002477489008260407,0.0030968612603255083,0.0030968612603255083,0
0.004454437111435893,0.0022272185557179465,0.006681655667153839,0.8169437662373428,0.0022272185557179465,0.5764041622198045,0.008908874222871786,0.0,0.004454437111435893,0.006681655667153839,0.004454437111435893,0.008017986800584607,-0.0062362119560102494,0.004454437111435893,0.0,0
