AAWt,AAMt,Sstruct,SaccW,ShbondsW,SaccM,ShbondsM,yDDG,Result,Positiontype,ProteinPropens,Positionaccept,MOSST,SectorSuperficie,Functionalrelevancefunction,Clinical
0.009888430336992859,0.0049442151684964296,0.0049442151684964296,0.6605471465111229,0.019776860673985718,0.7495430195440587,0.009888430336992859,-0.015821488539188574,0.0049442151684964296,0.009888430336992859,0.0,0.019776860673985718,-0.019776860673985718,0.0049442151684964296,0.006921901235895001,1
0.028922716942434458,0.014461358471217229,0.014461358471217229,0.0,0.057845433884868916,0.9775878326542846,0.028922716942434458,-0.18510538843158053,0.014461358471217229,0.014461358471217229,0.052060890496382024,0.027187353925888388,-0.011569086776973783,0.014461358471217229,0.020245901859704117,1
0.0023790712738660067,0.0023790712738660067,0.0023790712738660067,0.5490896500082744,0.009516285095464027,0.8355298313817414,0.0023790712738660067,-0.01141954211455683,0.004758142547732013,0.0023790712738660067,0.006661399566824817,0.007517865225416581,0.0009516285095464026,0.0023790712738660067,0.0033306997834124086,0
0.02054206752263465,0.02054206752263465,0.02054206752263465,0.6326956796971472,0.0821682700905386,0.7395144308148475,0.02054206752263465,-0.1643365401810772,0.0410841350452693,0.0410841350452693,0.0,0.0821682700905386,-0.0821682700905386,0.02054206752263465,0.008216827009053861,0
