Metric,Score
accuracy,0.634146341463
recall,0.0609756097561
precision,0.0609756097561
