AAWt,AAMt,Sstruct,SaccW,ShbondsW,SaccM,ShbondsM,yDDG,Result,Positiontype,ProteinPropens,Positionaccept,MOSST,SectorSuperficie,Functionalrelevancefunction,Clinical
0.18181818181818182,0.09090909090909091,0.18181818181818182,11.1,1.0,28.8,0.09090909090909091,-0.7,0.09090909090909091,0.2727272727272727,0.5,0.91,-0.7,0.45454545454545453,0.5,1
0.45454545454545453,0.2727272727272727,0.2727272727272727,6.8,1.0,6,0.9090909090909091,-2.2,0.7272727272727273,0.7272727272727273,0.3,0.97,-0.4,0.2727272727272727,0.2,0
0.09090909090909091,0.09090909090909091,0.45454545454545453,0.3,1.0,0.4,0.9090909090909091,-2.7,0.7272727272727273,0.7272727272727273,0.3,0.95,0,0.09090909090909091,0.1,1
0.45454545454545453,0.18181818181818182,0.2727272727272727,6.8,1.0,15.1,0.9090909090909091,-4.9,0.7272727272727273,0.7272727272727273,0.3,0.97,-0.9,0.2727272727272727,0.2,0
0.45454545454545453,0.18181818181818182,0.45454545454545453,1.2,1.0,0.8,0.9090909090909091,-5,0.7272727272727273,0.7272727272727273,0,1,-0.9,0.45454545454545453,0.1,0
0.18181818181818182,0.18181818181818182,0.18181818181818182,11.1,1.0,16.5,0.9090909090909091,0.2,0.09090909090909091,0.2727272727272727,0.5,0.91,-0.3,0.45454545454545453,0.5,0
0.09090909090909091,0.18181818181818182,0.09090909090909091,1.4,1.0,2,0.9090909090909091,-4.9,0.7272727272727273,0.7272727272727273,0,1,-1,0.09090909090909091,0.1,0
0.09090909090909091,0.09090909090909091,0.45454545454545453,45.4,1.0,36.8,0.9090909090909091,-3.6,0.7272727272727273,0.2727272727272727,0.1,0.57,-0.3,0.45454545454545453,0.1,0
0.45454545454545453,0.2727272727272727,0.2727272727272727,6.8,1.0,6,0.9090909090909091,-2.2,0.7272727272727273,0.7272727272727273,0.3,0.97,-0.4,0.2727272727272727,0.2,0
0.09090909090909091,0.09090909090909091,0.45454545454545453,0,1.0,1.8,0.9090909090909091,-4.3,0.7272727272727273,0.7272727272727273,0,1,-0.8,0.09090909090909091,0.35,1
0.45454545454545453,0.2727272727272727,0.45454545454545453,1.2,1.0,3.8,0.9090909090909091,-1.7,0.09090909090909091,0.7272727272727273,0,1,-0.7,0.45454545454545453,0.1,1
