AAWt,AAMt,Sstruct,SaccW,ShbondsW,SaccM,ShbondsM,yDDG,Result,Positiontype,ProteinPropens,Positionaccept,MOSST,SectorSuperficie,Functionalrelevancefunction,Clinical
0.153846153846,0.153846153846,0.0769230769231,6.8,0.692307692308,15.1,0.846153846154,-4.9,0.384615384615,0.538461538462,0.3,0.97,-0.9,0.0769230769231,0.2,0
0.0769230769231,0.0769230769231,0.384615384615,91.7,0.307692307692,64.7,0.846153846154,0,0.230769230769,0.384615384615,0.5,0.9,-0.7,0.307692307692,0,0
0.153846153846,0.0769230769231,0.384615384615,45.4,0.692307692308,41.5,0.0769230769231,-1.8,0.230769230769,0.384615384615,0.1,0.57,-0.2,0.230769230769,0.1,0
0.0769230769231,0.0769230769231,0.384615384615,4.9,0.307692307692,1.5,0.846153846154,-0.5,0.0769230769231,0.384615384615,0.7,0.73,-0.6,0.230769230769,0.75,0
0.0769230769231,0.0769230769231,0.384615384615,18.8,0.692307692308,43.1,0.846153846154,-0.4,0.230769230769,0.538461538462,0,1,-0.9,0.0769230769231,0.1,1
0.0769230769231,0.0769230769231,0.384615384615,23.5,0.692307692308,38.4,0.846153846154,-1.6,0.230769230769,0.538461538462,0,1,-0.9,0.0769230769231,0.6,0
0.153846153846,0.153846153846,0.384615384615,0,0.692307692308,2.3,0.846153846154,-5,0.384615384615,0.538461538462,0,1,-0.9,0.0769230769231,0.25,0
0.153846153846,0.0769230769231,0.384615384615,0.3,0.692307692308,0,0.846153846154,-5.1,0.384615384615,0.538461538462,0.3,0.95,-0.9,0.0769230769231,0.1,1
0.153846153846,0.0769230769231,0.384615384615,14.4,0.307692307692,20.5,0.0769230769231,-3.1,0.384615384615,0.0769230769231,0.2,0.48,-0.2,0.307692307692,0.8,0
0.0769230769231,0.153846153846,0.384615384615,17.3,0.307692307692,21,0.846153846154,-1.5,0.230769230769,0.538461538462,0,1,-1,0.230769230769,0.85,1
0.0769230769231,0.153846153846,0.153846153846,18.3,0.692307692308,29.5,0.846153846154,0.8,0.0769230769231,0.384615384615,0.5,0.85,-0.5,0.307692307692,0.8,0
0.0769230769231,0.0769230769231,0.153846153846,61,0.692307692308,93.7,0.846153846154,0.3,0.230769230769,0.384615384615,0.1,0.76,0.7,0.307692307692,0.2,1
0.153846153846,0.0769230769231,0.384615384615,26.8,0.692307692308,54.1,0.846153846154,-2.8,0.384615384615,0.538461538462,0,1,-1.2,0.0769230769231,0.1,0
