AAWt,AAMt,Sstruct,SaccW,ShbondsW,SaccM,ShbondsM,yDDG,Result,Positiontype,ProteinPropens,Positionaccept,MOSST,SectorSuperficie,Functionalrelevancefunction,Clinical
0.181818181818,0.0909090909091,0.454545454545,50.3,0.272727272727,72.2,0.727272727273,-2.4,0.181818181818,0.636363636364,0,1,-0.7,0.181818181818,0.1,0
0.181818181818,0.0909090909091,0.0909090909091,0.5,0.636363636364,4,0.727272727273,3,0.0909090909091,0.636363636364,0,1,-1,0.0909090909091,0,0
0.0909090909091,0.181818181818,0.454545454545,46.3,0.636363636364,11.8,0.727272727273,0.1,0.272727272727,0.636363636364,0,1,-1.2,0.181818181818,0.35,0
0.181818181818,0.0909090909091,0.272727272727,52.6,0.636363636364,81.8,0.272727272727,-1.5,0.0909090909091,0.636363636364,0,1,-1.3,0.0909090909091,0.8,1
0.0909090909091,0.181818181818,0.0909090909091,96.5,0.272727272727,95.3,0.272727272727,0.3,0.272727272727,0.363636363636,0.4,0.6,0.2,0.181818181818,0.3,0
0.181818181818,0.0909090909091,0.454545454545,111.8,0.636363636364,92.1,0.727272727273,-0.5,0.272727272727,0.363636363636,0.5,0.62,-0.1,0.0909090909091,0.55,0
0.181818181818,0.0909090909091,0.454545454545,55.9,0.636363636364,66.1,0.727272727273,-0.9,0.272727272727,0.363636363636,-0.1,0.2,0.4,0.181818181818,0,1
0.181818181818,0.0909090909091,0.454545454545,50.3,0.272727272727,35,0.727272727273,0.1,0.272727272727,0.636363636364,0,1,-1,0.181818181818,0.1,1
0.181818181818,0.0909090909091,0.0909090909091,4.2,0.636363636364,13.7,0.727272727273,-6.5,0.181818181818,0.636363636364,1,0.95,-0.9,0.0909090909091,0.1,0
0.0909090909091,0.0909090909091,0.272727272727,47.8,0.0909090909091,67.9,0.272727272727,1.6,0.0909090909091,0.363636363636,0.2,0.92,-0.8,0.0909090909091,0.35,0
0.181818181818,0.0909090909091,0.272727272727,93.3,0.636363636364,92.8,0.727272727273,-0.6,0.272727272727,0.636363636364,0,1,-0.3,0.181818181818,0.3,0
