Statistic,Value
Mean,0.170556615102
Std,0.104811574624
Max,0.384615384615
Min,0.0
Var,0.0109854661752
