AAWt,AAMt,Sstruct,SaccW,ShbondsW,SaccM,ShbondsM,yDDG,Result,Positiontype,ProteinPropens,Positionaccept,MOSST,SectorSuperficie,Functionalrelevancefunction,Clinical
0.00404172160981,0.00404172160981,0.00404172160981,0.358904878951,0.0282920512686,0.931212658899,0.00808344321961,-0.0226336410149,0.0121251648294,0.020208608049,0.0161668864392,0.0294237333194,-0.0226336410149,0.0121251648294,0.0161668864392,1
0.00127018992934,0.00127018992934,0.00127018992934,0.635094964671,0.00127018992934,0.772275477041,0.00254037985869,-0.00812921554779,0.00381056978803,0.00635094964671,0.00711306360432,0.0059952964665,0.0040646077739,0.00127018992934,0.00254037985869,1
0.025361851001,0.0126809255005,0.0126809255005,0.0202894808008,0.0887664785037,0.913026636038,0.0760855530031,-0.365210654415,0.0380427765016,0.0126809255005,0.0507237020021,0.0923171376438,-0.0608684424025,0.0380427765016,0.0101447404004,0
0.0307049086764,0.0307049086764,0.122819634706,0.294767123294,0.214934360735,0.835173515998,0.184229452058,-0.147383561647,0.0921147260292,0.0614098173528,0.0,0.245639269411,-0.122819634706,0.0921147260292,0.0245639269411,0
0.037782146766,0.018891073383,0.075564293532,0.0151128587064,0.132237513681,0.740530076614,0.113346440298,-0.604514348256,0.056673220149,0.0944553669151,0.075564293532,0.136015728358,-0.105790010945,0.018891073383,0.0151128587064,0
0.0029339940526,0.0029339940526,0.0117359762104,0.699464182139,0.0205379583682,0.713547353592,0.0176039643156,-0.00469439048416,0.0058679881052,0.014669970263,0.0,0.0190122814608,0.00704158572623,0.0029339940526,0.00469439048416,0
0.0388157111838,0.0388157111838,0.155262844735,0.093157706841,0.271709978286,0.124210275788,0.232894267103,-0.838419361569,0.116447133551,0.0776314223675,0.093157706841,0.294999404997,0.0,0.0388157111838,0.031052568947,1
0.00115484386617,0.00115484386617,0.00115484386617,0.56356380669,0.00808390706318,0.825944333084,0.00692906319701,0.0,0.00230968773234,0.00577421933084,0.000923875092935,0.00702145070631,-0.000923875092935,0.00115484386617,0.00184775018587,1
