AAWt,AAMt,Sstruct,SaccW,ShbondsW,SaccM,ShbondsM,yDDG,Result,Positiontype,ProteinPropens,Positionaccept,MOSST,SectorSuperficie,Functionalrelevancefunction,Clinical
0.012566612076021727,0.006283306038010863,0.006283306038010863,0.8048915034691917,0.018849918114032593,0.567382535232381,0.025133224152043453,-0.15394099793126617,0.025133224152043453,0.012566612076021727,0.021991571133038023,0.03738567092616464,-0.035186513812860844,0.012566612076021727,0.035186513812860844,0
0.0012208207669537317,0.0012208207669537317,0.0024416415339074634,0.5409456818371985,0.0036624623008611953,0.8409013442777306,0.0036624623008611953,0.005982021758073285,0.0012208207669537317,0.004883283067814927,0.0,0.008545745368676123,-0.0042728726843380615,0.0012208207669537317,0.008545745368676123,1
0.008275739596010794,0.008275739596010794,0.008275739596010794,0.0,0.024827218788032384,0.979019994208077,0.033102958384043174,-0.1853765669506418,0.033102958384043174,0.008275739596010794,0.05213715945486801,0.02722718327087551,-0.011586035434415113,0.008275739596010794,0.020275562010226445,1
0.0032451231668363446,0.0032451231668363446,0.0032451231668363446,0.5713039335215385,0.004867684750254517,0.8200426242595444,0.006490246333672689,-0.027259034601425296,0.006490246333672689,0.006490246333672689,0.0,0.011357931083927207,-0.007950551758749045,0.004867684750254517,0.0011357931083927208,0
0.0032451231668363446,0.0032451231668363446,0.0032451231668363446,0.5713039335215385,0.004867684750254517,0.8200426242595444,0.006490246333672689,-0.027259034601425296,0.006490246333672689,0.006490246333672689,0.0,0.011357931083927207,-0.007950551758749045,0.004867684750254517,0.0011357931083927208,0
0.012886165571846981,0.012886165571846981,0.012886165571846981,0.6133814812199163,0.03865849671554094,0.7757471674251882,0.03865849671554094,0.045101579501464435,0.025772331143693962,0.051544662287387924,0.02706094770087866,0.087497064232841,-0.05412189540175732,0.03865849671554094,0.018040631800585776,0
0.004019701510832459,0.0020098507554162297,0.004019701510832459,0.7372132570866731,0.0020098507554162297,0.6753098538198532,0.006029552266248689,-0.002813791057582722,0.004019701510832459,0.004019701510832459,0.002813791057582722,0.012802749312001385,-0.009848268701539525,0.004019701510832459,0.008441373172748165,0
