AAWt,AAMt,Sstruct,SaccW,ShbondsW,SaccM,ShbondsM,yDDG,Result,Positiontype,ProteinPropens,Positionaccept,MOSST,SectorSuperficie,Functionalrelevancefunction,Clinical
0.0909090909091,0.181818181818,0.363636363636,91.7,0.363636363636,64.7,0.909090909091,0,0.454545454545,0.454545454545,0.5,0.9,-0.7,0.181818181818,0,0
0.181818181818,0.181818181818,0.363636363636,0,0.545454545455,0,0.909090909091,0.7,0.454545454545,0.454545454545,0,1,-0.7,0.0909090909091,0.5,0
0.181818181818,0.0909090909091,0.363636363636,66.5,0.0909090909091,53.3,0.909090909091,0.3,0.454545454545,0.454545454545,0.7,0.85,-0.3,0.181818181818,0.25,1
0.0909090909091,0.0909090909091,0.181818181818,96.5,0.363636363636,95.3,0.0909090909091,0.3,0.454545454545,0.454545454545,0.4,0.6,0.2,0.181818181818,0.3,0
0.181818181818,0.181818181818,0.363636363636,3.2,0.363636363636,0.1,0.909090909091,-1.9,0.181818181818,0.454545454545,0.5,0.92,-0.6,0.181818181818,0.6,1
0.181818181818,0.181818181818,0.181818181818,42.5,0.545454545455,55.3,0.909090909091,0.7,0.0909090909091,0.454545454545,0.5,0.93,-0.6,0.181818181818,0.1,0
0.0909090909091,0.0909090909091,0.363636363636,0,0.545454545455,5.5,0.909090909091,-1.5,0.181818181818,0.454545454545,0,1,-0.6,0.181818181818,0.15,1
0.181818181818,0.0909090909091,0.363636363636,3.2,0.363636363636,33.2,0.909090909091,-5.8,0.272727272727,0.454545454545,0.5,0.92,-0.8,0.181818181818,0.6,1
0.181818181818,0.0909090909091,0.0909090909091,6.8,0.545454545455,6,0.909090909091,-2.2,0.272727272727,0.454545454545,0.3,0.97,-0.4,0.181818181818,0.2,0
0.0909090909091,0.181818181818,0.363636363636,59.5,0.545454545455,67.4,0.909090909091,0,0.454545454545,0.0909090909091,0.9,0.56,0.4,0.181818181818,0.1,1
0.0909090909091,0.181818181818,0.363636363636,29.8,0.545454545455,33.5,0.909090909091,-2.1,0.272727272727,0.454545454545,0,0.81,-0.1,0.181818181818,0.2,0
