AAWt,AAMt,Sstruct,SaccW,ShbondsW,SaccM,ShbondsM,yDDG,Result,Positiontype,ProteinPropens,Positionaccept,MOSST,SectorSuperficie,Functionalrelevancefunction,Clinical
0.18181818181818182,0.2727272727272727,0.45454545454545453,4.9,0.09090909090909091,3,0.09090909090909091,2.1,0.09090909090909091,0.36363636363636365,0.7,0.73,-0.2,0.18181818181818182,0.75,0
0.18181818181818182,0.18181818181818182,0.45454545454545453,0,0.9090909090909091,16.9,0.8181818181818182,-3.2,0.36363636363636365,0.09090909090909091,0.9,0.47,-0.2,0.45454545454545453,0.35,1
0.2727272727272727,0.2727272727272727,0.36363636363636365,0,0.9090909090909091,4.9,0.8181818181818182,1.6,0.18181818181818182,0.5454545454545454,0,1,-1.3,0.18181818181818182,0.15,0
0.18181818181818182,0.09090909090909091,0.45454545454545453,0,0.9090909090909091,0,0.8181818181818182,-1,0.09090909090909091,0.5454545454545454,0,1,-1.1,0.45454545454545453,0.35,1
0.09090909090909091,0.09090909090909091,0.36363636363636365,50.8,0.9090909090909091,23.9,0.8181818181818182,-1.8,0.18181818181818182,0.36363636363636365,1,0.63,-0.3,0.09090909090909091,0.25,0
0.18181818181818182,0.18181818181818182,0.36363636363636365,0,0.9090909090909091,0,0.8181818181818182,1.9,0.18181818181818182,0.5454545454545454,0,1,-1.3,0.09090909090909091,0.75,0
0.2727272727272727,0.2727272727272727,0.18181818181818182,25.3,0.9090909090909091,40.3,0.09090909090909091,0.1,0.09090909090909091,0.5454545454545454,0.3,0.97,-1,0.45454545454545453,0.25,0
0.2727272727272727,0.18181818181818182,0.18181818181818182,25.3,0.9090909090909091,15.7,0.8181818181818182,-1.4,0.18181818181818182,0.5454545454545454,0.3,0.97,-0.7,0.45454545454545453,0.25,1
0.18181818181818182,0.09090909090909091,0.45454545454545453,20.1,0.9090909090909091,17.3,0.8181818181818182,-3,0.36363636363636365,0.36363636363636365,0.2,0.59,-0.3,0.18181818181818182,0.1,1
0.09090909090909091,0.09090909090909091,0.45454545454545453,0,0.9090909090909091,0,0.8181818181818182,-2.9,0.36363636363636365,0.5454545454545454,0.3,0.96,-0.8,0.45454545454545453,0.35,1
0.18181818181818182,0.18181818181818182,0.36363636363636365,0,0.9090909090909091,0,0.8181818181818182,-2.4,0.36363636363636365,0.36363636363636365,0.7,0.78,-0.5,0.18181818181818182,0.1,1
