algorithm,desc,actualScore,new score
SVC,linear,0.564516129032,0.424242424242
SVC,rbf,0.564516129032,0.424242424242
SVC,sigmoid,0.564516129032,0.424242424242
