algorithm,desc,actualScore,new score
SVC,linear,0.564516129032,0.607142857143
SVC,rbf,0.564516129032,0.607142857143
SVC,sigmoid,0.564516129032,0.607142857143
