Statistic,Value
Mean,0.647285067873
Std,0.174841506
Max,1.0
Min,0.125
Var,0.0305695522205
