AAWt,AAMt,Sstruct,SaccW,ShbondsW,SaccM,ShbondsM,yDDG,Result,Positiontype,ProteinPropens,Positionaccept,MOSST,SectorSuperficie,Functionalrelevancefunction,Clinical
0.00283947383544,0.00141973691772,0.00709868458859,0.57130213569,0.00425921075316,0.820040043674,0.00851842150631,-0.0272589488202,0.00141973691772,0.00709868458859,0.0,0.0113578953417,-0.00795052673922,0.00283947383544,0.00113578953417,0
0.0466506008928,0.0233253004464,0.0233253004464,0.0933012017855,0.116626502232,0.746409614284,0.139951802678,0.559807210713,0.0233253004464,0.116626502232,0.0,0.186602403571,-0.186602403571,0.0233253004464,0.0,0
0.00261353151331,0.00522706302662,0.0130676575666,0.968052072531,0.0130676575666,0.246717374857,0.0156811890799,0.00209082521065,0.00784059453994,0.0130676575666,0.0,0.0209082521065,-0.0250899025278,0.00522706302662,0.00731788823727,0
0.00256974513424,0.00128487256712,0.00128487256712,0.540674376244,0.0064243628356,0.840820607923,0.00256974513424,-0.0154184708054,0.00128487256712,0.0064243628356,0.0,0.010278980537,-0.013362674698,0.00128487256712,0.00822318442956,1
0.000921620579105,0.00184324115821,0.000921620579105,0.711491087069,0.00276486173731,0.702643529509,0.00184324115821,0.00221188938985,0.00276486173731,0.00276486173731,0.00294918585313,0.0044237787797,0.00147459292657,0.000921620579105,0.00221188938985,0
0.00172580143163,0.000862900715813,0.00431450357906,0.771778400223,0.00431450357906,0.635785247411,0.00517740429488,-0.00345160286325,0.00172580143163,0.00258870214744,0.00345160286325,0.00427998755043,-0.00069032057265,0.000862900715813,0.00379676314958,0
0.00288738134504,0.00144369067252,0.0072184533626,0.645618468751,0.0072184533626,0.763423627629,0.00866214403512,-0.0103945728421,0.00288738134504,0.00433107201756,-0.00115495253802,0.00230990507603,0.00461981015207,0.00288738134504,0.0,1
0.00407766018557,0.00203883009279,0.0101941504639,0.820425229337,0.00611649027836,0.57087242598,0.0122329805567,0.00163106407423,0.00611649027836,0.0101941504639,0.0,0.0163106407423,-0.0163106407423,0.00407766018557,0.00163106407423,1
