AAWt,AAMt,Sstruct,SaccW,ShbondsW,SaccM,ShbondsM,yDDG,Result,Positiontype,ProteinPropens,Positionaccept,MOSST,SectorSuperficie,Functionalrelevancefunction,Clinical
0.384615384615,0.0769230769231,0.461538461538,0,0.692307692308,10,0.615384615385,-3.3,0.153846153846,0.538461538462,0,1,-0.5,0.153846153846,0.75,0
0.0769230769231,0.153846153846,0.384615384615,0,0.692307692308,0,0.615384615385,-0.2,0.307692307692,0.538461538462,0,1,-0.8,0.0769230769231,0.5,0
0.0769230769231,0.153846153846,0.384615384615,1.2,0.692307692308,0.8,0.615384615385,-5,0.153846153846,0.538461538462,0,1,-0.9,0.384615384615,0.1,0
0.0769230769231,0.0769230769231,0.461538461538,26.8,0.692307692308,40.7,0.615384615385,0,0.307692307692,0.538461538462,0,1,-1.2,0.0769230769231,0.1,0
0.384615384615,0.153846153846,0.384615384615,4.9,0.307692307692,3,0.230769230769,2.1,0.0769230769231,0.307692307692,0.7,0.73,-0.2,0.384615384615,0.75,0
0.384615384615,0.0769230769231,0.461538461538,11.1,0.692307692308,23.1,0.615384615385,-0.4,0.307692307692,0.307692307692,0.5,0.91,0,0.384615384615,0.5,1
0.0769230769231,0.153846153846,0.461538461538,74.6,0.692307692308,70.3,0.153846153846,1.1,0.230769230769,0.307692307692,0,0.79,-0.3,0.384615384615,0.35,1
0.0769230769231,0.0769230769231,0.153846153846,63.3,0.307692307692,98.4,0.153846153846,0.7,0.0769230769231,0.538461538462,0,1,-0.5,0.153846153846,1,1
0.384615384615,0.153846153846,0.461538461538,0,0.692307692308,0,0.615384615385,1.9,0.230769230769,0.538461538462,0,1,-1.3,0.153846153846,0.75,0
0.0769230769231,0.0769230769231,0.384615384615,3.2,0.307692307692,0.1,0.615384615385,-1.9,0.0769230769231,0.538461538462,0.5,0.92,-0.6,0.0769230769231,0.6,1
0.384615384615,0.153846153846,0.384615384615,0,0.692307692308,0,0.615384615385,1.9,0.230769230769,0.153846153846,0.7,0.25,1.1,0.384615384615,0,1
0.0769230769231,0.0769230769231,0.153846153846,37.1,0.692307692308,41.4,0.230769230769,-0.6,0.0769230769231,0.307692307692,0.6,0.85,0.3,0.153846153846,0.6,1
0.0769230769231,0.0769230769231,0.461538461538,67.5,0.307692307692,32.5,0.230769230769,-0.3,0.307692307692,0.153846153846,0.7,0.87,0.1,0.0769230769231,0.25,0
