AAWt,AAMt,Sstruct,SaccW,ShbondsW,SaccM,ShbondsM,yDDG,Result,Positiontype,ProteinPropens,Positionaccept,MOSST,SectorSuperficie,Functionalrelevancefunction,Clinical
0.142857142857,0.142857142857,0.285714285714,68.8,0.285714285714,83.3,0.142857142857,0.4,0.428571428571,0.857142857143,0,1,-1.2,0.285714285714,0,0
0.142857142857,0.285714285714,0.285714285714,3.2,0.285714285714,0.1,0.857142857143,-1.9,0.285714285714,0.857142857143,0.5,0.92,-0.6,0.142857142857,0.6,1
0.142857142857,0.142857142857,0.285714285714,12.1,0.142857142857,10.6,0.857142857143,0.4,0.428571428571,0.857142857143,0.3,0.97,-0.9,0.285714285714,0.6,0
0.142857142857,0.142857142857,0.428571428571,0,0.571428571429,5.5,0.857142857143,-1.5,0.285714285714,0.857142857143,0,1,-0.6,0.285714285714,0.15,1
0.142857142857,0.285714285714,0.428571428571,0,0.571428571429,6,0.857142857143,1.6,0.142857142857,0.857142857143,0,1,-1,0.142857142857,0.75,0
0.142857142857,0.142857142857,0.285714285714,11.9,0.571428571429,15.2,0.857142857143,-2.3,0.142857142857,0.857142857143,0,1,-1.2,0.142857142857,0.1,1
0.142857142857,0.142857142857,0.428571428571,59.5,0.571428571429,67.4,0.857142857143,0,0.428571428571,0.142857142857,0.9,0.56,0.4,0.285714285714,0.1,1
