AAWt,AAMt,Sstruct,SaccW,ShbondsW,SaccM,ShbondsM,yDDG,Result,Positiontype,ProteinPropens,Positionaccept,MOSST,SectorSuperficie,Functionalrelevancefunction,Clinical
0.18181818181818182,0.2727272727272727,0.18181818181818182,11.9,0.8181818181818182,17.4,0.9090909090909091,-5.3,0.2727272727272727,0.36363636363636365,0,1,-1,0.09090909090909091,0.1,0
0.18181818181818182,0.09090909090909091,0.36363636363636365,74,0.18181818181818182,96.2,0.9090909090909091,1.6,0.18181818181818182,0.2727272727272727,0.9,0.76,-0.3,0.5454545454545454,0.1,1
0.2727272727272727,0.2727272727272727,0.2727272727272727,11.1,0.8181818181818182,16.5,0.9090909090909091,0.2,0.2727272727272727,0.2727272727272727,0.5,0.91,-0.3,0.5454545454545454,0.5,0
0.09090909090909091,0.09090909090909091,0.36363636363636365,0,0.8181818181818182,0,0.9090909090909091,-1.3,0.2727272727272727,0.36363636363636365,0,1,-1.1,0.09090909090909091,0.5,1
0.09090909090909091,0.09090909090909091,0.18181818181818182,6.7,0.8181818181818182,30.5,0.09090909090909091,0.5,0.2727272727272727,0.2727272727272727,0.7,0.78,0.1,0.18181818181818182,0.5,0
0.2727272727272727,0.18181818181818182,0.09090909090909091,3.9,0.18181818181818182,1.9,0.9090909090909091,-1.9,0.2727272727272727,0.2727272727272727,0.5,0.88,-0.8,0.18181818181818182,0.5,0
0.09090909090909091,0.09090909090909091,0.2727272727272727,24.3,0.8181818181818182,14.2,0.9090909090909091,1.5,0.18181818181818182,0.2727272727272727,0,0.41,0.7,0.09090909090909091,0,1
0.18181818181818182,0.09090909090909091,0.2727272727272727,7.3,0.8181818181818182,16.4,0.9090909090909091,-3.1,0.2727272727272727,0.36363636363636365,0,1,-1,0.5454545454545454,0.95,1
0.2727272727272727,0.2727272727272727,0.36363636363636365,0,0.8181818181818182,0,0.9090909090909091,-1.4,0.2727272727272727,0.2727272727272727,0.7,0.25,-0.1,0.5454545454545454,0,1
0.09090909090909091,0.09090909090909091,0.36363636363636365,1.2,0.8181818181818182,4.4,0.9090909090909091,-0.4,0.2727272727272727,0.36363636363636365,0,1,-0.3,0.5454545454545454,0.1,0
0.18181818181818182,0.18181818181818182,0.09090909090909091,0.2,0.8181818181818182,9,0.9090909090909091,-3.6,0.2727272727272727,0.09090909090909091,0.5,0.91,-0.6,0.5454545454545454,0.1,0
