Statistic,Value
Mean,3.03619909502
Std,1.22955756167
Max,4.0
Min,0.0
Var,1.51181179747
