AAWt,AAMt,Sstruct,SaccW,ShbondsW,SaccM,ShbondsM,yDDG,Result,Positiontype,ProteinPropens,Positionaccept,MOSST,SectorSuperficie,Functionalrelevancefunction,Clinical
0.142857142857,0.285714285714,0.285714285714,12.1,0.142857142857,10.6,0.857142857143,0.4,0.571428571429,0.714285714286,0.3,0.97,-0.9,0.142857142857,0.6,0
0.285714285714,0.285714285714,0.285714285714,0.3,0.571428571429,18,0.857142857143,-5.2,0.142857142857,0.714285714286,0.3,0.95,-0.7,0.142857142857,0.1,0
0.285714285714,0.285714285714,0.142857142857,76.9,0.571428571429,43.2,0.857142857143,-1.9,0.142857142857,0.714285714286,0,1,-1,0.285714285714,0.3,1
0.142857142857,0.142857142857,0.571428571429,67.5,0.285714285714,32.5,0.142857142857,-0.3,0.571428571429,0.285714285714,0.7,0.87,0.1,0.142857142857,0.25,0
0.142857142857,0.142857142857,0.571428571429,50.3,0.285714285714,35,0.857142857143,0.1,0.571428571429,0.714285714286,0,1,-1,0.142857142857,0.1,1
0.285714285714,0.142857142857,0.571428571429,59.5,0.571428571429,67.4,0.857142857143,0,0.571428571429,0.285714285714,0.9,0.56,0.4,0.142857142857,0.1,1
0.285714285714,0.285714285714,0.571428571429,23.5,0.571428571429,23.6,0.857142857143,-0.8,0.142857142857,0.714285714286,0,1,-1,0.285714285714,0.6,0
