AAWt,AAMt,Sstruct,SaccW,ShbondsW,SaccM,ShbondsM,yDDG,Result,Positiontype,ProteinPropens,Positionaccept,MOSST,SectorSuperficie,Functionalrelevancefunction,Clinical
0.02488960874464038,0.01244480437232019,0.01244480437232019,0.017422726121248268,0.062224021861600955,0.8101567646380444,0.062224021861600955,-0.5662385989405687,0.02488960874464038,0.01244480437232019,0.043556815303120666,0.07927340385167962,-0.06969090448499307,0.01244480437232019,0.008711363060624134,1
0.0012727633202090883,0.0012727633202090883,0.0025455266404181766,0.8169867752422139,0.0012727633202090883,0.5764345077226962,0.006363816601045442,0.0,0.005091053280836353,0.006363816601045442,0.004454671620731809,0.008018408917317258,-0.006236540269024533,0.003818289960627265,0.0,0
0.0025238836675213296,0.0025238836675213296,0.007571651002563989,0.7119875826077671,0.01261941833760665,0.7013872712041777,0.01261941833760665,0.003533437134529862,0.010095534670085319,0.01261941833760665,0.010600311403589585,0.015370451535204898,0.0,0.0025238836675213296,0.010600311403589585,0
0.0020097208673325617,0.0020097208673325617,0.006029162601997685,0.7371656141375835,0.0020097208673325617,0.6752662114237407,0.0020097208673325617,-0.0028136092142655865,0.008038883469330247,0.010048604336662808,0.0028136092142655865,0.012801921924908418,-0.009847632249929551,0.006029162601997685,0.008440827642796758,0
0.00256845572007368,0.00256845572007368,0.007705367160221039,0.6670279505031347,0.0128422786003684,0.7443384676773525,0.00256845572007368,-0.010787514024309455,0.00256845572007368,0.0128422786003684,0.010787514024309455,0.015282311534438394,0.005393757012154728,0.00256845572007368,0.010787514024309455,1
0.00248741458380911,0.00248741458380911,0.00248741458380911,0.6738406107538879,0.01243707291904555,0.7382646484745438,0.01243707291904555,0.0,0.00994965833523644,0.00248741458380911,0.0,0.01741190208666377,-0.01044714125199826,0.007462243751427329,0.001741190208666377,0
0.09558534751917379,0.047792673759586894,0.09558534751917379,0.0,0.2389633687979345,0.0,0.2389633687979345,-0.8029169191610599,0.09558534751917379,0.2389633687979345,0.2341841014219758,0.2609479987273445,-0.16727435815855415,0.047792673759586894,0.033454871631710834,1
