AAWt,AAMt,Sstruct,SaccW,ShbondsW,SaccM,ShbondsM,yDDG,Result,Positiontype,ProteinPropens,Positionaccept,MOSST,SectorSuperficie,Functionalrelevancefunction,Clinical
0.142857142857,0.285714285714,0.428571428571,111.8,0.857142857143,99.8,0.857142857143,-1.2,0.285714285714,0.285714285714,0.5,0.62,0.4,0.142857142857,0.55,1
0.285714285714,0.285714285714,0.285714285714,15.5,0.857142857143,12.6,0.857142857143,-3.5,0.285714285714,0.285714285714,0.3,0.17,-0.1,0.428571428571,0.1,1
0.142857142857,0.142857142857,0.428571428571,18.8,0.857142857143,25.9,0.857142857143,0.7,0.285714285714,0.428571428571,0,1,-0.7,0.428571428571,0.1,0
0.142857142857,0.285714285714,0.285714285714,0.5,0.857142857143,4,0.857142857143,3,0.142857142857,0.428571428571,0,1,-1,0.428571428571,0,0
0.285714285714,0.285714285714,0.285714285714,35.5,0.857142857143,26.6,0.857142857143,-3.7,0.285714285714,0.428571428571,0.3,0.95,-1,0.142857142857,0.1,0
0.142857142857,0.142857142857,0.285714285714,46.6,0.142857142857,81,0.142857142857,-1.3,0.285714285714,0.285714285714,0.6,0.9,0.3,0.142857142857,0.35,1
0.142857142857,0.142857142857,0.428571428571,41.5,0.857142857143,34.9,0.857142857143,1,0.285714285714,0.285714285714,0.9,0.26,0.5,0.142857142857,0,1
