AAWt,AAMt,Sstruct,SaccW,ShbondsW,SaccM,ShbondsM,yDDG,Result,Positiontype,ProteinPropens,Positionaccept,MOSST,SectorSuperficie,Functionalrelevancefunction,Clinical
0.005343346074029073,0.005343346074029073,0.021373384296116293,0.7518087926158906,0.03206007644417444,0.6470792095649208,0.026716730370145367,-0.11221026755461054,0.01603003822208722,0.01603003822208722,0.007480684503640703,0.02206801928574007,-0.011221026755461053,0.005343346074029073,0.0037403422518203517,1
0.04346371446209582,0.04346371446209582,0.08692742892419164,0.0,0.13039114338628746,0.7454027030249435,0.10865928615523957,-0.6084920024693415,0.06519557169314373,0.02173185723104791,0.13691070055560184,0.07149781029014762,-0.04563690018520061,0.02173185723104791,0.05324305021606738,0
0.058889792236148916,0.058889792236148916,0.23555916894459566,0.0,0.35333875341689347,0.0,0.2944489611807446,-0.5358971093489552,0.058889792236148916,0.058889792236148916,0.0,0.4122285456530424,-0.4534514002183467,0.11777958447229783,0.2061142728265212,1
0.0402098673829113,0.0402098673829113,0.0402098673829113,0.0,0.12062960214873392,0.3096159788484171,0.10052466845727827,-0.9147744829612322,0.06031480107436696,0.06031480107436696,0.09851417508813269,0.10977293795534787,-0.07036726792009479,0.06031480107436696,0.014073453584018958,0
0.0016317242855463806,0.0016317242855463806,0.003263448571092761,0.7081683399271292,0.0016317242855463806,0.7058839259273643,0.003263448571092761,0.006853241999294798,0.0016317242855463806,0.0016317242855463806,0.003426620999647399,0.007652786899212526,0.006853241999294798,0.003263448571092761,0.003997724499588633,1
0.0011747951295180653,0.0011747951295180653,0.0011747951295180653,0.6883124663846346,0.007048770777108393,0.7253185129644536,0.0023495902590361306,-0.0024670697719879372,0.0011747951295180653,0.0011747951295180653,0.005756496134638521,0.003865075976114435,0.0024670697719879372,0.0035243853885541963,0.0020558914766566146,1
0.0043387115511740034,0.0043387115511740034,0.017354846204696014,0.5952712248210733,0.02603226930704402,0.7957196984853122,0.021693557755870018,0.10022423683211948,0.0043387115511740034,0.01301613465352201,-0.0030370980858218026,0.018222588514930815,-0.015185490429109012,0.01301613465352201,0.004555647128732704,0
