AAWt,AAMt,Sstruct,SaccW,ShbondsW,SaccM,ShbondsM,yDDG,Result,Positiontype,ProteinPropens,Positionaccept,MOSST,SectorSuperficie,Functionalrelevancefunction,Clinical
0.005654690500319937,0.005654690500319937,0.011309381000639874,0.5745165548325055,0.022618762001279748,0.8165373082461989,0.022618762001279748,-0.022618762001279748,0.022618762001279748,0.01696407150095981,0.0,0.022618762001279748,-0.011309381000639874,0.005654690500319937,0.0,0
0.06906578056759499,0.06906578056759499,0.06906578056759499,0.3867683711785319,0.27626312227037997,0.5525262445407599,0.27626312227037997,-0.3867683711785319,0.27626312227037997,0.20719734170278498,0.0,0.27626312227037997,-0.16575787336222797,0.06906578056759499,0.027626312227038,0
0.013877489615108918,0.013877489615108918,0.027754979230217837,0.4052226967611804,0.055509958460435674,0.8992613270590579,0.055509958460435674,-0.07216294599856637,0.055509958460435674,0.04163246884532676,0.0,0.055509958460435674,-0.061060954306479245,0.013877489615108918,0.05273446053741389,0
0.001889593176691744,0.001889593176691744,0.001889593176691744,0.7361855016391036,0.007558372706766976,0.6764743572556444,0.007558372706766976,-0.013605070872180557,0.007558372706766976,0.001889593176691744,0.0022675118120300927,0.005819946984210572,0.0,0.001889593176691744,0.0,0
