AAWt,AAMt,Sstruct,SaccW,ShbondsW,SaccM,ShbondsM,yDDG,Result,Positiontype,ProteinPropens,Positionaccept,MOSST,SectorSuperficie,Functionalrelevancefunction,Clinical
0.0769230769231,0.0769230769231,0.153846153846,6.7,0.769230769231,25.3,0.846153846154,1.2,0.230769230769,0.538461538462,0.7,0.78,-0.6,0.230769230769,0.5,1
0.230769230769,0.153846153846,0.0769230769231,4.2,0.769230769231,13.7,0.846153846154,-6.5,0.230769230769,0.384615384615,1,0.95,-0.9,0.0769230769231,0.1,0
0.230769230769,0.0769230769231,0.153846153846,93.3,0.769230769231,102.6,0.153846153846,0.1,0.307692307692,0.384615384615,0,1,-1.1,0.230769230769,0.3,1
0.0769230769231,0.0769230769231,0.461538461538,91.7,0.153846153846,64.7,0.846153846154,0,0.307692307692,0.538461538462,0.5,0.9,-0.7,0.230769230769,0,0
0.0769230769231,0.0769230769231,0.461538461538,75.7,0.153846153846,90.9,0.153846153846,-0.6,0.0769230769231,0.538461538462,0.1,0.72,-0.2,0.0769230769231,0.1,1
0.153846153846,0.153846153846,0.461538461538,11.1,0.769230769231,16.5,0.846153846154,0.2,0.307692307692,0.538461538462,0.5,0.91,-0.3,0.307692307692,0.5,0
0.153846153846,0.230769230769,0.461538461538,66.5,0.0769230769231,47.9,0.846153846154,-1.4,0.153846153846,0.538461538462,0.7,0.85,0,0.307692307692,0.25,1
0.0769230769231,0.0769230769231,0.461538461538,46.3,0.769230769231,11.6,0.846153846154,1.8,0.230769230769,0.384615384615,0,1,-1,0.307692307692,0.35,1
0.153846153846,0.0769230769231,0.230769230769,0,0.769230769231,0,0.846153846154,-1.3,0.153846153846,0.0769230769231,0.7,0.25,-0.1,0.307692307692,0,1
0.230769230769,0.0769230769231,0.230769230769,0.1,0.769230769231,0.3,0.846153846154,-3.1,0.230769230769,0.538461538462,0.5,0.9,-0.7,0.230769230769,0.1,1
0.0769230769231,0.230769230769,0.0769230769231,25.3,0.769230769231,32.4,0.846153846154,-2.5,0.230769230769,0.384615384615,0.3,0.97,0,0.0769230769231,0.25,0
0.153846153846,0.0769230769231,0.461538461538,16.3,0.769230769231,43.3,0.846153846154,1.6,0.230769230769,0.538461538462,0.8,0.74,-0.3,0.230769230769,0.65,1
0.0769230769231,0.230769230769,0.230769230769,0.5,0.769230769231,0.7,0.846153846154,-0.2,0.307692307692,0.384615384615,0,1,-0.8,0.230769230769,0,0
