AAWt,AAMt,Sstruct,SaccW,ShbondsW,SaccM,ShbondsM,yDDG,Result,Positiontype,ProteinPropens,Positionaccept,MOSST,SectorSuperficie,Functionalrelevancefunction,Clinical
0.0769230769231,0.0769230769231,0.153846153846,84.5,0.846153846154,84.5,0.615384615385,0.3,0.153846153846,0.0769230769231,0.9,0.25,0.2,0.230769230769,0.15,1
0.0769230769231,0.0769230769231,0.0769230769231,25.3,0.846153846154,15.7,0.615384615385,-1.4,0.307692307692,0.615384615385,0.3,0.97,-0.7,0.0769230769231,0.25,1
0.0769230769231,0.0769230769231,0.307692307692,0,0.846153846154,0,0.615384615385,-1.3,0.307692307692,0.615384615385,0,1,-1.1,0.0769230769231,0.5,1
0.0769230769231,0.153846153846,0.153846153846,25.4,0.846153846154,38.2,0.615384615385,0.8,0.153846153846,0.615384615385,0,1,-1.3,0.230769230769,0,1
0.153846153846,0.153846153846,0.384615384615,47.8,0.0769230769231,67.9,0.230769230769,1.6,0.0769230769231,0.307692307692,0.2,0.92,-0.8,0.230769230769,0.35,0
0.0769230769231,0.0769230769231,0.384615384615,63.3,0.0769230769231,98.4,0.230769230769,0.7,0.153846153846,0.615384615385,0,1,-0.5,0.153846153846,1,1
0.153846153846,0.153846153846,0.384615384615,12.8,0.846153846154,39.6,0.230769230769,2.7,0.0769230769231,0.615384615385,0,1,-0.5,0.153846153846,0.6,0
0.153846153846,0.0769230769231,0.307692307692,1.2,0.846153846154,4.4,0.615384615385,-0.4,0.153846153846,0.615384615385,0,1,-0.3,0.153846153846,0.1,0
0.0769230769231,0.0769230769231,0.384615384615,35.5,0.846153846154,58.8,0.153846153846,-1.1,0.307692307692,0.615384615385,0.3,0.95,-0.8,0.0769230769231,0.1,0
0.0769230769231,0.0769230769231,0.307692307692,20.1,0.846153846154,24.2,0.615384615385,-4,0.230769230769,0.307692307692,0.2,0.59,-0.1,0.153846153846,0.1,1
0.153846153846,0.0769230769231,0.384615384615,40.3,0.846153846154,46.6,0.153846153846,-2.2,0.230769230769,0.307692307692,0.6,0.87,-0.6,0.0769230769231,0.6,0
0.153846153846,0.0769230769231,0.307692307692,0.2,0.846153846154,4.6,0.615384615385,-5.1,0.230769230769,0.307692307692,0.6,0.89,-0.5,0.0769230769231,0.1,1
0.153846153846,0.153846153846,0.0769230769231,6.8,0.846153846154,7.8,0.615384615385,-1.1,0.307692307692,0.615384615385,0.3,0.97,-0.7,0.0769230769231,0.2,1
