AAWt,AAMt,Sstruct,SaccW,ShbondsW,SaccM,ShbondsM,yDDG,Result,Positiontype,ProteinPropens,Positionaccept,MOSST,SectorSuperficie,Functionalrelevancefunction,Clinical
0.142857142857,0.285714285714,0.428571428571,52.4,0.285714285714,29.7,0.857142857143,-2.3,0.428571428571,0.714285714286,0.2,0.91,-0.8,0.428571428571,0.6,0
0.142857142857,0.285714285714,0.428571428571,0,0.428571428571,0,0.857142857143,-2.4,0.428571428571,0.714285714286,0.7,0.78,-0.5,0.142857142857,0.1,1
0.142857142857,0.285714285714,0.142857142857,96.5,0.285714285714,95.3,0.142857142857,0.3,0.428571428571,0.714285714286,0.4,0.6,0.2,0.428571428571,0.3,0
0.142857142857,0.142857142857,0.428571428571,68.8,0.285714285714,71.8,0.857142857143,-2.4,0.428571428571,0.285714285714,0,1,-1.1,0.428571428571,0,0
0.142857142857,0.285714285714,0.428571428571,7.3,0.428571428571,0.6,0.857142857143,0,0.428571428571,0.285714285714,0,1,-1.1,0.285714285714,0.95,1
0.142857142857,0.142857142857,0.428571428571,66.5,0.285714285714,47.9,0.857142857143,-1.4,0.142857142857,0.714285714286,0.7,0.85,0,0.285714285714,0.25,1
0.142857142857,0.142857142857,0.428571428571,40.3,0.428571428571,39.7,0.857142857143,0.2,0.428571428571,0.714285714286,0.6,0.87,0,0.142857142857,0.6,0
