AAWt,AAMt,Sstruct,SaccW,ShbondsW,SaccM,ShbondsM,yDDG,Result,Positiontype,ProteinPropens,Positionaccept,MOSST,SectorSuperficie,Functionalrelevancefunction,Clinical
0.18181818181818182,0.09090909090909091,0.18181818181818182,18.3,0.7272727272727273,29.5,0.6363636363636364,0.8,0.18181818181818182,0.45454545454545453,0.5,0.85,-0.5,0.45454545454545453,0.8,0
0.09090909090909091,0.09090909090909091,0.2727272727272727,68.8,0.18181818181818182,50.2,0.18181818181818182,-0.4,0.45454545454545453,0.45454545454545453,0,1,-0.8,0.45454545454545453,0,0
0.36363636363636365,0.09090909090909091,0.2727272727272727,93.3,0.7272727272727273,99.2,0.18181818181818182,0.1,0.45454545454545453,0.45454545454545453,0,1,-1,0.45454545454545453,0.3,1
0.09090909090909091,0.09090909090909091,0.09090909090909091,97.4,0.7272727272727273,89.5,0.6363636363636364,-1.8,0.09090909090909091,0.09090909090909091,0.3,0.77,0,0.18181818181818182,0,0
0.09090909090909091,0.09090909090909091,0.36363636363636365,75.7,0.18181818181818182,90.9,0.18181818181818182,-0.6,0.18181818181818182,0.45454545454545453,0.1,0.72,-0.2,0.09090909090909091,0.1,1
0.36363636363636365,0.09090909090909091,0.36363636363636365,0,0.7272727272727273,0.2,0.6363636363636364,0,0.45454545454545453,0.45454545454545453,0.7,0.78,0,0.09090909090909091,0.1,0
0.18181818181818182,0.09090909090909091,0.18181818181818182,18.3,0.7272727272727273,27.8,0.18181818181818182,0.9,0.18181818181818182,0.45454545454545453,0.5,0.85,-0.7,0.45454545454545453,0.8,1
0.36363636363636365,0.18181818181818182,0.36363636363636365,23.5,0.7272727272727273,23.6,0.6363636363636364,-0.8,0.18181818181818182,0.45454545454545453,0,1,-1,0.09090909090909091,0.6,0
0.09090909090909091,0.09090909090909091,0.09090909090909091,12.1,0.09090909090909091,10.6,0.6363636363636364,0.4,0.45454545454545453,0.45454545454545453,0.3,0.97,-0.9,0.45454545454545453,0.6,0
0.09090909090909091,0.09090909090909091,0.36363636363636365,50.8,0.7272727272727273,62.7,0.6363636363636364,0.3,0.45454545454545453,0.45454545454545453,1,0.63,-0.2,0.18181818181818182,0.25,0
0.36363636363636365,0.18181818181818182,0.2727272727272727,11.9,0.7272727272727273,17.4,0.6363636363636364,-5.3,0.09090909090909091,0.45454545454545453,0,1,-1,0.09090909090909091,0.1,0
