AAWt,AAMt,Sstruct,SaccW,ShbondsW,SaccM,ShbondsM,yDDG,Result,Positiontype,ProteinPropens,Positionaccept,MOSST,SectorSuperficie,Functionalrelevancefunction,Clinical
0.018256831635803474,0.018256831635803474,0.05477049490741043,0.766786928703746,0.10954098981482085,0.6006497608179344,0.10954098981482085,0.06389891072531216,0.018256831635803474,0.03651366327160695,0.06389891072531216,0.07795667108488084,-0.0383393464351873,0.018256831635803474,0.0766786928703746,1
0.02175241312536849,0.02175241312536849,0.06525723937610547,0.0,0.13051447875221095,0.7461077702001394,0.13051447875221095,-0.6090675675103178,0.04350482625073698,0.02175241312536849,0.1370402026898215,0.07156543918246233,-0.045680067563273835,0.04350482625073698,0.0532934121571528,0
0.03460345165578626,0.03460345165578626,0.10381035496735878,0.7751173170896123,0.03460345165578626,0.024222416159050384,0.20762070993471757,-0.46022590702195726,0.10381035496735878,0.10381035496735878,0.12111208079525192,0.22284622866326353,-0.14533449695430228,0.03460345165578626,0.14533449695430228,1
0.008976059286781756,0.005984039524521171,0.008976059286781756,0.2324799355276475,0.017952118573563512,0.9718080187822382,0.0029920197622605857,-0.00837765533432964,0.0029920197622605857,0.005984039524521171,0.010472069167912051,0.019059165885599933,-0.01675531066865928,0.005984039524521171,0.010472069167912051,0
0.00478293481495115,0.00478293481495115,0.00478293481495115,0.8470577557278487,0.028697608889706898,0.5256445361631313,0.028697608889706898,-0.04687276118652127,0.014348804444853449,0.014348804444853449,0.010044163111397414,0.03247612739351831,-0.023436380593260635,0.0095658696299023,0.008370135926164512,1
0.039980733928251425,0.026653822618834283,0.039980733928251425,0.0,0.07996146785650285,0.9328837916592,0.07996146785650285,-0.30785165124753594,0.026653822618834283,0.039980733928251425,0.0,0.09328837916591999,-0.046644189582959995,0.013326911309417142,0.06996628437444,0
0.20442129259048064,0.06814043086349354,0.20442129259048064,0.0,0.4088425851809613,0.0,0.4088425851809613,-0.6200779208577913,0.20442129259048064,0.06814043086349354,0.3338881112311184,0.11924575401111372,-0.047698301604445485,0.13628086172698708,0.0,1
