AAWt,AAMt,Sstruct,SaccW,ShbondsW,SaccM,ShbondsM,yDDG,Result,Positiontype,ProteinPropens,Positionaccept,MOSST,SectorSuperficie,Functionalrelevancefunction,Clinical
0.14285714285714285,0.14285714285714285,0.42857142857142855,6,0.8571428571428571,4.7,0.8571428571428571,0.5,0.14285714285714285,0.2857142857142857,0.5,0.61,-0.3,0.14285714285714285,0.6,1
0.14285714285714285,0.14285714285714285,0.42857142857142855,0,0.8571428571428571,4.9,0.8571428571428571,-4,0.2857142857142857,0.14285714285714285,0.9,0.47,-0.3,0.2857142857142857,0.35,0
0.14285714285714285,0.14285714285714285,0.42857142857142855,3.2,0.14285714285714285,0.1,0.8571428571428571,-1.9,0.42857142857142855,0.42857142857142855,0.5,0.92,-0.6,0.14285714285714285,0.6,1
0.42857142857142855,0.2857142857142857,0.42857142857142855,11.1,0.8571428571428571,46.4,0.14285714285714285,-0.4,0.14285714285714285,0.2857142857142857,0.5,0.91,-0.8,0.2857142857142857,0.5,0
0.14285714285714285,0.14285714285714285,0.14285714285714285,25.3,0.8571428571428571,15.7,0.8571428571428571,-1.4,0.42857142857142855,0.42857142857142855,0.3,0.97,-0.7,0.2857142857142857,0.25,1
0.42857142857142855,0.2857142857142857,0.42857142857142855,0,0.8571428571428571,10,0.8571428571428571,-3.3,0.2857142857142857,0.42857142857142855,0,1,-0.5,0.14285714285714285,0.75,0
0.42857142857142855,0.14285714285714285,0.42857142857142855,0,0.8571428571428571,0,0.8571428571428571,-1.3,0.42857142857142855,0.14285714285714285,0.7,0.25,-0.1,0.2857142857142857,0,1
