AAWt,AAMt,Sstruct,SaccW,ShbondsW,SaccM,ShbondsM,yDDG,Result,Positiontype,ProteinPropens,Positionaccept,MOSST,SectorSuperficie,Functionalrelevancefunction,Clinical
0.0164410629212,0.0164410629212,0.0082205314606,0.391297297525,0.041102657303,0.868910175386,0.0493231887636,-0.281964229099,0.0164410629212,0.0328821258424,0.0172631160673,0.0558174086175,-0.0517893482018,0.0082205314606,0.0115087440448,0
0.00127278084573,0.00127278084573,0.00381834253718,0.816998024872,0.00254556169145,0.57644244503,0.00763668507436,0.0,0.00254556169145,0.00381834253718,0.00445473296004,0.00801851932808,-0.00623662614406,0.00127278084573,0.0,0
0.00232107473786,0.00232107473786,0.00696322421359,0.737637551693,0.0116053736893,0.67427221135,0.00232107473786,-0.0292455416971,0.00464214947573,0.00696322421359,0.00162475231651,0.00926108820408,-0.00324950463301,0.00464214947573,0.00162475231651,0
0.0261773413542,0.0261773413542,0.0785320240625,0.897882808448,0.0523546827083,0.274862084219,0.157064048125,-0.0916206947396,0.0261773413542,0.0785320240625,0.128268972635,0.13376621432,-0.109944833687,0.0523546827083,0.137431042109,0
0.00303544352626,0.00303544352626,0.00910633057877,0.399464368056,0.0151772176313,0.915793311872,0.0182126611575,-0.00849924187352,0.00607088705252,0.012141774105,0.0,0.0212481046838,-0.0191232942154,0.00303544352626,0.00212481046838,1
0.00316800965678,0.00316800965678,0.00950402897034,0.521137588541,0.0158400482839,0.851560995743,0.0190080579407,-0.035481708156,0.00633601931356,0.0126720386271,0.0,0.0221760675975,-0.0199584608377,0.00316800965678,0.0133056405585,0
0.0488683247791,0.0488683247791,0.0733024871686,0.0,0.122170811948,0.393390014472,0.146604974337,-0.855195683634,0.0488683247791,0.0977366495581,0.0,0.171039136727,-0.153935223054,0.0244341623895,0.0427597841817,0
