AAWt,AAMt,Sstruct,SaccW,ShbondsW,SaccM,ShbondsM,yDDG,Result,Positiontype,ProteinPropens,Positionaccept,MOSST,SectorSuperficie,Functionalrelevancefunction,Clinical
0.00262528564494,0.00262528564494,0.00262528564494,0.531357814537,0.0131264282247,0.84639209193,0.00787585693483,0.00210022851596,0.00787585693483,0.00525057128989,0.00630068554787,0.0203722166048,-0.0210022851596,0.00262528564494,0.00525057128989,0
0.00393872625537,0.00787745251074,0.00787745251074,0.633347181863,0.0196936312768,0.762537403039,0.0118161787661,-0.126039240172,0.0118161787661,0.0157549050215,0.00630196200859,0.0185907879253,-0.0031509810043,0.00787745251074,0.0031509810043,1
0.00465502565289,0.00232751282644,0.00465502565289,0.834180596998,0.00232751282644,0.549293027041,0.00698253847933,-0.0446882462677,0.00698253847933,0.00232751282644,0.0148960820892,0.00521362873124,-0.00186201026116,0.00232751282644,0.00279301539173,0
0.00156372282376,0.00156372282376,0.00156372282376,0.522908912265,0.0078186141188,0.851916194385,0.00469116847128,0.0200156521441,0.00156372282376,0.00312744564752,0.0,0.0118842934606,-0.0125097825901,0.00156372282376,0.00125097825901,0
0.00144375386571,0.00144375386571,0.00433126159712,0.645646728745,0.00721876932854,0.763457044186,0.00433126159712,-0.0103950278331,0.00144375386571,0.00577501546283,-0.00115500309257,0.00231000618513,0.00462001237027,0.00288750773142,0.0,1
0.0079948275743,0.00399741378715,0.00399741378715,0.214261378991,0.0199870689358,0.975368964065,0.0119922413615,0.0159896551486,0.0119922413615,0.0159896551486,0.022385517208,0.0249438620318,0.00319793102972,0.0079948275743,0.0159896551486,0
0.0011266771391,0.0011266771391,0.00338003141729,0.682315675436,0.00225335427819,0.730988127845,0.00225335427819,0.000901341711276,0.00338003141729,0.00450670855638,0.000901341711276,0.00648966032119,0.0,0.0011266771391,0.000901341711276,1
0.0049459573812,0.00989191476241,0.0148378721436,0.569774290315,0.00989191476241,0.811137010517,0.00989191476241,-0.122659743054,0.0148378721436,0.0049459573812,0.00791353180993,0.0189924763438,-0.00791353180993,0.00989191476241,0.0316541272397,0
