Metric,Score
accuracy,0.646341463415
recall,0.158536585366
precision,0.158536585366
