AAWt,AAMt,Sstruct,SaccW,ShbondsW,SaccM,ShbondsM,yDDG,Result,Positiontype,ProteinPropens,Positionaccept,MOSST,SectorSuperficie,Functionalrelevancefunction,Clinical
0.0909090909091,0.363636363636,0.272727272727,62,0.181818181818,37.2,0.818181818182,-0.7,0.0909090909091,0.0909090909091,0.3,0.67,-0.4,0.181818181818,0.35,0
0.181818181818,0.363636363636,0.272727272727,6.7,0.818181818182,21.4,0.818181818182,-3.5,0.454545454545,0.363636363636,0.7,0.78,-0.1,0.181818181818,0.5,1
0.0909090909091,0.0909090909091,0.363636363636,0,0.818181818182,0,0.818181818182,-0.2,0.181818181818,0.454545454545,0,1,-0.8,0.181818181818,0.5,0
0.272727272727,0.363636363636,0.363636363636,0.1,0.818181818182,4.9,0.818181818182,-4,0.454545454545,0.363636363636,0.5,0.9,-0.7,0.272727272727,0.1,0
0.272727272727,0.272727272727,0.272727272727,0,0.818181818182,0,0.818181818182,-2.4,0.454545454545,0.363636363636,0.7,0.78,-0.5,0.272727272727,0.1,1
0.272727272727,0.363636363636,0.272727272727,35.5,0.818181818182,26.6,0.818181818182,-3.7,0.454545454545,0.454545454545,0.3,0.95,-1,0.181818181818,0.1,0
0.0909090909091,0.272727272727,0.363636363636,45.4,0.818181818182,41.5,0.0909090909091,-1.8,0.272727272727,0.363636363636,0.1,0.57,-0.2,0.181818181818,0.1,0
0.181818181818,0.272727272727,0.363636363636,44.8,0.181818181818,47.1,0.818181818182,-1.4,0.272727272727,0.0909090909091,0.8,0.28,0.6,0.272727272727,0.15,1
0.0909090909091,0.0909090909091,0.272727272727,52.6,0.818181818182,74.5,0.818181818182,0.3,0.181818181818,0.454545454545,0,1,-1.1,0.0909090909091,0.8,1
0.0909090909091,0.0909090909091,0.0909090909091,6.8,0.818181818182,7.8,0.818181818182,-1.1,0.272727272727,0.454545454545,0.3,0.97,-0.7,0.0909090909091,0.2,1
0.0909090909091,0.0909090909091,0.272727272727,7.3,0.818181818182,1.7,0.0909090909091,-2.3,0.454545454545,0.454545454545,0,1,-0.3,0.181818181818,0.95,1
