AAWt,AAMt,Sstruct,SaccW,ShbondsW,SaccM,ShbondsM,yDDG,Result,Positiontype,ProteinPropens,Positionaccept,MOSST,SectorSuperficie,Functionalrelevancefunction,Clinical
0.18181818181818182,0.09090909090909091,0.18181818181818182,63.3,0.18181818181818182,98.4,0.18181818181818182,0.7,0.09090909090909091,0.36363636363636365,0,1,-0.5,0.18181818181818182,1,1
0.18181818181818182,0.18181818181818182,0.2727272727272727,0,0.8181818181818182,0.9,0.7272727272727273,-0.4,0.36363636363636365,0.18181818181818182,0.9,0.47,0.6,0.09090909090909091,0.35,1
0.09090909090909091,0.09090909090909091,0.5454545454545454,0,0.8181818181818182,4.9,0.7272727272727273,1.6,0.18181818181818182,0.36363636363636365,0,1,-1.3,0.18181818181818182,0.15,0
0.09090909090909091,0.09090909090909091,0.5454545454545454,11.1,0.8181818181818182,23.1,0.7272727272727273,-0.4,0.36363636363636365,0.45454545454545453,0.5,0.91,0,0.2727272727272727,0.5,1
0.09090909090909091,0.09090909090909091,0.5454545454545454,46.3,0.8181818181818182,11.6,0.7272727272727273,1.8,0.18181818181818182,0.36363636363636365,0,1,-1,0.2727272727272727,0.35,1
0.09090909090909091,0.18181818181818182,0.5454545454545454,0,0.8181818181818182,0.1,0.7272727272727273,-1.5,0.2727272727272727,0.18181818181818182,-0.1,0.64,-0.5,0.18181818181818182,0.1,1
0.09090909090909091,0.18181818181818182,0.2727272727272727,29.8,0.8181818181818182,30.4,0.7272727272727273,-0.2,0.36363636363636365,0.45454545454545453,0,0.81,0.3,0.18181818181818182,0.2,0
0.18181818181818182,0.09090909090909091,0.5454545454545454,0,0.8181818181818182,0.2,0.7272727272727273,-1.7,0.2727272727272727,0.45454545454545453,0.7,0.78,0.2,0.18181818181818182,0.1,1
0.09090909090909091,0.09090909090909091,0.18181818181818182,57.7,0.8181818181818182,87.8,0.18181818181818182,-1.2,0.2727272727272727,0.45454545454545453,0.7,0.79,0.1,0.18181818181818182,0.35,0
0.09090909090909091,0.09090909090909091,0.2727272727272727,1.2,0.8181818181818182,0.8,0.7272727272727273,-5,0.09090909090909091,0.36363636363636365,0,1,-0.9,0.2727272727272727,0.1,0
0.18181818181818182,0.18181818181818182,0.5454545454545454,75.7,0.18181818181818182,81.1,0.09090909090909091,0.1,0.36363636363636365,0.45454545454545453,0.1,0.72,0,0.09090909090909091,0.1,1
