AAWt,AAMt,Sstruct,SaccW,ShbondsW,SaccM,ShbondsM,yDDG,Result,Positiontype,ProteinPropens,Positionaccept,MOSST,SectorSuperficie,Functionalrelevancefunction,Clinical
0.0445258748252,0.0445258748252,0.0445258748252,0.213724199161,0.133577624475,0.14248279944,0.133577624475,-0.890517496503,0.0890517496503,0.178103499301,0.0,0.178103499301,-0.160293149371,0.0445258748252,0.0178103499301,0
0.00531115456036,0.00531115456036,0.00531115456036,0.399398822939,0.0159334636811,0.915643046206,0.0159334636811,-0.00849784729658,0.0106223091207,0.0212446182414,0.0,0.0212446182414,-0.0191201564173,0.00531115456036,0.00212446182414,1
0.00214562793043,0.00214562793043,0.00429125586086,0.543272991985,0.00214562793043,0.839369646385,0.00214562793043,-0.00343300468869,0.00429125586086,0.00858251172173,0.0,0.00858251172173,-0.00257475351652,0.00429125586086,0.00858251172173,1
0.00695847217363,0.00695847217363,0.0139169443473,0.35627377529,0.0208754165209,0.926868493528,0.0208754165209,-0.0974186104309,0.0139169443473,0.0278338886945,0.0,0.0278338886945,-0.0334006664334,0.0139169443473,0.0167003332167,0
