AAWt,AAMt,Sstruct,SaccW,ShbondsW,SaccM,ShbondsM,yDDG,Result,Positiontype,ProteinPropens,Positionaccept,MOSST,SectorSuperficie,Functionalrelevancefunction,Clinical
0.18181818181818182,0.09090909090909091,0.45454545454545453,0,0.8181818181818182,2.4,0.9090909090909091,-0.8,0.09090909090909091,0.45454545454545453,0,1,-0.5,0.2727272727272727,0.35,1
0.09090909090909091,0.18181818181818182,0.45454545454545453,15.5,0.8181818181818182,12.6,0.9090909090909091,-3.5,0.2727272727272727,0.09090909090909091,0.3,0.17,-0.1,0.18181818181818182,0.1,1
0.09090909090909091,0.09090909090909091,0.36363636363636365,0,0.8181818181818182,3.7,0.9090909090909091,-2,0.2727272727272727,0.45454545454545453,0,1,-1.3,0.18181818181818182,0.15,0
0.09090909090909091,0.18181818181818182,0.09090909090909091,3.9,0.18181818181818182,2.4,0.9090909090909091,1.4,0.18181818181818182,0.36363636363636365,0.5,0.88,-0.7,0.18181818181818182,0.5,0
0.18181818181818182,0.09090909090909091,0.45454545454545453,29.8,0.8181818181818182,33.5,0.9090909090909091,-2.1,0.2727272727272727,0.36363636363636365,0,0.81,-0.1,0.09090909090909091,0.2,0
0.09090909090909091,0.09090909090909091,0.36363636363636365,14.4,0.18181818181818182,17.1,0.09090909090909091,1.1,0.18181818181818182,0.09090909090909091,0.2,0.48,0.8,0.18181818181818182,0.8,0
0.18181818181818182,0.18181818181818182,0.45454545454545453,57.5,0.8181818181818182,70.8,0.9090909090909091,-1.3,0.2727272727272727,0.36363636363636365,0.9,0.31,0.1,0.2727272727272727,0.35,1
0.18181818181818182,0.18181818181818182,0.36363636363636365,7.3,0.8181818181818182,0.6,0.9090909090909091,0,0.18181818181818182,0.45454545454545453,0,1,-1.1,0.18181818181818182,0.95,1
0.09090909090909091,0.18181818181818182,0.09090909090909091,52.6,0.8181818181818182,74.5,0.9090909090909091,0.3,0.18181818181818182,0.45454545454545453,0,1,-1.1,0.09090909090909091,0.8,1
0.18181818181818182,0.09090909090909091,0.36363636363636365,7.3,0.8181818181818182,14.4,0.9090909090909091,-2.2,0.2727272727272727,0.45454545454545453,0,1,-0.9,0.18181818181818182,0.95,0
0.18181818181818182,0.18181818181818182,0.45454545454545453,57.5,0.8181818181818182,70.8,0.9090909090909091,-1.3,0.2727272727272727,0.36363636363636365,0.9,0.31,0.1,0.2727272727272727,0.35,1
