AAWt,AAMt,Sstruct,SaccW,ShbondsW,SaccM,ShbondsM,yDDG,Result,Positiontype,ProteinPropens,Positionaccept,MOSST,SectorSuperficie,Functionalrelevancefunction,Clinical
0.00294833102844,0.00294833102844,0.0235866482275,0.0943465929099,0.00294833102844,0.978845901441,0.0294833102844,-0.171003199649,0.0147416551422,0.0147416551422,0.0147416551422,0.0271246454616,-0.0235866482275,0.00294833102844,0.0176899861706,1
0.00321002741364,0.00321002741364,0.0256802193091,0.38841331705,0.00321002741364,0.918067840301,0.0321002741364,0.0481504112046,0.00642005482728,0.0160501370682,0.00963008224092,0.0311372659123,-0.0224701918955,0.00321002741364,0.0192601644818,1
0.00198553305705,0.00198553305705,0.0158842644564,0.804140888104,0.0158842644564,0.589703317943,0.0198553305705,-0.0655225908826,0.00992766528524,0.00198553305705,0.00595659917114,0.00873634545101,-0.00595659917114,0.0039710661141,0.0119131983423,0
0.0267356743521,0.0267356743521,0.213885394816,0.0267356743521,0.213885394816,0.0802070230562,0.267356743521,-0.828805904914,0.13367837176,0.106942697408,0.13367837176,0.240621069169,-0.187149720464,0.0267356743521,0.0267356743521,1
0.00184707347263,0.00369414694526,0.00184707347263,0.74437060947,0.014776587781,0.666793523619,0.0184707347263,0.0110824408358,0.00184707347263,0.00738829389052,0.0110824408358,0.0160695392119,0.00554122041789,0.00184707347263,0.0110824408358,1
0.0265086745191,0.0265086745191,0.106034698077,0.0,0.106034698077,0.689225537498,0.132543372596,-0.662716862979,0.0662716862979,0.0662716862979,0.0,0.132543372596,-0.119289035336,0.0397630117787,0.0463901804085,1
0.0346362539938,0.0173181269969,0.138545015975,0.0,0.138545015975,0.0,0.173181269969,-0.917860730836,0.0865906349846,0.0865906349846,0.0,0.173181269969,-0.190499396966,0.0519543809907,0.0606134444892,1
0.00109604534665,0.00219209069331,0.00876836277324,0.630226074326,0.00876836277324,0.776000105431,0.0109604534665,-0.0142485895065,0.00109604534665,0.00438418138662,0.00986440811989,0.00339774057463,0.00109604534665,0.00328813603996,0.00383615871329,1
0.0222112564075,0.044422512815,0.17769005126,0.0,0.17769005126,0.0,0.222112564075,0.866238999892,0.0222112564075,0.111056282037,0.0,0.222112564075,-0.244323820482,0.0222112564075,0.111056282037,1
0.00624685174559,0.00624685174559,0.00624685174559,0.693400543761,0.0499748139648,0.705894247252,0.0624685174559,0.0874559244383,0.0124937034912,0.0249874069824,0.031234258728,0.0568463508849,-0.0249874069824,0.0124937034912,0.031234258728,1
