AAWt,AAMt,Sstruct,SaccW,ShbondsW,SaccM,ShbondsM,yDDG,Result,Positiontype,ProteinPropens,Positionaccept,MOSST,SectorSuperficie,Functionalrelevancefunction,Clinical
0.36363636363636365,0.09090909090909091,0.36363636363636365,0,0.5454545454545454,0,1.0,0.3,0.2727272727272727,0.45454545454545453,0,1,-0.9,0.09090909090909091,0.75,1
0.09090909090909091,0.2727272727272727,0.18181818181818182,18.3,0.5454545454545454,42.6,1.0,-2.1,0.18181818181818182,0.45454545454545453,0.5,0.85,-0.8,0.18181818181818182,0.8,0
0.09090909090909091,0.09090909090909091,0.45454545454545453,13.7,0.5454545454545454,10.8,1.0,0.2,0.2727272727272727,0.09090909090909091,0.1,0.25,0.2,0.09090909090909091,0.35,0
0.36363636363636365,0.09090909090909091,0.45454545454545453,4.9,0.45454545454545453,2.1,1.0,2.5,0.09090909090909091,0.45454545454545453,0.7,0.73,-0.4,0.36363636363636365,0.75,1
0.36363636363636365,0.2727272727272727,0.45454545454545453,4.9,0.45454545454545453,12.7,1.0,-1.4,0.2727272727272727,0.45454545454545453,0.7,0.73,0.2,0.36363636363636365,0.75,1
0.09090909090909091,0.09090909090909091,0.36363636363636365,50.3,0.45454545454545453,35,1.0,0.1,0.2727272727272727,0.45454545454545453,0,1,-1,0.09090909090909091,0.1,1
0.09090909090909091,0.09090909090909091,0.45454545454545453,17.3,0.45454545454545453,0.3,1.0,-1.1,0.2727272727272727,0.45454545454545453,0,1,-0.7,0.36363636363636365,0.85,0
0.09090909090909091,0.2727272727272727,0.36363636363636365,26.8,0.5454545454545454,54.1,1.0,-2.8,0.18181818181818182,0.45454545454545453,0,1,-1.2,0.09090909090909091,0.1,0
0.09090909090909091,0.18181818181818182,0.36363636363636365,21.2,0.5454545454545454,25.6,1.0,0.8,0.09090909090909091,0.45454545454545453,0,0.83,-0.6,0.09090909090909091,0.25,0
0.36363636363636365,0.09090909090909091,0.18181818181818182,3.9,0.45454545454545453,2.6,1.0,-1.8,0.2727272727272727,0.45454545454545453,0.5,0.88,0,0.18181818181818182,0.5,1
0.09090909090909091,0.18181818181818182,0.45454545454545453,1.2,0.5454545454545454,3.4,1.0,-0.6,0.09090909090909091,0.45454545454545453,0,1,-0.5,0.36363636363636365,0.1,0
