AAWt,AAMt,Sstruct,SaccW,ShbondsW,SaccM,ShbondsM,yDDG,Result,Positiontype,ProteinPropens,Positionaccept,MOSST,SectorSuperficie,Functionalrelevancefunction,Clinical
0.153846153846,0.230769230769,0.307692307692,40.3,0.846153846154,46.6,0.153846153846,-2.2,0.307692307692,0.307692307692,0.6,0.87,-0.6,0.153846153846,0.6,0
0.0769230769231,0.230769230769,0.384615384615,0,0.846153846154,0,0.769230769231,-2.9,0.307692307692,0.538461538462,0.3,0.96,-0.8,0.0769230769231,0.35,1
0.153846153846,0.0769230769231,0.307692307692,1.4,0.846153846154,2,0.769230769231,-1.4,0.153846153846,0.538461538462,0,1,-0.6,0.230769230769,0.1,0
0.0769230769231,0.230769230769,0.384615384615,37,0.846153846154,69.9,0.0769230769231,-0.4,0.230769230769,0.0769230769231,0.2,0.89,-0.2,0.307692307692,0,0
0.153846153846,0.0769230769231,0.307692307692,35.5,0.846153846154,58.8,0.153846153846,-1.1,0.153846153846,0.538461538462,0.3,0.95,-0.8,0.230769230769,0.1,0
0.153846153846,0.0769230769231,0.384615384615,40.5,0.846153846154,73.3,0.769230769231,-2.7,0.307692307692,0.0769230769231,0.3,0.44,-0.3,0.307692307692,0.6,0
0.153846153846,0.0769230769231,0.230769230769,50.3,0.153846153846,72.2,0.769230769231,-2.4,0.307692307692,0.538461538462,0,1,-0.7,0.0769230769231,0.1,0
0.153846153846,0.0769230769231,0.307692307692,40.3,0.846153846154,20.5,0.769230769231,0.3,0.230769230769,0.307692307692,0.6,0.87,-0.1,0.153846153846,0.6,0
0.153846153846,0.153846153846,0.0769230769231,18.3,0.846153846154,29.5,0.769230769231,0.8,0.0769230769231,0.307692307692,0.5,0.85,-0.5,0.230769230769,0.8,0
0.153846153846,0.153846153846,0.230769230769,0,0.846153846154,6,0.769230769231,1.6,0.0769230769231,0.538461538462,0,1,-1,0.0769230769231,0.75,0
0.153846153846,0.153846153846,0.384615384615,0,0.846153846154,0,0.769230769231,3.9,0.153846153846,0.538461538462,0,1,-1.1,0.0769230769231,0.5,1
0.0769230769231,0.0769230769231,0.230769230769,7.3,0.846153846154,0.6,0.769230769231,0,0.230769230769,0.538461538462,0,1,-1.1,0.307692307692,0.95,1
0.153846153846,0.153846153846,0.384615384615,4.9,0.153846153846,2.1,0.769230769231,2.5,0.153846153846,0.307692307692,0.7,0.73,-0.4,0.307692307692,0.75,1
