AAWt,AAMt,Sstruct,SaccW,ShbondsW,SaccM,ShbondsM,yDDG,Result,Positiontype,ProteinPropens,Positionaccept,MOSST,SectorSuperficie,Functionalrelevancefunction,Clinical
0.142857142857,0.285714285714,0.285714285714,4.9,0.714285714286,1.5,0.571428571429,-0.5,0.285714285714,0.285714285714,0.7,0.73,-0.6,0.285714285714,0.75,0
0.142857142857,0.142857142857,0.142857142857,62.5,0.714285714286,76,0.428571428571,-0.8,0.285714285714,0.285714285714,0.7,0.59,0.4,0.142857142857,0.25,1
0.142857142857,0.285714285714,0.571428571429,23.5,0.285714285714,34.7,0.571428571429,-1.1,0.285714285714,0.571428571429,0,1,-0.8,0.142857142857,0.6,1
0.142857142857,0.142857142857,0.571428571429,26.8,0.285714285714,28.9,0.428571428571,-2.1,0.285714285714,0.571428571429,0,1,-1.3,0.142857142857,0.1,0
0.142857142857,0.142857142857,0.285714285714,17.3,0.714285714286,0.3,0.571428571429,-1.1,0.285714285714,0.571428571429,0,1,-0.7,0.285714285714,0.85,0
0.142857142857,0.142857142857,0.571428571429,50.3,0.714285714286,35,0.571428571429,0.1,0.142857142857,0.571428571429,0,1,-1,0.142857142857,0.1,1
0.142857142857,0.142857142857,0.571428571429,14.4,0.714285714286,20.5,0.428571428571,-3.1,0.285714285714,0.142857142857,0.2,0.48,-0.2,0.142857142857,0.8,0
