AAWt,AAMt,Sstruct,SaccW,ShbondsW,SaccM,ShbondsM,yDDG,Result,Positiontype,ProteinPropens,Positionaccept,MOSST,SectorSuperficie,Functionalrelevancefunction,Clinical
0.09090909090909091,0.09090909090909091,0.45454545454545453,0,0.7272727272727273,0,0.6363636363636364,1.9,0.2727272727272727,0.5454545454545454,0,1,-1.3,0.09090909090909091,0.75,0
0.09090909090909091,0.18181818181818182,0.09090909090909091,52.6,0.7272727272727273,74.5,0.6363636363636364,0.3,0.18181818181818182,0.5454545454545454,0,1,-1.1,0.09090909090909091,0.8,1
0.09090909090909091,0.09090909090909091,0.45454545454545453,14.4,0.2727272727272727,19.1,0.09090909090909091,-2.6,0.2727272727272727,0.09090909090909091,0.2,0.48,-0.1,0.09090909090909091,0.8,0
0.09090909090909091,0.09090909090909091,0.18181818181818182,82.8,0.2727272727272727,74.3,0.2727272727272727,-0.7,0.18181818181818182,0.2727272727272727,0.8,0.64,-0.2,0.2727272727272727,0.1,0
0.09090909090909091,0.18181818181818182,0.18181818181818182,6.8,0.7272727272727273,6.3,0.6363636363636364,-0.7,0.18181818181818182,0.5454545454545454,0.3,0.97,-0.3,0.2727272727272727,0.2,1
0.09090909090909091,0.09090909090909091,0.45454545454545453,25.4,0.7272727272727273,36.1,0.6363636363636364,-1,0.09090909090909091,0.5454545454545454,0,1,-0.5,0.18181818181818182,0,0
0.18181818181818182,0.09090909090909091,0.45454545454545453,84.5,0.7272727272727273,84.5,0.6363636363636364,0.3,0.18181818181818182,0.09090909090909091,0.9,0.25,0.2,0.18181818181818182,0.15,1
0.09090909090909091,0.18181818181818182,0.2727272727272727,29.8,0.7272727272727273,33.5,0.6363636363636364,-2.1,0.2727272727272727,0.2727272727272727,0,0.81,-0.1,0.2727272727272727,0.2,0
0.09090909090909091,0.18181818181818182,0.45454545454545453,74.6,0.7272727272727273,70.3,0.2727272727272727,1.1,0.2727272727272727,0.2727272727272727,0,0.79,-0.3,0.09090909090909091,0.35,1
0.09090909090909091,0.18181818181818182,0.2727272727272727,3.2,0.2727272727272727,0.2,0.2727272727272727,1.2,0.2727272727272727,0.5454545454545454,0.5,0.92,-0.5,0.09090909090909091,0.6,0
0.18181818181818182,0.18181818181818182,0.2727272727272727,0,0.7272727272727273,0,0.6363636363636364,-2.2,0.2727272727272727,0.5454545454545454,0.3,0.96,-0.4,0.09090909090909091,0.35,0
