AAWt,AAMt,Sstruct,SaccW,ShbondsW,SaccM,ShbondsM,yDDG,Result,Positiontype,ProteinPropens,Positionaccept,MOSST,Functionalrelevancefunction,Clinical
0.636363636364,0.181818181818,0.727272727273,52.6,1.0,74.5,0.818181818182,0.3,0.363636363636,0.545454545455,0,1,-1.1,0.8,1
0.636363636364,0.181818181818,0.727272727273,52.6,1.0,81.8,0.0909090909091,-1.5,0.363636363636,0.545454545455,0,1,-1.3,0.8,1
0.636363636364,0.181818181818,0.727272727273,40.3,1.0,36.1,0.818181818182,0.6,0.363636363636,0.454545454545,0.6,0.87,0.3,0.6,1
0.636363636364,0.0909090909091,0.727272727273,40.3,1.0,20.5,0.818181818182,0.3,0.363636363636,0.454545454545,0.6,0.87,-0.1,0.6,0
0.636363636364,0.181818181818,0.727272727273,40.3,1.0,46.6,0.0909090909091,-2.2,0.181818181818,0.454545454545,0.6,0.87,-0.6,0.6,0
0.636363636364,0.0909090909091,0.727272727273,40.3,1.0,60.9,0.818181818182,-2.8,0.181818181818,0.454545454545,0.6,0.87,-0.6,0.6,1
0.636363636364,0.0909090909091,0.727272727273,40.3,1.0,39.7,0.818181818182,0.2,0.363636363636,0.454545454545,0.6,0.87,0,0.6,0
0.363636363636,0.181818181818,0.727272727273,76.9,1.0,43.2,0.818181818182,-1.9,0.363636363636,0.545454545455,0,1,-1,0.3,1
0.363636363636,0.0909090909091,0.272727272727,23.5,1.0,34.7,0.818181818182,-1.1,0.363636363636,0.545454545455,0,1,-0.8,0.6,1
0.363636363636,0.181818181818,0.272727272727,23.5,1.0,23.6,0.818181818182,-0.8,0.0909090909091,0.545454545455,0,1,-1,0.6,0
0.363636363636,0.0909090909091,0.272727272727,23.5,1.0,38.4,0.818181818182,-1.6,0.363636363636,0.545454545455,0,1,-0.9,0.6,0
