AAWt,AAMt,Sstruct,SaccW,ShbondsW,SaccM,ShbondsM,yDDG,Result,Positiontype,ProteinPropens,Positionaccept,MOSST,SectorSuperficie,Functionalrelevancefunction,Clinical
0.00101753625774,0.00101753625774,0.00203507251548,0.681342278181,0.00610521754643,0.731812076565,0.00712275380417,-0.0081402900619,0.00305260877321,0.00101753625774,0.00569820304333,0.00382593632909,-0.00081402900619,0.00101753625774,0.00203507251548,1
0.0028290871712,0.0028290871712,0.0056581743424,0.574870513187,0.0169745230272,0.817040375042,0.0198036101984,-0.0226326973696,0.0028290871712,0.00848726151359,0.0,0.0226326973696,-0.0113163486848,0.0028290871712,0.0,0
0.00293419612758,0.00293419612758,0.00880258838273,0.699512356814,0.0176051767655,0.713596498226,0.020539372893,-0.00469471380412,0.00586839225515,0.0117367845103,0.0,0.0190135909067,0.00704207070618,0.00293419612758,0.00469471380412,0
0.00179156196287,0.00179156196287,0.00358312392575,0.609131067377,0.0107493717772,0.792587012375,0.0125409337401,0.0100327469921,0.00179156196287,0.00716624785149,0.00716624785149,0.0133292210038,-0.00859949742179,0.00358312392575,0.0014332495703,0
0.0230533154741,0.0230533154741,0.0691599464223,0.903689966585,0.0461066309482,0.276639785689,0.161373208319,-0.0553279571379,0.0461066309482,0.0922132618964,0.129098566655,0.134631362369,-0.0553279571379,0.0461066309482,0.138319892845,1
0.0318396684769,0.0636793369539,0.0955190054308,0.0,0.191038010862,0.0,0.222877679339,-0.866038982573,0.0318396684769,0.0955190054308,0.0764152043447,0.244528653903,-0.254717347816,0.0318396684769,0.0891510717355,1
0.00105663844577,0.00105663844577,0.00211327689154,0.639900242758,0.00211327689154,0.768387477763,0.00105663844577,-0.00507186453969,0.00316991533731,0.00422655378308,0.000845310756615,0.00608623744763,-0.00169062151323,0.00105663844577,0.000845310756615,1
0.000963101242838,0.00192620248568,0.000963101242838,0.718858767655,0.00577860745703,0.694973856832,0.00674170869987,-0.00385240497135,0.00288930372852,0.00288930372852,0.0,0.00770480994271,-0.00847529093698,0.000963101242838,0.00231144298281,0
