AAWt,AAMt,Sstruct,SaccW,ShbondsW,SaccM,ShbondsM,yDDG,Result,Positiontype,ProteinPropens,Positionaccept,MOSST,SectorSuperficie,Functionalrelevancefunction,Clinical
0.09090909090909091,0.18181818181818182,0.09090909090909091,68.8,0.2727272727272727,71.8,0.9090909090909091,-2.4,0.2727272727272727,0.5454545454545454,0,1,-1.1,0.18181818181818182,0,0
0.18181818181818182,0.09090909090909091,0.45454545454545453,111.8,0.6363636363636364,92.1,0.9090909090909091,-0.5,0.18181818181818182,0.36363636363636365,0.5,0.62,-0.1,0.09090909090909091,0.55,0
0.09090909090909091,0.18181818181818182,0.36363636363636365,0.5,0.6363636363636364,1.2,0.9090909090909091,-0.4,0.2727272727272727,0.5454545454545454,0,1,-0.8,0.18181818181818182,0,0
0.09090909090909091,0.18181818181818182,0.45454545454545453,0,0.6363636363636364,0.2,0.9090909090909091,0,0.2727272727272727,0.36363636363636365,0.7,0.78,0,0.18181818181818182,0.1,0
0.18181818181818182,0.09090909090909091,0.36363636363636365,0.3,0.6363636363636364,18,0.9090909090909091,-5.2,0.2727272727272727,0.5454545454545454,0.3,0.95,-0.7,0.09090909090909091,0.1,0
0.09090909090909091,0.09090909090909091,0.45454545454545453,7.3,0.6363636363636364,16.4,0.9090909090909091,-3.1,0.2727272727272727,0.5454545454545454,0,1,-1,0.36363636363636365,0.95,1
0.09090909090909091,0.09090909090909091,0.36363636363636365,1.2,0.6363636363636364,4.4,0.9090909090909091,-0.4,0.2727272727272727,0.5454545454545454,0,1,-0.3,0.36363636363636365,0.1,0
0.09090909090909091,0.09090909090909091,0.36363636363636365,17.3,0.2727272727272727,16.3,0.09090909090909091,3.4,0.09090909090909091,0.5454545454545454,0,1,-1.3,0.36363636363636365,0.85,1
0.18181818181818182,0.09090909090909091,0.45454545454545453,11.1,0.6363636363636364,38.8,0.9090909090909091,1.1,0.09090909090909091,0.36363636363636365,0.5,0.91,-0.8,0.36363636363636365,0.5,1
0.09090909090909091,0.09090909090909091,0.45454545454545453,62,0.09090909090909091,37.2,0.9090909090909091,-0.7,0.18181818181818182,0.09090909090909091,0.3,0.67,-0.4,0.09090909090909091,0.35,0
0.18181818181818182,0.18181818181818182,0.09090909090909091,3.9,0.2727272727272727,1.9,0.9090909090909091,-1.9,0.09090909090909091,0.36363636363636365,0.5,0.88,-0.8,0.18181818181818182,0.5,0
