Statistic,Value
Mean,0.347417840376
Std,0.150222133054
Max,0.875
Min,0.0
Var,0.0225666892592
