AAWt,AAMt,Sstruct,SaccW,ShbondsW,SaccM,ShbondsM,yDDG,Result,Positiontype,ProteinPropens,Positionaccept,MOSST,SectorSuperficie,Functionalrelevancefunction,Clinical
0.142857142857,0.142857142857,0.142857142857,25.3,0.714285714286,40.3,0.428571428571,0.1,0.428571428571,0.285714285714,0.3,0.97,-1,0.142857142857,0.25,0
0.142857142857,0.142857142857,0.285714285714,20.1,0.714285714286,24.2,0.428571428571,-4,0.285714285714,0.571428571429,0.2,0.59,-0.1,0.285714285714,0.1,1
0.285714285714,0.142857142857,0.285714285714,44.8,0.142857142857,29.5,0.428571428571,-2.4,0.285714285714,0.142857142857,0.8,0.28,-0.1,0.142857142857,0.15,0
0.142857142857,0.142857142857,0.142857142857,41.8,0.714285714286,68.1,0.428571428571,1.6,0.142857142857,0.285714285714,0,0.95,-1,0.142857142857,0.1,0
0.142857142857,0.142857142857,0.285714285714,55.9,0.714285714286,66.1,0.428571428571,-0.9,0.142857142857,0.571428571429,-0.1,0.2,0.4,0.285714285714,0,1
0.285714285714,0.142857142857,0.142857142857,6.7,0.714285714286,30.5,0.428571428571,0.5,0.428571428571,0.571428571429,0.7,0.78,0.1,0.142857142857,0.5,0
0.142857142857,0.142857142857,0.285714285714,75.7,0.142857142857,81.1,0.142857142857,0.1,0.428571428571,0.571428571429,0.1,0.72,0,0.142857142857,0.1,1
