statistic,value
mean,0.681845570499
max,0.833333333333
min,0.53125
var,0.00403615017199
std,0.0635307025933
