AAWt,AAMt,Sstruct,SaccW,ShbondsW,SaccM,ShbondsM,yDDG,Result,Positiontype,ProteinPropens,Positionaccept,MOSST,SectorSuperficie,Functionalrelevancefunction,Clinical
0.2727272727272727,0.36363636363636365,0.36363636363636365,6.7,0.6363636363636364,21.4,0.8181818181818182,-3.5,0.45454545454545453,0.6363636363636364,0.7,0.78,-0.1,0.36363636363636365,0.5,1
0.2727272727272727,0.09090909090909091,0.36363636363636365,6.7,0.6363636363636364,17.7,0.8181818181818182,-0.3,0.36363636363636365,0.6363636363636364,0.7,0.78,-0.5,0.36363636363636365,0.5,1
0.2727272727272727,0.36363636363636365,0.36363636363636365,6.7,0.6363636363636364,21.4,0.8181818181818182,-3.5,0.45454545454545453,0.6363636363636364,0.7,0.78,-0.1,0.36363636363636365,0.5,1
0.09090909090909091,0.09090909090909091,0.36363636363636365,65.1,0.2727272727272727,64.1,0.18181818181818182,-0.4,0.36363636363636365,0.6363636363636364,0.1,0.8,0,0.09090909090909091,0.5,1
0.09090909090909091,0.09090909090909091,0.36363636363636365,0.3,0.6363636363636364,0.4,0.8181818181818182,-2.7,0.45454545454545453,0.2727272727272727,0.3,0.95,0,0.09090909090909091,0.1,1
0.09090909090909091,0.18181818181818182,0.18181818181818182,66.5,0.09090909090909091,47.9,0.8181818181818182,-1.4,0.18181818181818182,0.6363636363636364,0.7,0.85,0,0.36363636363636365,0.25,1
0.09090909090909091,0.09090909090909091,0.36363636363636365,0,0.6363636363636364,0,0.8181818181818182,-2.2,0.45454545454545453,0.2727272727272727,0.3,0.96,-0.4,0.09090909090909091,0.35,0
0.09090909090909091,0.18181818181818182,0.36363636363636365,17.3,0.2727272727272727,0.3,0.8181818181818182,-1.1,0.18181818181818182,0.2727272727272727,0,1,-0.7,0.36363636363636365,0.85,0
0.09090909090909091,0.36363636363636365,0.09090909090909091,18.3,0.6363636363636364,12.9,0.8181818181818182,-3.5,0.45454545454545453,0.6363636363636364,0.5,0.85,-0.8,0.36363636363636365,0.8,0
0.09090909090909091,0.09090909090909091,0.36363636363636365,74,0.2727272727272727,82.7,0.18181818181818182,0.5,0.36363636363636365,0.09090909090909091,0.9,0.76,0.3,0.36363636363636365,0.1,1
0.09090909090909091,0.36363636363636365,0.18181818181818182,11.1,0.6363636363636364,16.5,0.8181818181818182,0.2,0.36363636363636365,0.6363636363636364,0.5,0.91,-0.3,0.36363636363636365,0.5,0
