statistic,value
mean,0.705714285714
max,0.928571428571
min,0.5
var,0.00778367346938
std,0.0882251294665
