statistic,value
mean,0.706785714286
max,0.892857142857
min,0.5
var,0.0075075255102
std,0.0866459780382
