statistic,value
mean,0.708571428571
max,0.928571428571
min,0.5
var,0.00744183673469
std,0.0862660810208
