AAWt,AAMt,Sstruct,SaccW,ShbondsW,SaccM,ShbondsM,yDDG,Result,Positiontype,ProteinPropens,Positionaccept,MOSST,SectorSuperficie,Functionalrelevancefunction,Clinical
0.18181818181818182,0.09090909090909091,0.36363636363636365,0.2,0.6363636363636364,0.3,0.7272727272727273,-0.8,0.09090909090909091,0.6363636363636364,0.6,0.89,0.3,0.2727272727272727,0.1,0
0.09090909090909091,0.09090909090909091,0.36363636363636365,45.5,0.2727272727272727,50.6,0.2727272727272727,1.2,0.18181818181818182,0.6363636363636364,0.9,0.69,-0.2,0.09090909090909091,0.1,1
0.09090909090909091,0.18181818181818182,0.2727272727272727,6,0.6363636363636364,4.7,0.7272727272727273,0.5,0.09090909090909091,0.6363636363636364,0.5,0.61,-0.3,0.2727272727272727,0.6,1
0.18181818181818182,0.09090909090909091,0.09090909090909091,0.2,0.6363636363636364,9.3,0.7272727272727273,-6.5,0.36363636363636365,0.09090909090909091,0.5,0.91,-0.8,0.2727272727272727,0.1,1
0.09090909090909091,0.18181818181818182,0.36363636363636365,20.1,0.6363636363636364,24.2,0.7272727272727273,-4,0.36363636363636365,0.6363636363636364,0.2,0.59,-0.1,0.2727272727272727,0.1,1
0.18181818181818182,0.18181818181818182,0.2727272727272727,26.8,0.6363636363636364,54.1,0.7272727272727273,-2.8,0.36363636363636365,0.2727272727272727,0,1,-1.2,0.09090909090909091,0.1,0
0.09090909090909091,0.09090909090909091,0.36363636363636365,4.9,0.2727272727272727,1.5,0.7272727272727273,-0.3,0.18181818181818182,0.6363636363636364,0.7,0.73,-0.3,0.2727272727272727,0.75,1
0.09090909090909091,0.18181818181818182,0.2727272727272727,62.5,0.2727272727272727,104.4,0.7272727272727273,-3.6,0.36363636363636365,0.6363636363636364,0.7,0.59,-0.2,0.18181818181818182,0.25,1
0.09090909090909091,0.09090909090909091,0.2727272727272727,0,0.6363636363636364,3.7,0.7272727272727273,-2,0.09090909090909091,0.2727272727272727,0,1,-1.3,0.2727272727272727,0.15,0
0.09090909090909091,0.09090909090909091,0.2727272727272727,47.8,0.09090909090909091,67.9,0.2727272727272727,1.6,0.18181818181818182,0.6363636363636364,0.2,0.92,-0.8,0.18181818181818182,0.35,0
0.18181818181818182,0.09090909090909091,0.2727272727272727,93.3,0.6363636363636364,102.6,0.2727272727272727,0.1,0.18181818181818182,0.2727272727272727,0,1,-1.1,0.09090909090909091,0.3,1
