AAWt,AAMt,Sstruct,SaccW,ShbondsW,SaccM,ShbondsM,yDDG,Result,Positiontype,ProteinPropens,Positionaccept,MOSST,SectorSuperficie,Functionalrelevancefunction,Clinical
0.00109359391084,0.00109359391084,0.00218718782168,0.647407595217,0.00328078173252,0.762016237073,0.00656156346504,0.00174975025734,0.00328078173252,0.00109359391084,0.00787387615805,0.00664905097791,-0.00262462538602,0.00218718782168,0.000874875128672,1
0.0160038426126,0.0160038426126,0.0480115278379,0.768184445407,0.0800192130632,0.601744482235,0.0960230556758,0.0640153704506,0.0320076852253,0.0800192130632,0.0640153704506,0.0780987519497,-0.0384092222703,0.0160038426126,0.0768184445407,1
0.000862901679585,0.000862901679585,0.00258870503876,0.771779262221,0.00431450839793,0.635785957518,0.00517741007751,-0.00345160671834,0.000862901679585,0.00431450839793,0.00345160671834,0.00427999233074,-0.000690321343668,0.00172580335917,0.00379676739018,0
0.0236956073754,0.0236956073754,0.0473912147507,0.739302950112,0.0710868221261,0.492868633408,0.142173644252,-0.341216746205,0.0236956073754,0.118478036877,0.0947824295015,0.166817075923,0.0,0.0710868221261,0.0947824295015,1
0.00359456231368,0.00359456231368,0.00718912462736,0.526243922723,0.0179728115684,0.848316706028,0.0215673738821,0.0230051988075,0.00718912462736,0.0179728115684,0.0143782492547,0.024443023733,-0.0143782492547,0.010783686941,0.0230051988075,0
0.00183623002778,0.00183623002778,0.00367246005556,0.668387730113,0.00550869008335,0.743305915246,0.00183623002778,0.0176278082667,0.00183623002778,0.00918115013891,0.0132208562,0.0101359897534,-0.00293796804445,0.00367246005556,0.00146898402223,1
0.00091781779117,0.00091781779117,0.00091781779117,0.685059199329,0.00458908895585,0.728380199073,0.00091781779117,0.000734254232936,0.00275345337351,0.00183563558234,0.0,0.00734254232936,-0.00734254232936,0.00275345337351,0.00220276269881,1
0.00256153288911,0.00256153288911,0.00768459866734,0.948791782128,0.0128076644456,0.313531625627,0.0153691973347,-0.00409845262258,0.00768459866734,0.00512306577823,0.0,0.0204922631129,-0.0204922631129,0.00512306577823,0.00717229208952,1
