Statistic,Value
Mean,0.633352342933
Std,0.232571024405
Max,1.0
Min,0.0
Var,0.0540892813926
