AAWt,AAMt,Sstruct,SaccW,ShbondsW,SaccM,ShbondsM,yDDG,Result,Positiontype,ProteinPropens,Positionaccept,MOSST,SectorSuperficie,Functionalrelevancefunction,Clinical
0.0594153769782,0.0198051256594,0.0396102513188,0.772399900717,0.0594153769782,0.475323015826,0.118830753956,0.277271759232,0.0198051256594,0.0792205026376,0.099025628297,0.174285105803,-0.138635879616,0.0396102513188,0.099025628297,0
0.00222677052383,0.00222677052383,0.0111338526191,0.6635776161,0.0155873936668,0.745968125482,0.013360623143,-0.0467621810004,0.00222677052383,0.00890708209531,0.0,0.018036841243,-0.00222677052383,0.00445354104765,0.00445354104765,0
0.0572761109234,0.0190920369745,0.0381840739489,0.744589442005,0.0572761109234,0.496392961336,0.114552221847,-0.343656665541,0.0763681478979,0.0763681478979,0.0954601848724,0.168009925375,0.0,0.0381840739489,0.0954601848724,1
0.151281871698,0.0504272905659,0.25213645283,0.0,0.352991033962,0.0,0.302563743396,-0.705982067923,0.201709162264,0.0504272905659,0.352991033962,0.126068226415,-0.0504272905659,0.100854581132,0.0,1
0.00126421016786,0.00252842033571,0.00632105083928,0.467757762107,0.008849471175,0.883682907332,0.00252842033571,-0.00505684067143,0.00126421016786,0.00126421016786,0.00252842033571,0.0112514704939,-0.00252842033571,0.00252842033571,0.0,0
0.00101616935479,0.00101616935479,0.00101616935479,0.635105846746,0.00304850806438,0.772288709643,0.00203233870959,-0.00812935483834,0.00101616935479,0.00406467741917,0.00711318548355,0.00599539919328,0.00406467741917,0.00101616935479,0.00254042338698,1
0.0512989176043,0.0512989176043,0.256494588021,0.0,0.35909242323,0.0,0.102597835209,0.307793505626,0.0512989176043,0.205195670417,0.0,0.512989176043,-0.564288093647,0.0512989176043,0.256494588021,0
0.00948641511312,0.0189728302262,0.00948641511312,0.645076227692,0.0664049057919,0.739940378824,0.0569184906787,-0.104350566244,0.0379456604525,0.0379456604525,0.0284592453394,0.0920182265973,-0.0664049057919,0.0189728302262,0.0189728302262,1
0.0187054813221,0.0374109626442,0.0935274066104,0.0935274066104,0.130938369255,0.748219252883,0.112232887932,0.561164439662,0.0187054813221,0.0748219252883,0.0,0.187054813221,-0.187054813221,0.0187054813221,0.0,0
0.00824169603864,0.0164833920773,0.00824169603864,0.634610594975,0.0576918722704,0.741752643477,0.0164833920773,-0.164833920773,0.0329667841545,0.0329667841545,0.0,0.0824169603864,-0.0824169603864,0.00824169603864,0.00824169603864,0
