AAWt,AAMt,Sstruct,SaccW,ShbondsW,SaccM,ShbondsM,yDDG,Result,Positiontype,ProteinPropens,Positionaccept,MOSST,SectorSuperficie,Functionalrelevancefunction,Clinical
0.14285714285714285,0.14285714285714285,0.5714285714285714,0,0.5714285714285714,3.2,1.0,-0.9,0.14285714285714285,0.2857142857142857,0,1,-0.8,0.14285714285714285,0.15,1
0.2857142857142857,0.2857142857142857,0.5714285714285714,30.2,0.14285714285714285,12,1.0,-2.6,0.42857142857142855,0.7142857142857143,0.2,0.9,-0.8,0.5714285714285714,0.1,0
0.14285714285714285,0.14285714285714285,0.5714285714285714,7.3,0.5714285714285714,12.6,1.0,1.4,0.14285714285714285,0.2857142857142857,0,1,-1,0.5714285714285714,0.95,0
0.2857142857142857,0.2857142857142857,0.2857142857142857,52.4,0.2857142857142857,29.7,1.0,-2.3,0.42857142857142855,0.7142857142857143,0.2,0.91,-0.8,0.14285714285714285,0.6,0
0.14285714285714285,0.14285714285714285,0.14285714285714285,45.4,0.5714285714285714,27.8,1.0,-3,0.42857142857142855,0.7142857142857143,0.1,0.57,-0.4,0.5714285714285714,0.1,1
0.14285714285714285,0.14285714285714285,0.2857142857142857,40.3,0.5714285714285714,39.7,1.0,0.2,0.14285714285714285,0.7142857142857143,0.6,0.87,0,0.14285714285714285,0.6,0
0.14285714285714285,0.14285714285714285,0.5714285714285714,66.5,0.2857142857142857,47.9,1.0,-1.4,0.14285714285714285,0.7142857142857143,0.7,0.85,0,0.5714285714285714,0.25,1
