Statistic,Value
Mean,0.170985378258
Std,0.104825224111
Max,0.384615384615
Min,0.0
Var,0.0109883276099
