AAWt,AAMt,Sstruct,SaccW,ShbondsW,SaccM,ShbondsM,yDDG,Result,Positiontype,ProteinPropens,Positionaccept,MOSST,SectorSuperficie,Functionalrelevancefunction,Clinical
0.153846153846,0.153846153846,0.307692307692,0,0.615384615385,4.9,0.769230769231,1.6,0.307692307692,0.538461538462,0,1,-1.3,0.230769230769,0.15,0
0.0769230769231,0.153846153846,0.307692307692,3.2,0.384615384615,0.2,0.230769230769,1.2,0.307692307692,0.538461538462,0.5,0.92,-0.5,0.0769230769231,0.6,0
0.0769230769231,0.230769230769,0.230769230769,63.3,0.384615384615,97.8,0.230769230769,-0.4,0.230769230769,0.538461538462,0,1,-0.3,0.0769230769231,1,1
0.307692307692,0.0769230769231,0.307692307692,23.5,0.615384615385,38.4,0.769230769231,-1.6,0.0769230769231,0.538461538462,0,1,-0.9,0.0769230769231,0.6,0
0.0769230769231,0.0769230769231,0.230769230769,68.8,0.384615384615,71.5,0.769230769231,-3.7,0.307692307692,0.538461538462,0,1,-0.5,0.230769230769,0,0
0.153846153846,0.0769230769231,0.307692307692,0,0.615384615385,0,0.230769230769,0.6,0.0769230769231,0.538461538462,0,1,-1.1,0.0769230769231,0.5,0
0.307692307692,0.230769230769,0.307692307692,0.1,0.615384615385,0.3,0.769230769231,-3.1,0.307692307692,0.307692307692,0.5,0.9,-0.7,0.230769230769,0.1,1
0.0769230769231,0.0769230769231,0.0769230769231,3.9,0.384615384615,2.4,0.769230769231,1.4,0.307692307692,0.307692307692,0.5,0.88,-0.7,0.230769230769,0.5,0
0.0769230769231,0.153846153846,0.230769230769,6.7,0.615384615385,17.7,0.769230769231,-0.3,0.230769230769,0.307692307692,0.7,0.78,-0.5,0.230769230769,0.5,1
0.153846153846,0.0769230769231,0.307692307692,37,0.615384615385,48.6,0.769230769231,1.7,0.307692307692,0.0769230769231,0.2,0.89,-0.4,0.153846153846,0,1
0.153846153846,0.0769230769231,0.307692307692,50.3,0.384615384615,72.2,0.769230769231,-2.4,0.307692307692,0.538461538462,0,1,-0.7,0.0769230769231,0.1,0
0.307692307692,0.153846153846,0.307692307692,0,0.615384615385,0.2,0.769230769231,0,0.230769230769,0.307692307692,0.7,0.78,0,0.230769230769,0.1,0
0.307692307692,0.230769230769,0.0769230769231,0.2,0.615384615385,9,0.769230769231,-3.6,0.307692307692,0.0769230769231,0.5,0.91,-0.6,0.153846153846,0.1,0
