AAWt,AAMt,Sstruct,SaccW,ShbondsW,SaccM,ShbondsM,yDDG,Result,Positiontype,ProteinPropens,Positionaccept,MOSST,SectorSuperficie,Functionalrelevancefunction,Clinical
0.09090909090909091,0.18181818181818182,0.5454545454545454,18.8,0.9090909090909091,25.9,0.6363636363636364,0.7,0.09090909090909091,0.6363636363636364,0,1,-0.7,0.2727272727272727,0.1,0
0.36363636363636365,0.2727272727272727,0.2727272727272727,93.3,0.9090909090909091,102.6,0.2727272727272727,0.1,0.5454545454545454,0.6363636363636364,0,1,-1.1,0.18181818181818182,0.3,1
0.36363636363636365,0.09090909090909091,0.18181818181818182,0,0.9090909090909091,0.9,0.6363636363636364,-0.4,0.5454545454545454,0.09090909090909091,0.9,0.47,0.6,0.09090909090909091,0.35,1
0.36363636363636365,0.2727272727272727,0.2727272727272727,93.3,0.9090909090909091,102.6,0.2727272727272727,0.1,0.5454545454545454,0.6363636363636364,0,1,-1.1,0.18181818181818182,0.3,1
0.09090909090909091,0.09090909090909091,0.5454545454545454,0,0.9090909090909091,3.2,0.6363636363636364,-0.9,0.09090909090909091,0.6363636363636364,0,1,-0.8,0.2727272727272727,0.15,1
0.09090909090909091,0.18181818181818182,0.5454545454545454,74.6,0.9090909090909091,70.3,0.2727272727272727,1.1,0.09090909090909091,0.2727272727272727,0,0.79,-0.3,0.36363636363636365,0.35,1
0.09090909090909091,0.18181818181818182,0.18181818181818182,4.9,0.09090909090909091,3,0.09090909090909091,2.1,0.09090909090909091,0.2727272727272727,0.7,0.73,-0.2,0.36363636363636365,0.75,0
0.09090909090909091,0.18181818181818182,0.2727272727272727,52.6,0.9090909090909091,74.5,0.6363636363636364,0.3,0.5454545454545454,0.6363636363636364,0,1,-1.1,0.09090909090909091,0.8,1
0.09090909090909091,0.09090909090909091,0.5454545454545454,46.3,0.9090909090909091,11.8,0.6363636363636364,0.1,0.5454545454545454,0.6363636363636364,0,1,-1.2,0.36363636363636365,0.35,0
0.09090909090909091,0.2727272727272727,0.5454545454545454,7.3,0.9090909090909091,14.4,0.6363636363636364,-2.2,0.09090909090909091,0.6363636363636364,0,1,-0.9,0.36363636363636365,0.95,0
0.36363636363636365,0.09090909090909091,0.5454545454545454,0,0.9090909090909091,0.2,0.6363636363636364,0,0.5454545454545454,0.2727272727272727,0.7,0.78,0,0.2727272727272727,0.1,0
