AAWt,AAMt,Sstruct,SaccW,ShbondsW,SaccM,ShbondsM,yDDG,Result,Positiontype,ProteinPropens,Positionaccept,MOSST,SectorSuperficie,Functionalrelevancefunction,Clinical
0.18181818181818182,0.09090909090909091,0.18181818181818182,16.3,0.7272727272727273,43.3,0.7272727272727273,1.6,0.18181818181818182,0.36363636363636365,0.8,0.74,-0.3,0.09090909090909091,0.65,1
0.09090909090909091,0.09090909090909091,0.36363636363636365,52.6,0.7272727272727273,74.5,0.7272727272727273,0.3,0.2727272727272727,0.5454545454545454,0,1,-1.1,0.09090909090909091,0.8,1
0.09090909090909091,0.09090909090909091,0.18181818181818182,38.7,0.7272727272727273,42.4,0.7272727272727273,0,0.2727272727272727,0.5454545454545454,0,1,-0.6,0.18181818181818182,0.1,0
0.09090909090909091,0.09090909090909091,0.18181818181818182,1.2,0.7272727272727273,3.4,0.7272727272727273,-0.6,0.09090909090909091,0.5454545454545454,0,1,-0.5,0.2727272727272727,0.1,0
0.2727272727272727,0.18181818181818182,0.18181818181818182,18.3,0.7272727272727273,42.6,0.7272727272727273,-2.1,0.2727272727272727,0.36363636363636365,0.5,0.85,-0.8,0.18181818181818182,0.8,0
0.2727272727272727,0.18181818181818182,0.36363636363636365,12.8,0.7272727272727273,33.3,0.7272727272727273,-3.5,0.2727272727272727,0.5454545454545454,0,1,-1.2,0.09090909090909091,0.6,0
0.09090909090909091,0.09090909090909091,0.36363636363636365,9.8,0.7272727272727273,17.2,0.18181818181818182,-3.4,0.2727272727272727,0.5454545454545454,0,1,-0.9,0.18181818181818182,0.1,0
0.18181818181818182,0.09090909090909091,0.18181818181818182,66.5,0.18181818181818182,47.9,0.7272727272727273,-1.4,0.18181818181818182,0.36363636363636365,0.7,0.85,0,0.2727272727272727,0.25,1
0.09090909090909091,0.09090909090909091,0.18181818181818182,74,0.09090909090909091,87.1,0.7272727272727273,0.2,0.2727272727272727,0.09090909090909091,0.9,0.76,-0.3,0.2727272727272727,0.1,1
0.09090909090909091,0.09090909090909091,0.09090909090909091,7.7,0.7272727272727273,9,0.18181818181818182,-2,0.18181818181818182,0.5454545454545454,0,1,-1,0.09090909090909091,0.1,0
0.2727272727272727,0.09090909090909091,0.36363636363636365,47.8,0.18181818181818182,67.9,0.09090909090909091,1.6,0.18181818181818182,0.36363636363636365,0.2,0.92,-0.8,0.18181818181818182,0.35,0
