AAWt,AAMt,Sstruct,SaccW,ShbondsW,SaccM,ShbondsM,yDDG,Result,Positiontype,ProteinPropens,Positionaccept,MOSST,SectorSuperficie,Functionalrelevancefunction,Clinical
0.09090909090909091,0.09090909090909091,0.2727272727272727,6,0.9090909090909091,15.4,0.9090909090909091,-1.4,0.36363636363636365,0.2727272727272727,0.5,0.61,-0.3,0.36363636363636365,0.6,0
0.09090909090909091,0.18181818181818182,0.45454545454545453,74,0.09090909090909091,87.1,0.9090909090909091,0.2,0.18181818181818182,0.2727272727272727,0.9,0.76,-0.3,0.2727272727272727,0.1,1
0.18181818181818182,0.09090909090909091,0.45454545454545453,19.6,0.9090909090909091,26.2,0.9090909090909091,3.3,0.09090909090909091,0.2727272727272727,-0.1,0.6,-0.5,0.36363636363636365,0.15,0
0.18181818181818182,0.09090909090909091,0.09090909090909091,1.4,0.9090909090909091,2.3,0.9090909090909091,-3.1,0.18181818181818182,0.45454545454545453,0,1,-0.9,0.09090909090909091,0.1,0
0.2727272727272727,0.09090909090909091,0.18181818181818182,6.8,0.9090909090909091,8.6,0.09090909090909091,0.5,0.18181818181818182,0.45454545454545453,0.3,0.97,-0.6,0.2727272727272727,0.2,0
0.18181818181818182,0.09090909090909091,0.2727272727272727,24.3,0.9090909090909091,14.2,0.9090909090909091,1.5,0.09090909090909091,0.2727272727272727,0,0.41,0.7,0.2727272727272727,0,1
0.18181818181818182,0.18181818181818182,0.45454545454545453,15.5,0.9090909090909091,12.6,0.9090909090909091,-3.5,0.18181818181818182,0.2727272727272727,0.3,0.17,-0.1,0.36363636363636365,0.1,1
0.2727272727272727,0.09090909090909091,0.45454545454545453,1.2,0.9090909090909091,3.4,0.9090909090909091,-0.6,0.09090909090909091,0.45454545454545453,0,1,-0.5,0.2727272727272727,0.1,0
0.09090909090909091,0.09090909090909091,0.45454545454545453,14.1,0.9090909090909091,33,0.9090909090909091,-1.7,0.36363636363636365,0.2727272727272727,0.7,0.85,-0.5,0.2727272727272727,0.5,1
0.09090909090909091,0.18181818181818182,0.2727272727272727,0,0.9090909090909091,5.5,0.9090909090909091,-1.5,0.36363636363636365,0.45454545454545453,0,1,-0.6,0.36363636363636365,0.15,1
0.2727272727272727,0.18181818181818182,0.18181818181818182,6.8,0.9090909090909091,7.9,0.9090909090909091,-1.5,0.36363636363636365,0.45454545454545453,0.3,0.97,-0.5,0.2727272727272727,0.2,1
