AAWt,AAMt,Sstruct,SaccW,ShbondsW,SaccM,ShbondsM,yDDG,Result,Positiontype,ProteinPropens,Positionaccept,MOSST,SectorSuperficie,Functionalrelevancefunction,Clinical
0.0019541529924009737,0.0019541529924009737,0.0019541529924009737,0.5512665591563147,0.00977076496200487,0.8330554206605352,0.00977076496200487,-0.03830139865105909,0.005862458977202921,0.007816611969603895,0.00820744256808409,0.01190079172372193,-0.00820744256808409,0.003908305984801947,0.00820744256808409,1
0.024784818572518998,0.016523212381679333,0.033046424763358666,0.0,0.041308030954198334,0.9773480123763324,0.041308030954198334,-0.18505997867480853,0.024784818572518998,0.016523212381679333,0.0520481190022899,0.0271806843678625,-0.011566248667175533,0.016523212381679333,0.02024093516755718,1
0.004339201676529441,0.004339201676529441,0.017356806706117764,0.5953384700198394,0.02169600838264721,0.7958095874754996,0.02169600838264721,0.10023555872783009,0.004339201676529441,0.017356806706117764,-0.003037441173570609,0.018224647041423653,-0.015187205867853045,0.004339201676529441,0.004556161760355913,0
0.0010532789638473172,0.0021065579276946344,0.0010532789638473172,0.7114899400788629,0.0021065579276946344,0.7026423967825454,0.0021065579276946344,0.002211885824079366,0.0010532789638473172,0.004213115855389269,0.002949181098772489,0.004423771648158732,0.0014745905493862444,0.0010532789638473172,0.002211885824079366,0
0.009505269219962422,0.0031684230733208074,0.0031684230733208074,0.5212055955612729,0.01584211536660404,0.8516721221086331,0.01584211536660404,-0.035486338421193045,0.0031684230733208074,0.0031684230733208074,0.0,0.022178961513245655,-0.019961065361921087,0.006336846146641615,0.013307376907947392,0
0.0020985080270291634,0.0020985080270291634,0.008394032108116654,0.6683748066087886,0.004197016054058327,0.7432915431737297,0.004197016054058327,0.017627467427044973,0.0020985080270291634,0.008394032108116654,0.013220600570283729,0.010135793770550858,-0.0029379112378408287,0.0020985080270291634,0.0014689556189204144,1
0.06524180605115164,0.02174726868371721,0.08698907473486885,0.0,0.10873634341858607,0.7459313158515004,0.10873634341858607,-0.6089235231440819,0.06524180605115164,0.04349453736743442,0.13700779270741845,0.07154851396942963,-0.045669264235806147,0.04349453736743442,0.053280808275107165,0
