Statistic,Value
Mean,0.376429199648
Std,0.215334792584
Max,1.0
Min,0.0
Var,0.046369072897
