AAWt,AAMt,Sstruct,SaccW,ShbondsW,SaccM,ShbondsM,yDDG,Result,Positiontype,ProteinPropens,Positionaccept,MOSST,SectorSuperficie,Functionalrelevancefunction,Clinical
0.18181818181818182,0.2727272727272727,0.36363636363636365,0,0.9090909090909091,3.7,0.8181818181818182,-2,0.2727272727272727,0.36363636363636365,0,1,-1.3,0.09090909090909091,0.15,0
0.09090909090909091,0.09090909090909091,0.09090909090909091,39.9,0.9090909090909091,27.5,0.8181818181818182,2.8,0.09090909090909091,0.36363636363636365,0.4,0.56,-0.4,0.09090909090909091,0,1
0.09090909090909091,0.2727272727272727,0.36363636363636365,67.5,0.09090909090909091,32.5,0.09090909090909091,-0.3,0.36363636363636365,0.09090909090909091,0.7,0.87,0.1,0.09090909090909091,0.25,0
0.09090909090909091,0.18181818181818182,0.18181818181818182,0,0.9090909090909091,0,0.8181818181818182,-1,0.18181818181818182,0.36363636363636365,0,1,-1.1,0.09090909090909091,0.35,1
0.18181818181818182,0.09090909090909091,0.18181818181818182,93.3,0.9090909090909091,102.6,0.09090909090909091,0.1,0.36363636363636365,0.36363636363636365,0,1,-1.1,0.2727272727272727,0.3,1
0.18181818181818182,0.09090909090909091,0.09090909090909091,61,0.9090909090909091,89.4,0.8181818181818182,0,0.36363636363636365,0.36363636363636365,0.1,0.76,-0.1,0.2727272727272727,0.2,0
0.18181818181818182,0.09090909090909091,0.18181818181818182,93.3,0.9090909090909091,92.8,0.8181818181818182,-0.6,0.18181818181818182,0.36363636363636365,0,1,-0.3,0.2727272727272727,0.3,0
0.09090909090909091,0.2727272727272727,0.18181818181818182,45.4,0.9090909090909091,27.8,0.8181818181818182,-3,0.09090909090909091,0.36363636363636365,0.1,0.57,-0.4,0.09090909090909091,0.1,1
0.09090909090909091,0.18181818181818182,0.36363636363636365,50.8,0.9090909090909091,62.7,0.8181818181818182,0.3,0.36363636363636365,0.36363636363636365,1,0.63,-0.2,0.18181818181818182,0.25,0
0.18181818181818182,0.09090909090909091,0.09090909090909091,97.4,0.9090909090909091,89.5,0.8181818181818182,-1.8,0.2727272727272727,0.18181818181818182,0.3,0.77,0,0.18181818181818182,0,0
0.18181818181818182,0.09090909090909091,0.36363636363636365,0,0.9090909090909091,0.1,0.8181818181818182,-1.5,0.2727272727272727,0.18181818181818182,-0.1,0.64,-0.5,0.09090909090909091,0.1,1
