AAWt,AAMt,Sstruct,SaccW,ShbondsW,SaccM,ShbondsM,yDDG,Result,Positiontype,ProteinPropens,Positionaccept,MOSST,SectorSuperficie,Functionalrelevancefunction,Clinical
0.2857142857142857,0.14285714285714285,0.42857142857142855,16.3,1.0,43.3,0.8571428571428571,1.6,0.14285714285714285,0.5714285714285714,0.8,0.74,-0.3,0.42857142857142855,0.65,1
0.14285714285714285,0.14285714285714285,0.2857142857142857,1.2,1.0,3.4,0.8571428571428571,-0.6,0.14285714285714285,0.42857142857142855,0,1,-0.5,0.14285714285714285,0.1,0
0.14285714285714285,0.14285714285714285,0.42857142857142855,0,1.0,0.3,0.8571428571428571,-3.6,0.14285714285714285,0.5714285714285714,0.7,0.78,-0.6,0.42857142857142855,0.1,0
0.14285714285714285,0.14285714285714285,0.2857142857142857,40.3,1.0,36.1,0.8571428571428571,0.6,0.2857142857142857,0.5714285714285714,0.6,0.87,0.3,0.14285714285714285,0.6,1
0.14285714285714285,0.14285714285714285,0.2857142857142857,12.8,1.0,39.6,0.14285714285714285,2.7,0.14285714285714285,0.42857142857142855,0,1,-0.5,0.14285714285714285,0.6,0
0.2857142857142857,0.14285714285714285,0.2857142857142857,0,1.0,0,0.8571428571428571,-0.2,0.2857142857142857,0.42857142857142855,0,1,-0.8,0.14285714285714285,0.5,0
0.14285714285714285,0.14285714285714285,0.42857142857142855,6,1.0,15.4,0.8571428571428571,-1.4,0.14285714285714285,0.5714285714285714,0.5,0.61,-0.3,0.42857142857142855,0.6,0
