AAWt,AAMt,Sstruct,SaccW,ShbondsW,SaccM,ShbondsM,yDDG,Result,Positiontype,ProteinPropens,Positionaccept,MOSST,SectorSuperficie,Functionalrelevancefunction,Clinical
0.0167009387561,0.0167009387561,0.0501028162683,0.0,0.116906571293,0.694759052253,0.100205632537,-0.668037550244,0.0501028162683,0.0835046937804,0.0,0.133607510049,-0.120246759044,0.0167009387561,0.0467626285171,1
0.0230571487955,0.0461142975911,0.0691714463866,0.0922285951821,0.161400041569,0.737828761457,0.138342892773,0.553371571093,0.0461142975911,0.115285743978,0.0,0.184457190364,-0.184457190364,0.0691714463866,0.0,0
0.0111478242346,0.00557391211729,0.0167217363519,0.642114675911,0.00557391211729,0.762511177645,0.00557391211729,0.0490504266321,0.0111478242346,0.00557391211729,0.00891825938766,0.0214038225304,0.0356730375506,0.0111478242346,0.0356730375506,0
0.00475941144023,0.00951882288046,0.00951882288046,0.255104453196,0.0333158800816,0.963304875503,0.0285564686414,0.0456903498262,0.00951882288046,0.00951882288046,0.0266527040653,0.029698727387,-0.0228451749131,0.00951882288046,0.0190376457609,1
0.0227447703742,0.0227447703742,0.0682343111225,0.0,0.159213392619,0.0,0.136468622245,-0.927986631266,0.0682343111225,0.113723851871,0.054587448898,0.174679836474,-0.181958162993,0.0682343111225,0.0181958162993,1
0.0309022305377,0.0309022305377,0.0927066916132,0.0,0.216315613764,0.0741653532906,0.185413383226,-0.889984239487,0.0927066916132,0.0618044610755,0.173052491011,0.192829918556,-0.148330706581,0.0927066916132,0.0247217844302,0
0.005227116583,0.0026135582915,0.0078406748745,0.968061991171,0.0182949080405,0.246719902717,0.015681349749,0.0020908466332,0.0026135582915,0.0130677914575,0.0,0.020908466332,-0.0250901595984,0.0026135582915,0.0073179632162,0
0.00299471539639,0.00299471539639,0.00598943079277,0.30665885659,0.0209630077747,0.948725837575,0.00299471539639,0.0646858525619,0.00598943079277,0.0149735769819,0.0,0.0239577231711,-0.0119788615855,0.00299471539639,0.0143746339027,0
