Statistic,Value
Mean,0.61975743349
Std,0.127982770826
Max,0.736111111111
Min,0.286111111111
Var,0.0163795896284
