Statistic,Value
Mean,0.504690618762
Std,0.0922688790836
Max,0.866666666667
Min,0.25
Var,0.00851354604734
