AAWt,AAMt,Sstruct,SaccW,ShbondsW,SaccM,ShbondsM,yDDG,Result,Positiontype,ProteinPropens,Positionaccept,MOSST,SectorSuperficie,Functionalrelevancefunction,Clinical
0.09090909090909091,0.2727272727272727,0.2727272727272727,78.1,0.9090909090909091,78.6,0.8181818181818182,-1,0.2727272727272727,0.5454545454545454,-0.1,0.21,0,0.2727272727272727,0,1
0.09090909090909091,0.09090909090909091,0.2727272727272727,50.8,0.9090909090909091,23.9,0.8181818181818182,-1.8,0.2727272727272727,0.5454545454545454,1,0.63,-0.3,0.09090909090909091,0.25,0
0.18181818181818182,0.2727272727272727,0.36363636363636365,62.5,0.09090909090909091,104.4,0.8181818181818182,-3.6,0.2727272727272727,0.5454545454545454,0.7,0.59,-0.2,0.09090909090909091,0.25,1
0.09090909090909091,0.09090909090909091,0.2727272727272727,0,0.9090909090909091,0,0.8181818181818182,-1,0.2727272727272727,0.45454545454545453,0,1,-1.1,0.18181818181818182,0.35,1
0.18181818181818182,0.2727272727272727,0.09090909090909091,18.3,0.9090909090909091,42.6,0.8181818181818182,-2.1,0.2727272727272727,0.5454545454545454,0.5,0.85,-0.8,0.09090909090909091,0.8,0
0.18181818181818182,0.2727272727272727,0.2727272727272727,0,0.9090909090909091,0,0.8181818181818182,-0.6,0.2727272727272727,0.45454545454545453,0,1,-0.5,0.18181818181818182,0.25,0
0.18181818181818182,0.09090909090909091,0.36363636363636365,57.7,0.9090909090909091,87.8,0.18181818181818182,-1.2,0.2727272727272727,0.5454545454545454,0.7,0.79,0.1,0.18181818181818182,0.35,0
0.18181818181818182,0.09090909090909091,0.36363636363636365,12.8,0.9090909090909091,39.6,0.18181818181818182,2.7,0.09090909090909091,0.45454545454545453,0,1,-0.5,0.18181818181818182,0.6,0
0.09090909090909091,0.2727272727272727,0.36363636363636365,40.3,0.9090909090909091,60.9,0.8181818181818182,-2.8,0.2727272727272727,0.5454545454545454,0.6,0.87,-0.6,0.09090909090909091,0.6,1
0.18181818181818182,0.2727272727272727,0.2727272727272727,1.2,0.9090909090909091,3.4,0.8181818181818182,-0.6,0.2727272727272727,0.45454545454545453,0,1,-0.5,0.2727272727272727,0.1,0
0.09090909090909091,0.09090909090909091,0.2727272727272727,46.3,0.9090909090909091,11.8,0.8181818181818182,0.1,0.09090909090909091,0.45454545454545453,0,1,-1.2,0.2727272727272727,0.35,0
