AAWt,AAMt,Sstruct,SaccW,ShbondsW,SaccM,ShbondsM,yDDG,Result,Positiontype,ProteinPropens,Positionaccept,MOSST,SectorSuperficie,Functionalrelevancefunction,Clinical
0.09018162833851082,0.09018162833851082,0.18036325667702163,0.0,0.36072651335404327,0.0,0.2705448850155324,0.6853803753726821,0.09018162833851082,0.18036325667702163,0.25250855934783023,0.09018162833851082,0.3967991646894476,0.09018162833851082,0.0,1
0.0044945658716231,0.0089891317432462,0.0044945658716231,0.666993575348868,0.0179782634864924,0.7443001083407853,0.0044945658716231,-0.01078695809189544,0.0044945658716231,0.0044945658716231,0.01078695809189544,0.01528152396351854,0.00539347904594772,0.0044945658716231,0.01078695809189544,1
0.09834215720608247,0.19668431441216494,0.19668431441216494,0.0,0.3933686288243299,0.0,0.2950264716182474,-0.5113792174716288,0.09834215720608247,0.09834215720608247,0.0,0.3933686288243299,-0.4327054917067629,0.09834215720608247,0.19668431441216494,1
0.0027801077636862718,0.0027801077636862718,0.0027801077636862718,0.6616656477573327,0.011120431054745087,0.7495170530898189,0.008340323291058814,0.0,0.0027801077636862718,0.0055602155273725435,0.010008387949270578,0.006227441390657249,0.004448172421898035,0.0027801077636862718,0.0011120431054745087,1
