AAWt,AAMt,Sstruct,SaccW,ShbondsW,SaccM,ShbondsM,yDDG,Result,Positiontype,ProteinPropens,Positionaccept,MOSST,SectorSuperficie,Functionalrelevancefunction,Clinical
0.18181818181818182,0.18181818181818182,0.36363636363636365,0,0.7272727272727273,0,0.7272727272727273,1.9,0.18181818181818182,0.09090909090909091,0.7,0.25,1.1,0.45454545454545453,0,1
0.18181818181818182,0.18181818181818182,0.45454545454545453,7.3,0.7272727272727273,1.7,0.18181818181818182,-2.3,0.5454545454545454,0.5454545454545454,0,1,-0.3,0.45454545454545453,0.95,1
0.09090909090909091,0.09090909090909091,0.45454545454545453,66.5,0.09090909090909091,47.9,0.7272727272727273,-1.4,0.18181818181818182,0.36363636363636365,0.7,0.85,0,0.45454545454545453,0.25,1
0.18181818181818182,0.09090909090909091,0.45454545454545453,0,0.7272727272727273,10,0.7272727272727273,-3.3,0.5454545454545454,0.5454545454545454,0,1,-0.5,0.18181818181818182,0.75,0
0.09090909090909091,0.18181818181818182,0.36363636363636365,0.3,0.7272727272727273,0.4,0.7272727272727273,-2.7,0.5454545454545454,0.5454545454545454,0.3,0.95,0,0.18181818181818182,0.1,1
0.09090909090909091,0.09090909090909091,0.36363636363636365,3.2,0.18181818181818182,0.1,0.7272727272727273,-1.9,0.18181818181818182,0.5454545454545454,0.5,0.92,-0.6,0.09090909090909091,0.6,1
0.09090909090909091,0.09090909090909091,0.45454545454545453,74.6,0.7272727272727273,70.3,0.09090909090909091,1.1,0.18181818181818182,0.36363636363636365,0,0.79,-0.3,0.45454545454545453,0.35,1
0.09090909090909091,0.18181818181818182,0.09090909090909091,96.5,0.18181818181818182,68,0.7272727272727273,-8.7,0.5454545454545454,0.36363636363636365,0.4,0.6,-0.1,0.09090909090909091,0.3,0
0.09090909090909091,0.18181818181818182,0.36363636363636365,0.1,0.7272727272727273,4.9,0.7272727272727273,-4,0.5454545454545454,0.36363636363636365,0.5,0.9,-0.7,0.09090909090909091,0.1,0
0.09090909090909091,0.09090909090909091,0.09090909090909091,6.8,0.7272727272727273,6.3,0.7272727272727273,-0.7,0.09090909090909091,0.5454545454545454,0.3,0.97,-0.3,0.09090909090909091,0.2,1
0.18181818181818182,0.18181818181818182,0.45454545454545453,7.3,0.7272727272727273,1.7,0.18181818181818182,-2.3,0.5454545454545454,0.5454545454545454,0,1,-0.3,0.45454545454545453,0.95,1
