AAWt,AAMt,Sstruct,SaccW,ShbondsW,SaccM,ShbondsM,yDDG,Result,Positiontype,ProteinPropens,Positionaccept,MOSST,SectorSuperficie,Functionalrelevancefunction,Clinical
0.00203505355208,0.00101752677604,0.00101752677604,0.681335929236,0.00610516065624,0.731805257328,0.00814021420832,-0.00814021420832,0.00203505355208,0.00101752677604,0.00569814994582,0.00382590067791,-0.000814021420832,0.00305258032812,0.00203505355208,1
0.00514768626052,0.00257384313026,0.00257384313026,0.821570727179,0.0154430587816,0.566245488657,0.0205907450421,0.0576540861178,0.00514768626052,0.00772152939078,0.00823629801684,0.0115308172236,-0.00823629801684,0.00257384313026,0.0,1
0.0609518192584,0.0609518192584,0.0914277288876,0.29256873244,0.182855457775,0.828944741914,0.243807277034,-0.14628436622,0.0609518192584,0.121903638517,0.0,0.243807277034,-0.121903638517,0.0609518192584,0.0243807277034,0
0.0236401704558,0.0236401704558,0.0118200852279,0.643012636397,0.0709205113673,0.73757331822,0.0945606818231,-0.104016750005,0.0118200852279,0.0472803409115,0.0283682045469,0.0917238613684,-0.0661924772761,0.0118200852279,0.0189121363646,1
0.024152616614,0.024152616614,0.048305233228,0.0,0.144915699684,0.79220582494,0.193220932912,-0.48305233228,0.024152616614,0.0966104664561,0.0,0.193220932912,-0.15457674633,0.0724578498421,0.0289831399368,0
0.0029328632088,0.0014664316044,0.0029328632088,0.78014161354,0.0029328632088,0.625286436115,0.0117314528352,0.00351943585055,0.0014664316044,0.00439929481319,0.00821201698463,0.0099717349099,-0.00351943585055,0.0029328632088,0.0029328632088,1
0.0161964731425,0.00809823657125,0.0242947097138,0.783909300097,0.0161964731425,0.608987390158,0.06478589257,0.045350124799,0.00809823657125,0.032392946285,0.019435767771,0.0628423157929,-0.012957178514,0.00809823657125,0.038871535542,1
0.00379623582714,0.00379623582714,0.0113887074814,0.595249777696,0.0227774149628,0.795691029369,0.0303698866171,0.100220625837,0.00759247165428,0.0113887074814,-0.00303698866171,0.0182219319703,-0.0151849433086,0.0113887074814,0.00455548299257,0
