AAWt,AAMt,Sstruct,SaccW,ShbondsW,SaccM,ShbondsM,yDDG,Result,Positiontype,ProteinPropens,Positionaccept,MOSST,SectorSuperficie,Functionalrelevancefunction,Clinical
0.181818181818,0.0909090909091,0.636363636364,23.5,0.727272727273,38.4,0.727272727273,-1.6,0.272727272727,0.272727272727,0,1,-0.9,0.181818181818,0.6,0
0.181818181818,0.0909090909091,0.363636363636,1.4,0.727272727273,2,0.727272727273,-1.4,0.272727272727,0.272727272727,0,1,-0.6,0.454545454545,0.1,0
0.181818181818,0.0909090909091,0.636363636364,14.4,0.181818181818,20.5,0.272727272727,-3.1,0.272727272727,0.181818181818,0.2,0.48,-0.2,0.454545454545,0.8,0
0.0909090909091,0.0909090909091,0.363636363636,40.3,0.727272727273,46.6,0.272727272727,-2.2,0.272727272727,0.454545454545,0.6,0.87,-0.6,0.181818181818,0.6,0
0.0909090909091,0.0909090909091,0.636363636364,41.5,0.727272727273,34.9,0.727272727273,1,0.272727272727,0.0909090909091,0.9,0.26,0.5,0.0909090909091,0,1
0.0909090909091,0.181818181818,0.363636363636,6.7,0.727272727273,25.3,0.727272727273,1.2,0.181818181818,0.454545454545,0.7,0.78,-0.6,0.454545454545,0.5,1
0.181818181818,0.181818181818,0.636363636364,21.2,0.727272727273,25.6,0.727272727273,0.8,0.272727272727,0.454545454545,0,0.83,-0.6,0.0909090909091,0.25,0
0.181818181818,0.0909090909091,0.636363636364,25.4,0.727272727273,36.1,0.727272727273,-1,0.272727272727,0.272727272727,0,1,-0.5,0.0909090909091,0,0
0.0909090909091,0.0909090909091,0.636363636364,16.3,0.727272727273,30.7,0.727272727273,1,0.272727272727,0.454545454545,0.8,0.74,-0.4,0.0909090909091,0.65,1
0.181818181818,0.0909090909091,0.636363636364,14.4,0.181818181818,17.1,0.272727272727,1.1,0.181818181818,0.181818181818,0.2,0.48,0.8,0.454545454545,0.8,0
0.0909090909091,0.0909090909091,0.363636363636,52.4,0.0909090909091,29.7,0.727272727273,-2.3,0.272727272727,0.454545454545,0.2,0.91,-0.8,0.454545454545,0.6,0
