Statistic,Value
Mean,0.137769513315
Std,0.0795644314901
Max,0.224
Min,0.0
Var,0.00633049875835
