AAWt,AAMt,Sstruct,SaccW,ShbondsW,SaccM,ShbondsM,yDDG,Result,Positiontype,ProteinPropens,Positionaccept,MOSST,SectorSuperficie,Functionalrelevancefunction,Clinical
0.022506176500158893,0.022506176500158893,0.09002470600063557,0.77196185395545,0.09002470600063557,0.47262970650333674,0.022506176500158893,0.3308407945523357,0.022506176500158893,0.09002470600063557,0.11028026485077856,0.11500656191581193,-0.03150864710022245,0.06751852950047667,0.11815742662583419,0
0.004499994038130598,0.004499994038130598,0.01799997615252239,0.6331491611649752,0.013499982114391794,0.7622989900593232,0.02249997019065299,-0.12599983306765675,0.013499982114391794,0.01799997615252239,0.006299991653382837,0.018584975377479367,-0.0031499958266914185,0.013499982114391794,0.0031499958266914185,1
0.002106540400352252,0.001053270200176126,0.002106540400352252,0.7114840202189731,0.004213080800704504,0.7026365505374936,0.001053270200176126,0.0022118674203698645,0.001053270200176126,0.004213080800704504,0.002949156560493153,0.004423734840739729,0.0014745782802465764,0.002106540400352252,0.0022118674203698645,0
0.0356375476001575,0.0356375476001575,0.14255019040063,0.299355399841323,0.1069126428004725,0.8481736328837485,0.1781877380007875,-0.1496776999206615,0.0356375476001575,0.1069126428004725,0.0,0.2494628332011025,-0.12473141660055125,0.1069126428004725,0.02494628332011025,0
0.0024134998795903606,0.0024134998795903606,0.0024134998795903606,0.8151595843316444,0.004826999759180721,0.5744129713425059,0.006033749698975902,-0.07349107133352648,0.003620249819385541,0.004826999759180721,0.003378899831426505,0.005068349747139758,-0.0008447249578566263,0.0024134998795903606,0.002534174873569879,0
0.004212978591847644,0.004212978591847644,0.016851914367390575,0.09437072045738723,0.016851914367390575,0.9790962247453925,0.02106489295923822,-0.17104693082901434,0.01263893577554293,0.01263893577554293,0.014745425071466754,0.027131582131498827,-0.023592680114346808,0.004212978591847644,0.017694510085760104,1
0.00161893079189253,0.00323786158378506,0.00161893079189253,0.871470445275749,0.00485679237567759,0.4895646714683011,0.00809465395946265,-0.02153177953217065,0.00161893079189253,0.00485679237567759,0.0,0.01133251554324771,-0.01133251554324771,0.00161893079189253,0.003399754662974313,1
