AAWt,AAMt,Sstruct,SaccW,ShbondsW,SaccM,ShbondsM,yDDG,Result,Positiontype,ProteinPropens,Positionaccept,MOSST,SectorSuperficie,Functionalrelevancefunction,Clinical
0.0028553260213194593,0.0028553260213194593,0.008565978063958377,0.7081208532872258,0.0028553260213194593,0.7058365924701703,0.0057106520426389185,0.006852782451166702,0.0028553260213194593,0.0057106520426389185,0.003426391225583351,0.007652273737136151,0.006852782451166702,0.0028553260213194593,0.003997456429847243,1
0.009882732289551303,0.009882732289551303,0.029648196868653907,0.569245379878155,0.019765464579102606,0.8103840477432068,0.009882732289551303,-0.12254588039043615,0.019765464579102606,0.019765464579102606,0.007906185831641042,0.018974845995938502,-0.007906185831641042,0.019765464579102606,0.03162474332656417,0
0.002313607150962583,0.004627214301925166,0.002313607150962583,0.6367046879449028,0.004627214301925166,0.7708939027007327,0.004627214301925166,0.003701771441540133,0.002313607150962583,0.002313607150962583,0.0,0.009254428603850331,-0.011105314324620398,0.004627214301925166,0.0,0
0.06270924930005992,0.12541849860011983,0.18812774790017975,0.0,0.06270924930005992,0.07525109916007189,0.06270924930005992,-0.9030131899208628,0.12541849860011983,0.06270924930005992,0.17558589804016775,0.19565285781618694,-0.15050219832014378,0.06270924930005992,0.02508369972002397,0
