AAWt,AAMt,Sstruct,SaccW,ShbondsW,SaccM,ShbondsM,yDDG,Result,Positiontype,ProteinPropens,Positionaccept,MOSST,SectorSuperficie,Functionalrelevancefunction,Clinical
0.00115482307438,0.00115482307438,0.00115482307438,0.563553660297,0.00923858459504,0.825929462797,0.00923858459504,0.0,0.00346446922314,0.00230964614876,0.000923858459504,0.00702132429223,-0.000923858459504,0.00115482307438,0.00184771691901,1
0.0127702465188,0.0127702465188,0.00638512325938,0.607863734293,0.0510809860751,0.776430988341,0.0510809860751,-0.117486267973,0.0191553697781,0.0383107395563,0.0,0.0510809860751,-0.0612971832901,0.00638512325938,0.00510809860751,1
0.00468609898118,0.00468609898118,0.00937219796235,0.850995574982,0.0187443959247,0.521094206707,0.0187443959247,-0.0562331877741,0.00702914847177,0.00468609898118,0.00187443959247,0.0106843056771,-0.00749775836988,0.00468609898118,0.00187443959247,1
0.051086943243,0.102173886486,0.204347772972,0.0,0.408695545944,0.0,0.408695545944,0.0,0.153260829729,0.306521659458,0.0,0.408695545944,-0.531304209727,0.051086943243,0.204347772972,1
0.0305079111536,0.0610158223071,0.122031644614,0.0,0.244063289228,0.0,0.244063289228,-0.829815183377,0.0915237334607,0.183047466921,0.0732189867685,0.234300757659,-0.244063289228,0.0610158223071,0.0854221512299,1
0.0580219782462,0.0580219782462,0.232087912985,0.0,0.46417582597,0.0,0.46417582597,-0.278505495582,0.116043956492,0.348131869477,0.0,0.46417582597,-0.232087912985,0.116043956492,0.116043956492,0
0.00522599224476,0.00522599224476,0.00522599224476,0.967853763729,0.020903968979,0.246666833953,0.020903968979,0.0020903968979,0.00783898836714,0.0156779767343,0.0,0.020903968979,-0.0250847627748,0.00522599224476,0.00731638914266,0
0.00748678135693,0.00748678135693,0.00748678135693,0.703757447552,0.0299471254277,0.706752160095,0.0299471254277,-0.0239577003422,0.00748678135693,0.0224603440708,0.0,0.0299471254277,-0.0299471254277,0.00374339067847,0.0179682752566,0
