AAWt,AAMt,Sstruct,SaccW,ShbondsW,SaccM,ShbondsM,yDDG,Result,Positiontype,ProteinPropens,Positionaccept,MOSST,SectorSuperficie,Functionalrelevancefunction,Clinical
0.002736031055475293,0.002736031055475293,0.002736031055475293,0.7124624868457663,0.002736031055475293,0.7015183626238651,0.005472062110950586,-0.00437764968876047,0.002736031055475293,0.00820809316642588,0.0010944124221901174,0.00875529937752094,0.0,0.002736031055475293,0.005472062110950586,1
0.004061466446730946,0.004061466446730946,0.008122932893461892,0.7375623067263397,0.012184399340192838,0.674203430157337,0.008122932893461892,-0.02924255841646281,0.004061466446730946,0.012184399340192838,0.0016245865786923784,0.009260143498546555,-0.003249173157384757,0.004061466446730946,0.0016245865786923784,0
0.046726931351599776,0.046726931351599776,0.09345386270319955,0.09345386270319955,0.14018079405479933,0.7476309016255964,0.09345386270319955,0.5607231762191973,0.046726931351599776,0.046726931351599776,0.0,0.1869077254063991,-0.1869077254063991,0.046726931351599776,0.0,0
0.00538163561137022,0.00538163561137022,0.00538163561137022,0.39393572675230015,0.01614490683411066,0.9170307081774856,0.01076327122274044,-0.045205739135509855,0.00538163561137022,0.01614490683411066,0.01076327122274044,0.01829756107865875,-0.017221233956384707,0.00538163561137022,0.017221233956384707,0
