statistic,value
mean,0.748571428572
max,1.0
min,0.571428571429
var,0.00816689342402
std,0.0903708660134
