statistic,value
mean,0.7396
max,1.0
min,0.48
var,0.00958384
std,0.0978970888229
