statistic,value
mean,0.747142857143
max,1.0
min,0.571428571429
var,0.00805873015871
std,0.0897704303137
