statistic,value
mean,0.745238095238
max,1.0
min,0.571428571429
var,0.00777210884352
std,0.0881595646741
