AAWt,AAMt,Sstruct,SaccW,ShbondsW,SaccM,ShbondsM,yDDG,Result,Positiontype,ProteinPropens,Positionaccept,MOSST,SectorSuperficie,Functionalrelevancefunction,Clinical
0.004632708573823307,0.0023163542869116534,0.0069490628607349605,0.6534435443377774,0.011581771434558269,0.7555947683905814,0.004632708573823307,-0.03567185601843947,0.0069490628607349605,0.0069490628607349605,0.009728688005028945,0.01410659760729197,-0.009728688005028945,0.0023163542869116534,0.009728688005028945,0
0.09658324596832699,0.09658324596832699,0.1448748689524905,0.0,0.2414581149208175,0.0,0.19316649193665397,-0.8112992661339468,0.1448748689524905,0.1448748689524905,0.23662895262240113,0.26367226149353273,-0.16902068044457225,0.09658324596832699,0.03380413608891445,1
0.0014516501025875184,0.0014516501025875184,0.004354950307762555,0.6350969198820393,0.0014516501025875184,0.7722778545765598,0.002903300205175037,-0.008129240574490104,0.002903300205175037,0.004354950307762555,0.00711308550267884,0.005995314923686451,0.004064620287245052,0.0014516501025875184,0.002540387679528157,1
0.003177438931691334,0.001588719465845667,0.004766158397537001,0.6617016575247203,0.007943597329228336,0.7495578439859858,0.006354877863382668,0.0,0.001588719465845667,0.001588719465845667,0.010008932634827702,0.006227780306115016,0.004448414504367868,0.003177438931691334,0.001112103626091967,1
0.002201401231459664,0.001100700615729832,0.003302101847189496,0.7188675721331533,0.00550350307864916,0.694982368771816,0.004402802462919328,-0.003852452155054412,0.002201401231459664,0.002201401231459664,0.0,0.007704904310108824,-0.008475394741119708,0.001100700615729832,0.002311471293032647,0
0.015100927020446036,0.015100927020446036,0.015100927020446036,0.7188041261732313,0.07550463510223018,0.6342389348587335,0.06040370808178414,-0.23255427611486898,0.0453027810613381,0.03020185404089207,0.031711946742936675,0.10253529446882857,-0.0422825956572489,0.015100927020446036,0.02114129782862445,0
0.0016317199410584248,0.0032634398821168495,0.004895159823175274,0.7081664544193564,0.0016317199410584248,0.7058820465018746,0.0016317199410584248,0.006853223752445384,0.0016317199410584248,0.0016317199410584248,0.003426611876222692,0.007652766523564013,0.006853223752445384,0.0016317199410584248,0.003997713855593141,1
