AAWt,AAMt,Sstruct,SaccW,ShbondsW,SaccM,ShbondsM,yDDG,Result,Positiontype,ProteinPropens,Positionaccept,MOSST,SectorSuperficie,Functionalrelevancefunction,Clinical
0.09090909090909091,0.2727272727272727,0.5454545454545454,0,0.6363636363636364,0,0.5454545454545454,-0.8,0.18181818181818182,0.45454545454545453,0.3,0.96,0,0.09090909090909091,0.1,0
0.18181818181818182,0.09090909090909091,0.09090909090909091,41.8,0.6363636363636364,68.1,0.36363636363636365,1.6,0.18181818181818182,0.45454545454545453,0,0.95,-1,0.09090909090909091,0.1,0
0.09090909090909091,0.2727272727272727,0.09090909090909091,6.7,0.6363636363636364,30.5,0.36363636363636365,0.5,0.36363636363636365,0.36363636363636365,0.7,0.78,0.1,0.18181818181818182,0.5,0
0.09090909090909091,0.09090909090909091,0.5454545454545454,74,0.18181818181818182,82.7,0.36363636363636365,0.5,0.36363636363636365,0.09090909090909091,0.9,0.76,0.3,0.45454545454545453,0.1,1
0.09090909090909091,0.09090909090909091,0.5454545454545454,45.4,0.6363636363636364,27.8,0.5454545454545454,-3,0.09090909090909091,0.36363636363636365,0.1,0.57,-0.4,0.45454545454545453,0.1,1
0.09090909090909091,0.09090909090909091,0.5454545454545454,12.1,0.18181818181818182,10.6,0.5454545454545454,0.4,0.36363636363636365,0.45454545454545453,0.3,0.97,-0.9,0.18181818181818182,0.6,0
0.09090909090909091,0.2727272727272727,0.5454545454545454,4.9,0.18181818181818182,1.5,0.5454545454545454,-0.3,0.36363636363636365,0.36363636363636365,0.7,0.73,-0.3,0.45454545454545453,0.75,1
0.18181818181818182,0.2727272727272727,0.18181818181818182,62,0.18181818181818182,61.8,0.36363636363636365,0.6,0.09090909090909091,0.09090909090909091,0.3,0.67,0.6,0.09090909090909091,0.35,1
0.09090909090909091,0.09090909090909091,0.09090909090909091,25.3,0.6363636363636364,56.7,0.09090909090909091,1.2,0.18181818181818182,0.45454545454545453,0.3,0.97,-0.7,0.09090909090909091,0.25,0
0.09090909090909091,0.2727272727272727,0.18181818181818182,78.1,0.6363636363636364,78.6,0.5454545454545454,-1,0.09090909090909091,0.36363636363636365,-0.1,0.21,0,0.45454545454545453,0,1
0.09090909090909091,0.2727272727272727,0.5454545454545454,1.2,0.6363636363636364,3.4,0.5454545454545454,-0.6,0.18181818181818182,0.45454545454545453,0,1,-0.5,0.45454545454545453,0.1,0
