AAWt,AAMt,Sstruct,SaccW,ShbondsW,SaccM,ShbondsM,yDDG,Result,Positiontype,ProteinPropens,Positionaccept,MOSST,SectorSuperficie,Functionalrelevancefunction,Clinical
0.14285714285714285,0.14285714285714285,0.42857142857142855,45.4,1.0,27.8,1.0,-3,0.5714285714285714,0.14285714285714285,0.1,0.57,-0.4,0.2857142857142857,0.1,1
0.42857142857142855,0.14285714285714285,0.14285714285714285,0.2,1.0,34.1,1.0,-4.7,0.5714285714285714,0.14285714285714285,0.5,0.91,-0.7,0.2857142857142857,0.1,0
0.2857142857142857,0.2857142857142857,0.14285714285714285,38.7,1.0,42.4,1.0,0,0.14285714285714285,0.5714285714285714,0,1,-0.6,0.2857142857142857,0.1,0
0.14285714285714285,0.14285714285714285,0.14285714285714285,25.3,1.0,15.7,1.0,-1.4,0.14285714285714285,0.5714285714285714,0.3,0.97,-0.7,0.2857142857142857,0.25,1
0.42857142857142855,0.2857142857142857,0.14285714285714285,93.3,1.0,92.8,1.0,-0.6,0.14285714285714285,0.5714285714285714,0,1,-0.3,0.2857142857142857,0.3,0
0.42857142857142855,0.14285714285714285,0.42857142857142855,15.5,1.0,12.6,1.0,-3.5,0.5714285714285714,0.14285714285714285,0.3,0.17,-0.1,0.14285714285714285,0.1,1
0.2857142857142857,0.14285714285714285,0.42857142857142855,0,1.0,0,1.0,-5.3,0.5714285714285714,0.5714285714285714,0,1,-1.1,0.2857142857142857,0.35,1
