Statistic,Value
Mean,0.323764921947
Std,0.0690822213147
Max,0.545454545455
Min,0.0
Var,0.00477235330177
