algorithm,desc,actualScore,new score
Naive Bayes,BernoulliNB,0.620689655172,0.615384615385
NuSVC,kernel: linear,0.655172413793,0.615384615385
NuSVC,kernel: sigmoid,0.603448275862,0.538461538462
