algorithm,desc,actualScore,new score
Naive Bayes,BernoulliNB,0.620689655172,0.608695652174
NuSVC,kernel: linear,0.655172413793,0.608695652174
NuSVC,kernel: sigmoid,0.603448275862,0.586956521739
