algorithm,desc,actualScore,new score
Naive Bayes,BernoulliNB,0.620689655172,0.454545454545
NuSVC,kernel: linear,0.655172413793,0.454545454545
NuSVC,kernel: sigmoid,0.603448275862,0.636363636364
