Metric,Score
accuracy,0.454545454545
recall,0.454545454545
precision,0.454545454545
