statistic,value
mean,0.652941847443
max,0.809523809524
min,0.555555555556
var,0.00171706397975
std,0.0414374707209
