AAWt,AAMt,Sstruct,SaccW,ShbondsW,SaccM,ShbondsM,yDDG,Result,Positiontype,ProteinPropens,Positionaccept,MOSST,SectorSuperficie,Functionalrelevancefunction,Clinical
0.00552413092921,0.00552413092921,0.00552413092921,0.890489905789,0.0165723927876,0.452978736195,0.0165723927876,0.00662895711505,0.0110482618584,0.0165723927876,0.0132579142301,0.0192239756337,-0.00220965237168,0.00552413092921,0.0132579142301,0
0.0125139984798,0.0125139984798,0.0125139984798,0.555621532504,0.0375419954395,0.825923899669,0.0375419954395,0.0100111987839,0.0250279969597,0.0375419954395,0.0250279969597,0.0455509544666,-0.0150167981758,0.0125139984798,0.0250279969597,0
0.111580460669,0.111580460669,0.111580460669,0.0,0.334741382008,0.0,0.334741382008,-0.446321842677,0.223160921339,0.111580460669,0.0,0.446321842677,-0.490954026945,0.111580460669,0.156212644937,1
0.00224696003754,0.00224696003754,0.00224696003754,0.744193164435,0.00224696003754,0.667796523158,0.00224696003754,-0.00629148810512,0.00449392007509,0.00674088011263,0.00719027212014,0.00575221769611,-0.00179756803004,0.00224696003754,0.000898784015018,0
