AAWt,AAMt,Sstruct,SaccW,ShbondsW,SaccM,ShbondsM,yDDG,Result,Positiontype,ProteinPropens,Positionaccept,MOSST,SectorSuperficie,Functionalrelevancefunction,Clinical
0.142857142857,0.142857142857,0.142857142857,18.3,0.857142857143,12.9,0.714285714286,-3.5,0.142857142857,0.571428571429,0.5,0.85,-0.8,0.142857142857,0.8,0
0.142857142857,0.142857142857,0.142857142857,14.1,0.857142857143,33,0.714285714286,-1.7,0.142857142857,0.571428571429,0.7,0.85,-0.5,0.428571428571,0.5,1
0.142857142857,0.142857142857,0.142857142857,99.4,0.142857142857,98.6,0.285714285714,-0.5,0.428571428571,0.571428571429,-0.1,0.71,-0.1,0.142857142857,0.2,0
0.142857142857,0.142857142857,0.142857142857,39.9,0.857142857143,26.9,0.285714285714,-0.3,0.428571428571,0.571428571429,0.4,0.56,0.6,0.142857142857,0,1
0.142857142857,0.142857142857,0.428571428571,46.3,0.857142857143,11.8,0.714285714286,0.1,0.428571428571,0.285714285714,0,1,-1.2,0.428571428571,0.35,0
0.142857142857,0.142857142857,0.428571428571,25.4,0.857142857143,38.2,0.714285714286,0.8,0.285714285714,0.285714285714,0,1,-1.3,0.142857142857,0,1
0.142857142857,0.142857142857,0.428571428571,41.5,0.857142857143,34.9,0.714285714286,1,0.285714285714,0.142857142857,0.9,0.26,0.5,0.428571428571,0,1
