AAWt,AAMt,Sstruct,SaccW,ShbondsW,SaccM,ShbondsM,yDDG,Result,Positiontype,ProteinPropens,Positionaccept,MOSST,SectorSuperficie,Functionalrelevancefunction,Clinical
0.0019065662211154983,0.0019065662211154983,0.0057196986633464945,0.900852539477073,0.0038131324422309965,0.43374381530377587,0.0019065662211154983,-0.004003789064342547,0.0038131324422309965,0.0019065662211154983,0.00934217448346594,0.011610988286593385,0.001334596354780849,0.0019065662211154983,0.003336490886952122,0
0.004291054421846922,0.004291054421846922,0.012873163265540765,0.6367924762020831,0.02145527210923461,0.7689569523949684,0.02145527210923461,0.024029904762342763,0.004291054421846922,0.02145527210923461,0.0,0.024931026190930614,-0.018022428571757072,0.004291054421846922,0.0075093452382321135,0
0.0063136129539244435,0.0031568064769622217,0.009470419430886664,0.8905351071510427,0.01578403238481111,0.4530017294440788,0.01578403238481111,0.006629293601620665,0.0063136129539244435,0.01578403238481111,0.01325858720324133,0.01922495144469993,-0.0022097645338735555,0.0063136129539244435,0.01325858720324133,0
0.0010855087549531868,0.0010855087549531868,0.00325652626485956,0.7089457678599262,0.005427543774765934,0.7051464872175901,0.005427543774765934,-0.004559136770803384,0.0010855087549531868,0.0010855087549531868,0.0,0.007598561284672308,-0.002279568385401692,0.0010855087549531868,0.002279568385401692,0
0.010358171162383223,0.020716342324766445,0.010358171162383223,0.3552852708697446,0.020716342324766445,0.9208414163358685,0.051790855811916114,-0.10151007739135558,0.010358171162383223,0.051790855811916114,0.05075503869567779,0.05293025463977827,0.014501439627336514,0.020716342324766445,0.054380398602511926,1
0.0013934355446055162,0.0013934355446055162,0.004180306633816549,0.7276520413930005,0.006967177723027581,0.6857096315003746,0.0013934355446055162,0.010729453693462477,0.0013934355446055162,0.006967177723027581,0.0,0.0077056985616685055,-0.002926214643671584,0.0027868710892110325,0.0034139170842835144,1
0.003908194054342075,0.003908194054342075,0.005862291081513113,0.5512507713649497,0.009770485135855189,0.8330315626830134,0.009770485135855189,-0.03830030173255234,0.0019540970271710377,0.009770485135855189,0.008207207514118358,0.01190045089547162,-0.008207207514118358,0.003908194054342075,0.008207207514118358,1
