AAWt,AAMt,Sstruct,SaccW,ShbondsW,SaccM,ShbondsM,yDDG,Result,Positiontype,ProteinPropens,Positionaccept,MOSST,SectorSuperficie,Functionalrelevancefunction,Clinical
0.139452722077523,0.0697263610387615,0.2091790831162845,0.0,0.34863180519380754,0.4392760745441975,0.418358166232569,-0.19523381090853223,0.139452722077523,0.0697263610387615,0.4392760745441975,0.22939972781752535,0.2928507163627983,0.139452722077523,0.17082958454496566,1
0.00680831782601534,0.00680831782601534,0.00340415891300767,0.5599841411897618,0.01702079456503835,0.8268701999695631,0.020424953478046022,-0.026212023630159065,0.00340415891300767,0.00680831782601534,0.0,0.023829112391053692,-0.019063289912842955,0.00340415891300767,0.014297467434632215,1
0.0015635192918188401,0.0031270385836376802,0.0031270385836376802,0.7124957412818453,0.0015635192918188401,0.7015511062391135,0.0015635192918188401,-0.004377854017092753,0.0031270385836376802,0.0031270385836376802,0.0010944635042731883,0.008755708034185506,0.0,0.0015635192918188401,0.005472317521365941,1
0.005319276033153734,0.002659638016576867,0.007978914049730602,0.8340624819985055,0.002659638016576867,0.549215250423123,0.015957828099461203,-0.04468191867849137,0.005319276033153734,0.005319276033153734,0.014893972892830457,0.00521289051249066,-0.0018617466116038072,0.005319276033153734,0.0027926199174057105,0
0.0011629025855751612,0.0011629025855751612,0.0011629025855751612,0.681344624888487,0.0058145129278758065,0.7318145971024491,0.006977415513450967,-0.00814031809902613,0.0011629025855751612,0.0023258051711503224,0.00569822266931829,0.0038259495065422807,-0.000814031809902613,0.0023258051711503224,0.0020350795247565325,1
0.02454431191769534,0.02454431191769534,0.07363293575308602,0.0,0.1227215595884767,0.39516342187489495,0.14726587150617204,-0.8590509171193369,0.04908862383539068,0.04908862383539068,0.0,0.1718101834238674,-0.15462916508148064,0.04908862383539068,0.04295254585596685,0
0.01087948460808188,0.00543974230404094,0.01087948460808188,0.2551239140595201,0.027198711520204703,0.9633783620456505,0.03263845382424564,0.0456938353539439,0.00543974230404094,0.01087948460808188,0.026654737289800605,0.029700992980063533,-0.02284691767697195,0.00543974230404094,0.019039098064143292,1
