AAWt,AAMt,Sstruct,SaccW,ShbondsW,SaccM,ShbondsM,yDDG,Result,Positiontype,ProteinPropens,Positionaccept,MOSST,SectorSuperficie,Functionalrelevancefunction,Clinical
0.09090909090909091,0.09090909090909091,0.5454545454545454,0,0.8181818181818182,4.9,0.8181818181818182,1.6,0.09090909090909091,0.2727272727272727,0,1,-1.3,0.18181818181818182,0.15,0
0.18181818181818182,0.18181818181818182,0.36363636363636365,0,0.8181818181818182,1.8,0.8181818181818182,-4.3,0.5454545454545454,0.2727272727272727,0,1,-0.8,0.09090909090909091,0.35,1
0.09090909090909091,0.09090909090909091,0.5454545454545454,50.3,0.18181818181818182,55,0.18181818181818182,-1.6,0.18181818181818182,0.2727272727272727,0,1,-1.1,0.09090909090909091,0.1,0
0.09090909090909091,0.09090909090909091,0.5454545454545454,0,0.8181818181818182,0.3,0.8181818181818182,-3.6,0.5454545454545454,0.5454545454545454,0.7,0.78,-0.6,0.18181818181818182,0.1,0
0.09090909090909091,0.18181818181818182,0.5454545454545454,11.1,0.8181818181818182,23.1,0.8181818181818182,-0.4,0.09090909090909091,0.5454545454545454,0.5,0.91,0,0.36363636363636365,0.5,1
0.09090909090909091,0.09090909090909091,0.5454545454545454,21.2,0.8181818181818182,25.6,0.8181818181818182,0.8,0.09090909090909091,0.5454545454545454,0,0.83,-0.6,0.09090909090909091,0.25,0
0.09090909090909091,0.09090909090909091,0.09090909090909091,40.3,0.8181818181818182,60.9,0.8181818181818182,-2.8,0.5454545454545454,0.5454545454545454,0.6,0.87,-0.6,0.09090909090909091,0.6,1
0.09090909090909091,0.09090909090909091,0.5454545454545454,14.4,0.18181818181818182,19.1,0.18181818181818182,-2.6,0.5454545454545454,0.09090909090909091,0.2,0.48,-0.1,0.09090909090909091,0.8,0
0.18181818181818182,0.18181818181818182,0.36363636363636365,20.1,0.8181818181818182,17.3,0.8181818181818182,-3,0.5454545454545454,0.5454545454545454,0.2,0.59,-0.3,0.36363636363636365,0.1,1
0.09090909090909091,0.09090909090909091,0.36363636363636365,40.5,0.8181818181818182,29.7,0.8181818181818182,-3.3,0.5454545454545454,0.09090909090909091,0.3,0.44,-0.3,0.36363636363636365,0.6,0
0.09090909090909091,0.18181818181818182,0.36363636363636365,14.1,0.8181818181818182,33,0.8181818181818182,-1.7,0.18181818181818182,0.5454545454545454,0.7,0.85,-0.5,0.36363636363636365,0.5,1
