AAWt,AAMt,Sstruct,SaccW,ShbondsW,SaccM,ShbondsM,yDDG,Result,Positiontype,ProteinPropens,Positionaccept,MOSST,SectorSuperficie,Functionalrelevancefunction,Clinical
0.0278891088223,0.0278891088223,0.0557782176446,0.669338611735,0.111556435289,0.635871681149,0.0557782176446,0.323513662339,0.0278891088223,0.0836673264669,0.0557782176446,0.0680494255264,-0.0446225741157,0.0278891088223,0.0669338611735,0
0.00513915939433,0.00513915939433,0.00513915939433,0.540639568284,0.0102783187887,0.840766476913,0.00256957969717,-0.015417478183,0.00256957969717,0.00256957969717,0.0,0.0102783187887,-0.0133618144253,0.00513915939433,0.00822265503094,1
0.00683888669097,0.00341944334548,0.00683888669097,0.551214267292,0.0136777733819,0.83297639896,0.00683888669097,-0.0382977654694,0.00341944334548,0.0102583300365,0.00820666402916,0.0118996628423,-0.00820666402916,0.00683888669097,0.00820666402916,1
0.00808021000417,0.0161604200083,0.0161604200083,0.358761324185,0.0323208400167,0.93084019248,0.00808021000417,-0.0226245880117,0.00808021000417,0.0242406300125,0.0161604200083,0.0294119644152,-0.0226245880117,0.00808021000417,0.0161604200083,1
