AAWt,AAMt,Sstruct,SaccW,ShbondsW,SaccM,ShbondsM,yDDG,Result,Positiontype,ProteinPropens,Positionaccept,MOSST,SectorSuperficie,Functionalrelevancefunction,Clinical
0.0341183185116,0.0170591592558,0.0511774777674,0.0,0.153532433302,0.392360662883,0.102354955535,-0.852957962789,0.0341183185116,0.153532433302,0.0,0.170591592558,-0.153532433302,0.0341183185116,0.0426478981395,0
0.0420982667974,0.0210491333987,0.0631474001961,0.252589600784,0.189442200588,0.799867069151,0.126294800392,-0.357835267778,0.0631474001961,0.189442200588,0.0,0.210491333987,-0.147343933791,0.0631474001961,0.0210491333987,1
0.0040976702954,0.0020488351477,0.00614650544311,0.948610673386,0.0184395163293,0.313471777598,0.0122930108862,-0.0040976702954,0.00614650544311,0.0184395163293,0.0,0.020488351477,-0.020488351477,0.00614650544311,0.00717092301696,1
0.000822352476427,0.00246705742928,0.00164470495285,0.688309022769,0.00740117228784,0.725314884208,0.00328940990571,-0.00246705742928,0.00246705742928,0.000822352476427,0.00575646733499,0.00386505663921,0.00246705742928,0.00164470495285,0.00205588119107,1
0.000815433405238,0.00244630021571,0.00163086681048,0.516169345516,0.000815433405238,0.8562050755,0.00326173362095,-0.0130469344838,0.00244630021571,0.00733890064714,0.0,0.00815433405238,-0.00978520086286,0.00163086681048,0.00815433405238,1
0.0458349248514,0.0916698497028,0.137504774554,0.0,0.412514323663,0.0,0.183339699406,0.275009549108,0.0458349248514,0.412514323663,0.0,0.458349248514,-0.504184173366,0.0458349248514,0.229174624257,0
0.0041993428975,0.00209967144875,0.0041993428975,0.531216876534,0.0188970430388,0.846167593846,0.008398685795,0.00209967144875,0.00629901434625,0.0188970430388,0.00629901434625,0.0203668130529,-0.0209967144875,0.0041993428975,0.00524917862188,0
0.00401735023718,0.00602602535576,0.00602602535576,0.930016579906,0.0180780760673,0.363570196464,0.0120520507115,-0.0281214516602,0.00602602535576,0.0180780760673,0.0,0.0200867511859,-0.0261127765416,0.00602602535576,0.00703036291506,0
0.00511283259499,0.01022566519,0.01022566519,0.608427078803,0.0460154933549,0.777150554438,0.0306769955699,-0.117595149685,0.01022566519,0.0460154933549,0.0,0.0511283259499,-0.0613539911398,0.01022566519,0.00511283259499,1
0.0518432298094,0.0259216149047,0.0777648447141,0.0,0.233294534142,0.82949167695,0.155529689428,-0.233294534142,0.0259216149047,0.233294534142,0.0,0.259216149047,-0.207372919238,0.0518432298094,0.0388824223571,1
