AAWt,AAMt,Sstruct,SaccW,ShbondsW,SaccM,ShbondsM,yDDG,Result,Positiontype,ProteinPropens,Positionaccept,MOSST,SectorSuperficie,Functionalrelevancefunction,Clinical
0.002982834619588725,0.00596566923917745,0.002982834619588725,0.48321920837337345,0.0119313384783549,0.8745671104634142,0.0119313384783549,-0.03221461389155823,0.008948503858766175,0.00596566923917745,0.0035794015435064697,0.005249788930476156,-0.0035794015435064697,0.00596566923917745,0.007158803087012939,0
0.00460628018627018,0.00460628018627018,0.01381884055881054,0.7646425109208499,0.01842512074508072,0.6430367140033171,0.01842512074508072,0.01842512074508072,0.00460628018627018,0.00921256037254036,0.016582608670572648,0.004790531393720987,0.00921256037254036,0.00921256037254036,0.0,1
0.05910082909399509,0.05910082909399509,0.17730248728198528,0.0,0.23640331637598036,0.0709209949127941,0.23640331637598036,-0.8510519389535294,0.17730248728198528,0.05910082909399509,0.16548232146318625,0.1843945867732647,-0.1418419898255882,0.05910082909399509,0.023640331637598037,0
0.004132992243659667,0.008265984487319335,0.012398976730979,0.44305676852031634,0.01653196897463867,0.894379521527952,0.01653196897463867,-0.04628951312898827,0.012398976730979,0.004132992243659667,0.0,0.01653196897463867,-0.019838362769566402,0.004132992243659667,0.001653196897463867,0
