AAWt,AAMt,Sstruct,SaccW,ShbondsW,SaccM,ShbondsM,yDDG,Result,Positiontype,ProteinPropens,Positionaccept,MOSST,SectorSuperficie,Functionalrelevancefunction
0.0169672775297,0.00919060866191,0.0113115183531,0.705838745235,0.0346415249564,0.633445027775,0.138566099826,-0.162885864285,0.0162603076326,0.0692830499129,0.090492146825,0.159266178412,-0.07239371746,0.0325206152652,0.090492146825
0.00309166064775,0.0048092498965,0.002748142798,0.804656211254,0.0326341957262,0.567216673507,0.0336647492755,-0.153895996688,0.0130536782905,0.0168323746377,0.021985142384,0.0373747420528,-0.0351762278144,0.00790091054425,0.0351762278144
0.0074981726387,0.00538330343291,0.0163421711356,0.762891000779,0.0365295590091,0.620156555472,0.0376831240304,-0.172265709853,0.0146118236036,0.0038452167378,0.0147656322731,0.00836719162144,-0.00492187742438,0.0074981726387,0.00492187742438
0.00160769563046,0.00263077466802,0.012423102599,0.752050785097,0.0277692881624,0.647287491651,0.0286462130518,-0.112246385835,0.011107715265,0.0143231065259,0.00748309238903,0.0220751225476,-0.0112246385835,0.00847694059695,0.00374154619451
0.00579824144925,0.00496992124221,0.0045557611387,0.720969908204,0.0786904196684,0.667957414954,0.0811753802895,-0.0742174905504,0.00952568238091,0.0496992124221,0.0318074959502,0.102844236906,-0.0318074959502,0.00745488186332,0.0212049973001
0.00577202054172,0.00494744617861,0.00453515899706,0.717709525644,0.0783345644947,0.633273110863,0.080808287584,-0.23220014065,0.0313338257979,0.0494744617861,0.0316636555431,0.102379152923,-0.0422182073908,0.00742116926792,0.0211091036954
