algorithm,desc,actualScore,new score
SVC,poly,0.575757575758,0.390243902439
SVC,rbf,0.575757575758,0.40243902439
SVC,sigmoid,0.575757575758,0.40243902439
