AAWt,AAMt,Sstruct,SaccW,ShbondsW,SaccM,ShbondsM,yDDG,Result,Positiontype,ProteinPropens,Positionaccept,MOSST,SectorSuperficie,Functionalrelevancefunction,Clinical
0.142857142857,0.142857142857,0.142857142857,18.3,1.0,27.8,0.142857142857,0.9,0.285714285714,0.571428571429,0.5,0.85,-0.7,0.142857142857,0.8,1
0.285714285714,0.142857142857,0.428571428571,0,1.0,2.2,0.857142857143,-6.5,0.428571428571,0.571428571429,0.7,0.78,-0.5,0.285714285714,0.1,0
0.285714285714,0.142857142857,0.142857142857,0.2,1.0,34.1,0.857142857143,-4.7,0.428571428571,0.142857142857,0.5,0.91,-0.7,0.285714285714,0.1,0
0.142857142857,0.142857142857,0.285714285714,0,1.0,5.2,0.857142857143,-5,0.428571428571,0.285714285714,0,1,-0.9,0.142857142857,0.35,1
0.142857142857,0.428571428571,0.285714285714,0,1.0,0,0.857142857143,-0.8,0.142857142857,0.285714285714,0.3,0.96,0,0.285714285714,0.1,0
0.285714285714,0.428571428571,0.428571428571,21.2,1.0,25.6,0.857142857143,0.8,0.285714285714,0.571428571429,0,0.83,-0.6,0.142857142857,0.25,0
0.285714285714,0.428571428571,0.428571428571,78.1,1.0,78.6,0.857142857143,-1,0.142857142857,0.571428571429,-0.1,0.21,0,0.285714285714,0,1
