Statistic,Value
Mean,0.244579889807
Std,0.156387276665
Max,0.5
Min,0.0
Var,0.0244569803027
