AAWt,AAMt,Sstruct,SaccW,ShbondsW,SaccM,ShbondsM,yDDG,Result,Positiontype,ProteinPropens,Positionaccept,MOSST,SectorSuperficie,Functionalrelevancefunction,Clinical
0.2727272727272727,0.09090909090909091,0.09090909090909091,3.9,0.18181818181818182,3.5,1.0,-0.9,0.18181818181818182,0.45454545454545453,0.5,0.88,-0.4,0.18181818181818182,0.5,0
0.18181818181818182,0.09090909090909091,0.36363636363636365,18.8,0.8181818181818182,25.9,1.0,0.7,0.09090909090909091,0.5454545454545454,0,1,-0.7,0.5454545454545454,0.1,0
0.2727272727272727,0.18181818181818182,0.45454545454545453,0.1,0.8181818181818182,4.9,1.0,-4,0.2727272727272727,0.45454545454545453,0.5,0.9,-0.7,0.5454545454545454,0.1,0
0.2727272727272727,0.09090909090909091,0.36363636363636365,0,0.8181818181818182,0,1.0,1.9,0.09090909090909091,0.5454545454545454,0,1,-1.3,0.09090909090909091,0.75,0
0.18181818181818182,0.09090909090909091,0.36363636363636365,18.8,0.8181818181818182,43.1,1.0,-0.4,0.09090909090909091,0.5454545454545454,0,1,-0.9,0.5454545454545454,0.1,1
0.09090909090909091,0.18181818181818182,0.36363636363636365,6,0.8181818181818182,15.4,1.0,-1.4,0.18181818181818182,0.45454545454545453,0.5,0.61,-0.3,0.5454545454545454,0.6,0
0.2727272727272727,0.18181818181818182,0.09090909090909091,35.5,0.8181818181818182,26.6,1.0,-3.7,0.2727272727272727,0.5454545454545454,0.3,0.95,-1,0.18181818181818182,0.1,0
0.2727272727272727,0.09090909090909091,0.45454545454545453,0.1,0.8181818181818182,0.3,1.0,-3.1,0.2727272727272727,0.45454545454545453,0.5,0.9,-0.7,0.5454545454545454,0.1,1
0.09090909090909091,0.18181818181818182,0.45454545454545453,0.5,0.8181818181818182,4,1.0,3,0.09090909090909091,0.5454545454545454,0,1,-1,0.5454545454545454,0,0
0.2727272727272727,0.18181818181818182,0.45454545454545453,4.9,0.18181818181818182,12.7,1.0,-1.4,0.18181818181818182,0.45454545454545453,0.7,0.73,0.2,0.09090909090909091,0.75,1
0.09090909090909091,0.18181818181818182,0.45454545454545453,0,0.8181818181818182,0,1.0,-0.6,0.18181818181818182,0.5454545454545454,0,1,-0.5,0.09090909090909091,0.25,0
