Statistic,Value
Mean,0.506555427695
Std,0.0529700575219
Max,0.657575757576
Min,0.269696969697
Var,0.00280582699387
