statistic,value
mean,0.706047263869
max,1.0
min,0.545454545455
var,0.00733942163197
std,0.0856704244881
