statistic,value
mean,0.704807004387
max,0.92
min,0.529411764706
var,0.00589062687712
std,0.0767504193938
