statistic,value
mean,0.700809649891
max,1.0
min,0.52
var,0.00607788482643
std,0.0779607903143
