statistic,value
mean,0.71125349151
max,0.869565217391
min,0.535714285714
var,0.0051315415129
std,0.0716347786547
