statistic,value
mean,0.701844462238
max,0.875
min,0.5625
var,0.00565527713022
std,0.0752015766472
