AAWt,AAMt,Sstruct,SaccW,ShbondsW,SaccM,ShbondsM,yDDG,Result,Positiontype,ProteinPropens,Positionaccept,MOSST,SectorSuperficie,Functionalrelevancefunction,Clinical
0.0114583400472,0.0114583400472,0.028645850118,0.545416986247,0.028645850118,0.797500467286,0.028645850118,-0.242916809001,0.0171875100708,0.0114583400472,0.0,0.0458333601888,-0.0458333601888,0.0114583400472,0.00458333601888,0
0.00220856264102,0.00220856264102,0.0110428132051,0.712040595465,0.0110428132051,0.701439494788,0.0110428132051,0.00353370022563,0.00220856264102,0.0110428132051,0.0106011006769,0.0153715959815,0.0,0.00220856264102,0.0106011006769,0
0.00267463951329,0.00267463951329,0.00668659878321,0.498552805276,0.00267463951329,0.866583202305,0.00267463951329,-0.0139081254691,0.00267463951329,0.00668659878321,0.00641913483189,0.00962870224783,0.00320956741594,0.00133731975664,0.0037444953186,1
0.03374280094,0.03374280094,0.10122840282,0.863815704064,0.03374280094,0.053988481504,0.03374280094,0.323930889024,0.03374280094,0.06748560188,0.13497120376,0.248347014918,-0.13497120376,0.03374280094,0.161965444512,0
0.00449470207073,0.00449470207073,0.0112367551768,0.667013787296,0.0112367551768,0.744322662912,0.00449470207073,-0.0107872849697,0.00224735103536,0.0112367551768,0.0107872849697,0.0152819870405,0.00539364248487,0.00449470207073,0.0107872849697,1
0.0123073941141,0.0123073941141,0.0184610911711,0.763058435072,0.0307684852852,0.620292663349,0.0307684852852,-0.172303517597,0.0184610911711,0.00615369705703,0.0147688729369,0.00836902799757,-0.00492295764563,0.00615369705703,0.00492295764563,1
0.00137015282254,0.00137015282254,0.00411045846763,0.63027029837,0.00685076411271,0.776054558688,0.00685076411271,-0.0142495893544,0.00274030564509,0.00685076411271,0.00986510032231,0.00339797899991,0.00109612225803,0.00137015282254,0.00383642790312,1
0.00174660406482,0.00174660406482,0.0087330203241,0.732176423972,0.00349320812964,0.679079660402,0.0087330203241,-0.0461103473112,0.00523981219446,0.0087330203241,0.00279456650371,0.0127152775919,-0.0111782660148,0.00174660406482,0.00838369951113,0
