algorithm,desc,actualScore,new score
SVC,linear,0.555555555556,0.428571428571
SVC,sigmoid,0.555555555556,0.428571428571
