algorithm,desc,actualScore,new score
SVC,linear,0.555555555556,0.615384615385
SVC,sigmoid,0.555555555556,0.538461538462
