AAWt,AAMt,Sstruct,SaccW,ShbondsW,SaccM,ShbondsM,yDDG,Result,Positiontype,ProteinPropens,Positionaccept,MOSST,SectorSuperficie,Functionalrelevancefunction,Clinical
0.038164758852543695,0.019082379426271848,0.09541189713135922,0.0,0.07632951770508739,0.7480292735098564,0.13357665598390292,-0.6106361416406991,0.057247138278815536,0.019082379426271848,0.1373931318691573,0.07174974664278214,-0.04579771062305243,0.019082379426271848,0.05343066239356117,0
0.055501621850464096,0.027750810925232048,0.055501621850464096,0.3108090823625989,0.11100324370092819,0.5106149210242696,0.19425567647662434,-0.6882201109457547,0.08325243277569615,0.11100324370092819,0.0,0.22200648740185638,-0.19980583866167073,0.055501621850464096,0.02220064874018564,0
0.0014437117359945035,0.0014437117359945035,0.0014437117359945035,0.645627888336742,0.005774846943978014,0.7634347659938934,0.010105982151961524,-0.010394724499160426,0.0014437117359945035,0.0043311352079835105,-0.001154969388795603,0.002309938777591206,0.004619877555182412,0.005774846943978014,0.0,1
0.006639304199987249,0.006639304199987249,0.03319652099993625,0.0159343300799694,0.026557216799948997,0.956059804798164,0.04647512939991075,-0.2761950547194696,0.01991791259996175,0.026557216799948997,0.0159343300799694,0.050458711919903095,-0.0371801035199286,0.006639304199987249,0.0053114433599898,0
0.03927987925215245,0.03927987925215245,0.09819969813038112,0.7698856333421881,0.0785597585043049,0.4870705027266904,0.13747957738253358,-0.2828151306154976,0.05891981887822867,0.05891981887822867,0.10998366190602685,0.11469724741628515,0.0,0.0785597585043049,0.11783963775645734,0
0.007158880285432866,0.007158880285432866,0.03579440142716433,0.9907890315039087,0.028635521141731464,0.017181312685038877,0.050112161998030064,-0.06299814651180922,0.0214766408562986,0.028635521141731464,0.0,0.05727104228346293,-0.040089729598424044,0.028635521141731464,0.04868038594094349,0
0.0011568314409956474,0.0011568314409956474,0.002313662881991295,0.6367200251240044,0.00462732576398259,0.7709124722794994,0.0011568314409956474,0.003701860611186072,0.0011568314409956474,0.00462732576398259,0.0,0.00925465152796518,-0.011105581833558215,0.002313662881991295,0.0,0
0.03927987925215245,0.03927987925215245,0.09819969813038112,0.7698856333421881,0.0785597585043049,0.4870705027266904,0.13747957738253358,-0.2828151306154976,0.05891981887822867,0.05891981887822867,0.10998366190602685,0.11469724741628515,0.0,0.0785597585043049,0.11783963775645734,0
