AAWt,AAMt,Sstruct,SaccW,ShbondsW,SaccM,ShbondsM,yDDG,Result,Positiontype,ProteinPropens,Positionaccept,MOSST,SectorSuperficie,Functionalrelevancefunction,Clinical
0.0109861362106,0.0109861362106,0.0109861362106,0.294428450445,0.0219722724213,0.940413259631,0.0219722724213,-0.153805906949,0.0109861362106,0.0329584086319,0.0307611813898,0.0342767449772,-0.00439445448426,0.0109861362106,0.0219722724213,1
0.00514823197472,0.00514823197472,0.00514823197472,0.821657823166,0.0102964639494,0.56630551722,0.0102964639494,0.0576601981169,0.00514823197472,0.0154446959242,0.00823717115956,0.0115320396234,-0.00823717115956,0.00514823197472,0.0,1
0.00335424933508,0.00335424933508,0.00335424933508,0.61584017792,0.00670849867015,0.787577743876,0.00670849867015,-0.00134169973403,0.00670849867015,0.00335424933508,0.0134169973403,0.00764768848398,0.00536679893612,0.00335424933508,0.00134169973403,0
0.00178550037554,0.00178550037554,0.00178550037554,0.709914949315,0.00357100075108,0.704201348114,0.00357100075108,-0.00357100075108,0.00357100075108,0.00535650112662,-0.000714200150217,0.00507082106654,-0.000714200150217,0.00178550037554,0.00142840030043,0
