AAWt,AAMt,Sstruct,SaccW,ShbondsW,SaccM,ShbondsM,yDDG,Result,Positiontype,ProteinPropens,Positionaccept,MOSST,SectorSuperficie,Functionalrelevancefunction,Clinical
0.230769230769,0.0769230769231,0.153846153846,3.9,0.230769230769,2.4,0.692307692308,1.4,0.0769230769231,0.384615384615,0.5,0.88,-0.7,0.307692307692,0.5,0
0.0769230769231,0.0769230769231,0.538461538462,29.8,0.692307692308,33.5,0.692307692308,-2.1,0.230769230769,0.384615384615,0,0.81,-0.1,0.153846153846,0.2,0
0.230769230769,0.0769230769231,0.153846153846,3.9,0.230769230769,2.6,0.692307692308,-1.8,0.307692307692,0.384615384615,0.5,0.88,0,0.307692307692,0.5,1
0.230769230769,0.0769230769231,0.538461538462,0,0.692307692308,0,0.692307692308,-1.4,0.307692307692,0.0769230769231,0.7,0.25,-0.1,0.153846153846,0,1
0.0769230769231,0.153846153846,0.538461538462,37,0.692307692308,69.9,0.153846153846,-0.4,0.153846153846,0.0769230769231,0.2,0.89,-0.2,0.153846153846,0,0
0.0769230769231,0.0769230769231,0.153846153846,62.5,0.230769230769,76,0.153846153846,-0.8,0.0769230769231,0.384615384615,0.7,0.59,0.4,0.0769230769231,0.25,1
0.0769230769231,0.0769230769231,0.538461538462,0,0.692307692308,0,0.153846153846,0.6,0.0769230769231,0.461538461538,0,1,-1.1,0.0769230769231,0.5,0
0.0769230769231,0.153846153846,0.0769230769231,6.8,0.692307692308,7.8,0.692307692308,-1.1,0.307692307692,0.461538461538,0.3,0.97,-0.7,0.153846153846,0.2,1
0.0769230769231,0.153846153846,0.538461538462,0.5,0.692307692308,4,0.692307692308,3,0.0769230769231,0.461538461538,0,1,-1,0.0769230769231,0,0
0.0769230769231,0.153846153846,0.0769230769231,7.7,0.692307692308,9,0.153846153846,-2,0.307692307692,0.461538461538,0,1,-1,0.0769230769231,0.1,0
0.0769230769231,0.0769230769231,0.153846153846,6.7,0.692307692308,38.3,0.692307692308,-2.2,0.230769230769,0.384615384615,0.7,0.78,-0.5,0.307692307692,0.5,0
0.0769230769231,0.0769230769231,0.538461538462,12.1,0.0769230769231,10.6,0.692307692308,0.4,0.153846153846,0.461538461538,0.3,0.97,-0.9,0.307692307692,0.6,0
0.0769230769231,0.0769230769231,0.538461538462,0.3,0.692307692308,0.4,0.692307692308,-2.7,0.230769230769,0.461538461538,0.3,0.95,0,0.0769230769231,0.1,1
