Statistic,Value
Mean,2.77299578059
Std,1.6116495376
Max,9.0
Min,0.0
Var,2.59741423205
