AAWt,AAMt,Sstruct,SaccW,ShbondsW,SaccM,ShbondsM,yDDG,Result,Positiontype,ProteinPropens,Positionaccept,MOSST,SectorSuperficie,Functionalrelevancefunction,Clinical
0.14285714285714285,0.14285714285714285,0.2857142857142857,0,0.5714285714285714,0,0.42857142857142855,-5.1,0.2857142857142857,0.42857142857142855,0.3,0.96,-1,0.2857142857142857,0.1,1
0.14285714285714285,0.14285714285714285,0.14285714285714285,96.5,0.2857142857142857,95.3,0.14285714285714285,0.3,0.14285714285714285,0.2857142857142857,0.4,0.6,0.2,0.42857142857142855,0.3,0
0.14285714285714285,0.14285714285714285,0.14285714285714285,46.6,0.14285714285714285,81,0.42857142857142855,-1.3,0.2857142857142857,0.2857142857142857,0.6,0.9,0.3,0.2857142857142857,0.35,1
0.14285714285714285,0.14285714285714285,0.2857142857142857,15.5,0.5714285714285714,12.6,0.42857142857142855,-3.5,0.2857142857142857,0.14285714285714285,0.3,0.17,-0.1,0.2857142857142857,0.1,1
0.14285714285714285,0.14285714285714285,0.2857142857142857,0,0.5714285714285714,6,0.42857142857142855,1.6,0.2857142857142857,0.42857142857142855,0,1,-1,0.2857142857142857,0.75,0
0.14285714285714285,0.14285714285714285,0.2857142857142857,14.4,0.2857142857142857,17.1,0.42857142857142855,1.1,0.2857142857142857,0.14285714285714285,0.2,0.48,0.8,0.42857142857142855,0.8,0
0.14285714285714285,0.14285714285714285,0.14285714285714285,38.7,0.5714285714285714,56.6,0.42857142857142855,-1.7,0.2857142857142857,0.42857142857142855,0,1,-1.1,0.42857142857142855,0.1,1
