AAWt,AAMt,Sstruct,SaccW,ShbondsW,SaccM,ShbondsM,yDDG,Result,Positiontype,ProteinPropens,Positionaccept,MOSST,SectorSuperficie,Functionalrelevancefunction,Clinical
0.026522788038698984,0.026522788038698984,0.05304557607739797,0.0,0.10609115215479593,0.0,0.07956836411609695,-0.9468635329815537,0.05304557607739797,0.07956836411609695,0.05569785488126786,0.17823313562005716,-0.1856595162708929,0.05304557607739797,0.01856595162708929,1
0.0010532848064163088,0.0010532848064163088,0.0010532848064163088,0.7114938867342167,0.0021065696128326175,0.7026462943603197,0.0010532848064163088,0.0022118980934742486,0.0010532848064163088,0.0021065696128326175,0.002949197457965665,0.004423796186948497,0.0014745987289828326,0.0031598544192489265,0.0022118980934742486,0
0.001528417846961222,0.001528417846961222,0.001528417846961222,0.4985699016787507,0.001528417846961222,0.866612919227013,0.004585253540883666,-0.013908602407347122,0.003056835693922444,0.003056835693922444,0.006419354957237133,0.0096290324358557,0.0032096774786185664,0.003056835693922444,0.0037446237250549942,1
0.0070362286690094705,0.0070362286690094705,0.014072457338018941,0.7634308105875276,0.028144914676037882,0.6205953686066353,0.02110868600702841,-0.17238760239073203,0.014072457338018941,0.0070362286690094705,0.014776080204919889,0.00837311211612127,-0.00492536006830663,0.014072457338018941,0.00492536006830663,1
0.02201659344448356,0.02201659344448356,0.04403318688896712,0.0,0.08806637377793423,0.9246969246683096,0.06604978033345067,0.2465858465782159,0.04403318688896712,0.06604978033345067,0.0,0.1541161541113849,-0.1541161541113849,0.04403318688896712,0.1155871155835387,0
0.006368394725869214,0.006368394725869214,0.012736789451738428,0.6419341883676168,0.012736789451738428,0.762296848686545,0.019105184177607645,0.049036639389192956,0.012736789451738428,0.006368394725869214,0.008915752616216901,0.021397806278920562,0.035663010464867605,0.019105184177607645,0.035663010464867605,0
0.0020821514333144047,0.0020821514333144047,0.0020821514333144047,0.5640548232848723,0.008328605733257619,0.8249483978791673,0.006246454299943215,-0.024777602056441417,0.0041643028666288094,0.006246454299943215,0.0,0.014575060033200834,-0.01603256603652092,0.006246454299943215,0.0014575060033200835,1
