AAWt,AAMt,Sstruct,SaccW,ShbondsW,SaccM,ShbondsM,yDDG,Result,Positiontype,ProteinPropens,Positionaccept,MOSST,SectorSuperficie,Functionalrelevancefunction,Clinical
0.09090909090909091,0.09090909090909091,0.09090909090909091,18.3,0.7272727272727273,29.5,0.7272727272727273,0.8,0.09090909090909091,0.36363636363636365,0.5,0.85,-0.5,0.09090909090909091,0.8,0
0.09090909090909091,0.18181818181818182,0.2727272727272727,40.3,0.7272727272727273,39.7,0.7272727272727273,0.2,0.6363636363636364,0.36363636363636365,0.6,0.87,0,0.2727272727272727,0.6,0
0.18181818181818182,0.09090909090909091,0.2727272727272727,83.7,0.7272727272727273,88.2,0.2727272727272727,-0.3,0.6363636363636364,0.18181818181818182,0.7,0.47,0.3,0.09090909090909091,0.25,1
0.09090909090909091,0.18181818181818182,0.2727272727272727,25.3,0.7272727272727273,15.7,0.7272727272727273,-1.4,0.2727272727272727,0.45454545454545453,0.3,0.97,-0.7,0.09090909090909091,0.25,1
0.18181818181818182,0.09090909090909091,0.2727272727272727,99.4,0.2727272727272727,98.6,0.2727272727272727,-0.5,0.6363636363636364,0.36363636363636365,-0.1,0.71,-0.1,0.09090909090909091,0.2,0
0.09090909090909091,0.09090909090909091,0.36363636363636365,74,0.2727272727272727,82.7,0.2727272727272727,0.5,0.6363636363636364,0.18181818181818182,0.9,0.76,0.3,0.2727272727272727,0.1,1
0.09090909090909091,0.09090909090909091,0.36363636363636365,0,0.7272727272727273,0,0.7272727272727273,-0.2,0.6363636363636364,0.45454545454545453,0,1,-0.8,0.09090909090909091,0.5,0
0.09090909090909091,0.09090909090909091,0.36363636363636365,4.9,0.2727272727272727,1.5,0.7272727272727273,-0.3,0.6363636363636364,0.36363636363636365,0.7,0.73,-0.3,0.2727272727272727,0.75,1
0.09090909090909091,0.09090909090909091,0.36363636363636365,1.2,0.7272727272727273,4.4,0.7272727272727273,-0.4,0.6363636363636364,0.45454545454545453,0,1,-0.3,0.2727272727272727,0.1,0
0.18181818181818182,0.18181818181818182,0.2727272727272727,76.9,0.7272727272727273,43.2,0.7272727272727273,-1.9,0.2727272727272727,0.45454545454545453,0,1,-1,0.2727272727272727,0.3,1
0.18181818181818182,0.18181818181818182,0.2727272727272727,76.9,0.7272727272727273,43.2,0.7272727272727273,-1.9,0.2727272727272727,0.45454545454545453,0,1,-1,0.2727272727272727,0.3,1
