AAWt,AAMt,Sstruct,SaccW,ShbondsW,SaccM,ShbondsM,yDDG,Result,Positiontype,ProteinPropens,Positionaccept,MOSST,SectorSuperficie,Functionalrelevancefunction,Clinical
0.0390220318152,0.0780440636304,0.117066095446,0.0936528763565,0.273154222706,0.124870501809,0.234132190891,-0.842875887209,0.0390220318152,0.117066095446,0.0936528763565,0.296567441796,0.0,0.0390220318152,0.0312176254522,1
0.0025739369151,0.0025739369151,0.0025739369151,0.821600663301,0.0180175584057,0.566266121323,0.0154436214906,0.0576561868983,0.00514787383021,0.0102957476604,0.00823659812833,0.0115312373797,-0.00823659812833,0.0025739369151,0.0,1
0.0022242336104,0.0022242336104,0.00444846722079,0.903928539265,0.0155696352728,0.425273466308,0.0133454016624,-0.0320289639897,0.0022242336104,0.00889693444159,0.0177938688832,0.0112101373964,-0.00533816066495,0.0022242336104,0.00444846722079,0
0.0015802369807,0.0015802369807,0.00474071094211,0.467750146289,0.0110616588649,0.88366851961,0.0015802369807,-0.00505675833825,0.00316047396141,0.0015802369807,0.00252837916913,0.0112512873026,-0.00252837916913,0.00316047396141,0.0,0
0.0037488401477,0.0037488401477,0.0074976802954,0.548830197623,0.0262418810339,0.833742048848,0.0037488401477,0.0269916490634,0.0037488401477,0.0149953605908,0.0149953605908,0.0254921130044,-0.0209935048271,0.0037488401477,0.0239925769453,1
0.00379667357563,0.00379667357563,0.0113900207269,0.595318416658,0.0265767150294,0.795782781451,0.0227800414538,0.100232182397,0.00759334715125,0.0151866943025,-0.0030373388605,0.018224033163,-0.0151866943025,0.00379667357563,0.00455600829075,0
0.00261482637705,0.00261482637705,0.0052296527541,0.968531690059,0.0183037846394,0.24265588779,0.0156889582623,0.0376534998295,0.00261482637705,0.00784447913115,0.0,0.0209186110164,-0.0209186110164,0.0052296527541,0.00732151385574,1
0.00281259336647,0.00562518673293,0.00562518673293,0.623270690009,0.00281259336647,0.780775918531,0.0168755601988,0.00900029877269,0.00562518673293,0.0084377800994,0.0,0.0225007469317,-0.0292509710112,0.00281259336647,0.00225007469317,1
