AAWt,AAMt,Sstruct,SaccW,ShbondsW,SaccM,ShbondsM,yDDG,Result,Positiontype,ProteinPropens,Positionaccept,MOSST,SectorSuperficie,Functionalrelevancefunction,Clinical
0.00230959840742,0.00230959840742,0.00230959840742,0.563542011411,0.00923839362969,0.825912390494,0.00923839362969,0.0,0.00461919681484,0.00461919681484,0.000923839362969,0.00702117915856,-0.000923839362969,0.00230959840742,0.00184767872594,1
0.0127720691502,0.0127720691502,0.0127720691502,0.607950491551,0.051088276601,0.776541804334,0.051088276601,-0.117503036182,0.0255441383005,0.0255441383005,0.0,0.051088276601,-0.0613059319211,0.0127720691502,0.0051088276601,1
0.00468570027712,0.00937140055425,0.00937140055425,0.850923170326,0.0187428011085,0.521049870816,0.0187428011085,-0.0562284033255,0.00937140055425,0.00937140055425,0.00187428011085,0.0106833966318,-0.0074971204434,0.00468570027712,0.00187428011085,1
0.101513688013,0.203027376027,0.203027376027,0.0,0.406054752054,0.0,0.406054752054,0.0,0.203027376027,0.203027376027,0.0,0.406054752054,-0.52787117767,0.101513688013,0.203027376027,1
