AAWt,AAMt,Sstruct,SaccW,ShbondsW,SaccM,ShbondsM,yDDG,Result,Positiontype,ProteinPropens,Positionaccept,MOSST,SectorSuperficie,Functionalrelevancefunction,Clinical
0.0909090909091,0.0909090909091,0.363636363636,50.8,0.818181818182,62.7,0.727272727273,0.3,0.363636363636,0.272727272727,1,0.63,-0.2,0.0909090909091,0.25,0
0.0909090909091,0.0909090909091,0.181818181818,37.1,0.818181818182,41.4,0.181818181818,-0.6,0.272727272727,0.272727272727,0.6,0.85,0.3,0.0909090909091,0.6,1
0.181818181818,0.0909090909091,0.0909090909091,38.7,0.818181818182,42.4,0.727272727273,0,0.363636363636,0.636363636364,0,1,-0.6,0.272727272727,0.1,0
0.272727272727,0.181818181818,0.363636363636,7.3,0.818181818182,12.6,0.727272727273,1.4,0.181818181818,0.636363636364,0,1,-1,0.363636363636,0.95,0
0.181818181818,0.181818181818,0.181818181818,93.3,0.818181818182,90.2,0.727272727273,-0.5,0.272727272727,0.636363636364,0,1,-1.1,0.272727272727,0.3,0
0.181818181818,0.0909090909091,0.272727272727,20.1,0.818181818182,17.3,0.727272727273,-3,0.181818181818,0.272727272727,0.2,0.59,-0.3,0.363636363636,0.1,1
0.181818181818,0.181818181818,0.363636363636,23.5,0.818181818182,23.6,0.727272727273,-0.8,0.272727272727,0.636363636364,0,1,-1,0.0909090909091,0.6,0
0.272727272727,0.181818181818,0.272727272727,74,0.0909090909091,96.2,0.727272727273,1.6,0.181818181818,0.0909090909091,0.9,0.76,-0.3,0.363636363636,0.1,1
0.272727272727,0.0909090909091,0.363636363636,7.3,0.818181818182,1.7,0.181818181818,-2.3,0.181818181818,0.636363636364,0,1,-0.3,0.363636363636,0.95,1
0.0909090909091,0.0909090909091,0.0909090909091,6.8,0.818181818182,8.6,0.0909090909091,0.5,0.363636363636,0.636363636364,0.3,0.97,-0.6,0.0909090909091,0.2,0
0.0909090909091,0.0909090909091,0.272727272727,12.1,0.0909090909091,10.6,0.727272727273,0.4,0.363636363636,0.636363636364,0.3,0.97,-0.9,0.272727272727,0.6,0
