AAWt,AAMt,Sstruct,SaccW,ShbondsW,SaccM,ShbondsM,yDDG,Result,Positiontype,ProteinPropens,Positionaccept,MOSST,SectorSuperficie,Functionalrelevancefunction,Clinical
0.14285714285714285,0.14285714285714285,0.42857142857142855,0,0.7142857142857143,1.8,0.7142857142857143,-4.3,0.2857142857142857,0.14285714285714285,0,1,-0.8,0.14285714285714285,0.35,1
0.14285714285714285,0.14285714285714285,0.5714285714285714,20.4,0.7142857142857143,47.5,0.7142857142857143,0.3,0.5714285714285714,0.2857142857142857,0.6,0.84,0,0.14285714285714285,0.1,0
0.14285714285714285,0.14285714285714285,0.42857142857142855,44.8,0.14285714285714285,29.5,0.7142857142857143,-2.4,0.2857142857142857,0.14285714285714285,0.8,0.28,-0.1,0.2857142857142857,0.15,0
0.14285714285714285,0.14285714285714285,0.5714285714285714,91.7,0.14285714285714285,64.7,0.7142857142857143,0,0.5714285714285714,0.42857142857142855,0.5,0.9,-0.7,0.14285714285714285,0,0
0.14285714285714285,0.14285714285714285,0.5714285714285714,6,0.7142857142857143,5.7,0.7142857142857143,2.9,0.14285714285714285,0.42857142857142855,0.5,0.61,-0.4,0.2857142857142857,0.6,0
0.14285714285714285,0.2857142857142857,0.42857142857142855,37,0.7142857142857143,69.9,0.2857142857142857,-0.4,0.5714285714285714,0.2857142857142857,0.2,0.89,-0.2,0.14285714285714285,0,0
0.14285714285714285,0.2857142857142857,0.5714285714285714,111.8,0.7142857142857143,93.3,0.2857142857142857,-0.4,0.5714285714285714,0.42857142857142855,0.5,0.62,-0.4,0.14285714285714285,0.55,1
