AAWt,AAMt,Sstruct,SaccW,ShbondsW,SaccM,ShbondsM,yDDG,Result,Positiontype,ProteinPropens,Positionaccept,MOSST,SectorSuperficie,Functionalrelevancefunction,Clinical
0.000923877212222,0.00277163163667,0.000923877212222,0.563565099455,0.00831489491,0.825946227726,0.00646714048555,0.0,0.00277163163667,0.00461938606111,0.000923877212222,0.00702146681289,-0.000923877212222,0.00184775442444,0.00184775442444,0
0.00992009307472,0.00496004653736,0.00496004653736,0.486084560661,0.0446404188362,0.853128004426,0.00496004653736,-0.16864158227,0.0198401861494,0.0198401861494,0.0,0.0496004653736,-0.0446404188362,0.00496004653736,0.00496004653736,0
0.0281890403937,0.0140945201968,0.0281890403937,0.0,0.126850681771,0.31007944433,0.0986616413778,-0.916143812794,0.0563780807873,0.0704726009842,0.0986616413778,0.109937257535,-0.0704726009842,0.0422835605905,0.0140945201968,0
0.0656532164299,0.0328266082149,0.13130643286,0.0,0.295439473934,0.0,0.229786257505,0.820665205373,0.0328266082149,0.13130643286,0.0,0.328266082149,-0.0984798246448,0.0328266082149,0.164133041075,1
0.0180129018583,0.0540387055748,0.072051607433,0.216154822299,0.162116116724,0.144103214866,0.126090313008,-0.900645092913,0.072051607433,0.072051607433,0.0,0.180129018583,-0.162116116724,0.0360258037165,0.0180129018583,0
0.0365260402041,0.0365260402041,0.0730520804081,0.0,0.164367180918,0.0,0.127841140714,-0.931414025204,0.0730520804081,0.0730520804081,0.0547890603061,0.17532499298,-0.18263020102,0.0547890603061,0.018263020102,1
0.0041542140339,0.0041542140339,0.00207710701695,0.828765699763,0.0186939631525,0.558741787559,0.0041542140339,-0.00623132105085,0.00623132105085,0.0103855350847,0.0083084280678,0.0116317992949,0.0124626421017,0.00207710701695,0.0,1
0.00277963094663,0.00833889283989,0.0111185237865,0.391927963475,0.0250166785197,0.917278212388,0.0194574166264,-0.0472537260927,0.00277963094663,0.0138981547332,0.0194574166264,0.0236268630464,-0.0138981547332,0.00555926189326,0.0138981547332,1
0.000737299143641,0.000737299143641,0.000737299143641,0.711493673613,0.000737299143641,0.702646083889,0.00147459828728,0.00221189743092,0.00221189743092,0.0036864957182,0.00294919657456,0.00442379486184,0.00147459828728,0.00147459828728,0.00221189743092,0
0.00248005880992,0.00124002940496,0.00248005880992,0.73781749595,0.0111602646446,0.674575996297,0.0086802058347,0.0124002940496,0.00124002940496,0.00124002940496,0.0111602646446,0.00694416466776,0.00372008821487,0.00372008821487,0.00124002940496,0
