AAWt,AAMt,Sstruct,SaccW,ShbondsW,SaccM,ShbondsM,yDDG,Result,Positiontype,ProteinPropens,Positionaccept,MOSST,SectorSuperficie,Functionalrelevancefunction,Clinical
0.09090909090909091,0.09090909090909091,0.36363636363636365,0,0.8181818181818182,0,1.0,-3.4,0.18181818181818182,0.45454545454545453,0.3,0.96,-1,0.18181818181818182,0.35,1
0.18181818181818182,0.2727272727272727,0.36363636363636365,78.1,0.8181818181818182,78.6,1.0,-1,0.18181818181818182,0.45454545454545453,-0.1,0.21,0,0.2727272727272727,0,1
0.18181818181818182,0.09090909090909091,0.09090909090909091,61,0.8181818181818182,89.4,1.0,0,0.2727272727272727,0.45454545454545453,0.1,0.76,-0.1,0.18181818181818182,0.2,0
0.09090909090909091,0.09090909090909091,0.36363636363636365,0,0.8181818181818182,0,1.0,-5.3,0.18181818181818182,0.45454545454545453,0,1,-1.1,0.18181818181818182,0.35,1
0.09090909090909091,0.09090909090909091,0.09090909090909091,83.7,0.8181818181818182,89.9,1.0,-1,0.2727272727272727,0.09090909090909091,0.7,0.47,-0.1,0.09090909090909091,0.25,1
0.09090909090909091,0.09090909090909091,0.36363636363636365,0,0.8181818181818182,0,1.0,1.9,0.09090909090909091,0.45454545454545453,0,1,-1.3,0.09090909090909091,0.75,0
0.09090909090909091,0.18181818181818182,0.36363636363636365,91.7,0.18181818181818182,64.7,1.0,0,0.2727272727272727,0.45454545454545453,0.5,0.9,-0.7,0.18181818181818182,0,0
0.18181818181818182,0.09090909090909091,0.36363636363636365,111.8,0.8181818181818182,92.1,1.0,-0.5,0.2727272727272727,0.45454545454545453,0.5,0.62,-0.1,0.09090909090909091,0.55,0
0.09090909090909091,0.2727272727272727,0.36363636363636365,1.2,0.8181818181818182,3.4,1.0,-0.6,0.2727272727272727,0.45454545454545453,0,1,-0.5,0.2727272727272727,0.1,0
0.18181818181818182,0.18181818181818182,0.09090909090909091,40.3,0.8181818181818182,36.1,1.0,0.6,0.2727272727272727,0.45454545454545453,0.6,0.87,0.3,0.09090909090909091,0.6,1
0.09090909090909091,0.2727272727272727,0.36363636363636365,17.3,0.18181818181818182,21,1.0,-1.5,0.18181818181818182,0.45454545454545453,0,1,-1,0.2727272727272727,0.85,1
