Statistic,Value
Mean,0.455374019919
Std,0.118459485385
Max,0.846153846154
Min,0.246923076923
Var,0.0140326496777
