Statistic,Value
Mean,0.331779331779
Std,0.175185676829
Max,0.846153846154
Min,0.0
Var,0.030690021366
