Statistic,Value
Mean,0.0710065691884
Std,0.0882268410943
Max,0.24
Min,0.0
Var,0.00778397548947
