algorithm,desc,actualScore,new score
SVC,linear,0.695652173913,0.555555555556
SVC,rbf,0.695652173913,0.555555555556
SVC,sigmoid,0.695652173913,0.611111111111
