Statistic,Value
Mean,0.469570509477
Std,0.0842329828951
Max,0.62962962963
Min,0.185185185185
Var,0.00709519540741
