AAWt,AAMt,Sstruct,SaccW,ShbondsW,SaccM,ShbondsM,yDDG,Result,Positiontype,ProteinPropens,Positionaccept,MOSST,SectorSuperficie,Functionalrelevancefunction,Clinical
0.153846153846,0.230769230769,0.153846153846,66.5,0.230769230769,53.3,0.692307692308,0.3,0.307692307692,0.461538461538,0.7,0.85,-0.3,0.153846153846,0.25,1
0.0769230769231,0.153846153846,0.153846153846,61,0.769230769231,93.7,0.692307692308,0.3,0.307692307692,0.461538461538,0.1,0.76,0.7,0.230769230769,0.2,1
0.0769230769231,0.0769230769231,0.153846153846,6.8,0.769230769231,7.8,0.692307692308,-1.1,0.307692307692,0.384615384615,0.3,0.97,-0.7,0.0769230769231,0.2,1
0.153846153846,0.0769230769231,0.230769230769,0,0.769230769231,4.9,0.692307692308,-4,0.230769230769,0.0769230769231,0.9,0.47,-0.3,0.0769230769231,0.35,0
0.0769230769231,0.0769230769231,0.307692307692,47.8,0.230769230769,67.9,0.230769230769,1.6,0.0769230769231,0.461538461538,0.2,0.92,-0.8,0.0769230769231,0.35,0
0.153846153846,0.230769230769,0.230769230769,0,0.769230769231,0,0.692307692308,-5.1,0.230769230769,0.384615384615,0.3,0.96,-1,0.153846153846,0.1,1
0.0769230769231,0.0769230769231,0.153846153846,38.7,0.769230769231,56.6,0.0769230769231,-1.7,0.307692307692,0.384615384615,0,1,-1.1,0.230769230769,0.1,1
0.153846153846,0.0769230769231,0.307692307692,35.7,0.230769230769,35.4,0.692307692308,2.2,0.0769230769231,0.461538461538,0.4,0.76,-0.4,0.0769230769231,0.25,1
0.153846153846,0.153846153846,0.230769230769,0,0.769230769231,0,0.692307692308,0.7,0.307692307692,0.384615384615,0,1,-0.7,0.0769230769231,0.5,0
0.0769230769231,0.0769230769231,0.307692307692,6.7,0.769230769231,30.5,0.230769230769,0.5,0.307692307692,0.461538461538,0.7,0.78,0.1,0.230769230769,0.5,0
0.153846153846,0.153846153846,0.153846153846,6,0.769230769231,15.4,0.692307692308,-1.4,0.307692307692,0.461538461538,0.5,0.61,-0.3,0.153846153846,0.6,0
0.153846153846,0.153846153846,0.153846153846,0.2,0.769230769231,34.1,0.692307692308,-4.7,0.230769230769,0.0769230769231,0.5,0.91,-0.7,0.153846153846,0.1,0
0.153846153846,0.230769230769,0.307692307692,52.6,0.769230769231,81.8,0.230769230769,-1.5,0.307692307692,0.384615384615,0,1,-1.3,0.0769230769231,0.8,1
