AAWt,AAMt,Sstruct,SaccW,ShbondsW,SaccM,ShbondsM,yDDG,Result,Positiontype,ProteinPropens,Positionaccept,MOSST,SectorSuperficie,Functionalrelevancefunction,Clinical
0.230769230769,0.153846153846,0.153846153846,6.7,0.692307692308,25.3,0.692307692308,1.2,0.230769230769,0.384615384615,0.7,0.78,-0.6,0.307692307692,0.5,1
0.153846153846,0.0769230769231,0.461538461538,7.3,0.692307692308,12.6,0.692307692308,1.4,0.230769230769,0.538461538462,0,1,-1,0.0769230769231,0.95,0
0.0769230769231,0.153846153846,0.461538461538,0,0.692307692308,5.5,0.692307692308,-1.5,0.230769230769,0.538461538462,0,1,-0.6,0.153846153846,0.15,1
0.153846153846,0.0769230769231,0.461538461538,26.8,0.692307692308,40.7,0.692307692308,0,0.307692307692,0.538461538462,0,1,-1.2,0.0769230769231,0.1,0
0.230769230769,0.230769230769,0.153846153846,82.8,0.307692307692,74.3,0.230769230769,-0.7,0.153846153846,0.384615384615,0.8,0.64,-0.2,0.153846153846,0.1,0
0.153846153846,0.153846153846,0.153846153846,93.3,0.692307692308,92.8,0.692307692308,-0.6,0.153846153846,0.538461538462,0,1,-0.3,0.307692307692,0.3,0
0.0769230769231,0.0769230769231,0.0769230769231,3.9,0.307692307692,15.2,0.692307692308,-2.4,0.0769230769231,0.384615384615,0.5,0.88,-0.3,0.307692307692,0.5,0
0.153846153846,0.153846153846,0.461538461538,111.8,0.692307692308,99.8,0.692307692308,-1.2,0.230769230769,0.384615384615,0.5,0.62,0.4,0.0769230769231,0.55,1
0.230769230769,0.230769230769,0.0769230769231,96.5,0.307692307692,95.3,0.230769230769,0.3,0.307692307692,0.384615384615,0.4,0.6,0.2,0.307692307692,0.3,0
0.0769230769231,0.230769230769,0.0769230769231,0.5,0.692307692308,1.5,0.692307692308,1.4,0.230769230769,0.538461538462,0,1,-1.1,0.153846153846,0,0
0.153846153846,0.0769230769231,0.461538461538,23.5,0.692307692308,34.7,0.692307692308,-1.1,0.230769230769,0.538461538462,0,1,-0.8,0.0769230769231,0.6,1
0.0769230769231,0.0769230769231,0.153846153846,6.8,0.692307692308,8.6,0.230769230769,0.5,0.307692307692,0.538461538462,0.3,0.97,-0.6,0.153846153846,0.2,0
0.153846153846,0.0769230769231,0.461538461538,67.5,0.307692307692,32.5,0.0769230769231,-0.3,0.307692307692,0.0769230769231,0.7,0.87,0.1,0.0769230769231,0.25,0
