Statistic,Value
Mean,0.757918424754
Std,0.2060451235
Max,1.0
Min,0.0
Var,0.0424545929183
