AAWt,AAMt,Sstruct,SaccW,ShbondsW,SaccM,ShbondsM,yDDG,Result,Positiontype,ProteinPropens,Positionaccept,MOSST,SectorSuperficie,Functionalrelevancefunction,Clinical
0.181818181818,0.0909090909091,0.272727272727,3.9,0.272727272727,2.6,0.818181818182,-1.8,0.181818181818,0.636363636364,0.5,0.88,0,0.363636363636,0.5,1
0.181818181818,0.0909090909091,0.272727272727,3.9,0.272727272727,3.5,0.818181818182,-0.9,0.272727272727,0.636363636364,0.5,0.88,-0.4,0.363636363636,0.5,0
0.0909090909091,0.0909090909091,0.0909090909091,6.8,0.454545454545,6.3,0.818181818182,-0.7,0.272727272727,0.272727272727,0.3,0.97,-0.3,0.0909090909091,0.2,1
0.181818181818,0.181818181818,0.181818181818,0.1,0.454545454545,4.9,0.818181818182,-4,0.0909090909091,0.636363636364,0.5,0.9,-0.7,0.0909090909091,0.1,0
0.181818181818,0.181818181818,0.363636363636,23.5,0.454545454545,23.6,0.818181818182,-0.8,0.272727272727,0.272727272727,0,1,-1,0.0909090909091,0.6,0
0.0909090909091,0.181818181818,0.0909090909091,65.7,0.272727272727,85.6,0.181818181818,0.3,0.272727272727,0.636363636364,0.4,0.14,-0.1,0.181818181818,0.15,1
0.0909090909091,0.181818181818,0.363636363636,75.7,0.272727272727,81.1,0.181818181818,0.1,0.272727272727,0.636363636364,0.1,0.72,0,0.0909090909091,0.1,1
0.0909090909091,0.0909090909091,0.363636363636,66.5,0.272727272727,47.9,0.818181818182,-1.4,0.181818181818,0.636363636364,0.7,0.85,0,0.0909090909091,0.25,1
0.0909090909091,0.0909090909091,0.363636363636,84.5,0.454545454545,84.5,0.818181818182,0.3,0.272727272727,0.0909090909091,0.9,0.25,0.2,0.181818181818,0.15,1
0.0909090909091,0.0909090909091,0.272727272727,18.3,0.454545454545,29.5,0.818181818182,0.8,0.0909090909091,0.636363636364,0.5,0.85,-0.5,0.363636363636,0.8,0
0.0909090909091,0.0909090909091,0.181818181818,12.1,0.272727272727,28.6,0.818181818182,1.5,0.0909090909091,0.272727272727,0.3,0.97,-0.7,0.363636363636,0.6,1
