AAWt,AAMt,Sstruct,SaccW,ShbondsW,SaccM,ShbondsM,yDDG,Result,Positiontype,ProteinPropens,Positionaccept,MOSST,SectorSuperficie,Functionalrelevancefunction,Clinical
0.285714285714,0.285714285714,0.571428571429,11.9,0.714285714286,17.4,0.571428571429,-5.3,0.285714285714,0.285714285714,0,1,-1,0.285714285714,0.1,0
0.142857142857,0.142857142857,0.571428571429,40.3,0.714285714286,39.7,0.571428571429,0.2,0.142857142857,0.571428571429,0.6,0.87,0,0.142857142857,0.6,0
0.285714285714,0.285714285714,0.571428571429,46.6,0.142857142857,81,0.285714285714,-1.3,0.285714285714,0.571428571429,0.6,0.9,0.3,0.142857142857,0.35,1
0.142857142857,0.142857142857,0.428571428571,3.2,0.142857142857,0.2,0.142857142857,1.2,0.142857142857,0.285714285714,0.5,0.92,-0.5,0.142857142857,0.6,0
0.285714285714,0.285714285714,0.571428571429,37.1,0.714285714286,41.4,0.285714285714,-0.6,0.142857142857,0.571428571429,0.6,0.85,0.3,0.285714285714,0.6,1
0.285714285714,0.285714285714,0.428571428571,15.5,0.714285714286,12.6,0.571428571429,-3.5,0.285714285714,0.142857142857,0.3,0.17,-0.1,0.142857142857,0.1,1
0.142857142857,0.142857142857,0.428571428571,57.5,0.714285714286,70.8,0.571428571429,-1.3,0.285714285714,0.571428571429,0.9,0.31,0.1,0.142857142857,0.35,1
