AAWt,AAMt,Sstruct,SaccW,ShbondsW,SaccM,ShbondsM,yDDG,Result,Positiontype,ProteinPropens,Positionaccept,MOSST,SectorSuperficie,Functionalrelevancefunction,Clinical
0.14285714285714285,0.14285714285714285,0.5714285714285714,0,0.7142857142857143,0,0.8571428571428571,-3.4,0.2857142857142857,0.42857142857142855,0.3,0.96,-1,0.42857142857142855,0.35,1
0.2857142857142857,0.14285714285714285,0.2857142857142857,40.3,0.7142857142857143,20.5,0.8571428571428571,0.3,0.2857142857142857,0.5714285714285714,0.6,0.87,-0.1,0.14285714285714285,0.6,0
0.2857142857142857,0.14285714285714285,0.5714285714285714,57.5,0.7142857142857143,70.8,0.8571428571428571,-1.3,0.14285714285714285,0.5714285714285714,0.9,0.31,0.1,0.42857142857142855,0.35,1
0.2857142857142857,0.14285714285714285,0.5714285714285714,0,0.7142857142857143,0,0.8571428571428571,-0.6,0.14285714285714285,0.42857142857142855,0,1,-0.5,0.42857142857142855,0.25,0
0.14285714285714285,0.14285714285714285,0.2857142857142857,65.7,0.14285714285714285,85.6,0.14285714285714285,0.3,0.2857142857142857,0.5714285714285714,0.4,0.14,-0.1,0.14285714285714285,0.15,1
0.2857142857142857,0.14285714285714285,0.5714285714285714,0.3,0.7142857142857143,18,0.8571428571428571,-5.2,0.2857142857142857,0.42857142857142855,0.3,0.95,-0.7,0.14285714285714285,0.1,0
0.14285714285714285,0.14285714285714285,0.14285714285714285,3.9,0.14285714285714285,2.4,0.8571428571428571,1.4,0.14285714285714285,0.5714285714285714,0.5,0.88,-0.7,0.14285714285714285,0.5,0
