AAWt,AAMt,Sstruct,SaccW,ShbondsW,SaccM,ShbondsM,yDDG,Result,Positiontype,ProteinPropens,Positionaccept,MOSST,SectorSuperficie,Functionalrelevancefunction,Clinical
0.0909090909091,0.181818181818,0.454545454545,40.5,0.818181818182,73.3,0.909090909091,-2.7,0.272727272727,0.181818181818,0.3,0.44,-0.3,0.363636363636,0.6,0
0.181818181818,0.0909090909091,0.454545454545,19.6,0.818181818182,26.2,0.909090909091,3.3,0.0909090909091,0.545454545455,-0.1,0.6,-0.5,0.272727272727,0.15,0
0.0909090909091,0.0909090909091,0.0909090909091,11.9,0.818181818182,15.2,0.909090909091,-2.3,0.272727272727,0.272727272727,0,1,-1.2,0.0909090909091,0.1,1
0.0909090909091,0.0909090909091,0.454545454545,74,0.181818181818,87.1,0.909090909091,0.2,0.181818181818,0.181818181818,0.9,0.76,-0.3,0.363636363636,0.1,1
0.0909090909091,0.181818181818,0.454545454545,0.2,0.818181818182,4.6,0.909090909091,-5.1,0.272727272727,0.545454545455,0.6,0.89,-0.5,0.272727272727,0.1,1
0.0909090909091,0.0909090909091,0.272727272727,6,0.818181818182,4.7,0.909090909091,0.5,0.181818181818,0.545454545455,0.5,0.61,-0.3,0.272727272727,0.6,1
0.181818181818,0.272727272727,0.0909090909091,6.8,0.818181818182,7.8,0.909090909091,-1.1,0.181818181818,0.272727272727,0.3,0.97,-0.7,0.0909090909091,0.2,1
0.181818181818,0.0909090909091,0.0909090909091,3.9,0.181818181818,2.6,0.909090909091,-1.8,0.181818181818,0.545454545455,0.5,0.88,0,0.0909090909091,0.5,1
0.181818181818,0.272727272727,0.454545454545,1.2,0.818181818182,3.4,0.909090909091,-0.6,0.0909090909091,0.272727272727,0,1,-0.5,0.363636363636,0.1,0
0.181818181818,0.0909090909091,0.272727272727,11.1,0.818181818182,46.4,0.0909090909091,-0.4,0.181818181818,0.545454545455,0.5,0.91,-0.8,0.363636363636,0.5,0
0.181818181818,0.272727272727,0.272727272727,21.2,0.818181818182,25.6,0.909090909091,0.8,0.181818181818,0.545454545455,0,0.83,-0.6,0.0909090909091,0.25,0
