feature,mean,var,std,min,max
SaccW,9.35,306.2485,17.4999571428,0.0,46.6
SaccM,19.72,795.7676,28.2093530589,0.0,81.0
yDDG,-1.87,8.9021,2.98363871808,-6.5,1.9
ProteinPropens,0.25,0.1005,0.317017349683,0.0,1.0
Positionaccept,0.965,0.001025,0.0320156211872,0.9,1.0
MOSST,-0.69,0.2189,0.467867502612,-1.3,0.3
Functionalrelevancefunction,0.385,0.094025,0.306634962129,0.1,0.75
