AAWt,AAMt,Sstruct,SaccW,ShbondsW,SaccM,ShbondsM,yDDG,Result,Positiontype,ProteinPropens,Positionaccept,MOSST,SectorSuperficie,Functionalrelevancefunction,Clinical
0.285714285714,0.142857142857,0.285714285714,6.7,0.714285714286,25.3,0.857142857143,1.2,0.285714285714,0.428571428571,0.7,0.78,-0.6,0.428571428571,0.5,1
0.142857142857,0.142857142857,0.428571428571,7.3,0.714285714286,12.6,0.857142857143,1.4,0.285714285714,0.571428571429,0,1,-1,0.142857142857,0.95,0
0.142857142857,0.285714285714,0.428571428571,0,0.714285714286,5.5,0.857142857143,-1.5,0.142857142857,0.571428571429,0,1,-0.6,0.142857142857,0.15,1
0.142857142857,0.142857142857,0.428571428571,26.8,0.714285714286,40.7,0.857142857143,0,0.142857142857,0.571428571429,0,1,-1.2,0.142857142857,0.1,0
0.285714285714,0.142857142857,0.142857142857,82.8,0.285714285714,74.3,0.142857142857,-0.7,0.285714285714,0.428571428571,0.8,0.64,-0.2,0.142857142857,0.1,0
0.142857142857,0.285714285714,0.285714285714,93.3,0.714285714286,92.8,0.857142857143,-0.6,0.285714285714,0.571428571429,0,1,-0.3,0.428571428571,0.3,0
0.142857142857,0.142857142857,0.142857142857,3.9,0.285714285714,15.2,0.857142857143,-2.4,0.142857142857,0.428571428571,0.5,0.88,-0.3,0.428571428571,0.5,0
