AAWt,AAMt,Sstruct,SaccW,ShbondsW,SaccM,ShbondsM,yDDG,Result,Positiontype,ProteinPropens,Positionaccept,MOSST,SectorSuperficie,Functionalrelevancefunction,Clinical
0.230769230769,0.153846153846,0.307692307692,0,0.615384615385,0.3,0.769230769231,-3.6,0.307692307692,0.307692307692,0.7,0.78,-0.6,0.153846153846,0.1,0
0.153846153846,0.0769230769231,0.538461538462,44.8,0.230769230769,47.1,0.769230769231,-1.4,0.230769230769,0.0769230769231,0.8,0.28,0.6,0.153846153846,0.15,1
0.153846153846,0.153846153846,0.0769230769231,65.7,0.230769230769,85.6,0.153846153846,0.3,0.153846153846,0.307692307692,0.4,0.14,-0.1,0.153846153846,0.15,1
0.230769230769,0.153846153846,0.307692307692,33.4,0.615384615385,37.9,0.769230769231,-0.8,0.0769230769231,0.615384615385,0,1,-1,0.0769230769231,0.35,1
0.230769230769,0.0769230769231,0.307692307692,66.5,0.230769230769,53.3,0.769230769231,0.3,0.153846153846,0.307692307692,0.7,0.85,-0.3,0.153846153846,0.25,1
0.0769230769231,0.153846153846,0.538461538462,0,0.615384615385,0,0.769230769231,-2.2,0.307692307692,0.615384615385,0.3,0.96,-0.4,0.153846153846,0.35,0
0.0769230769231,0.153846153846,0.538461538462,0,0.615384615385,1.8,0.769230769231,-4.3,0.307692307692,0.615384615385,0,1,-0.8,0.153846153846,0.35,1
0.0769230769231,0.153846153846,0.538461538462,3.2,0.153846153846,0.2,0.0769230769231,1.2,0.0769230769231,0.615384615385,0.5,0.92,-0.5,0.0769230769231,0.6,0
0.0769230769231,0.0769230769231,0.307692307692,25.4,0.615384615385,38.2,0.769230769231,0.8,0.0769230769231,0.615384615385,0,1,-1.3,0.153846153846,0,1
0.230769230769,0.153846153846,0.538461538462,0,0.615384615385,0,0.769230769231,-1.3,0.230769230769,0.615384615385,0,1,-1.1,0.153846153846,0.5,1
0.230769230769,0.153846153846,0.0769230769231,4.2,0.615384615385,13.7,0.769230769231,-6.5,0.307692307692,0.615384615385,1,0.95,-0.9,0.0769230769231,0.1,0
0.0769230769231,0.153846153846,0.538461538462,4.9,0.153846153846,3,0.153846153846,2.1,0.0769230769231,0.307692307692,0.7,0.73,-0.2,0.153846153846,0.75,0
0.230769230769,0.153846153846,0.538461538462,0,0.615384615385,0,0.769230769231,-1.3,0.230769230769,0.615384615385,0,1,-1.1,0.153846153846,0.5,1
