Metric,Score
accuracy,0.575757575758
recall,0.151515151515
precision,0.151515151515
