feature,mean,var,std,min,max
SaccW,12.8948717949,528.031768573,22.9789418506,0.0,83.7
SaccM,16.0769230769,590.268441815,24.2954407619,0.0,89.9
yDDG,-1.07435897436,5.44293228139,2.33300927589,-6.5,3.3
ProteinPropens,0.412820512821,0.107271531887,0.327523330294,-0.1,0.9
Positionaccept,0.789230769231,0.0517250493097,0.227431416716,0.17,1.0
MOSST,-0.45641025641,0.235279421433,0.485056101326,-1.3,0.6
Functionalrelevancefunction,0.171794871795,0.0325378040763,0.180382382943,0.0,0.65
