AAWt,AAMt,Sstruct,SaccW,ShbondsW,SaccM,ShbondsM,yDDG,Result,Positiontype,ProteinPropens,Positionaccept,MOSST,SectorSuperficie,Functionalrelevancefunction,Clinical
0.0769230769231,0.0769230769231,0.0769230769231,18.3,1.0,27.8,0.0769230769231,0.9,0.153846153846,0.461538461538,0.5,0.85,-0.7,0.0769230769231,0.8,1
0.230769230769,0.0769230769231,0.307692307692,0,1.0,2.2,0.923076923077,-6.5,0.384615384615,0.461538461538,0.7,0.78,-0.5,0.230769230769,0.1,0
0.230769230769,0.0769230769231,0.0769230769231,0.2,1.0,34.1,0.923076923077,-4.7,0.384615384615,0.0769230769231,0.5,0.91,-0.7,0.384615384615,0.1,0
0.230769230769,0.153846153846,0.461538461538,0,1.0,5.2,0.923076923077,-5,0.384615384615,0.384615384615,0,1,-0.9,0.230769230769,0.35,1
0.0769230769231,0.307692307692,0.461538461538,0,1.0,0,0.923076923077,-0.8,0.230769230769,0.384615384615,0.3,0.96,0,0.230769230769,0.1,0
0.153846153846,0.307692307692,0.307692307692,21.2,1.0,25.6,0.923076923077,0.8,0.153846153846,0.461538461538,0,0.83,-0.6,0.0769230769231,0.25,0
0.153846153846,0.307692307692,0.307692307692,78.1,1.0,78.6,0.923076923077,-1,0.0769230769231,0.461538461538,-0.1,0.21,0,0.384615384615,0,1
0.230769230769,0.0769230769231,0.461538461538,0,1.0,0,0.923076923077,-1,0.230769230769,0.384615384615,0,1,-1.1,0.230769230769,0.35,1
0.230769230769,0.0769230769231,0.307692307692,0,1.0,0.2,0.923076923077,0,0.0769230769231,0.461538461538,0.7,0.78,0,0.230769230769,0.1,0
0.230769230769,0.0769230769231,0.461538461538,20.1,1.0,24.2,0.923076923077,-4,0.384615384615,0.461538461538,0.2,0.59,-0.1,0.384615384615,0.1,1
0.0769230769231,0.153846153846,0.0769230769231,25.3,1.0,32.4,0.923076923077,-2.5,0.384615384615,0.384615384615,0.3,0.97,0,0.230769230769,0.25,0
0.0769230769231,0.307692307692,0.461538461538,1.2,1.0,3.4,0.923076923077,-0.6,0.230769230769,0.384615384615,0,1,-0.5,0.384615384615,0.1,0
0.0769230769231,0.0769230769231,0.461538461538,0,1.0,0,0.923076923077,1.9,0.0769230769231,0.0769230769231,0.7,0.25,1.1,0.384615384615,0,1
