AAWt,AAMt,Sstruct,SaccW,ShbondsW,SaccM,ShbondsM,yDDG,Result,Positiontype,ProteinPropens,Positionaccept,MOSST,SectorSuperficie,Functionalrelevancefunction,Clinical
0.18181818181818182,0.09090909090909091,0.18181818181818182,38.7,0.7272727272727273,56.6,0.2727272727272727,-1.7,0.18181818181818182,0.45454545454545453,0,1,-1.1,0.18181818181818182,0.1,1
0.09090909090909091,0.09090909090909091,0.36363636363636365,62.5,0.2727272727272727,76,0.2727272727272727,-0.8,0.09090909090909091,0.45454545454545453,0.7,0.59,0.4,0.09090909090909091,0.25,1
0.18181818181818182,0.09090909090909091,0.36363636363636365,12.8,0.7272727272727273,39.6,0.2727272727272727,2.7,0.2727272727272727,0.45454545454545453,0,1,-0.5,0.09090909090909091,0.6,0
0.18181818181818182,0.09090909090909091,0.36363636363636365,52.6,0.7272727272727273,81.8,0.2727272727272727,-1.5,0.18181818181818182,0.45454545454545453,0,1,-1.3,0.18181818181818182,0.8,1
0.18181818181818182,0.18181818181818182,0.18181818181818182,18.3,0.7272727272727273,29.5,0.45454545454545453,0.8,0.09090909090909091,0.45454545454545453,0.5,0.85,-0.5,0.18181818181818182,0.8,0
0.09090909090909091,0.09090909090909091,0.36363636363636365,74,0.2727272727272727,82.7,0.2727272727272727,0.5,0.18181818181818182,0.09090909090909091,0.9,0.76,0.3,0.18181818181818182,0.1,1
0.18181818181818182,0.09090909090909091,0.36363636363636365,0,0.7272727272727273,1.8,0.45454545454545453,-4.3,0.09090909090909091,0.45454545454545453,0,1,-0.8,0.09090909090909091,0.35,1
0.09090909090909091,0.09090909090909091,0.36363636363636365,4.9,0.2727272727272727,3,0.2727272727272727,2.1,0.2727272727272727,0.45454545454545453,0.7,0.73,-0.2,0.18181818181818182,0.75,0
0.09090909090909091,0.09090909090909091,0.09090909090909091,16.3,0.7272727272727273,43.3,0.45454545454545453,1.6,0.09090909090909091,0.45454545454545453,0.8,0.74,-0.3,0.18181818181818182,0.65,1
0.09090909090909091,0.18181818181818182,0.36363636363636365,0.5,0.7272727272727273,4,0.45454545454545453,3,0.2727272727272727,0.45454545454545453,0,1,-1,0.18181818181818182,0,0
0.18181818181818182,0.09090909090909091,0.36363636363636365,40.3,0.7272727272727273,39.7,0.45454545454545453,0.2,0.18181818181818182,0.45454545454545453,0.6,0.87,0,0.18181818181818182,0.6,0
