AAWt,AAMt,Sstruct,SaccW,ShbondsW,SaccM,ShbondsM,yDDG,Result,Positiontype,ProteinPropens,Positionaccept,MOSST,SectorSuperficie,Functionalrelevancefunction,Clinical
0.10459884816382599,0.10459884816382599,0.20919769632765198,0.0,0.313796544491478,0.0,0.20919769632765198,-0.5439140104518951,0.10459884816382599,0.20919769632765198,0.0,0.41839539265530395,-0.4602349319208344,0.10459884816382599,0.20919769632765198,1
0.012397600294862783,0.012397600294862783,0.012397600294862783,0.48598593155862113,0.037192800884588345,0.8529549002865594,0.012397600294862783,-0.16860736401013385,0.024795200589725567,0.024795200589725567,0.0,0.049590401179451134,-0.04463136106150602,0.012397600294862783,0.004959040117945113,0
0.0022469883993761807,0.0022469883993761807,0.0022469883993761807,0.7442025578733911,0.0022469883993761807,0.6678049522946009,0.0022469883993761807,-0.006291567518253306,0.0022469883993761807,0.004493976798752361,0.0071903628780037795,0.005752290302403023,-0.0017975907195009449,0.004493976798752361,0.0008987953597504724,0
0.005566088038294153,0.005566088038294153,0.011132176076588306,0.6634776941646631,0.01669826411488246,0.7458557971314165,0.011132176076588306,-0.04675513952167089,0.011132176076588306,0.011132176076588306,0.0,0.018034125244073055,-0.0022264352153176614,0.011132176076588306,0.004452870430635323,0
