Statistic,Value
Mean,0.716548121358
Std,0.208464705701
Max,1.0
Min,0.0
Var,0.043457533523
