AAWt,AAMt,Sstruct,SaccW,ShbondsW,SaccM,ShbondsM,yDDG,Result,Positiontype,ProteinPropens,Positionaccept,MOSST,SectorSuperficie,Functionalrelevancefunction,Clinical
0.142857142857,0.142857142857,0.285714285714,25.4,0.714285714286,38.2,0.857142857143,0.8,0.142857142857,0.571428571429,0,1,-1.3,0.142857142857,0,1
0.285714285714,0.142857142857,0.571428571429,0,0.714285714286,2.4,0.857142857143,-0.8,0.142857142857,0.571428571429,0,1,-0.5,0.142857142857,0.35,1
0.142857142857,0.142857142857,0.142857142857,12.8,0.714285714286,39.6,0.142857142857,2.7,0.285714285714,0.571428571429,0,1,-0.5,0.142857142857,0.6,0
0.285714285714,0.142857142857,0.285714285714,7.3,0.714285714286,14.4,0.857142857143,-2.2,0.285714285714,0.571428571429,0,1,-0.9,0.571428571429,0.95,0
0.285714285714,0.142857142857,0.571428571429,74,0.285714285714,87.1,0.857142857143,0.2,0.142857142857,0.142857142857,0.9,0.76,-0.3,0.571428571429,0.1,1
0.142857142857,0.142857142857,0.571428571429,4.9,0.285714285714,2.1,0.857142857143,2.5,0.285714285714,0.285714285714,0.7,0.73,-0.4,0.571428571429,0.75,1
0.285714285714,0.142857142857,0.571428571429,20.1,0.714285714286,24.2,0.857142857143,-4,0.285714285714,0.285714285714,0.2,0.59,-0.1,0.571428571429,0.1,1
