AAWt,AAMt,Sstruct,SaccW,ShbondsW,SaccM,ShbondsM,yDDG,Result,Positiontype,ProteinPropens,Positionaccept,MOSST,SectorSuperficie,Functionalrelevancefunction,Clinical
0.0909090909091,0.0909090909091,0.545454545455,6,0.727272727273,5.7,0.545454545455,2.9,0.0909090909091,0.636363636364,0.5,0.61,-0.4,0.272727272727,0.6,0
0.272727272727,0.181818181818,0.272727272727,52.6,0.727272727273,81.8,0.181818181818,-1.5,0.0909090909091,0.0909090909091,0,1,-1.3,0.181818181818,0.8,1
0.272727272727,0.0909090909091,0.272727272727,40.3,0.727272727273,60.9,0.545454545455,-2.8,0.272727272727,0.636363636364,0.6,0.87,-0.6,0.181818181818,0.6,1
0.181818181818,0.181818181818,0.545454545455,11.1,0.727272727273,28.8,0.272727272727,-0.7,0.0909090909091,0.636363636364,0.5,0.91,-0.7,0.181818181818,0.5,1
0.0909090909091,0.0909090909091,0.545454545455,14.4,0.181818181818,20.5,0.272727272727,-3.1,0.272727272727,0.0909090909091,0.2,0.48,-0.2,0.181818181818,0.8,0
0.181818181818,0.0909090909091,0.272727272727,65.7,0.0909090909091,85.6,0.272727272727,0.3,0.363636363636,0.636363636364,0.4,0.14,-0.1,0.0909090909091,0.15,1
0.181818181818,0.0909090909091,0.545454545455,11.1,0.727272727273,16.5,0.545454545455,0.2,0.363636363636,0.636363636364,0.5,0.91,-0.3,0.181818181818,0.5,0
0.0909090909091,0.181818181818,0.0909090909091,0.1,0.727272727273,0.1,0.545454545455,-3.2,0.272727272727,0.636363636364,0.5,0.9,-0.8,0.272727272727,0.1,0
0.0909090909091,0.0909090909091,0.545454545455,24.3,0.727272727273,14.2,0.545454545455,1.5,0.0909090909091,0.181818181818,0,0.41,0.7,0.0909090909091,0,1
0.272727272727,0.0909090909091,0.545454545455,59.5,0.727272727273,67.4,0.545454545455,0,0.363636363636,0.181818181818,0.9,0.56,0.4,0.272727272727,0.1,1
0.181818181818,0.181818181818,0.0909090909091,96.5,0.181818181818,95.3,0.181818181818,0.3,0.363636363636,0.636363636364,0.4,0.6,0.2,0.181818181818,0.3,0
