AAWt,AAMt,Sstruct,SaccW,ShbondsW,SaccM,ShbondsM,yDDG,Result,Positiontype,ProteinPropens,Positionaccept,MOSST,SectorSuperficie,Functionalrelevancefunction,Clinical
0.0769230769231,0.153846153846,0.384615384615,91.7,0.307692307692,64.7,0.923076923077,0,0.384615384615,0.538461538462,0.5,0.9,-0.7,0.153846153846,0,0
0.153846153846,0.153846153846,0.384615384615,0,0.615384615385,0,0.923076923077,0.7,0.384615384615,0.384615384615,0,1,-0.7,0.0769230769231,0.5,0
0.153846153846,0.0769230769231,0.384615384615,66.5,0.0769230769231,53.3,0.923076923077,0.3,0.384615384615,0.538461538462,0.7,0.85,-0.3,0.307692307692,0.25,1
0.0769230769231,0.0769230769231,0.153846153846,96.5,0.307692307692,95.3,0.0769230769231,0.3,0.384615384615,0.538461538462,0.4,0.6,0.2,0.153846153846,0.3,0
0.153846153846,0.153846153846,0.384615384615,3.2,0.307692307692,0.1,0.923076923077,-1.9,0.153846153846,0.384615384615,0.5,0.92,-0.6,0.153846153846,0.6,1
0.153846153846,0.153846153846,0.153846153846,42.5,0.615384615385,55.3,0.923076923077,0.7,0.0769230769231,0.538461538462,0.5,0.93,-0.6,0.307692307692,0.1,0
0.0769230769231,0.0769230769231,0.384615384615,0,0.615384615385,5.5,0.923076923077,-1.5,0.153846153846,0.384615384615,0,1,-0.6,0.153846153846,0.15,1
0.153846153846,0.0769230769231,0.384615384615,3.2,0.307692307692,33.2,0.923076923077,-5.8,0.307692307692,0.384615384615,0.5,0.92,-0.8,0.153846153846,0.6,1
0.153846153846,0.0769230769231,0.0769230769231,6.8,0.615384615385,6,0.923076923077,-2.2,0.307692307692,0.384615384615,0.3,0.97,-0.4,0.153846153846,0.2,0
0.0769230769231,0.153846153846,0.384615384615,59.5,0.615384615385,67.4,0.923076923077,0,0.384615384615,0.0769230769231,0.9,0.56,0.4,0.153846153846,0.1,1
0.0769230769231,0.153846153846,0.384615384615,29.8,0.615384615385,33.5,0.923076923077,-2.1,0.307692307692,0.538461538462,0,0.81,-0.1,0.153846153846,0.2,0
0.0769230769231,0.0769230769231,0.384615384615,45.4,0.615384615385,36.8,0.923076923077,-3.6,0.307692307692,0.538461538462,0.1,0.57,-0.3,0.307692307692,0.1,0
0.0769230769231,0.0769230769231,0.384615384615,11.1,0.615384615385,11.3,0.923076923077,1.4,0.0769230769231,0.538461538462,0.5,0.91,-0.4,0.307692307692,0.5,1
