AAWt,AAMt,Sstruct,SaccW,ShbondsW,SaccM,ShbondsM,yDDG,Result,Positiontype,ProteinPropens,Positionaccept,MOSST,SectorSuperficie,Functionalrelevancefunction,Clinical
0.0018896673970776885,0.0018896673970776885,0.0018896673970776885,0.7362144179014675,0.005669002191233065,0.6765009281538125,0.007558669588310754,-0.013605605258959357,0.0018896673970776885,0.0018896673970776885,0.002267600876493226,0.00582017558299928,0.0,0.0018896673970776885,0.0,0
0.004267984685696123,0.004267984685696123,0.004267984685696123,0.775066018922416,0.01280395405708837,0.6282473457344693,0.017071938742784492,-0.06145897947402418,0.008535969371392246,0.008535969371392246,0.0017071938742784494,0.009731005083387161,-0.005121581622835348,0.004267984685696123,0.0017071938742784494,0
0.0022273400950210474,0.0022273400950210474,0.0022273400950210474,0.8169883468537202,0.0022273400950210474,0.5764356165914472,0.00890936038008419,0.0,0.0022273400950210474,0.004454680190042095,0.004454680190042095,0.008018424342075772,-0.006236552266058933,0.0022273400950210474,0.0,0
0.014379554497017593,0.014379554497017593,0.014379554497017593,0.39112388231887857,0.04313866349105278,0.8685250916198627,0.05751821798807037,-0.28183926814154486,0.028759108994035186,0.014379554497017593,0.017255465396421112,0.05579267144842826,-0.05176639618926334,0.014379554497017593,0.011503643597614075,0
