AAWt,AAMt,Sstruct,SaccW,ShbondsW,SaccM,ShbondsM,yDDG,Result,Positiontype,ProteinPropens,Positionaccept,MOSST,SectorSuperficie,Functionalrelevancefunction,Clinical
0.00335430594444,0.00335430594444,0.00670861188888,0.6158505714,0.00335430594444,0.787591035755,0.00335430594444,-0.00134172237778,0.00335430594444,0.00335430594444,0.0134172237778,0.00764781755333,0.00536688951111,0.00670861188888,0.00134172237778,0
0.0230332218565,0.0115166109283,0.0115166109283,0.589650479527,0.0345498327848,0.801556120607,0.0115166109283,-0.0552797324556,0.0115166109283,0.0115166109283,0.0,0.046066443713,-0.0368531549704,0.0115166109283,0.0276398662278,0
0.00460745345691,0.00460745345691,0.00921490691383,0.764837273848,0.0138223603707,0.643200502585,0.00921490691383,0.0184298138277,0.00921490691383,0.00460745345691,0.0165868324449,0.00479175159519,0.00921490691383,0.00921490691383,0.0,1
0.0143787137262,0.00718935686312,0.00718935686312,0.52626092238,0.0215680705894,0.848344109848,0.0143787137262,0.023005941962,0.0143787137262,0.00718935686312,0.0143787137262,0.0244438133346,-0.0143787137262,0.00718935686312,0.023005941962,0
