AAWt,AAMt,Sstruct,SaccW,ShbondsW,SaccM,ShbondsM,yDDG,Result,Positiontype,ProteinPropens,Positionaccept,MOSST,SectorSuperficie,Functionalrelevancefunction,Clinical
0.04257516895563572,0.04257516895563572,0.08515033791127144,0.23842094615156004,0.17030067582254288,0.34060135164508576,0.08515033791127144,-0.8344733115304602,0.04257516895563572,0.08515033791127144,0.0,0.17030067582254288,-0.17030067582254288,0.12772550686690717,0.01703006758225429,0
0.007986982396053376,0.007986982396053376,0.015973964792106752,0.21405112821423047,0.031947929584213504,0.9744118523185118,0.015973964792106752,0.015973964792106752,0.023960947188160126,0.015973964792106752,0.02236355070894945,0.024919385075686532,0.0031947929584213506,0.023960947188160126,0.015973964792106752,0
0.002309592247465044,0.002309592247465044,0.002309592247465044,0.5635405083814707,0.009238368989860177,0.8259101876934999,0.004619184494930088,0.0,0.0069287767423951326,0.004619184494930088,0.0009238368989860177,0.007021160432293734,-0.0009238368989860177,0.0069287767423951326,0.0018476737979720354,0
0.005248817071188524,0.005248817071188524,0.005248817071188524,0.5311802876042786,0.020995268284754096,0.84610931187559,0.010497634142377048,0.00209952682847541,0.015746451213565573,0.010497634142377048,0.0062985804854262285,0.02036541023621147,-0.020995268284754096,0.005248817071188524,0.005248817071188524,0
