AAWt,AAMt,Sstruct,SaccW,ShbondsW,SaccM,ShbondsM,yDDG,Result,Positiontype,ProteinPropens,Positionaccept,MOSST,SectorSuperficie,Functionalrelevancefunction,Clinical
0.0909090909091,0.0909090909091,0.272727272727,52.4,0.181818181818,48.6,0.545454545455,-3.3,0.363636363636,0.454545454545,0.2,0.91,-0.8,0.272727272727,0.6,0
0.0909090909091,0.0909090909091,0.181818181818,14.4,0.181818181818,19.1,0.272727272727,-2.6,0.363636363636,0.0909090909091,0.2,0.48,-0.1,0.272727272727,0.8,0
0.181818181818,0.181818181818,0.272727272727,93.3,0.636363636364,90.2,0.545454545455,-0.5,0.0909090909091,0.363636363636,0,1,-1.1,0.272727272727,0.3,0
0.0909090909091,0.0909090909091,0.272727272727,65.7,0.181818181818,85.6,0.272727272727,0.3,0.272727272727,0.454545454545,0.4,0.14,-0.1,0.0909090909091,0.15,1
0.181818181818,0.0909090909091,0.363636363636,0.1,0.636363636364,0.1,0.545454545455,-3.2,0.363636363636,0.454545454545,0.5,0.9,-0.8,0.0909090909091,0.1,0
0.181818181818,0.0909090909091,0.363636363636,0,0.636363636364,0,0.545454545455,1.9,0.0909090909091,0.0909090909091,0.7,0.25,1.1,0.181818181818,0,1
0.0909090909091,0.272727272727,0.0909090909091,25.3,0.636363636364,40.3,0.181818181818,0.1,0.272727272727,0.363636363636,0.3,0.97,-1,0.181818181818,0.25,0
0.181818181818,0.272727272727,0.363636363636,4.9,0.181818181818,3,0.272727272727,2.1,0.0909090909091,0.454545454545,0.7,0.73,-0.2,0.181818181818,0.75,0
0.0909090909091,0.0909090909091,0.363636363636,0,0.636363636364,5.2,0.545454545455,-5,0.363636363636,0.363636363636,0,1,-0.9,0.181818181818,0.35,1
0.0909090909091,0.272727272727,0.0909090909091,6.8,0.636363636364,8.6,0.181818181818,0.5,0.272727272727,0.363636363636,0.3,0.97,-0.6,0.0909090909091,0.2,0
0.0909090909091,0.181818181818,0.181818181818,50.8,0.636363636364,23.9,0.545454545455,-1.8,0.0909090909091,0.454545454545,1,0.63,-0.3,0.0909090909091,0.25,0
