AAWt,AAMt,Sstruct,SaccW,ShbondsW,SaccM,ShbondsM,yDDG,Result,Positiontype,ProteinPropens,Positionaccept,MOSST,SectorSuperficie,Functionalrelevancefunction,Clinical
0.18181818181818182,0.09090909090909091,0.45454545454545453,40.3,0.6363636363636364,20.5,0.6363636363636364,0.3,0.36363636363636365,0.45454545454545453,0.6,0.87,-0.1,0.18181818181818182,0.6,0
0.09090909090909091,0.09090909090909091,0.09090909090909091,97.4,0.6363636363636364,89.5,0.6363636363636364,-1.8,0.09090909090909091,0.09090909090909091,0.3,0.77,0,0.09090909090909091,0,0
0.09090909090909091,0.18181818181818182,0.36363636363636365,14.4,0.36363636363636365,20.5,0.09090909090909091,-3.1,0.2727272727272727,0.09090909090909091,0.2,0.48,-0.2,0.18181818181818182,0.8,0
0.2727272727272727,0.36363636363636365,0.45454545454545453,65.1,0.36363636363636365,64.1,0.2727272727272727,-0.4,0.36363636363636365,0.45454545454545453,0.1,0.8,0,0.18181818181818182,0.5,1
0.09090909090909091,0.09090909090909091,0.36363636363636365,23.5,0.6363636363636364,23.6,0.6363636363636364,-0.8,0.18181818181818182,0.36363636363636365,0,1,-1,0.18181818181818182,0.6,0
0.09090909090909091,0.36363636363636365,0.45454545454545453,6.7,0.6363636363636364,38.3,0.6363636363636364,-2.2,0.2727272727272727,0.45454545454545453,0.7,0.78,-0.5,0.18181818181818182,0.5,0
0.09090909090909091,0.09090909090909091,0.09090909090909091,6.8,0.6363636363636364,6.3,0.6363636363636364,-0.7,0.18181818181818182,0.36363636363636365,0.3,0.97,-0.3,0.09090909090909091,0.2,1
0.2727272727272727,0.36363636363636365,0.45454545454545453,63.3,0.36363636363636365,97.8,0.2727272727272727,-0.4,0.36363636363636365,0.36363636363636365,0,1,-0.3,0.09090909090909091,1,1
0.09090909090909091,0.18181818181818182,0.36363636363636365,6,0.6363636363636364,4.7,0.6363636363636364,0.5,0.09090909090909091,0.45454545454545453,0.5,0.61,-0.3,0.09090909090909091,0.6,1
0.2727272727272727,0.36363636363636365,0.45454545454545453,65.1,0.36363636363636365,64.1,0.2727272727272727,-0.4,0.36363636363636365,0.45454545454545453,0.1,0.8,0,0.18181818181818182,0.5,1
0.18181818181818182,0.09090909090909091,0.36363636363636365,26.8,0.6363636363636364,54.1,0.6363636363636364,-2.8,0.2727272727272727,0.36363636363636365,0,1,-1.2,0.09090909090909091,0.1,0
