AAWt,AAMt,Sstruct,SaccW,ShbondsW,SaccM,ShbondsM,yDDG,Result,Positiontype,ProteinPropens,Positionaccept,MOSST,SectorSuperficie,Functionalrelevancefunction,Clinical
0.037759252977,0.012586417659,0.062932088295,0.0,0.088104923613,0.93642947383,0.025172835318,-0.302074023816,0.050345670636,0.025172835318,0.0906222071448,0.0473249303978,-0.0402765365088,0.037759252977,0.0352419694452,0
0.00137010781102,0.00274021562205,0.00685053905511,0.630249593071,0.00959075467716,0.776029064163,0.00822064686614,-0.0142491212346,0.00137010781102,0.00137010781102,0.00986477623936,0.00339786737134,0.00109608624882,0.00411032343307,0.00383630187086,1
0.0550348480918,0.0550348480918,0.275174240459,0.0,0.385243936642,0.0,0.330209088551,0.0,0.110069696184,0.275174240459,0.0,0.440278784734,-0.572362420154,0.0550348480918,0.220139392367,1
0.0819684369352,0.0273228123117,0.0546456246235,0.306015497892,0.191259686182,0.502739746536,0.16393687387,-0.677605745331,0.109291249247,0.136614061559,0.0,0.218582498494,-0.196724248645,0.0546456246235,0.0218582498494,0
0.0166223073575,0.0332446147151,0.0831115367877,0.0,0.116356151503,0.691487986074,0.0997338441453,-0.664892294302,0.0664892294302,0.0831115367877,0.0,0.13297845886,-0.119680612974,0.0498669220726,0.0465424606011,1
0.00146744674277,0.00146744674277,0.00293489348555,0.807682687222,0.00146744674277,0.589326611898,0.00293489348555,-0.00469582957687,0.00293489348555,0.00733723371386,0.0,0.0117395739422,-0.00939165915375,0.00293489348555,0.0,0
0.0236013069906,0.00786710233019,0.00786710233019,0.264334638294,0.0550697163113,0.862234415388,0.0472026139811,-0.40908932117,0.0314684093207,0.0393355116509,0.0629368186415,0.0597899777094,-0.0566431367773,0.00786710233019,0.00629368186415,0
0.00204487478278,0.00204487478278,0.0102243739139,0.605282935703,0.0143141234795,0.795047315545,0.0122692486967,0.0278102970458,0.00204487478278,0.00408974956556,0.00327179965245,0.0145595084534,-0.00654359930489,0.00204487478278,0.0,1
