Statistic,Value
Mean,0.345616698292
Std,0.395588996104
Max,2.0
Min,0.0
Var,0.156490653839
