AAWt,AAMt,Sstruct,SaccW,ShbondsW,SaccM,ShbondsM,yDDG,Result,Positiontype,ProteinPropens,Positionaccept,MOSST,SectorSuperficie,Functionalrelevancefunction,Clinical
0.003813077000574456,0.001906538500287228,0.005719615500861684,0.9008394413857153,0.005719615500861684,0.4337375088153444,0.001906538500287228,-0.004003730850603179,0.001906538500287228,0.003813077000574456,0.009342038651407416,0.011610819466749219,0.0013345769502010598,0.001906538500287228,0.003336442375502649,0
0.004212866430899358,0.008425732861798716,0.012638599292698073,0.09436820805214562,0.012638599292698073,0.9790701585410109,0.02106433215449679,-0.17104237709451392,0.01685146572359743,0.01685146572359743,0.014745032508147753,0.027130859814991866,-0.023592052013036404,0.004212866430899358,0.017694039009777302,1
0.004292240090392557,0.004292240090392557,0.012876720271177672,0.6369684294142556,0.01716896036157023,0.7691694241983463,0.02146120045196279,0.024036544506198323,0.008584480180785115,0.004292240090392557,0.0,0.02493791492518076,-0.01802740837964874,0.004292240090392557,0.007511420158186976,0
0.0012208280450802347,0.0012208280450802347,0.0012208280450802347,0.540948906775052,0.0036624841352407038,0.8409063574512657,0.0012208280450802347,0.00598205742089315,0.0024416560901604693,0.004883312180320939,0.0,0.008545796315561642,-0.004272898157780821,0.0012208280450802347,0.008545796315561642,1
0.007030487874245186,0.007030487874245186,0.02109146362273556,0.7628079343556027,0.028121951496980744,0.6200890305084255,0.03515243937122593,-0.17224695291900707,0.028121951496980744,0.014060975748490372,0.014764024535914891,0.008366280570351773,-0.004921341511971631,0.007030487874245186,0.004921341511971631,1
0.007588288227174815,0.01517657645434963,0.022764864681524444,0.015935405277067112,0.03035315290869926,0.9561243166240267,0.037941441135874075,-0.2762136914691633,0.03035315290869926,0.03035315290869926,0.015935405277067112,0.05046211671071252,-0.037182612313156595,0.007588288227174815,0.005311801759022371,0
0.017388068627423724,0.008694034313711862,0.026082102941135585,0.4442651534306762,0.03477613725484745,0.8763586588221558,0.04347017156855931,-0.13388812843116268,0.03477613725484745,0.03477613725484745,0.0,0.060858240195983036,-0.05477241617638474,0.008694034313711862,0.05781532818618388,0
