AAWt,AAMt,Sstruct,SaccW,ShbondsW,SaccM,ShbondsM,yDDG,Result,Positiontype,ProteinPropens,Positionaccept,MOSST,SectorSuperficie,Functionalrelevancefunction,Clinical
0.18181818181818182,0.18181818181818182,0.18181818181818182,18.3,0.6363636363636364,12.9,0.7272727272727273,-3.5,0.18181818181818182,0.6363636363636364,0.5,0.85,-0.8,0.18181818181818182,0.8,0
0.2727272727272727,0.09090909090909091,0.18181818181818182,4.9,0.2727272727272727,2.1,0.7272727272727273,2.5,0.09090909090909091,0.6363636363636364,0.7,0.73,-0.4,0.36363636363636365,0.75,1
0.09090909090909091,0.09090909090909091,0.5454545454545454,46.3,0.6363636363636364,15.3,0.7272727272727273,-0.2,0.2727272727272727,0.2727272727272727,0,1,-1,0.36363636363636365,0.35,1
0.09090909090909091,0.09090909090909091,0.5454545454545454,16.3,0.6363636363636364,43.3,0.7272727272727273,1.6,0.09090909090909091,0.6363636363636364,0.8,0.74,-0.3,0.09090909090909091,0.65,1
0.18181818181818182,0.18181818181818182,0.5454545454545454,62,0.09090909090909091,37.2,0.7272727272727273,-0.7,0.36363636363636365,0.09090909090909091,0.3,0.67,-0.4,0.09090909090909091,0.35,0
0.09090909090909091,0.09090909090909091,0.5454545454545454,75.7,0.2727272727272727,81.1,0.18181818181818182,0.1,0.2727272727272727,0.6363636363636364,0.1,0.72,0,0.09090909090909091,0.1,1
0.09090909090909091,0.18181818181818182,0.5454545454545454,7.3,0.6363636363636364,16.4,0.7272727272727273,-3.1,0.18181818181818182,0.2727272727272727,0,1,-1,0.36363636363636365,0.95,1
0.2727272727272727,0.09090909090909091,0.5454545454545454,11.1,0.6363636363636364,46.4,0.09090909090909091,-0.4,0.2727272727272727,0.6363636363636364,0.5,0.91,-0.8,0.36363636363636365,0.5,0
0.09090909090909091,0.09090909090909091,0.18181818181818182,0,0.6363636363636364,0,0.7272727272727273,-1,0.36363636363636365,0.2727272727272727,0,1,-1.1,0.09090909090909091,0.35,1
0.09090909090909091,0.09090909090909091,0.09090909090909091,37.1,0.6363636363636364,41.4,0.18181818181818182,-0.6,0.36363636363636365,0.6363636363636364,0.6,0.85,0.3,0.09090909090909091,0.6,1
0.2727272727272727,0.18181818181818182,0.18181818181818182,3.9,0.2727272727272727,3.5,0.7272727272727273,-0.9,0.36363636363636365,0.6363636363636364,0.5,0.88,-0.4,0.18181818181818182,0.5,0
