Statistic,Value
Mean,5.63797468354
Std,4.95564215284
Max,25.0
Min,0.0
Var,24.558389147
