AAWt,AAMt,Sstruct,SaccW,ShbondsW,SaccM,ShbondsM,yDDG,Result,Positiontype,ProteinPropens,Positionaccept,MOSST,SectorSuperficie,Functionalrelevancefunction,Clinical
0.14285714285714285,0.14285714285714285,0.14285714285714285,0,0.7142857142857143,0,1.0,2.5,0.14285714285714285,0.5714285714285714,0,1,-0.3,0.14285714285714285,0.5,1
0.2857142857142857,0.14285714285714285,0.2857142857142857,0.2,0.7142857142857143,9,1.0,-3.6,0.42857142857142855,0.14285714285714285,0.5,0.91,-0.6,0.14285714285714285,0.1,0
0.14285714285714285,0.14285714285714285,0.2857142857142857,0,0.7142857142857143,4.1,1.0,-2.5,0.42857142857142855,0.5714285714285714,0,1,-0.8,0.14285714285714285,0.15,0
0.2857142857142857,0.2857142857142857,0.2857142857142857,76.9,0.7142857142857143,43.2,1.0,-1.9,0.2857142857142857,0.5714285714285714,0,1,-1,0.14285714285714285,0.3,1
0.14285714285714285,0.2857142857142857,0.2857142857142857,52.4,0.14285714285714285,29.7,1.0,-2.3,0.42857142857142855,0.2857142857142857,0.2,0.91,-0.8,0.2857142857142857,0.6,0
0.14285714285714285,0.14285714285714285,0.2857142857142857,91.7,0.14285714285714285,64.7,1.0,0,0.14285714285714285,0.2857142857142857,0.5,0.9,-0.7,0.2857142857142857,0,0
0.14285714285714285,0.14285714285714285,0.2857142857142857,6.8,0.7142857142857143,7.8,1.0,-1.1,0.2857142857142857,0.5714285714285714,0.3,0.97,-0.7,0.14285714285714285,0.2,1
