AAWt,AAMt,Sstruct,SaccW,ShbondsW,SaccM,ShbondsM,yDDG,Result,Positiontype,ProteinPropens,Positionaccept,MOSST,SectorSuperficie,Functionalrelevancefunction,Clinical
0.0909090909091,0.181818181818,0.363636363636,12.1,0.0909090909091,10.6,0.818181818182,0.4,0.454545454545,0.545454545455,0.3,0.97,-0.9,0.0909090909091,0.6,0
0.181818181818,0.181818181818,0.363636363636,0.3,0.545454545455,18,0.818181818182,-5.2,0.0909090909091,0.545454545455,0.3,0.95,-0.7,0.0909090909091,0.1,0
0.181818181818,0.181818181818,0.0909090909091,76.9,0.545454545455,43.2,0.818181818182,-1.9,0.181818181818,0.545454545455,0,1,-1,0.181818181818,0.3,1
0.0909090909091,0.0909090909091,0.545454545455,67.5,0.363636363636,32.5,0.0909090909091,-0.3,0.454545454545,0.181818181818,0.7,0.87,0.1,0.0909090909091,0.25,0
0.181818181818,0.181818181818,0.545454545455,50.3,0.363636363636,35,0.818181818182,0.1,0.454545454545,0.545454545455,0,1,-1,0.0909090909091,0.1,1
0.181818181818,0.0909090909091,0.545454545455,59.5,0.545454545455,67.4,0.818181818182,0,0.454545454545,0.181818181818,0.9,0.56,0.4,0.272727272727,0.1,1
0.181818181818,0.181818181818,0.545454545455,23.5,0.545454545455,23.6,0.818181818182,-0.8,0.181818181818,0.545454545455,0,1,-1,0.181818181818,0.6,0
0.0909090909091,0.181818181818,0.545454545455,75.7,0.363636363636,90.9,0.0909090909091,-0.6,0.181818181818,0.272727272727,0.1,0.72,-0.2,0.0909090909091,0.1,1
0.181818181818,0.181818181818,0.545454545455,16.3,0.545454545455,43.3,0.818181818182,1.6,0.0909090909091,0.272727272727,0.8,0.74,-0.3,0.272727272727,0.65,1
0.0909090909091,0.181818181818,0.363636363636,4.9,0.363636363636,3.1,0.818181818182,-1.8,0.181818181818,0.272727272727,0.7,0.73,0,0.0909090909091,0.75,0
0.0909090909091,0.0909090909091,0.363636363636,0.5,0.545454545455,1.2,0.818181818182,-0.4,0.454545454545,0.545454545455,0,1,-0.8,0.272727272727,0,0
