AAWt,AAMt,Sstruct,SaccW,ShbondsW,SaccM,ShbondsM,yDDG,Result,Positiontype,ProteinPropens,Positionaccept,MOSST,SectorSuperficie,Functionalrelevancefunction,Clinical
0.00195080766021,0.000975403830107,0.00390161532043,0.72765125726,0.00877863447096,0.685708892565,0.00390161532043,0.0107294421312,0.000975403830107,0.00390161532043,0.0,0.00770569025785,-0.00292621149032,0.00195080766021,0.00341391340537,1
0.0291184059987,0.087355217996,0.0582368119973,0.0,0.262065653988,0.0,0.145592029993,-0.844433773961,0.0582368119973,0.174710435992,0.087355217996,0.279536697587,-0.232947247989,0.0291184059987,0.101914420995,1
0.00526003776725,0.0105200755345,0.021040151069,0.352422530406,0.0473403399052,0.931026684803,0.0263001888362,-0.0157801133017,0.0157801133017,0.021040151069,0.0368202643707,0.0410282945845,-0.0263001888362,0.0105200755345,0.0263001888362,1
0.0415227399269,0.0415227399269,0.0830454798537,0.0,0.373704659342,0.0,0.207613699634,-0.539795619049,0.166090959707,0.249136439561,0.0,0.415227399269,-0.456750139196,0.0415227399269,0.207613699634,1
0.0010051616913,0.00201032338261,0.00402064676521,0.691551243616,0.0010051616913,0.721706094355,0.00502580845651,-0.0241238805913,0.00201032338261,0.00603097014782,0.0,0.010051616913,-0.0110567786043,0.00201032338261,0.0,0
0.00137338193573,0.0020600729036,0.00274676387146,0.767720502074,0.00618021871079,0.640682673019,0.00274676387146,-0.00274676387146,0.0020600729036,0.00274676387146,0.00343345483933,0.00425748400077,-0.00274676387146,0.000686690967866,0.00377680032326,1
0.00920964939993,0.00460482469996,0.0184192987999,0.589417561595,0.0414434222997,0.801239497794,0.00460482469996,-0.0552578963996,0.0184192987999,0.0276289481998,0.0,0.0460482469996,-0.0368385975997,0.00460482469996,0.0276289481998,0
0.00209438983454,0.00209438983454,0.00837755933816,0.232477271634,0.0188495085109,0.971796883226,0.00837755933816,-0.00837755933816,0.00628316950362,0.00837755933816,0.0104719491727,0.0190589474943,-0.0167551186763,0.00418877966908,0.0104719491727,0
0.00205570692127,0.00308356038191,0.00411141384255,0.540650920295,0.00925068114573,0.840784130801,0.00411141384255,-0.0154178019096,0.00411141384255,0.00616712076382,0.0,0.0102785346064,-0.0133620949883,0.00102785346064,0.0082228276851,1
0.0167476935566,0.0167476935566,0.0669907742262,0.0,0.150729242009,0.921123145611,0.0837384677828,-0.251215403348,0.0669907742262,0.100486161339,0.0,0.167476935566,-0.100486161339,0.0167476935566,0.0251215403348,1
