AAWt,AAMt,Sstruct,SaccW,ShbondsW,SaccM,ShbondsM,yDDG,Result,Positiontype,ProteinPropens,Positionaccept,MOSST,SectorSuperficie,Functionalrelevancefunction,Clinical
0.0034223283146923842,0.0034223283146923842,0.0034223283146923842,0.3066406169964377,0.020533969888154306,0.948669408832729,0.013689313258769537,0.06468200514768607,0.0068446566293847684,0.013689313258769537,0.0,0.02395629820284669,-0.011978149101423346,0.0034223283146923842,0.014373778921708014,0
0.0020475884471841516,0.0020475884471841516,0.004095176894368303,0.6091575630372852,0.01228553068310491,0.7926214879049852,0.006142765341552455,0.010033183391202344,0.004095176894368303,0.006142765341552455,0.007166559565144531,0.01332980079116883,-0.008599871478173437,0.0020475884471841516,0.0014333119130289064,0
0.1952089365746901,0.1301392910497934,0.1952089365746901,0.0,0.3904178731493802,0.0,0.2602785820995868,0.27329251120456616,0.1301392910497934,0.2602785820995868,0.0,0.45548751867427695,-0.5010362705417047,0.1301392910497934,0.22774375933713847,0
0.06286821890355107,0.06286821890355107,0.1886046567106532,0.2200387661624288,0.3772093134213064,0.528093038789829,0.1886046567106532,-0.17603101292994303,0.1886046567106532,0.2514728756142043,0.0,0.4400775323248576,-0.35206202585988605,0.06286821890355107,0.0,0
0.008901150929311175,0.0029670503097703914,0.0029670503097703914,0.8286971515188704,0.01780230185862235,0.5586955733297647,0.011868201239081565,-0.006230805650517822,0.008901150929311175,0.008901150929311175,0.008307740867357097,0.011630837214299935,0.012461611301035644,0.0029670503097703914,0.0,1
0.09713724140698507,0.03237908046899502,0.09713724140698507,0.0,0.19427448281397014,0.0,0.09713724140698507,0.8839488968035641,0.06475816093799004,0.12951632187598008,0.0,0.22665356328296518,-0.2493189196112617,0.06475816093799004,0.11332678164148259,1
0.0010532713686529792,0.0021065427373059584,0.0021065427373059584,0.7114848095250874,0.0010532713686529792,0.7026373300284025,0.004213085474611917,0.002211869874171256,0.0031598141059589373,0.0031598141059589373,0.002949159832228342,0.004423739748342512,0.001474579916114171,0.0010532713686529792,0.002211869874171256,0
