AAWt,AAMt,Sstruct,SaccW,ShbondsW,SaccM,ShbondsM,yDDG,Result,Positiontype,ProteinPropens,Positionaccept,MOSST,SectorSuperficie,Functionalrelevancefunction,Clinical
0.142857142857,0.142857142857,0.285714285714,45.9,0.142857142857,58.7,0.285714285714,-0.1,0.428571428571,0.142857142857,1,0.57,0.4,0.428571428571,0.1,0
0.285714285714,0.142857142857,0.285714285714,12.8,0.857142857143,17.4,0.142857142857,-1.2,0.142857142857,0.285714285714,0,1,-0.8,0.142857142857,0.6,0
0.285714285714,0.142857142857,0.285714285714,41.5,0.857142857143,34.9,0.571428571429,1,0.285714285714,0.142857142857,0.9,0.26,0.5,0.428571428571,0,1
0.285714285714,0.285714285714,0.142857142857,18.3,0.857142857143,29.5,0.571428571429,0.8,0.285714285714,0.428571428571,0.5,0.85,-0.5,0.285714285714,0.8,0
0.285714285714,0.142857142857,0.142857142857,64.7,0.857142857143,68.4,0.285714285714,-0.3,0.428571428571,0.428571428571,0.7,0.53,0.2,0.142857142857,0.1,1
0.142857142857,0.285714285714,0.142857142857,1.2,0.857142857143,3.4,0.571428571429,-0.6,0.142857142857,0.285714285714,0,1,-0.5,0.428571428571,0.1,0
0.142857142857,0.142857142857,0.285714285714,6.7,0.857142857143,17.7,0.571428571429,-0.3,0.428571428571,0.428571428571,0.7,0.78,-0.5,0.285714285714,0.5,1
