AAWt,AAMt,Sstruct,SaccW,ShbondsW,SaccM,ShbondsM,yDDG,Result,Positiontype,ProteinPropens,Positionaccept,MOSST,SectorSuperficie,Functionalrelevancefunction,Clinical
0.14285714285714285,0.5714285714285714,0.42857142857142855,14.4,0.14285714285714285,19.1,0.42857142857142855,-2.6,0.42857142857142855,0.2857142857142857,0.2,0.48,-0.1,0.14285714285714285,0.8,0
0.14285714285714285,0.14285714285714285,0.14285714285714285,37.1,0.7142857142857143,41.4,0.42857142857142855,-0.6,0.2857142857142857,0.14285714285714285,0.6,0.85,0.3,0.14285714285714285,0.6,1
0.2857142857142857,0.5714285714285714,0.42857142857142855,0.3,0.7142857142857143,0,0.42857142857142855,-5.1,0.42857142857142855,0.42857142857142855,0.3,0.95,-0.9,0.14285714285714285,0.1,1
0.14285714285714285,0.14285714285714285,0.42857142857142855,62,0.14285714285714285,61.8,0.14285714285714285,0.6,0.14285714285714285,0.2857142857142857,0.3,0.67,0.6,0.14285714285714285,0.35,1
0.14285714285714285,0.5714285714285714,0.42857142857142855,0,0.7142857142857143,0,0.42857142857142855,-1.3,0.14285714285714285,0.14285714285714285,0.7,0.25,-0.1,0.2857142857142857,0,1
0.14285714285714285,0.14285714285714285,0.42857142857142855,1.2,0.7142857142857143,3.4,0.42857142857142855,-0.6,0.2857142857142857,0.42857142857142855,0,1,-0.5,0.2857142857142857,0.1,0
0.2857142857142857,0.5714285714285714,0.42857142857142855,26.8,0.7142857142857143,28.9,0.42857142857142855,-2.1,0.42857142857142855,0.42857142857142855,0,1,-1.3,0.14285714285714285,0.1,0
