Metric,Score
accuracy,0.538786324786
recall,0.487820512821
precision,0.539661319073
neg_log_loss,-1.66930184197
f1,0.428891354079
