statistic,value
mean,0.695625
max,0.8125
min,0.53125
var,0.003723046875
std,0.0610167753573
