statistic,value
mean,0.6946875
max,0.84375
min,0.53125
var,0.00388388671875
std,0.0623208369548
