statistic,value
mean,0.6934375
max,0.8125
min,0.53125
var,0.00366591796875
std,0.0605468245968
