AAWt,AAMt,Sstruct,SaccW,ShbondsW,SaccM,ShbondsM,yDDG,Result,Positiontype,ProteinPropens,Positionaccept,MOSST,SectorSuperficie,Functionalrelevancefunction,Clinical
0.09090909090909091,0.2727272727272727,0.45454545454545453,50.8,0.8181818181818182,23.9,0.7272727272727273,-1.8,0.2727272727272727,0.2727272727272727,1,0.63,-0.3,0.09090909090909091,0.25,0
0.09090909090909091,0.09090909090909091,0.45454545454545453,59.5,0.8181818181818182,54.4,0.7272727272727273,1,0.09090909090909091,0.18181818181818182,0.9,0.56,0.3,0.18181818181818182,0.1,0
0.09090909090909091,0.09090909090909091,0.45454545454545453,25.4,0.8181818181818182,36.1,0.7272727272727273,-1,0.2727272727272727,0.5454545454545454,0,1,-0.5,0.18181818181818182,0,0
0.2727272727272727,0.18181818181818182,0.36363636363636365,93.3,0.8181818181818182,102.6,0.18181818181818182,0.1,0.2727272727272727,0.5454545454545454,0,1,-1.1,0.18181818181818182,0.3,1
0.18181818181818182,0.09090909090909091,0.45454545454545453,11.1,0.8181818181818182,23.1,0.7272727272727273,-0.4,0.2727272727272727,0.2727272727272727,0.5,0.91,0,0.18181818181818182,0.5,1
0.2727272727272727,0.09090909090909091,0.18181818181818182,0.1,0.8181818181818182,0.1,0.7272727272727273,-3.2,0.36363636363636365,0.2727272727272727,0.5,0.9,-0.8,0.18181818181818182,0.1,0
0.09090909090909091,0.09090909090909091,0.36363636363636365,68.8,0.18181818181818182,71.8,0.7272727272727273,-2.4,0.36363636363636365,0.5454545454545454,0,1,-1.1,0.18181818181818182,0,0
0.18181818181818182,0.2727272727272727,0.45454545454545453,0,0.8181818181818182,0,0.7272727272727273,0.3,0.2727272727272727,0.5454545454545454,0,1,-0.9,0.09090909090909091,0.75,1
0.09090909090909091,0.09090909090909091,0.36363636363636365,63.3,0.18181818181818182,105,0.18181818181818182,-1.6,0.2727272727272727,0.5454545454545454,0,1,-1.2,0.09090909090909091,1,1
0.09090909090909091,0.2727272727272727,0.18181818181818182,40.5,0.8181818181818182,29.7,0.7272727272727273,-3.3,0.36363636363636365,0.18181818181818182,0.3,0.44,-0.3,0.18181818181818182,0.6,0
0.2727272727272727,0.18181818181818182,0.36363636363636365,9.8,0.8181818181818182,17.2,0.09090909090909091,-3.4,0.36363636363636365,0.5454545454545454,0,1,-0.9,0.18181818181818182,0.1,0
