AAWt,AAMt,Sstruct,SaccW,ShbondsW,SaccM,ShbondsM,yDDG,Result,Positiontype,ProteinPropens,Positionaccept,MOSST,SectorSuperficie,Functionalrelevancefunction,Clinical
0.0013197897711357115,0.003959369313407135,0.0013197897711357115,0.5635502322749489,0.009238528397949981,0.8259244387767284,0.009238528397949981,0.0,0.002639579542271423,0.0013197897711357115,0.0009238528397949983,0.007021281582441986,-0.0009238528397949983,0.002639579542271423,0.0018477056795899965,1
0.06244422757447684,0.03122211378723842,0.12488845514895368,0.0,0.21855479651066895,0.0,0.21855479651066895,0.8523637063916089,0.03122211378723842,0.1873326827234305,0.0,0.21855479651066895,-0.24041027616173585,0.06244422757447684,0.10927739825533447,1
0.12272710473832388,0.18409065710748582,0.24545420947664776,0.0,0.4295448665841336,0.0,0.4295448665841336,-0.08590897331682672,0.12272710473832388,0.36818131421497163,0.0,0.4295448665841336,-0.34363589326730687,0.12272710473832388,0.2147724332920668,0
0.0010652443633637637,0.003195733090091291,0.0010652443633637637,0.6957110937128741,0.007456710543546346,0.718081225343513,0.007456710543546346,-0.007456710543546346,0.0021304887267275274,0.006391466180182582,0.0,0.007456710543546346,-0.007456710543546346,0.0021304887267275274,0.002237013163063904,1
0.025635022085890833,0.025635022085890833,0.10254008834356333,0.053833546380370745,0.17944515460123583,0.0,0.17944515460123583,-0.9151702884663027,0.025635022085890833,0.15381013251534498,0.053833546380370745,0.17047289687117403,-0.16150063914111226,0.025635022085890833,0.017944515460123583,1
0.004780310976190797,0.004780310976190797,0.004780310976190797,0.8465930738833902,0.03346217683333558,0.5253561762833686,0.03346217683333558,-0.046847047566669804,0.009560621952381594,0.02868186585714478,0.010038653050000674,0.03245831152833551,-0.023423523783334902,0.009560621952381594,0.008365544208333894,1
0.06469105155883222,0.06469105155883222,0.25876420623532886,0.0,0.4528373609118255,0.0,0.4528373609118255,-0.2717024165470953,0.06469105155883222,0.38814630935299327,0.0,0.4528373609118255,-0.22641868045591276,0.12938210311766443,0.11320934022795638,0
