AAWt,AAMt,Sstruct,SaccW,ShbondsW,SaccM,ShbondsM,yDDG,Result,Positiontype,ProteinPropens,Positionaccept,MOSST,SectorSuperficie,Functionalrelevancefunction,Clinical
0.14285714285714285,0.42857142857142855,0.14285714285714285,61,1.0,89.4,1.0,0,0.2857142857142857,0.14285714285714285,0.1,0.76,-0.1,0.2857142857142857,0.2,1
0.2857142857142857,0.14285714285714285,0.5714285714285714,0,1.0,0,1.0,3.9,0.14285714285714285,0.8571428571428571,0,1,-1.1,0.2857142857142857,0.5,1
0.2857142857142857,0.42857142857142855,0.5714285714285714,0,1.0,0,1.0,-0.2,0.2857142857142857,0.8571428571428571,0,1,-0.8,0.2857142857142857,0.5,0
0.14285714285714285,0.42857142857142855,0.14285714285714285,93.3,1.0,96.3,1.0,-1,0.2857142857142857,0.8571428571428571,0,1,-1,0.2857142857142857,0.3,1
0.14285714285714285,0.14285714285714285,0.5714285714285714,0.3,1.0,0,1.0,-5.1,0.14285714285714285,0.8571428571428571,0.3,0.95,-0.9,0.14285714285714285,0.1,1
0.14285714285714285,0.14285714285714285,0.14285714285714285,25.3,1.0,15.7,1.0,-1.4,0.2857142857142857,0.8571428571428571,0.3,0.97,-0.7,0.2857142857142857,0.25,1
0.14285714285714285,0.14285714285714285,0.5714285714285714,0,1.0,0,1.0,-0.6,0.14285714285714285,0.8571428571428571,0,1,-0.5,0.2857142857142857,0.25,0
