algorithm,desc,actualScore,new score
auto,minkowski-uniform KNN: 4,0.727272727273,0.363636363636
auto,euclidean-uniform KNN: 4,0.727272727273,0.363636363636
ball_tree,minkowski-uniform KNN: 4,0.727272727273,0.363636363636
ball_tree,euclidean-uniform KNN: 4,0.727272727273,0.363636363636
kd_tree,minkowski-uniform KNN: 4,0.727272727273,0.363636363636
kd_tree,euclidean-uniform KNN: 4,0.727272727273,0.363636363636
brute,minkowski-uniform KNN: 4,0.727272727273,0.363636363636
brute,euclidean-uniform KNN: 4,0.727272727273,0.363636363636
