algorithm,desc,actualScore,new score
auto,minkowski-uniform KNN: 4,0.727272727273,0.461538461538
auto,euclidean-uniform KNN: 4,0.727272727273,0.461538461538
ball_tree,minkowski-uniform KNN: 4,0.727272727273,0.461538461538
ball_tree,euclidean-uniform KNN: 4,0.727272727273,0.461538461538
kd_tree,minkowski-uniform KNN: 4,0.727272727273,0.461538461538
kd_tree,euclidean-uniform KNN: 4,0.727272727273,0.461538461538
brute,minkowski-uniform KNN: 4,0.727272727273,0.461538461538
brute,euclidean-uniform KNN: 4,0.727272727273,0.461538461538
