Statistic,Value
Mean,0.706800684346
Std,0.0910608260764
Max,0.916666666667
Min,0.25
Var,0.00829207404572
