Metric,Score
accuracy,0.511259259259
recall,0.513461538462
precision,0.566623931624
neg_log_loss,-2.24071806387
f1,0.455723100973
