AAWt,AAMt,Sstruct,SaccW,ShbondsW,SaccM,ShbondsM,yDDG,Result,Positiontype,ProteinPropens,Positionaccept,MOSST,SectorSuperficie,Functionalrelevancefunction,Clinical
0.14285714285714285,0.14285714285714285,0.42857142857142855,47.8,0.14285714285714285,67.9,0.2857142857142857,1.6,0.14285714285714285,0.2857142857142857,0.2,0.92,-0.8,0.2857142857142857,0.35,0
0.2857142857142857,0.14285714285714285,0.5714285714285714,4.9,0.2857142857142857,12.7,0.7142857142857143,-1.4,0.5714285714285714,0.2857142857142857,0.7,0.73,0.2,0.42857142857142855,0.75,1
0.14285714285714285,0.14285714285714285,0.5714285714285714,1.2,0.5714285714285714,3.8,0.7142857142857143,-1.7,0.5714285714285714,0.5714285714285714,0,1,-0.7,0.42857142857142855,0.1,1
0.14285714285714285,0.14285714285714285,0.42857142857142855,63.3,0.2857142857142857,105,0.2857142857142857,-1.6,0.5714285714285714,0.5714285714285714,0,1,-1.2,0.14285714285714285,1,1
0.14285714285714285,0.14285714285714285,0.5714285714285714,0,0.5714285714285714,0,0.7142857142857143,-2.9,0.2857142857142857,0.5714285714285714,0.3,0.96,-0.8,0.14285714285714285,0.35,1
0.14285714285714285,0.14285714285714285,0.42857142857142855,9.8,0.5714285714285714,20.3,0.7142857142857143,-3.2,0.2857142857142857,0.5714285714285714,0,1,-0.8,0.2857142857142857,0.1,0
0.2857142857142857,0.14285714285714285,0.5714285714285714,0,0.5714285714285714,0,0.7142857142857143,-1.4,0.5714285714285714,0.14285714285714285,0.7,0.25,-0.1,0.42857142857142855,0,1
