AAWt,AAMt,Sstruct,SaccW,ShbondsW,SaccM,ShbondsM,yDDG,Result,Positiontype,ProteinPropens,Positionaccept,MOSST,SectorSuperficie,Functionalrelevancefunction,Clinical
0.285714285714,0.142857142857,0.428571428571,0,0.857142857143,4.9,0.857142857143,-4,0.285714285714,0.142857142857,0.9,0.47,-0.3,0.142857142857,0.35,0
0.285714285714,0.285714285714,0.428571428571,23.5,0.857142857143,34.7,0.857142857143,-1.1,0.285714285714,0.571428571429,0,1,-0.8,0.142857142857,0.6,1
0.142857142857,0.285714285714,0.142857142857,65.1,0.142857142857,64.1,0.142857142857,-0.4,0.285714285714,0.285714285714,0.1,0.8,0,0.142857142857,0.5,1
0.285714285714,0.142857142857,0.428571428571,7.3,0.857142857143,12.6,0.857142857143,1.4,0.142857142857,0.571428571429,0,1,-1,0.428571428571,0.95,0
0.285714285714,0.142857142857,0.428571428571,7.3,0.857142857143,14.4,0.857142857143,-2.2,0.285714285714,0.571428571429,0,1,-0.9,0.428571428571,0.95,0
0.142857142857,0.142857142857,0.428571428571,0.2,0.857142857143,0.3,0.857142857143,-1.1,0.285714285714,0.285714285714,0.6,0.89,-0.1,0.142857142857,0.1,0
0.142857142857,0.142857142857,0.428571428571,1.2,0.857142857143,4.4,0.857142857143,-0.4,0.285714285714,0.571428571429,0,1,-0.3,0.428571428571,0.1,0
