Statistic,Value
Mean,0.334174508127
Std,0.195273748517
Max,0.8
Min,0.0
Var,0.0381318368599
