AAWt,AAMt,Sstruct,SaccW,ShbondsW,SaccM,ShbondsM,yDDG,Result,Positiontype,ProteinPropens,Positionaccept,MOSST,SectorSuperficie,Functionalrelevancefunction,Clinical
0.0115718459406,0.0057859229703,0.0231436918812,0.0,0.0462873837624,0.977820981981,0.0405014607921,-0.18514953505,0.0289296148515,0.0115718459406,0.0520733067327,0.0271938379604,-0.0115718459406,0.0115718459406,0.0202507303961,1
0.00531139653454,0.00531139653454,0.0212455861382,0.0159341896036,0.0424911722763,0.956051376217,0.0371797757418,-0.276192619796,0.0265569826727,0.0265569826727,0.0159341896036,0.0504582670781,-0.0371797757418,0.0106227930691,0.00531139653454,0
0.0305162541006,0.0305162541006,0.0610325082011,0.0,0.122065016402,0.747648225464,0.106806889352,-0.610325082011,0.0762906352514,0.0305162541006,0.137323143453,0.0717131971363,-0.0457743811509,0.0305162541006,0.053403444676,0
0.0129359902397,0.00646799511983,0.0129359902397,0.358973729151,0.0258719804793,0.931391297256,0.00646799511983,-0.0226379829194,0.00323399755992,0.00646799511983,0.0161699877996,0.0294293777952,-0.0226379829194,0.00970199267975,0.0161699877996,1
0.0796749518428,0.0398374759214,0.0199187379607,0.776830780467,0.0398374759214,0.378456021253,0.139431165725,-0.378456021253,0.0398374759214,0.0398374759214,0.0995936898035,0.175284894054,-0.159349903686,0.0398374759214,0.0995936898035,0
0.00092547615098,0.00185095230196,0.00092547615098,0.636727591874,0.00185095230196,0.770921633766,0.00092547615098,0.00370190460392,0.00092547615098,0.0046273807549,0.0,0.0092547615098,-0.0111057138118,0.00185095230196,0.0,0
0.196293161925,0.0981465809624,0.196293161925,0.0,0.39258632385,0.0,0.343513033368,-0.687026066737,0.0981465809624,0.0490732904812,0.343513033368,0.122683226203,-0.0490732904812,0.147219871444,0.0,1
0.0021773577635,0.0021773577635,0.00870943105402,0.55304887193,0.017418862108,0.831750665658,0.0152415043445,0.017418862108,0.0021773577635,0.0108867888175,0.0,0.021773577635,-0.0283056509256,0.0021773577635,0.0,1
0.0124089632532,0.0248179265064,0.0496358530127,0.905854317482,0.0992717060254,0.210952375304,0.0248179265064,-0.285406154823,0.0620448162659,0.0620448162659,0.0,0.124089632532,-0.0372268897595,0.0372268897595,0.117885150905,1
0.0373485331294,0.00933713328236,0.0373485331294,0.0,0.0746970662588,0.933713328236,0.0653599329765,-0.308125398318,0.0466856664118,0.0466856664118,0.0,0.0933713328236,-0.0466856664118,0.0186742665647,0.0700284996177,0
