AAWt,AAMt,Sstruct,SaccW,ShbondsW,SaccM,ShbondsM,yDDG,Result,Positiontype,ProteinPropens,Positionaccept,MOSST,SectorSuperficie,Functionalrelevancefunction,Clinical
0.00386655166029,0.00579982749043,0.00773310332058,0.39438826935,0.0173994824713,0.918306019319,0.0173994824713,0.00579982749043,0.00386655166029,0.00193327583014,0.0115996549809,0.0162395169732,0.0,0.00193327583014,0.00193327583014,0
0.00149138491712,0.00149138491712,0.000745692458562,0.695731063839,0.00671123212706,0.718101837596,0.00671123212706,-0.00745692458562,0.00149138491712,0.00372846229281,0.0,0.00745692458562,-0.00745692458562,0.00223707737569,0.00223707737569,1
0.0364586733053,0.0182293366527,0.054688009958,0.054688009958,0.164064029874,0.0,0.164064029874,-0.929696169286,0.0729173466106,0.0911466832633,0.054688009958,0.1731786982,-0.164064029874,0.0182293366527,0.0182293366527,1
0.0928266654305,0.139239998146,0.139239998146,0.0928266654305,0.417719994437,0.139239998146,0.417719994437,-0.510546659868,0.0928266654305,0.185653330861,0.278479996292,0.413078661166,-0.0464133327153,0.139239998146,0.0464133327153,0
0.0125312594467,0.0125312594467,0.0125312594467,0.244359559211,0.00626562972336,0.952375717951,0.0563906675103,-0.150375113361,0.0250625188935,0.0250625188935,0.0313281486168,0.0551375415656,-0.0187968891701,0.0187968891701,0.0313281486168,0
0.0041889358564,0.0020944679282,0.0083778717128,0.23248594003,0.0188502113538,0.971833118685,0.0020944679282,-0.0083778717128,0.0041889358564,0.0083778717128,0.010472339641,0.0190596581466,-0.0167557434256,0.0041889358564,0.010472339641,0
0.0192263257895,0.038452651579,0.076905303158,0.0,0.173036932105,0.788279357369,0.173036932105,-0.480658144737,0.076905303158,0.0961316289475,0.0,0.192263257895,-0.153810606316,0.0576789773685,0.0288394886842,0
0.0369106735263,0.0369106735263,0.110732020579,0.184553367631,0.332196061737,0.0738213470526,0.332196061737,0.553660102894,0.0738213470526,0.184553367631,0.0,0.369106735263,-0.479838755842,0.110732020579,0.0,0
0.00209160055481,0.00627480166444,0.00836640221926,0.968411056879,0.0188244049933,0.242625664358,0.0188244049933,0.0376488099867,0.00418320110963,0.0104580027741,0.0,0.0209160055481,-0.0209160055481,0.00418320110963,0.00732060194185,1
0.00215243856266,0.00430487712532,0.00430487712532,0.393896256966,0.0193719470639,0.916938827692,0.0193719470639,-0.0452012098158,0.00860975425063,0.00860975425063,0.0107621928133,0.0182957277826,-0.0172195085013,0.00645731568797,0.0172195085013,0
