algorithm,desc,actualScore,new score
NuSVC,kernel: poly,0.545454545455,0.571428571429
NuSVC,kernel: rbf,0.727272727273,0.571428571429
SVC,kernel: linear,0.727272727273,0.571428571429
