Statistic,Value
Mean,2.23037974684
Std,2.69647469952
Max,11.0
Min,0.0
Var,7.27097580516
