Metric,Score
accuracy,0.575757575758
recall,0.212121212121
precision,0.212121212121
