Metric,Score
accuracy,0.846153846154
recall,0.307692307692
precision,0.307692307692
