Metric,Score
accuracy,0.551566951567
recall,0.453846153846
precision,0.406608220211
neg_log_loss,-0.943786847142
f1,0.434715198482
