AAWt,AAMt,Sstruct,SaccW,ShbondsW,SaccM,ShbondsM,yDDG,Result,Positiontype,ProteinPropens,Positionaccept,MOSST,SectorSuperficie,Functionalrelevancefunction,Clinical
0.5454545454545454,0.18181818181818182,0.18181818181818182,0,1.0,4.9,0.9090909090909091,-4,0.5454545454545454,0.09090909090909091,0.9,0.47,-0.3,0.18181818181818182,0.35,0
0.5454545454545454,0.2727272727272727,0.45454545454545453,0,1.0,0,0.9090909090909091,-2.4,0.5454545454545454,0.09090909090909091,0.7,0.78,-0.5,0.18181818181818182,0.1,1
0.18181818181818182,0.09090909090909091,0.09090909090909091,41.8,1.0,68.1,0.09090909090909091,1.6,0.09090909090909091,0.8181818181818182,0,0.95,-1,0.09090909090909091,0.1,0
0.09090909090909091,0.2727272727272727,0.45454545454545453,46.3,1.0,11.8,0.9090909090909091,0.1,0.18181818181818182,0.8181818181818182,0,1,-1.2,0.09090909090909091,0.35,0
0.09090909090909091,0.09090909090909091,0.18181818181818182,0,1.0,0,0.9090909090909091,-5.3,0.5454545454545454,0.8181818181818182,0,1,-1.1,0.18181818181818182,0.35,1
0.18181818181818182,0.09090909090909091,0.2727272727272727,12.8,1.0,33.3,0.9090909090909091,-3.5,0.5454545454545454,0.8181818181818182,0,1,-1.2,0.2727272727272727,0.6,0
0.09090909090909091,0.09090909090909091,0.45454545454545453,18.8,1.0,43.1,0.9090909090909091,-0.4,0.18181818181818182,0.8181818181818182,0,1,-0.9,0.18181818181818182,0.1,1
0.5454545454545454,0.18181818181818182,0.45454545454545453,23.5,1.0,38.4,0.9090909090909091,-1.6,0.18181818181818182,0.8181818181818182,0,1,-0.9,0.18181818181818182,0.6,0
0.5454545454545454,0.18181818181818182,0.2727272727272727,11.9,1.0,17.4,0.9090909090909091,-5.3,0.5454545454545454,0.8181818181818182,0,1,-1,0.2727272727272727,0.1,0
0.5454545454545454,0.2727272727272727,0.2727272727272727,11.9,1.0,15.2,0.9090909090909091,-2.3,0.5454545454545454,0.8181818181818182,0,1,-1.2,0.2727272727272727,0.1,1
0.5454545454545454,0.18181818181818182,0.45454545454545453,23.5,1.0,38.4,0.9090909090909091,-1.6,0.18181818181818182,0.8181818181818182,0,1,-0.9,0.18181818181818182,0.6,0
