AAWt,AAMt,Sstruct,SaccW,ShbondsW,SaccM,ShbondsM,yDDG,Result,Positiontype,ProteinPropens,Positionaccept,MOSST,SectorSuperficie,Functionalrelevancefunction,Clinical
0.07859303981685263,0.15718607963370526,0.15718607963370526,0.0,0.3143721592674105,0.0,0.2357791194505579,-0.7544931822417853,0.07859303981685263,0.2357791194505579,0.22006051148718736,0.24521028422858024,-0.15718607963370526,0.15718607963370526,0.031437215926741056,1
0.006183421731824259,0.006183421731824259,0.012366843463648518,0.27454392489299706,0.024733686927297036,0.9596670527791249,0.018550265195472777,0.027207055620026743,0.012366843463648518,0.018550265195472777,0.012366843463648518,0.022507655103840302,-0.01978694954183763,0.006183421731824259,0.012366843463648518,1
0.08255727333547831,0.16511454667095662,0.08255727333547831,0.16511454667095662,0.33022909334191325,0.49534364001286985,0.24767182000643492,0.4623207306786785,0.16511454667095662,0.08255727333547831,0.0,0.33022909334191325,-0.3632520026761046,0.16511454667095662,0.0,0
0.0026548467048890796,0.0026548467048890796,0.0026548467048890796,0.6870743272252938,0.010619386819556318,0.7263660584576522,0.0026548467048890796,-0.0031858160458668955,0.0026548467048890796,0.007964540114667238,0.007433570773689423,0.005628275014364849,0.0021238773639112637,0.0026548467048890796,0.0010619386819556318,1
