AAWt,AAMt,Sstruct,SaccW,ShbondsW,SaccM,ShbondsM,yDDG,Result,Positiontype,ProteinPropens,Positionaccept,MOSST,SectorSuperficie,Functionalrelevancefunction,Clinical
0.0909090909091,0.0909090909091,0.272727272727,64.7,0.727272727273,68.4,0.181818181818,-0.3,0.363636363636,0.454545454545,0.7,0.53,0.2,0.0909090909091,0.1,1
0.0909090909091,0.0909090909091,0.363636363636,0.2,0.727272727273,0.3,0.818181818182,-1.1,0.272727272727,0.454545454545,0.6,0.89,-0.1,0.181818181818,0.1,0
0.181818181818,0.0909090909091,0.363636363636,12.1,0.181818181818,9.4,0.818181818182,0.7,0.0909090909091,0.181818181818,0.3,0.97,-0.2,0.181818181818,0.6,1
0.181818181818,0.0909090909091,0.363636363636,12.1,0.181818181818,10.6,0.818181818182,0.4,0.363636363636,0.181818181818,0.3,0.97,-0.9,0.181818181818,0.6,0
0.0909090909091,0.0909090909091,0.0909090909091,97.4,0.727272727273,89.5,0.818181818182,-1.8,0.272727272727,0.0909090909091,0.3,0.77,0,0.0909090909091,0,0
0.0909090909091,0.0909090909091,0.181818181818,84.5,0.727272727273,84.5,0.818181818182,0.3,0.363636363636,0.0909090909091,0.9,0.25,0.2,0.0909090909091,0.15,1
0.272727272727,0.181818181818,0.181818181818,0,0.727272727273,0.3,0.818181818182,-3.6,0.272727272727,0.454545454545,0.7,0.78,-0.6,0.181818181818,0.1,0
0.272727272727,0.0909090909091,0.272727272727,0.2,0.727272727273,9.3,0.818181818182,-6.5,0.272727272727,0.181818181818,0.5,0.91,-0.8,0.272727272727,0.1,1
0.272727272727,0.181818181818,0.272727272727,0.2,0.727272727273,9,0.818181818182,-3.6,0.272727272727,0.181818181818,0.5,0.91,-0.6,0.272727272727,0.1,0
0.0909090909091,0.0909090909091,0.0909090909091,57.7,0.727272727273,87.8,0.181818181818,-1.2,0.272727272727,0.454545454545,0.7,0.79,0.1,0.0909090909091,0.35,0
0.0909090909091,0.0909090909091,0.363636363636,4.9,0.0909090909091,1.5,0.818181818182,-0.3,0.363636363636,0.454545454545,0.7,0.73,-0.3,0.272727272727,0.75,1
