AAWt,AAMt,Sstruct,SaccW,ShbondsW,SaccM,ShbondsM,yDDG,Result,Positiontype,ProteinPropens,Positionaccept,MOSST,SectorSuperficie,Functionalrelevancefunction,Clinical
0.039459784189742796,0.039459784189742796,0.039459784189742796,0.027621848932819958,0.19729892094871399,0.08286554679845987,0.23675870513845676,-0.8562773169174187,0.039459784189742796,0.15783913675897118,0.1381092446640998,0.24859664039537963,-0.1933529425297397,0.11837935256922838,0.027621848932819958,1
0.025628260184128712,0.051256520368257424,0.025628260184128712,0.6996515030267139,0.051256520368257424,0.6278923745111534,0.15376956110477227,-0.1614580391600109,0.051256520368257424,0.10251304073651485,0.0896989106444505,0.15787008273423286,-0.0717591285155604,0.025628260184128712,0.0896989106444505,0
0.01862949361741348,0.01862949361741348,0.09314746808706739,0.9519671238498287,0.09314746808706739,0.07824387319313661,0.11177696170448087,0.0,0.03725898723482696,0.03725898723482696,0.0,0.13040645532189435,-0.1434471008540838,0.03725898723482696,0.12388613255579962,1
0.023821393574932997,0.023821393574932997,0.119106967874665,0.0,0.119106967874665,0.9171236526349205,0.142928361449598,-0.2501246325367965,0.023821393574932997,0.047642787149865994,0.0,0.166749755024531,-0.1000498530147186,0.071464180724799,0.02501246325367965,1
0.001916752855843208,0.001916752855843208,0.00958376427921604,0.6158526925824228,0.003833505711686416,0.7875937484659743,0.001916752855843208,-0.0013417269990902458,0.003833505711686416,0.001916752855843208,0.013417269990902458,0.0076478438948144,0.005366907996360983,0.003833505711686416,0.0013417269990902458,0
0.00098615852747953,0.00098615852747953,0.004930792637397651,0.7717676636054803,0.004930792637397651,0.6357764026660531,0.005916951164877181,-0.0034515548461783556,0.00197231705495906,0.00394463410991812,0.0034515548461783556,0.004279928009261161,-0.0006903109692356712,0.00098615852747953,0.0037967103307961917,0
0.018172230279092934,0.03634446055818587,0.09086115139546469,0.7632336717219034,0.09086115139546469,0.5978663761821577,0.10903338167455762,0.06360280597682527,0.018172230279092934,0.07268892111637174,0.06360280597682527,0.07759542329172683,-0.03816168358609517,0.05451669083727881,0.07632336717219033,1
