AAWt,AAMt,Sstruct,SaccW,ShbondsW,SaccM,ShbondsM,yDDG,Result,Positiontype,ProteinPropens,Positionaccept,MOSST,SectorSuperficie,Functionalrelevancefunction,Clinical
0.0769230769231,0.0769230769231,0.153846153846,83.7,0.692307692308,89.9,0.846153846154,-1,0.230769230769,0.153846153846,0.7,0.47,-0.1,0.153846153846,0.25,1
0.0769230769231,0.153846153846,0.230769230769,25.4,0.692307692308,36.1,0.846153846154,-1,0.307692307692,0.230769230769,0,1,-0.5,0.153846153846,0,0
0.0769230769231,0.0769230769231,0.461538461538,29.8,0.692307692308,30.4,0.846153846154,-0.2,0.230769230769,0.615384615385,0,0.81,0.3,0.0769230769231,0.2,0
0.0769230769231,0.0769230769231,0.153846153846,42.5,0.692307692308,55.3,0.846153846154,0.7,0.0769230769231,0.615384615385,0.5,0.93,-0.6,0.384615384615,0.1,0
0.153846153846,0.0769230769231,0.461538461538,4.9,0.230769230769,1.5,0.846153846154,-0.3,0.230769230769,0.615384615385,0.7,0.73,-0.3,0.384615384615,0.75,1
0.0769230769231,0.230769230769,0.461538461538,0,0.692307692308,0,0.846153846154,-3.4,0.153846153846,0.230769230769,0.3,0.96,-1,0.0769230769231,0.35,1
0.153846153846,0.153846153846,0.230769230769,75.7,0.230769230769,90.9,0.153846153846,-0.6,0.230769230769,0.615384615385,0.1,0.72,-0.2,0.0769230769231,0.1,1
0.0769230769231,0.230769230769,0.153846153846,93.3,0.692307692308,90.2,0.846153846154,-0.5,0.230769230769,0.230769230769,0,1,-1.1,0.0769230769231,0.3,0
0.0769230769231,0.153846153846,0.461538461538,45.4,0.692307692308,36.8,0.846153846154,-3.6,0.153846153846,0.615384615385,0.1,0.57,-0.3,0.384615384615,0.1,0
0.153846153846,0.0769230769231,0.153846153846,65.1,0.230769230769,64.1,0.153846153846,-0.4,0.230769230769,0.615384615385,0.1,0.8,0,0.153846153846,0.5,1
0.153846153846,0.230769230769,0.461538461538,0,0.692307692308,0,0.846153846154,-1.4,0.307692307692,0.153846153846,0.7,0.25,-0.1,0.384615384615,0,1
0.0769230769231,0.153846153846,0.230769230769,66.5,0.0769230769231,47.9,0.846153846154,-1.4,0.307692307692,0.615384615385,0.7,0.85,0,0.384615384615,0.25,1
0.0769230769231,0.0769230769231,0.461538461538,0.2,0.692307692308,0.3,0.846153846154,-1.1,0.307692307692,0.615384615385,0.6,0.89,-0.1,0.153846153846,0.1,0
