AAWt,AAMt,Sstruct,SaccW,ShbondsW,SaccM,ShbondsM,yDDG,Result,Positiontype,ProteinPropens,Positionaccept,MOSST,SectorSuperficie,Functionalrelevancefunction,Clinical
0.0909090909091,0.181818181818,0.181818181818,4.9,0.454545454545,1.5,0.727272727273,-0.5,0.272727272727,0.272727272727,0.7,0.73,-0.6,0.272727272727,0.75,0
0.0909090909091,0.0909090909091,0.181818181818,62.5,0.454545454545,76,0.272727272727,-0.8,0.272727272727,0.272727272727,0.7,0.59,0.4,0.0909090909091,0.25,1
0.0909090909091,0.181818181818,0.545454545455,23.5,0.545454545455,34.7,0.727272727273,-1.1,0.181818181818,0.545454545455,0,1,-0.8,0.181818181818,0.6,1
0.181818181818,0.181818181818,0.545454545455,26.8,0.545454545455,28.9,0.272727272727,-2.1,0.272727272727,0.545454545455,0,1,-1.3,0.0909090909091,0.1,0
0.0909090909091,0.181818181818,0.181818181818,17.3,0.454545454545,0.3,0.727272727273,-1.1,0.181818181818,0.545454545455,0,1,-0.7,0.272727272727,0.85,0
0.0909090909091,0.181818181818,0.545454545455,50.3,0.454545454545,35,0.727272727273,0.1,0.272727272727,0.545454545455,0,1,-1,0.0909090909091,0.1,1
0.181818181818,0.0909090909091,0.545454545455,14.4,0.454545454545,20.5,0.272727272727,-3.1,0.272727272727,0.0909090909091,0.2,0.48,-0.2,0.0909090909091,0.8,0
0.181818181818,0.0909090909091,0.181818181818,40.3,0.545454545455,39.7,0.727272727273,0.2,0.272727272727,0.272727272727,0.6,0.87,0,0.181818181818,0.6,0
0.181818181818,0.181818181818,0.545454545455,46.3,0.545454545455,15.3,0.727272727273,-0.2,0.272727272727,0.545454545455,0,1,-1,0.272727272727,0.35,1
0.0909090909091,0.181818181818,0.0909090909091,83.7,0.545454545455,89.9,0.727272727273,-1,0.272727272727,0.0909090909091,0.7,0.47,-0.1,0.181818181818,0.25,1
0.0909090909091,0.181818181818,0.545454545455,0,0.545454545455,4.1,0.727272727273,-2.5,0.272727272727,0.545454545455,0,1,-0.8,0.181818181818,0.15,0
