AAWt,AAMt,Sstruct,SaccW,ShbondsW,SaccM,ShbondsM,yDDG,Result,Positiontype,ProteinPropens,Positionaccept,MOSST,SectorSuperficie,Functionalrelevancefunction,Clinical
0.000890948590996,0.00178189718199,0.00178189718199,0.816999857944,0.00178189718199,0.576443738375,0.00712758872797,0.0,0.00356379436399,0.00445474295498,0.00445474295498,0.00801853731897,-0.00623664013698,0.00267284577299,0.0,0
0.011573783375,0.00578689168749,0.0289344584374,0.0,0.0405082418124,0.977984695186,0.0462951334999,-0.185180534,0.0173606750625,0.011573783375,0.0520820251874,0.0271983909312,-0.011573783375,0.00578689168749,0.0202541209062,1
0.118089188656,0.0590445943281,0.118089188656,0.0,0.413312160297,0.118089188656,0.472356754625,0.0,0.236178377312,0.29522297164,0.413312160297,0.460547835759,0.0,0.177133782984,0.0590445943281,0
0.0561514267108,0.0561514267108,0.280757133554,0.0,0.393059986975,0.0,0.449211413686,-0.449211413686,0.0561514267108,0.0561514267108,0.168454280132,0.539053696423,0.0,0.168454280132,0.0561514267108,0
0.00205925567643,0.00411851135285,0.00205925567643,0.821643014894,0.014414789735,0.566295311017,0.0164740454114,0.0576591589399,0.00205925567643,0.0102962783821,0.00823702270571,0.011531831788,-0.00823702270571,0.00205925567643,0.0,1
0.000874868285918,0.00174973657184,0.00437434142959,0.64740253158,0.00174973657184,0.762010277035,0.00699894628735,0.00174973657184,0.00349947314367,0.00174973657184,0.00787381457326,0.00664899897298,-0.00262460485775,0.00174973657184,0.000874868285918,1
0.00126419804506,0.00126419804506,0.0063209902253,0.467753276672,0.00884938631541,0.883674433496,0.00126419804506,-0.00505679218024,0.00505679218024,0.00252839609012,0.00252839609012,0.011251362601,-0.00252839609012,0.00252839609012,0.0,0
0.00186178394795,0.00372356789589,0.00930891973973,0.83407920868,0.00186178394795,0.549226264644,0.0148942715836,-0.0446828147507,0.00558535184384,0.00372356789589,0.0148942715836,0.00521299505425,-0.00186178394795,0.00558535184384,0.00279267592192,0
0.00599872765483,0.00299936382742,0.00599872765483,0.548883580417,0.0209955467919,0.833823144021,0.00299936382742,0.0269942744467,0.00299936382742,0.0149968191371,0.0149968191371,0.025494592533,-0.0209955467919,0.00899809148225,0.0239949106193,1
0.00430534589669,0.00215267294834,0.00430534589669,0.393939149547,0.0150687106384,0.917038675995,0.0172213835868,-0.0452061319152,0.00645801884503,0.0107633647417,0.0107633647417,0.0182977200609,-0.0172213835868,0.00645801884503,0.0172213835868,0
