AAWt,AAMt,Sstruct,SaccW,ShbondsW,SaccM,ShbondsM,yDDG,Result,Positiontype,ProteinPropens,Positionaccept,MOSST,SectorSuperficie,Functionalrelevancefunction,Clinical
0.04233258288653495,0.0846651657730699,0.12699774865960486,0.0,0.21166291443267476,0.0,0.12699774865960486,-0.8593514325966596,0.04233258288653495,0.12699774865960486,0.0888984240617234,0.2844749569975149,-0.23706246416459575,0.04233258288653495,0.10371482807201063,1
0.15566068989065512,0.07783034494532756,0.23349103483598269,0.1089624829234586,0.38915172472663784,0.1634437243851879,0.23349103483598269,-0.4358499316938344,0.07783034494532756,0.31132137978131025,0.3268874487703758,0.4848830490093908,0.1634437243851879,0.07783034494532756,0.0544812414617293,0
0.012887235600031395,0.02577447120006279,0.012887235600031395,0.6134324145614944,0.06443617800015698,0.77581158312189,0.02577447120006279,0.04510532460010989,0.02577447120006279,0.03866170680009419,0.02706319476006593,0.08750432972421318,-0.05412638952013186,0.012887235600031395,0.018042129840043955,0
0.0029368277358630956,0.0029368277358630956,0.0029368277358630956,0.5406699861723959,0.007342069339657739,0.8408137807776043,0.0029368277358630956,-0.015418345613281252,0.0029368277358630956,0.0044052416037946435,0.0,0.010278897075520835,-0.013362566198177085,0.0014684138679315478,0.008223117660416668,1
0.0013238410594912152,0.0013238410594912152,0.0026476821189824304,0.60883450326001,0.0013238410594912152,0.7932455628471362,0.0026476821189824304,0.002780066224931552,0.0026476821189824304,0.005295364237964861,0.003706754966575403,0.001297364238301391,-0.0009266887416438508,0.0013238410594912152,0.001390033112465776,1
0.00254219033421533,0.00254219033421533,0.00254219033421533,0.9040028828469714,0.012710951671076652,0.42530844291422476,0.007626571002645991,-0.03203159821111316,0.00508438066843066,0.01016876133686132,0.01779533233950731,0.011211059373889607,-0.005338599701852194,0.00254219033421533,0.004448833084876828,0
0.022644236644658297,0.045288473289316594,0.06793270993397489,0.7766973169117797,0.022644236644658297,0.47552896953782425,0.045288473289316594,0.332870278676477,0.022644236644658297,0.09057694657863319,0.11095675955882565,0.11571204925420389,-0.03170193130252162,0.022644236644658297,0.11888224238445606,0
