AAWt,AAMt,Sstruct,SaccW,ShbondsW,SaccM,ShbondsM,yDDG,Result,Positiontype,ProteinPropens,Positionaccept,MOSST,SectorSuperficie,Functionalrelevancefunction,Clinical
0.285714285714,0.285714285714,0.285714285714,6.7,0.714285714286,21.4,0.571428571429,-3.5,0.714285714286,0.714285714286,0.7,0.78,-0.1,0.285714285714,0.5,1
0.285714285714,0.285714285714,0.428571428571,0.1,0.714285714286,4.9,0.571428571429,-4,0.714285714286,0.714285714286,0.5,0.9,-0.7,0.285714285714,0.1,0
0.285714285714,0.142857142857,0.285714285714,1.4,0.714285714286,2.3,0.571428571429,-3.1,0.714285714286,0.285714285714,0,1,-0.9,0.285714285714,0.1,0
0.285714285714,0.285714285714,0.142857142857,111.8,0.714285714286,93.3,0.428571428571,-0.4,0.142857142857,0.714285714286,0.5,0.62,-0.4,0.142857142857,0.55,1
0.142857142857,0.142857142857,0.428571428571,17.3,0.285714285714,27.7,0.428571428571,-2.5,0.714285714286,0.285714285714,0,1,-0.8,0.142857142857,0.85,0
0.285714285714,0.285714285714,0.428571428571,0.2,0.714285714286,0.5,0.571428571429,-5.1,0.714285714286,0.714285714286,0.6,0.89,-0.6,0.285714285714,0.1,0
0.285714285714,0.142857142857,0.142857142857,82.8,0.285714285714,74.3,0.428571428571,-0.7,0.142857142857,0.714285714286,0.8,0.64,-0.2,0.142857142857,0.1,0
