AAWt,AAMt,Sstruct,SaccW,ShbondsW,SaccM,ShbondsM,yDDG,Result,Positiontype,ProteinPropens,Positionaccept,MOSST,SectorSuperficie,Functionalrelevancefunction,Clinical
0.09090909090909091,0.09090909090909091,0.36363636363636365,3.2,0.45454545454545453,0.2,0.09090909090909091,1.2,0.09090909090909091,0.6363636363636364,0.5,0.92,-0.5,0.09090909090909091,0.6,0
0.2727272727272727,0.18181818181818182,0.36363636363636365,4.9,0.45454545454545453,3.1,0.9090909090909091,-1.8,0.09090909090909091,0.2727272727272727,0.7,0.73,0,0.18181818181818182,0.75,0
0.18181818181818182,0.09090909090909091,0.36363636363636365,1.4,0.45454545454545453,2.3,0.9090909090909091,-3.1,0.36363636363636365,0.6363636363636364,0,1,-0.9,0.36363636363636365,0.1,0
0.18181818181818182,0.09090909090909091,0.36363636363636365,9.8,0.45454545454545453,20.3,0.9090909090909091,-3.2,0.36363636363636365,0.6363636363636364,0,1,-0.8,0.18181818181818182,0.1,0
0.2727272727272727,0.09090909090909091,0.18181818181818182,0,0.45454545454545453,0,0.9090909090909091,0.3,0.36363636363636365,0.6363636363636364,0,1,-0.9,0.09090909090909091,0.75,1
0.2727272727272727,0.18181818181818182,0.09090909090909091,3.9,0.45454545454545453,3.5,0.9090909090909091,-0.9,0.09090909090909091,0.2727272727272727,0.5,0.88,-0.4,0.36363636363636365,0.5,0
0.09090909090909091,0.09090909090909091,0.36363636363636365,68.8,0.45454545454545453,71.8,0.9090909090909091,-2.4,0.36363636363636365,0.6363636363636364,0,1,-1.1,0.36363636363636365,0,0
0.09090909090909091,0.18181818181818182,0.36363636363636365,1.2,0.45454545454545453,4.4,0.9090909090909091,-0.4,0.36363636363636365,0.6363636363636364,0,1,-0.3,0.18181818181818182,0.1,0
0.09090909090909091,0.18181818181818182,0.36363636363636365,62.5,0.45454545454545453,104.4,0.9090909090909091,-3.6,0.36363636363636365,0.2727272727272727,0.7,0.59,-0.2,0.18181818181818182,0.25,1
0.09090909090909091,0.18181818181818182,0.18181818181818182,59.5,0.45454545454545453,67.4,0.9090909090909091,0,0.36363636363636365,0.09090909090909091,0.9,0.56,0.4,0.09090909090909091,0.1,1
0.09090909090909091,0.18181818181818182,0.36363636363636365,12.1,0.09090909090909091,10.6,0.9090909090909091,0.4,0.36363636363636365,0.6363636363636364,0.3,0.97,-0.9,0.36363636363636365,0.6,0
