AAWt,AAMt,Sstruct,SaccW,ShbondsW,SaccM,ShbondsM,yDDG,Result,Positiontype,ProteinPropens,Positionaccept,MOSST,SectorSuperficie,Functionalrelevancefunction,Clinical
0.2727272727272727,0.36363636363636365,0.2727272727272727,0,0.8181818181818182,9.3,0.18181818181818182,-3,0.36363636363636365,0.09090909090909091,0.9,0.47,-0.4,0.18181818181818182,0.35,0
0.18181818181818182,0.18181818181818182,0.2727272727272727,0,0.8181818181818182,0,0.8181818181818182,-1.3,0.36363636363636365,0.5454545454545454,0,1,-1.1,0.18181818181818182,0.5,1
0.09090909090909091,0.09090909090909091,0.18181818181818182,6.7,0.8181818181818182,21.4,0.8181818181818182,-3.5,0.36363636363636365,0.18181818181818182,0.7,0.78,-0.1,0.2727272727272727,0.5,1
0.09090909090909091,0.09090909090909091,0.2727272727272727,46.3,0.8181818181818182,18.1,0.8181818181818182,-1.4,0.36363636363636365,0.5454545454545454,0,1,-1.3,0.2727272727272727,0.35,0
0.09090909090909091,0.18181818181818182,0.2727272727272727,45.9,0.18181818181818182,58.7,0.18181818181818182,-0.1,0.09090909090909091,0.18181818181818182,1,0.57,0.4,0.2727272727272727,0.1,0
0.2727272727272727,0.09090909090909091,0.09090909090909091,0.2,0.8181818181818182,34.1,0.8181818181818182,-4.7,0.36363636363636365,0.18181818181818182,0.5,0.91,-0.7,0.2727272727272727,0.1,0
0.2727272727272727,0.36363636363636365,0.18181818181818182,1.4,0.8181818181818182,2,0.8181818181818182,-3.3,0.36363636363636365,0.5454545454545454,0,1,-0.8,0.2727272727272727,0.1,1
0.09090909090909091,0.36363636363636365,0.09090909090909091,3.9,0.18181818181818182,1.9,0.8181818181818182,-1.9,0.36363636363636365,0.18181818181818182,0.5,0.88,-0.8,0.2727272727272727,0.5,0
0.18181818181818182,0.09090909090909091,0.09090909090909091,25.3,0.8181818181818182,15.7,0.8181818181818182,-1.4,0.36363636363636365,0.5454545454545454,0.3,0.97,-0.7,0.18181818181818182,0.25,1
0.18181818181818182,0.09090909090909091,0.2727272727272727,0,0.8181818181818182,0,0.8181818181818182,2.5,0.09090909090909091,0.5454545454545454,0,1,-0.3,0.18181818181818182,0.5,1
0.18181818181818182,0.36363636363636365,0.2727272727272727,0,0.8181818181818182,3.2,0.8181818181818182,-0.9,0.09090909090909091,0.5454545454545454,0,1,-0.8,0.09090909090909091,0.15,1
