Statistic,Value
Mean,2.57595041322
Std,2.82788493182
Max,14.0
Min,0.0
Var,7.99693318762
