AAWt,AAMt,Sstruct,SaccW,ShbondsW,SaccM,ShbondsM,yDDG,Result,Positiontype,ProteinPropens,Positionaccept,MOSST,SectorSuperficie,Functionalrelevancefunction,Clinical
0.0909090909091,0.0909090909091,0.181818181818,68.8,0.181818181818,83.3,0.0909090909091,0.4,0.454545454545,0.818181818182,0,1,-1.2,0.181818181818,0,0
0.0909090909091,0.181818181818,0.272727272727,3.2,0.181818181818,0.1,0.909090909091,-1.9,0.181818181818,0.818181818182,0.5,0.92,-0.6,0.0909090909091,0.6,1
0.0909090909091,0.181818181818,0.272727272727,12.1,0.0909090909091,10.6,0.909090909091,0.4,0.454545454545,0.818181818182,0.3,0.97,-0.9,0.181818181818,0.6,0
0.0909090909091,0.181818181818,0.545454545455,0,0.727272727273,5.5,0.909090909091,-1.5,0.181818181818,0.818181818182,0,1,-0.6,0.272727272727,0.15,1
0.0909090909091,0.181818181818,0.545454545455,0,0.727272727273,6,0.909090909091,1.6,0.0909090909091,0.818181818182,0,1,-1,0.0909090909091,0.75,0
0.0909090909091,0.0909090909091,0.181818181818,11.9,0.727272727273,15.2,0.909090909091,-2.3,0.181818181818,0.818181818182,0,1,-1.2,0.0909090909091,0.1,1
0.181818181818,0.0909090909091,0.545454545455,59.5,0.727272727273,67.4,0.909090909091,0,0.454545454545,0.181818181818,0.9,0.56,0.4,0.272727272727,0.1,1
0.181818181818,0.0909090909091,0.545454545455,18.8,0.727272727273,43.1,0.909090909091,-0.4,0.454545454545,0.818181818182,0,1,-0.9,0.272727272727,0.1,1
0.181818181818,0.181818181818,0.545454545455,26.8,0.727272727273,54.1,0.909090909091,-2.8,0.181818181818,0.818181818182,0,1,-1.2,0.0909090909091,0.1,0
0.0909090909091,0.0909090909091,0.272727272727,0,0.727272727273,2.4,0.909090909091,-0.8,0.0909090909091,0.818181818182,0,1,-0.5,0.0909090909091,0.35,1
0.181818181818,0.181818181818,0.545454545455,84.5,0.727272727273,84.5,0.909090909091,0.3,0.454545454545,0.181818181818,0.9,0.25,0.2,0.0909090909091,0.15,1
