AAWt,AAMt,Sstruct,SaccW,ShbondsW,SaccM,ShbondsM,yDDG,Result,Positiontype,ProteinPropens,Positionaccept,MOSST,SectorSuperficie,Functionalrelevancefunction,Clinical
0.14285714285714285,0.2857142857142857,0.42857142857142855,0,0.7142857142857143,0,0.42857142857142855,-2.9,0.14285714285714285,0.42857142857142855,0.3,0.96,-0.8,0.14285714285714285,0.35,1
0.2857142857142857,0.14285714285714285,0.42857142857142855,0.2,0.7142857142857143,0.3,0.42857142857142855,-0.8,0.14285714285714285,0.5714285714285714,0.6,0.89,0.3,0.14285714285714285,0.1,0
0.14285714285714285,0.2857142857142857,0.14285714285714285,6.8,0.7142857142857143,8.6,0.2857142857142857,0.5,0.2857142857142857,0.42857142857142855,0.3,0.97,-0.6,0.14285714285714285,0.2,0
0.2857142857142857,0.2857142857142857,0.2857142857142857,52.6,0.7142857142857143,81.8,0.2857142857142857,-1.5,0.2857142857142857,0.42857142857142855,0,1,-1.3,0.14285714285714285,0.8,1
0.14285714285714285,0.14285714285714285,0.2857142857142857,65.7,0.14285714285714285,85.6,0.2857142857142857,0.3,0.2857142857142857,0.5714285714285714,0.4,0.14,-0.1,0.14285714285714285,0.15,1
0.14285714285714285,0.14285714285714285,0.14285714285714285,50.8,0.7142857142857143,23.9,0.42857142857142855,-1.8,0.2857142857142857,0.5714285714285714,1,0.63,-0.3,0.14285714285714285,0.25,0
0.14285714285714285,0.2857142857142857,0.42857142857142855,4.9,0.14285714285714285,3,0.2857142857142857,2.1,0.14285714285714285,0.5714285714285714,0.7,0.73,-0.2,0.14285714285714285,0.75,0
