AAWt,AAMt,Sstruct,SaccW,ShbondsW,SaccM,ShbondsM,yDDG,Result,Positiontype,ProteinPropens,Positionaccept,MOSST,SectorSuperficie,Functionalrelevancefunction,Clinical
0.272727272727,0.181818181818,0.363636363636,0,0.636363636364,0.3,0.818181818182,-3.6,0.363636363636,0.272727272727,0.7,0.78,-0.6,0.181818181818,0.1,0
0.181818181818,0.0909090909091,0.454545454545,44.8,0.272727272727,47.1,0.818181818182,-1.4,0.181818181818,0.0909090909091,0.8,0.28,0.6,0.181818181818,0.15,1
0.181818181818,0.181818181818,0.0909090909091,65.7,0.272727272727,85.6,0.0909090909091,0.3,0.181818181818,0.272727272727,0.4,0.14,-0.1,0.181818181818,0.15,1
0.272727272727,0.181818181818,0.363636363636,33.4,0.636363636364,37.9,0.818181818182,-0.8,0.0909090909091,0.636363636364,0,1,-1,0.0909090909091,0.35,1
0.181818181818,0.0909090909091,0.363636363636,66.5,0.272727272727,53.3,0.818181818182,0.3,0.181818181818,0.272727272727,0.7,0.85,-0.3,0.0909090909091,0.25,1
0.0909090909091,0.181818181818,0.454545454545,0,0.636363636364,0,0.818181818182,-2.2,0.363636363636,0.636363636364,0.3,0.96,-0.4,0.181818181818,0.35,0
0.0909090909091,0.181818181818,0.454545454545,0,0.636363636364,1.8,0.818181818182,-4.3,0.363636363636,0.636363636364,0,1,-0.8,0.181818181818,0.35,1
0.0909090909091,0.0909090909091,0.454545454545,3.2,0.0909090909091,0.2,0.0909090909091,1.2,0.0909090909091,0.636363636364,0.5,0.92,-0.5,0.0909090909091,0.6,0
0.0909090909091,0.0909090909091,0.363636363636,25.4,0.636363636364,38.2,0.818181818182,0.8,0.0909090909091,0.636363636364,0,1,-1.3,0.181818181818,0,1
0.181818181818,0.0909090909091,0.454545454545,0,0.636363636364,0,0.818181818182,-1.3,0.181818181818,0.636363636364,0,1,-1.1,0.0909090909091,0.5,1
0.272727272727,0.181818181818,0.0909090909091,4.2,0.636363636364,13.7,0.818181818182,-6.5,0.363636363636,0.636363636364,1,0.95,-0.9,0.0909090909091,0.1,0
