AAWt,AAMt,Sstruct,SaccW,ShbondsW,SaccM,ShbondsM,yDDG,Result,Positiontype,ProteinPropens,Positionaccept,MOSST,SectorSuperficie,Functionalrelevancefunction,Clinical
0.42857142857142855,0.14285714285714285,0.7142857142857143,0.1,0.8571428571428571,4.9,0.8571428571428571,-4,0.5714285714285714,0.7142857142857143,0.5,0.9,-0.7,0.5714285714285714,0.1,0
0.14285714285714285,0.14285714285714285,0.7142857142857143,17.3,0.14285714285714285,27.7,0.14285714285714285,-2.5,0.5714285714285714,0.14285714285714285,0,1,-0.8,0.14285714285714285,0.85,0
0.2857142857142857,0.2857142857142857,0.7142857142857143,0.2,0.8571428571428571,0.5,0.8571428571428571,-5.1,0.5714285714285714,0.7142857142857143,0.6,0.89,-0.6,0.5714285714285714,0.1,0
0.42857142857142855,0.14285714285714285,0.14285714285714285,0,0.8571428571428571,0.2,0.8571428571428571,-1.7,0.14285714285714285,0.7142857142857143,0.7,0.78,0.2,0.5714285714285714,0.1,1
0.14285714285714285,0.14285714285714285,0.14285714285714285,18.3,0.8571428571428571,29.5,0.8571428571428571,0.8,0.14285714285714285,0.7142857142857143,0.5,0.85,-0.5,0.14285714285714285,0.8,0
0.2857142857142857,0.2857142857142857,0.7142857142857143,0.2,0.8571428571428571,0.5,0.8571428571428571,-5.1,0.5714285714285714,0.7142857142857143,0.6,0.89,-0.6,0.5714285714285714,0.1,0
0.42857142857142855,0.14285714285714285,0.7142857142857143,0,0.8571428571428571,0.9,0.8571428571428571,-0.4,0.14285714285714285,0.14285714285714285,0.9,0.47,0.6,0.14285714285714285,0.35,1
