Metric,Score
accuracy,0.806451612903
recall,0.483870967742
precision,0.483870967742
