AAWt,AAMt,Sstruct,SaccW,ShbondsW,SaccM,ShbondsM,yDDG,Result,Positiontype,ProteinPropens,Positionaccept,MOSST,SectorSuperficie,Functionalrelevancefunction,Clinical
0.13923094052612403,0.13923094052612403,0.13923094052612403,0.0,0.27846188105224806,0.0,0.4176928215783721,-0.44553900968359694,0.27846188105224806,0.27846188105224806,0.16707712863134885,0.5346468116203162,0.0,0.13923094052612403,0.05569237621044962,0
0.04484393306697183,0.04484393306697183,0.04484393306697183,0.6995653558447607,0.04484393306697183,0.6278150629376057,0.13453179920091551,-0.16143815904109862,0.08968786613394367,0.08968786613394367,0.08968786613394367,0.15785064439574087,-0.07175029290715494,0.04484393306697183,0.08968786613394367,0
0.0023167184283379725,0.0023167184283379725,0.0023167184283379725,0.6088336029672192,0.0023167184283379725,0.7932443898629217,0.0023167184283379725,0.002780062114005567,0.0023167184283379725,0.004633436856675945,0.003706749485340756,0.0012973623198692648,-0.000926687371335189,0.0023167184283379725,0.0013900310570027835,1
0.006065945283636912,0.006065945283636912,0.006065945283636912,0.6138736627040555,0.012131890567273824,0.7861465087593438,0.018197835850910737,-0.06065945283636912,0.006065945283636912,0.012131890567273824,0.007279134340364294,0.023535867700511217,0.0,0.006065945283636912,0.006065945283636912,0
