AAWt,AAMt,Sstruct,SaccW,ShbondsW,SaccM,ShbondsM,yDDG,Result,Positiontype,ProteinPropens,Positionaccept,MOSST,SectorSuperficie,Functionalrelevancefunction,Clinical
0.001162886073180605,0.001162886073180605,0.001162886073180605,0.6813349502765165,0.008140202512264234,0.7318042058525547,0.006977316439083629,-0.008140202512264234,0.001162886073180605,0.00232577214636121,0.005698141758584963,0.00382589518076419,-0.0008140202512264235,0.001162886073180605,0.0020350506280660584,1
0.19503456684536113,0.06501152228178704,0.19503456684536113,0.0,0.45508065597250935,0.0,0.39006913369072227,-0.6371129183615131,0.06501152228178704,0.13002304456357408,0.31855645918075653,0.11377016399312734,-0.045508065597250937,0.13002304456357408,0.0,1
0.02433268289899693,0.02433268289899693,0.0729980486969908,0.0,0.17032878029297852,0.3917561946738506,0.1459960973939816,-0.8516439014648927,0.04866536579799386,0.0729980486969908,0.0,0.17032878029297852,-0.15329590226368067,0.04866536579799386,0.04258219507324463,0
0.14106717366648305,0.09404478244432203,0.09404478244432203,0.0,0.3291567385551271,0.0,0.2821343473329661,0.6253978032547415,0.09404478244432203,0.14106717366648305,0.0,0.3291567385551271,-0.42790376012166526,0.047022391222161015,0.24686755391634535,0
0.0029673507364713814,0.0029673507364713814,0.0029673507364713814,0.8287810606964569,0.02077145515529967,0.5587521436775611,0.0029673507364713814,-0.006231436546589902,0.0029673507364713814,0.005934701472942763,0.008308582062119868,0.011632014886967818,0.012462873093179803,0.0029673507364713814,0.0,1
0.026750490016982646,0.017833660011321764,0.017833660011321764,0.6928376914398505,0.06241781003962618,0.7053212534477759,0.05350098003396529,0.08738493405547665,0.017833660011321764,0.017833660011321764,0.03120890501981309,0.05680020713605982,-0.024967124015850474,0.017833660011321764,0.03120890501981309,1
0.028125723408951947,0.028125723408951947,0.08437717022685584,0.0,0.19688006386266366,0.3543841149527946,0.16875434045371168,-0.8465842746094536,0.056251446817903894,0.08437717022685584,0.0,0.19688006386266366,-0.15750405109013094,0.056251446817903894,0.06890802235193227,1
