AAWt,AAMt,Sstruct,SaccW,ShbondsW,SaccM,ShbondsM,yDDG,Result,Positiontype,ProteinPropens,Positionaccept,MOSST,SectorSuperficie,Functionalrelevancefunction,Clinical
0.14285714285714285,0.14285714285714285,0.14285714285714285,83.7,1.0,89.9,0.8571428571428571,-1,0.14285714285714285,0.2857142857142857,0.7,0.47,-0.1,0.14285714285714285,0.25,1
0.42857142857142855,0.14285714285714285,0.42857142857142855,0,1.0,0,0.8571428571428571,-1.4,0.14285714285714285,0.2857142857142857,0.7,0.25,-0.1,0.2857142857142857,0,1
0.14285714285714285,0.14285714285714285,0.42857142857142855,0,1.0,2.3,0.8571428571428571,-5,0.2857142857142857,0.42857142857142855,0,1,-0.9,0.2857142857142857,0.25,0
0.42857142857142855,0.2857142857142857,0.2857142857142857,0,1.0,0,0.8571428571428571,1.9,0.2857142857142857,0.42857142857142855,0,1,-1.3,0.14285714285714285,0.75,0
0.14285714285714285,0.14285714285714285,0.14285714285714285,39.9,1.0,26.9,0.14285714285714285,-0.3,0.14285714285714285,0.2857142857142857,0.4,0.56,0.6,0.14285714285714285,0,1
0.42857142857142855,0.2857142857142857,0.2857142857142857,11.1,1.0,11.3,0.8571428571428571,1.4,0.2857142857142857,0.2857142857142857,0.5,0.91,-0.4,0.2857142857142857,0.5,1
0.14285714285714285,0.14285714285714285,0.42857142857142855,0,1.0,1.8,0.8571428571428571,-4.3,0.2857142857142857,0.42857142857142855,0,1,-0.8,0.2857142857142857,0.35,1
