AAWt,AAMt,Sstruct,SaccW,ShbondsW,SaccM,ShbondsM,yDDG,Result,Positiontype,ProteinPropens,Positionaccept,MOSST,SectorSuperficie,Functionalrelevancefunction,Clinical
0.019056600669,0.019056600669,0.057169802007,0.0,0.114339604014,0.693660264352,0.114339604014,-0.666981023415,0.057169802007,0.076226402676,0.0,0.133396204683,-0.120056584215,0.019056600669,0.0466886716391,1
0.0262862249945,0.052572449989,0.0788586749834,0.0920017874807,0.157717349967,0.736014299845,0.157717349967,0.552010724884,0.0262862249945,0.105144899978,0.0,0.184003574961,-0.184003574961,0.0788586749834,0.0,0
0.0127388561906,0.0063694280953,0.0191082842859,0.642038352006,0.0063694280953,0.762420543007,0.0063694280953,0.0490445963338,0.0127388561906,0.0063694280953,0.00891719933342,0.0214012784002,0.0356687973337,0.0127388561906,0.0356687973337,0
0.00543861588986,0.0108772317797,0.00543861588986,0.255071085235,0.0326316953392,0.963178874095,0.0326316953392,0.0456843734749,0.0108772317797,0.0108772317797,0.0266492178603,0.0296948427587,-0.0228421867374,0.0108772317797,0.0190351556145,1
0.0259016218523,0.0259016218523,0.0777048655569,0.0,0.155409731114,0.0,0.155409731114,-0.924687900127,0.0777048655569,0.103606487409,0.0543934058898,0.174058898847,-0.181311352966,0.0777048655569,0.0181311352966,1
0.034998390811,0.034998390811,0.104995172433,0.0,0.209990344866,0.0734966207031,0.209990344866,-0.881959448437,0.104995172433,0.069996781622,0.171492114974,0.191091213828,-0.146993241406,0.104995172433,0.0244988735677,0
0.00597364683719,0.00298682341859,0.00896047025578,0.968029469966,0.0179209405116,0.246711614376,0.0179209405116,0.00209077639302,0.00298682341859,0.0119472936744,0.0,0.0209077639302,-0.0250893167162,0.00298682341859,0.00731771737555,0
