AAWt,AAMt,Sstruct,SaccW,ShbondsW,SaccM,ShbondsM,yDDG,Result,Positiontype,ProteinPropens,Positionaccept,MOSST,SectorSuperficie,Functionalrelevancefunction,Clinical
0.0909090909091,0.181818181818,0.363636363636,0.3,0.909090909091,0.4,0.727272727273,-2.7,0.181818181818,0.454545454545,0.3,0.95,0,0.0909090909091,0.1,1
0.0909090909091,0.0909090909091,0.0909090909091,39.9,0.909090909091,27.5,0.727272727273,2.8,0.181818181818,0.454545454545,0.4,0.56,-0.4,0.0909090909091,0,1
0.0909090909091,0.0909090909091,0.272727272727,50.8,0.909090909091,23.9,0.727272727273,-1.8,0.181818181818,0.454545454545,1,0.63,-0.3,0.0909090909091,0.25,0
0.181818181818,0.0909090909091,0.363636363636,37,0.909090909091,69.9,0.181818181818,-0.4,0.181818181818,0.0909090909091,0.2,0.89,-0.2,0.272727272727,0,0
0.0909090909091,0.0909090909091,0.181818181818,18.3,0.909090909091,27.8,0.0909090909091,0.9,0.0909090909091,0.454545454545,0.5,0.85,-0.7,0.0909090909091,0.8,1
0.0909090909091,0.181818181818,0.363636363636,19.6,0.909090909091,26.2,0.727272727273,3.3,0.181818181818,0.454545454545,-0.1,0.6,-0.5,0.181818181818,0.15,0
0.181818181818,0.0909090909091,0.272727272727,46.3,0.909090909091,11.6,0.727272727273,1.8,0.0909090909091,0.454545454545,0,1,-1,0.272727272727,0.35,1
0.0909090909091,0.181818181818,0.181818181818,27.7,0.0909090909091,34.7,0.727272727273,0.4,0.181818181818,0.454545454545,0,1,-1.3,0.181818181818,0.1,1
0.181818181818,0.181818181818,0.272727272727,0,0.909090909091,3.2,0.727272727273,-0.9,0.0909090909091,0.454545454545,0,1,-0.8,0.181818181818,0.15,1
0.0909090909091,0.0909090909091,0.0909090909091,6.8,0.909090909091,15.1,0.727272727273,-4.9,0.181818181818,0.454545454545,0.3,0.97,-0.9,0.181818181818,0.2,0
0.181818181818,0.0909090909091,0.363636363636,45.4,0.909090909091,41.5,0.181818181818,-1.8,0.181818181818,0.454545454545,0.1,0.57,-0.2,0.272727272727,0.1,0
