Statistic,Value
Mean,0.234590056408
Std,0.0833276612995
Max,0.571428571429
Min,0.0
Var,0.00694349913765
