AAWt,AAMt,Sstruct,SaccW,ShbondsW,SaccM,ShbondsM,yDDG,Result,Positiontype,ProteinPropens,Positionaccept,MOSST,SectorSuperficie,Functionalrelevancefunction,Clinical
0.153846153846,0.0769230769231,0.384615384615,0,0.846153846154,5.2,0.846153846154,-5,0.307692307692,0.692307692308,0,1,-0.9,0.0769230769231,0.35,1
0.0769230769231,0.153846153846,0.384615384615,0.5,0.846153846154,4,0.846153846154,3,0.153846153846,0.692307692308,0,1,-1,0.230769230769,0,0
0.153846153846,0.0769230769231,0.307692307692,14.4,0.0769230769231,17.1,0.0769230769231,1.1,0.230769230769,0.0769230769231,0.2,0.48,0.8,0.307692307692,0.8,0
0.0769230769231,0.153846153846,0.153846153846,6.7,0.846153846154,25.3,0.846153846154,1.2,0.230769230769,0.153846153846,0.7,0.78,-0.6,0.307692307692,0.5,1
0.153846153846,0.153846153846,0.384615384615,0,0.846153846154,0,0.846153846154,-5.1,0.307692307692,0.692307692308,0.3,0.96,-1,0.230769230769,0.1,1
0.0769230769231,0.0769230769231,0.307692307692,0,0.846153846154,0.3,0.846153846154,-3.6,0.307692307692,0.153846153846,0.7,0.78,-0.6,0.230769230769,0.1,0
0.153846153846,0.0769230769231,0.307692307692,46.3,0.846153846154,11.8,0.846153846154,0.1,0.230769230769,0.692307692308,0,1,-1.2,0.153846153846,0.35,0
0.0769230769231,0.0769230769231,0.153846153846,12.8,0.846153846154,39.6,0.0769230769231,2.7,0.153846153846,0.692307692308,0,1,-0.5,0.0769230769231,0.6,0
0.0769230769231,0.0769230769231,0.0769230769231,97.4,0.846153846154,89.5,0.846153846154,-1.8,0.0769230769231,0.0769230769231,0.3,0.77,0,0.0769230769231,0,0
0.0769230769231,0.0769230769231,0.384615384615,12.1,0.0769230769231,10.6,0.846153846154,0.4,0.230769230769,0.692307692308,0.3,0.97,-0.9,0.307692307692,0.6,0
0.0769230769231,0.0769230769231,0.307692307692,7.3,0.846153846154,12.6,0.846153846154,1.4,0.230769230769,0.692307692308,0,1,-1,0.153846153846,0.95,0
0.153846153846,0.0769230769231,0.0769230769231,38.7,0.846153846154,42.4,0.846153846154,0,0.230769230769,0.692307692308,0,1,-0.6,0.307692307692,0.1,0
0.153846153846,0.153846153846,0.384615384615,0.3,0.846153846154,0,0.846153846154,-5.1,0.307692307692,0.692307692308,0.3,0.95,-0.9,0.0769230769231,0.1,1
