AAWt,AAMt,Sstruct,SaccW,ShbondsW,SaccM,ShbondsM,yDDG,Result,Positiontype,ProteinPropens,Positionaccept,MOSST,SectorSuperficie,Functionalrelevancefunction,Clinical
0.142857142857,0.142857142857,0.285714285714,3.2,0.285714285714,0,1.0,-2.1,0.571428571429,0.285714285714,0.5,0.92,-0.5,0.142857142857,0.6,1
0.428571428571,0.142857142857,0.285714285714,40.3,0.714285714286,60.9,1.0,-2.8,0.571428571429,0.714285714286,0.6,0.87,-0.6,0.285714285714,0.6,1
0.142857142857,0.142857142857,0.285714285714,7.3,0.714285714286,16.4,1.0,-3.1,0.571428571429,0.285714285714,0,1,-1,0.142857142857,0.95,1
0.142857142857,0.142857142857,0.142857142857,18.3,0.714285714286,12.9,1.0,-3.5,0.571428571429,0.714285714286,0.5,0.85,-0.8,0.285714285714,0.8,0
0.428571428571,0.142857142857,0.285714285714,0.2,0.714285714286,0.3,1.0,-0.8,0.142857142857,0.714285714286,0.6,0.89,0.3,0.142857142857,0.1,0
0.428571428571,0.142857142857,0.285714285714,40.3,0.714285714286,20.5,1.0,0.3,0.285714285714,0.714285714286,0.6,0.87,-0.1,0.285714285714,0.6,0
0.142857142857,0.142857142857,0.285714285714,91.7,0.285714285714,64.7,1.0,0,0.285714285714,0.714285714286,0.5,0.9,-0.7,0.285714285714,0,0
