AAWt,AAMt,Sstruct,SaccW,ShbondsW,SaccM,ShbondsM,yDDG,Result,Positiontype,ProteinPropens,Positionaccept,MOSST,SectorSuperficie,Functionalrelevancefunction,Clinical
0.0336819951188,0.0336819951188,0.0673639902377,0.754476690662,0.0673639902377,0.0,0.235773965832,-0.495125328247,0.134727980475,0.0673639902377,0.117886982916,0.216912048565,-0.117886982916,0.0336819951188,0.141464379499,1
0.0058618881907,0.00195396273023,0.00390792546047,0.551212886199,0.00976981365117,0.832974311899,0.0136777391116,-0.0382976695126,0.00781585092094,0.00976981365117,0.00820664346699,0.0118996330271,-0.00820664346699,0.00390792546047,0.00820664346699,1
0.00778396049363,0.00778396049363,0.0155679209873,0.397760381225,0.0389198024682,0.893598664669,0.0544877234554,-0.168911942712,0.0311358419745,0.0155679209873,0.0,0.0544877234554,-0.0544877234554,0.00778396049363,0.0517633372827,1
0.00627501232684,0.00627501232684,0.00627501232684,0.803829079068,0.0313750616342,0.566633613113,0.0439250862879,-0.153737802008,0.0251000493074,0.0313750616342,0.0219625431439,0.0373363233447,-0.0351400690303,0.0125500246537,0.0351400690303,0
0.205036068191,0.0683453560637,0.136690712127,0.0956834984891,0.341726780318,0.143525247734,0.478417492446,-0.382733993956,0.0683453560637,0.341726780318,0.287050495467,0.425791568277,0.143525247734,0.0683453560637,0.0478417492446,0
0.0094692871127,0.00315642903757,0.00631285807513,0.890428631497,0.0157821451878,0.452947566891,0.022095003263,0.00662850097889,0.00631285807513,0.0157821451878,0.0132570019578,0.0192226528388,-0.0022095003263,0.00631285807513,0.0132570019578,0
0.00127275301142,0.00127275301142,0.00254550602284,0.81698015803,0.00254550602284,0.576429838872,0.00890927107994,0.0,0.00254550602284,0.0063637650571,0.00445463553997,0.00801834397194,-0.00623648975595,0.00254550602284,0.0,0
