Statistic,Value
Mean,0.251223628692
Std,0.181819354574
Max,0.7
Min,0.0
Var,0.0330582776977
