AAWt,AAMt,Sstruct,SaccW,ShbondsW,SaccM,ShbondsM,yDDG,Result,Positiontype,ProteinPropens,Positionaccept,MOSST,SectorSuperficie,Functionalrelevancefunction,Clinical
0.285714285714,0.571428571429,0.285714285714,75.7,0.285714285714,81.1,0.285714285714,0.1,0.571428571429,0.857142857143,0.1,0.72,0,0.142857142857,0.1,1
0.285714285714,0.142857142857,0.142857142857,61,0.571428571429,89.4,0.571428571429,0,0.571428571429,0.857142857143,0.1,0.76,-0.1,0.142857142857,0.2,1
0.142857142857,0.571428571429,0.285714285714,65.7,0.142857142857,85.6,0.285714285714,0.3,0.571428571429,0.857142857143,0.4,0.14,-0.1,0.142857142857,0.15,1
0.142857142857,0.142857142857,0.285714285714,45.4,0.571428571429,27.8,0.571428571429,-3,0.142857142857,0.857142857143,0.1,0.57,-0.4,0.142857142857,0.1,1
0.285714285714,0.571428571429,0.285714285714,19.6,0.571428571429,26.2,0.571428571429,3.3,0.142857142857,0.857142857143,-0.1,0.6,-0.5,0.285714285714,0.15,0
0.142857142857,0.142857142857,0.285714285714,16.3,0.571428571429,30.7,0.571428571429,1,0.142857142857,0.857142857143,0.8,0.74,-0.4,0.285714285714,0.65,1
0.285714285714,0.571428571429,0.285714285714,63.3,0.285714285714,97.8,0.142857142857,-0.4,0.571428571429,0.142857142857,0,1,-0.3,0.142857142857,1,1
