AAWt,AAMt,Sstruct,SaccW,ShbondsW,SaccM,ShbondsM,yDDG,Result,Positiontype,ProteinPropens,Positionaccept,MOSST,SectorSuperficie,Functionalrelevancefunction,Clinical
0.0769230769231,0.0769230769231,0.307692307692,41.5,0.769230769231,34.9,0.846153846154,1,0.0769230769231,0.0769230769231,0.9,0.26,0.5,0.384615384615,0,1
0.153846153846,0.0769230769231,0.538461538462,0,0.769230769231,0,0.846153846154,-0.6,0.0769230769231,0.538461538462,0,1,-0.5,0.153846153846,0.25,0
0.153846153846,0.153846153846,0.538461538462,4.9,0.0769230769231,12.7,0.846153846154,-1.4,0.153846153846,0.384615384615,0.7,0.73,0.2,0.384615384615,0.75,1
0.0769230769231,0.0769230769231,0.538461538462,0,0.769230769231,1.8,0.846153846154,-4.3,0.307692307692,0.538461538462,0,1,-0.8,0.153846153846,0.35,1
0.0769230769231,0.0769230769231,0.153846153846,12.8,0.769230769231,39.6,0.0769230769231,2.7,0.153846153846,0.538461538462,0,1,-0.5,0.0769230769231,0.6,0
0.153846153846,0.153846153846,0.307692307692,0,0.769230769231,0,0.846153846154,0.3,0.230769230769,0.538461538462,0,1,-0.9,0.0769230769231,0.75,1
0.0769230769231,0.153846153846,0.153846153846,40.3,0.769230769231,46.6,0.0769230769231,-2.2,0.307692307692,0.384615384615,0.6,0.87,-0.6,0.0769230769231,0.6,0
0.153846153846,0.153846153846,0.307692307692,66.5,0.153846153846,53.3,0.846153846154,0.3,0.230769230769,0.384615384615,0.7,0.85,-0.3,0.384615384615,0.25,1
0.0769230769231,0.0769230769231,0.538461538462,45.4,0.769230769231,36.8,0.846153846154,-3.6,0.307692307692,0.384615384615,0.1,0.57,-0.3,0.384615384615,0.1,0
0.153846153846,0.0769230769231,0.538461538462,1.2,0.769230769231,3.8,0.846153846154,-1.7,0.153846153846,0.538461538462,0,1,-0.7,0.384615384615,0.1,1
0.0769230769231,0.153846153846,0.307692307692,0,0.769230769231,2.2,0.846153846154,-6.5,0.307692307692,0.384615384615,0.7,0.78,-0.5,0.0769230769231,0.1,0
0.0769230769231,0.153846153846,0.538461538462,12.1,0.153846153846,10.6,0.846153846154,0.4,0.230769230769,0.538461538462,0.3,0.97,-0.9,0.0769230769231,0.6,0
0.153846153846,0.0769230769231,0.538461538462,0,0.769230769231,0,0.846153846154,3.9,0.153846153846,0.538461538462,0,1,-1.1,0.0769230769231,0.5,1
