AAWt,AAMt,Sstruct,SaccW,ShbondsW,SaccM,ShbondsM,yDDG,Result,Positiontype,ProteinPropens,Positionaccept,MOSST,SectorSuperficie,Functionalrelevancefunction,Clinical
0.142857142857,0.285714285714,0.428571428571,30.2,0.428571428571,12,1.0,-2.6,0.285714285714,0.714285714286,0.2,0.9,-0.8,0.285714285714,0.1,0
0.142857142857,0.142857142857,0.142857142857,6.8,0.571428571429,15.1,1.0,-4.9,0.285714285714,0.285714285714,0.3,0.97,-0.9,0.142857142857,0.2,0
0.142857142857,0.142857142857,0.285714285714,61,0.571428571429,93.7,1.0,0.3,0.142857142857,0.714285714286,0.1,0.76,0.7,0.285714285714,0.2,1
0.285714285714,0.142857142857,0.142857142857,4.9,0.428571428571,12.7,1.0,-1.4,0.285714285714,0.714285714286,0.7,0.73,0.2,0.285714285714,0.75,1
0.285714285714,0.142857142857,0.285714285714,3.9,0.428571428571,1.9,1.0,-1.9,0.285714285714,0.714285714286,0.5,0.88,-0.8,0.285714285714,0.5,0
0.142857142857,0.285714285714,0.428571428571,23.5,0.571428571429,23.6,1.0,-0.8,0.142857142857,0.285714285714,0,1,-1,0.142857142857,0.6,0
0.142857142857,0.142857142857,0.428571428571,16.3,0.571428571429,30.7,1.0,1,0.142857142857,0.714285714286,0.8,0.74,-0.4,0.142857142857,0.65,1
