Statistic,Value
Mean,0.33141330662
Std,0.146580832808
Max,0.818181818182
Min,0.0
Var,0.0214859405468
