Statistic,Value
Mean,0.458333333333
Std,0.14329000242
Max,0.727272727273
Min,0.181818181818
Var,0.0205320247934
