algorithm,desc,actualScore,new score
SVC,poly,0.575757575758,0.423076923077
SVC,rbf,0.575757575758,0.384615384615
SVC,sigmoid,0.575757575758,0.423076923077
