algorithm,desc,actualScore,new score
SVC,poly,0.575757575758,0.564516129032
SVC,rbf,0.575757575758,0.564516129032
SVC,sigmoid,0.575757575758,0.564516129032
