AAWt,AAMt,Sstruct,SaccW,ShbondsW,SaccM,ShbondsM,yDDG,Result,Positiontype,ProteinPropens,Positionaccept,MOSST,SectorSuperficie,Functionalrelevancefunction,Clinical
0.2727272727272727,0.2727272727272727,0.45454545454545453,66.5,0.09090909090909091,53.3,0.7272727272727273,0.3,0.18181818181818182,0.45454545454545453,0.7,0.85,-0.3,0.18181818181818182,0.25,1
0.09090909090909091,0.2727272727272727,0.18181818181818182,0,0.7272727272727273,0,0.7272727272727273,-2.9,0.36363636363636365,0.5454545454545454,0.3,0.96,-0.8,0.09090909090909091,0.35,1
0.09090909090909091,0.09090909090909091,0.09090909090909091,6.8,0.7272727272727273,15.1,0.7272727272727273,-4.9,0.36363636363636365,0.5454545454545454,0.3,0.97,-0.9,0.09090909090909091,0.2,0
0.2727272727272727,0.09090909090909091,0.18181818181818182,45.5,0.18181818181818182,50.6,0.09090909090909091,1.2,0.18181818181818182,0.45454545454545453,0.9,0.69,-0.2,0.09090909090909091,0.1,1
0.18181818181818182,0.2727272727272727,0.2727272727272727,12.8,0.7272727272727273,17.4,0.18181818181818182,-1.2,0.2727272727272727,0.5454545454545454,0,1,-0.8,0.09090909090909091,0.6,0
0.2727272727272727,0.09090909090909091,0.45454545454545453,16.3,0.7272727272727273,43.3,0.7272727272727273,1.6,0.18181818181818182,0.45454545454545453,0.8,0.74,-0.3,0.18181818181818182,0.65,1
0.09090909090909091,0.2727272727272727,0.45454545454545453,0,0.7272727272727273,3.7,0.7272727272727273,-2,0.2727272727272727,0.5454545454545454,0,1,-1.3,0.18181818181818182,0.15,0
0.18181818181818182,0.2727272727272727,0.45454545454545453,23.5,0.7272727272727273,38.4,0.7272727272727273,-1.6,0.2727272727272727,0.5454545454545454,0,1,-0.9,0.18181818181818182,0.6,0
0.18181818181818182,0.09090909090909091,0.45454545454545453,30.2,0.18181818181818182,12,0.7272727272727273,-2.6,0.36363636363636365,0.45454545454545453,0.2,0.9,-0.8,0.18181818181818182,0.1,0
0.09090909090909091,0.09090909090909091,0.2727272727272727,40.3,0.7272727272727273,20.5,0.7272727272727273,0.3,0.18181818181818182,0.45454545454545453,0.6,0.87,-0.1,0.18181818181818182,0.6,0
0.18181818181818182,0.2727272727272727,0.2727272727272727,9.8,0.7272727272727273,17.2,0.18181818181818182,-3.4,0.36363636363636365,0.5454545454545454,0,1,-0.9,0.09090909090909091,0.1,0
