Statistic,Value
Mean,0.335161744023
Std,0.204284704761
Max,1.0
Min,0.0
Var,0.0417322405993
