AAWt,AAMt,Sstruct,SaccW,ShbondsW,SaccM,ShbondsM,yDDG,Result,Positiontype,ProteinPropens,Positionaccept,MOSST,SectorSuperficie,Functionalrelevancefunction,Clinical
0.002252501117921357,0.002252501117921357,0.004505002235842714,0.6667403309047217,0.004505002235842714,0.745127369808385,0.004505002235842714,0.004505002235842714,0.004505002235842714,0.002252501117921357,0.008109004024516886,0.006847603398480926,0.0027030013415056285,0.002252501117921357,0.000901000447168543,1
0.0056118666765001615,0.0056118666765001615,0.0056118666765001615,0.796885068063023,0.011223733353000323,0.5971026143796172,0.011223733353000323,-0.0830556268122024,0.0056118666765001615,0.011223733353000323,0.0067342400118001935,0.021325093370700612,-0.022447466706000646,0.0056118666765001615,0.0022447466706000648,0
0.001785523144760722,0.001785523144760722,0.001785523144760722,0.7099240023568631,0.003571046289521444,0.7042103282936287,0.003571046289521444,-0.003571046289521444,0.003571046289521444,0.001785523144760722,-0.0007142092579042889,0.0050708857311204504,-0.0007142092579042889,0.001785523144760722,0.0014284185158085778,0
0.1075828707279838,0.1075828707279838,0.2151657414559676,0.0,0.2151657414559676,0.0,0.2151657414559676,-0.5594309277855157,0.1075828707279838,0.2151657414559676,0.0,0.4303314829119352,-0.47336463120312877,0.1075828707279838,0.2151657414559676,1
