AAWt,AAMt,Sstruct,SaccW,ShbondsW,SaccM,ShbondsM,yDDG,Result,Positiontype,ProteinPropens,Positionaccept,MOSST,SectorSuperficie,Functionalrelevancefunction,Clinical
0.0045673209613,0.0137019628839,0.0091346419226,0.214207353085,0.0274039257678,0.975123025238,0.0045673209613,0.0159856233646,0.0137019628839,0.0182692838452,0.0223798727104,0.0249375724487,0.00319712467291,0.0045673209613,0.0159856233646,0
0.0382663703354,0.0382663703354,0.0382663703354,0.0,0.114799111006,0.696447940104,0.0956659258385,-0.669661480869,0.0573995555031,0.0382663703354,0.0,0.133932296174,-0.120539066556,0.0191331851677,0.0468763036608,1
0.00119533045156,0.00119533045156,0.00358599135467,0.707037962097,0.00717198270935,0.707037962097,0.00597665225779,0.00251019394827,0.00358599135467,0.00119533045156,0.00753058184482,0.00209182829023,0.00167346263218,0.00239066090312,0.00125509697414,1
0.0106860819614,0.0106860819614,0.0106860819614,0.751765865985,0.0320582458842,0.647042262763,0.0267152049035,-0.112203860595,0.0160291229421,0.0213721639228,0.00748025737298,0.0220667592503,-0.0112203860595,0.0106860819614,0.00374012868649,1
0.00298691668324,0.00896075004971,0.00896075004971,0.968059697037,0.0179215000994,0.246719318035,0.0149345834162,0.00209084167826,0.00896075004971,0.00597383336647,0.0,0.0209084167826,-0.0250901001392,0.00597383336647,0.00731794587393,0
0.00145165163211,0.00145165163211,0.00290330326422,0.635097589049,0.00145165163211,0.772278668284,0.00145165163211,-0.00812924913983,0.00145165163211,0.00580660652845,0.00711309299735,0.00599532124062,0.00406462456991,0.00290330326422,0.0025403903562,1
0.0468909474657,0.140672842397,0.140672842397,0.0,0.281345684794,0.0,0.234454737328,-0.787767917423,0.140672842397,0.187563789863,0.229765642582,0.256024573162,-0.16411831613,0.0468909474657,0.032823663226,1
