AAWt,AAMt,Sstruct,SaccW,ShbondsW,SaccM,ShbondsM,yDDG,Result,Positiontype,ProteinPropens,Positionaccept,MOSST,SectorSuperficie,Functionalrelevancefunction,Clinical
0.142857142857,0.142857142857,0.142857142857,27.7,0.142857142857,34.7,0.714285714286,0.4,0.142857142857,0.714285714286,0,1,-1.3,0.142857142857,0.1,1
0.285714285714,0.142857142857,0.142857142857,39.9,0.857142857143,27.5,0.714285714286,2.8,0.142857142857,0.285714285714,0.4,0.56,-0.4,0.142857142857,0,1
0.285714285714,0.142857142857,0.285714285714,0,0.857142857143,0,0.142857142857,0.6,0.285714285714,0.714285714286,0,1,-1.1,0.142857142857,0.5,0
0.142857142857,0.285714285714,0.428571428571,7.3,0.857142857143,1.7,0.142857142857,-2.3,0.285714285714,0.714285714286,0,1,-0.3,0.142857142857,0.95,1
0.285714285714,0.285714285714,0.285714285714,0.3,0.857142857143,0,0.714285714286,-5.1,0.285714285714,0.714285714286,0.3,0.95,-0.9,0.142857142857,0.1,1
0.285714285714,0.142857142857,0.428571428571,111.8,0.857142857143,92.1,0.714285714286,-0.5,0.142857142857,0.285714285714,0.5,0.62,-0.1,0.142857142857,0.55,0
0.142857142857,0.142857142857,0.428571428571,25.4,0.857142857143,38.2,0.714285714286,0.8,0.285714285714,0.714285714286,0,1,-1.3,0.142857142857,0,1
