AAWt,AAMt,Sstruct,SaccW,ShbondsW,SaccM,ShbondsM,yDDG,Result,Positiontype,ProteinPropens,Positionaccept,MOSST,SectorSuperficie,Functionalrelevancefunction,Clinical
0.0013594889287802437,0.0013594889287802437,0.0013594889287802437,0.5490975783343405,0.009516422501461706,0.8355418956283378,0.0013594889287802437,-0.011419707001754048,0.0013594889287802437,0.004078466786340731,0.006661495751023194,0.007517973776154748,0.0009516422501461706,0.0013594889287802437,0.003330747875511597,0
0.0070676418563016255,0.0035338209281508127,0.010601462784452438,0.27457788611731815,0.02473674649705569,0.9597857640857607,0.021202925568904876,0.02721042114676126,0.0035338209281508127,0.010601462784452438,0.012368373248527844,0.02251043931232068,-0.019789397197644554,0.010601462784452438,0.012368373248527844,1
0.13435836696512618,0.06717918348256309,0.13435836696512618,0.23512714218897085,0.4702542843779417,0.3291779990645592,0.40307510089537857,-0.09405085687558834,0.06717918348256309,0.13435836696512618,0.0,0.4702542843779417,-0.37620342750235336,0.13435836696512618,0.0,0
0.026653822618834283,0.013326911309417142,0.039980733928251425,0.0,0.09328837916591999,0.9328837916592,0.07996146785650285,-0.30785165124753594,0.026653822618834283,0.026653822618834283,0.0,0.09328837916591999,-0.046644189582959995,0.013326911309417142,0.06996628437444,0
0.0011628813554827818,0.0011628813554827818,0.0011628813554827818,0.6813321861773619,0.008140169488379473,0.7318012370053146,0.006977288132896691,-0.008140169488379473,0.0023257627109655636,0.0023257627109655636,0.00569811864186563,0.0038258796595383522,-0.0008140169488379473,0.0023257627109655636,0.0020350423720948683,1
0.002836697186712527,0.002836697186712527,0.005673394373425054,0.8042036524330014,0.01985688030698769,0.5897493451175343,0.01702018312027516,-0.06552770501305936,0.005673394373425054,0.005673394373425054,0.005957064092096306,0.008737027335074582,-0.005957064092096306,0.00851009156013758,0.011914128184192612,0
0.0032996923244695458,0.0016498461622347729,0.004949538486704319,0.6455848032824667,0.01154892313564341,0.7633838192660294,0.009899076973408638,-0.01039403082207907,0.0032996923244695458,0.004949538486704319,-0.0011548923135643412,0.0023097846271286824,0.004619569254257365,0.004949538486704319,0.0,1
