AAWt,AAMt,Sstruct,SaccW,ShbondsW,SaccM,ShbondsM,yDDG,Result,Positiontype,ProteinPropens,Positionaccept,MOSST,SectorSuperficie,Functionalrelevancefunction,Clinical
0.0769230769231,0.0769230769231,0.384615384615,59.5,0.769230769231,67.4,0.846153846154,0,0.230769230769,0.153846153846,0.9,0.56,0.4,0.384615384615,0.1,1
0.230769230769,0.230769230769,0.384615384615,66.5,0.0769230769231,47.9,0.846153846154,-1.4,0.230769230769,0.384615384615,0.7,0.85,0,0.153846153846,0.25,1
0.230769230769,0.0769230769231,0.307692307692,0,0.769230769231,0,0.846153846154,-1.3,0.230769230769,0.461538461538,0,1,-1.1,0.0769230769231,0.5,1
0.153846153846,0.153846153846,0.384615384615,0,0.769230769231,0,0.846153846154,1.9,0.230769230769,0.461538461538,0,1,-1.3,0.0769230769231,0.75,0
0.153846153846,0.153846153846,0.307692307692,0,0.769230769231,0,0.846153846154,1.9,0.230769230769,0.153846153846,0.7,0.25,1.1,0.153846153846,0,1
0.153846153846,0.230769230769,0.307692307692,0.5,0.769230769231,0.7,0.846153846154,-0.2,0.230769230769,0.461538461538,0,1,-0.8,0.384615384615,0,0
0.230769230769,0.0769230769231,0.384615384615,16.3,0.769230769231,43.3,0.846153846154,1.6,0.230769230769,0.384615384615,0.8,0.74,-0.3,0.384615384615,0.65,1
0.0769230769231,0.0769230769231,0.0769230769231,62.5,0.153846153846,104.4,0.846153846154,-3.6,0.230769230769,0.384615384615,0.7,0.59,-0.2,0.0769230769231,0.25,1
0.0769230769231,0.230769230769,0.384615384615,0,0.769230769231,4.1,0.846153846154,-2.5,0.230769230769,0.461538461538,0,1,-0.8,0.384615384615,0.15,0
0.0769230769231,0.0769230769231,0.0769230769231,18.3,0.769230769231,12.9,0.846153846154,-3.5,0.230769230769,0.384615384615,0.5,0.85,-0.8,0.153846153846,0.8,0
0.0769230769231,0.0769230769231,0.0769230769231,96.5,0.153846153846,95.3,0.0769230769231,0.3,0.230769230769,0.384615384615,0.4,0.6,0.2,0.153846153846,0.3,0
0.153846153846,0.0769230769231,0.307692307692,0.5,0.769230769231,4,0.846153846154,3,0.0769230769231,0.461538461538,0,1,-1,0.384615384615,0,0
0.0769230769231,0.0769230769231,0.0769230769231,7.7,0.769230769231,9,0.0769230769231,-2,0.230769230769,0.461538461538,0,1,-1,0.0769230769231,0.1,0
