AAWt,AAMt,Sstruct,SaccW,ShbondsW,SaccM,ShbondsM,yDDG,Result,Positiontype,ProteinPropens,Positionaccept,MOSST,SectorSuperficie,Functionalrelevancefunction,Clinical
0.14285714285714285,0.42857142857142855,0.2857142857142857,35.5,0.8571428571428571,58.8,0.2857142857142857,-1.1,0.42857142857142855,0.42857142857142855,0.3,0.95,-0.8,0.2857142857142857,0.1,0
0.14285714285714285,0.14285714285714285,0.2857142857142857,17.3,0.14285714285714285,21,0.5714285714285714,-1.5,0.42857142857142855,0.42857142857142855,0,1,-1,0.42857142857142855,0.85,1
0.2857142857142857,0.42857142857142855,0.42857142857142855,0,0.8571428571428571,0.1,0.5714285714285714,-1.5,0.42857142857142855,0.2857142857142857,-0.1,0.64,-0.5,0.2857142857142857,0.1,1
0.14285714285714285,0.2857142857142857,0.2857142857142857,37,0.8571428571428571,69.9,0.14285714285714285,-0.4,0.14285714285714285,0.2857142857142857,0.2,0.89,-0.2,0.42857142857142855,0,0
0.14285714285714285,0.2857142857142857,0.42857142857142855,7.3,0.8571428571428571,1.7,0.2857142857142857,-2.3,0.2857142857142857,0.42857142857142855,0,1,-0.3,0.42857142857142855,0.95,1
0.2857142857142857,0.14285714285714285,0.42857142857142855,24.3,0.8571428571428571,14.2,0.5714285714285714,1.5,0.14285714285714285,0.14285714285714285,0,0.41,0.7,0.2857142857142857,0,1
0.14285714285714285,0.42857142857142855,0.2857142857142857,6.7,0.8571428571428571,38.3,0.5714285714285714,-2.2,0.2857142857142857,0.14285714285714285,0.7,0.78,-0.5,0.2857142857142857,0.5,0
