AAWt,AAMt,Sstruct,SaccW,ShbondsW,SaccM,ShbondsM,yDDG,Result,Positiontype,ProteinPropens,Positionaccept,MOSST,SectorSuperficie,Functionalrelevancefunction,Clinical
0.2857142857142857,0.14285714285714285,0.42857142857142855,0.3,1.0,0.4,0.8571428571428571,-2.7,0.42857142857142855,0.42857142857142855,0.3,0.95,0,0.14285714285714285,0.1,1
0.14285714285714285,0.14285714285714285,0.42857142857142855,37,1.0,69.9,0.14285714285714285,-0.4,0.2857142857142857,0.14285714285714285,0.2,0.89,-0.2,0.14285714285714285,0,0
0.2857142857142857,0.14285714285714285,0.2857142857142857,40.3,1.0,36.1,0.8571428571428571,0.6,0.2857142857142857,0.42857142857142855,0.6,0.87,0.3,0.14285714285714285,0.6,1
0.14285714285714285,0.14285714285714285,0.42857142857142855,0,1.0,0,0.8571428571428571,-2.2,0.42857142857142855,0.42857142857142855,0.3,0.96,-0.4,0.14285714285714285,0.35,0
0.14285714285714285,0.14285714285714285,0.2857142857142857,35.5,1.0,26.6,0.8571428571428571,-3.7,0.42857142857142855,0.42857142857142855,0.3,0.95,-1,0.14285714285714285,0.1,0
0.2857142857142857,0.14285714285714285,0.2857142857142857,6,1.0,5.7,0.8571428571428571,2.9,0.14285714285714285,0.42857142857142855,0.5,0.61,-0.4,0.2857142857142857,0.6,0
0.2857142857142857,0.14285714285714285,0.2857142857142857,6,1.0,4.7,0.8571428571428571,0.5,0.14285714285714285,0.42857142857142855,0.5,0.61,-0.3,0.2857142857142857,0.6,1
