Statistic,Value
Mean,35.1147679325
Std,23.1194000689
Max,121.0
Min,0.0
Var,534.506659545
