AAWt,AAMt,Sstruct,SaccW,ShbondsW,SaccM,ShbondsM,yDDG,Result,Positiontype,ProteinPropens,Positionaccept,MOSST,SectorSuperficie,Functionalrelevancefunction,Clinical
0.0769230769231,0.0769230769231,0.153846153846,45.9,0.153846153846,58.7,0.230769230769,-0.1,0.538461538462,0.0769230769231,1,0.57,0.4,0.230769230769,0.1,0
0.153846153846,0.0769230769231,0.307692307692,12.8,0.769230769231,17.4,0.0769230769231,-1.2,0.0769230769231,0.461538461538,0,1,-0.8,0.153846153846,0.6,0
0.153846153846,0.153846153846,0.153846153846,41.5,0.769230769231,34.9,0.692307692308,1,0.153846153846,0.0769230769231,0.9,0.26,0.5,0.230769230769,0,1
0.153846153846,0.153846153846,0.0769230769231,18.3,0.769230769231,29.5,0.692307692308,0.8,0.153846153846,0.384615384615,0.5,0.85,-0.5,0.230769230769,0.8,0
0.153846153846,0.153846153846,0.0769230769231,64.7,0.769230769231,68.4,0.230769230769,-0.3,0.538461538462,0.384615384615,0.7,0.53,0.2,0.153846153846,0.1,1
0.0769230769231,0.153846153846,0.384615384615,1.2,0.769230769231,3.4,0.692307692308,-0.6,0.0769230769231,0.461538461538,0,1,-0.5,0.230769230769,0.1,0
0.0769230769231,0.0769230769231,0.307692307692,6.7,0.769230769231,17.7,0.692307692308,-0.3,0.538461538462,0.384615384615,0.7,0.78,-0.5,0.230769230769,0.5,1
0.153846153846,0.0769230769231,0.307692307692,40.3,0.769230769231,36.1,0.692307692308,0.6,0.538461538462,0.384615384615,0.6,0.87,0.3,0.0769230769231,0.6,1
0.0769230769231,0.0769230769231,0.384615384615,12.1,0.0769230769231,10.6,0.692307692308,0.4,0.538461538462,0.461538461538,0.3,0.97,-0.9,0.230769230769,0.6,0
0.0769230769231,0.0769230769231,0.307692307692,63.3,0.153846153846,97.8,0.230769230769,-0.4,0.538461538462,0.461538461538,0,1,-0.3,0.153846153846,1,1
0.0769230769231,0.153846153846,0.384615384615,0.5,0.769230769231,0.7,0.692307692308,-0.2,0.538461538462,0.461538461538,0,1,-0.8,0.0769230769231,0,0
0.0769230769231,0.0769230769231,0.384615384615,29.8,0.769230769231,33.5,0.692307692308,-2.1,0.153846153846,0.384615384615,0,0.81,-0.1,0.153846153846,0.2,0
0.153846153846,0.153846153846,0.384615384615,0.3,0.769230769231,0.4,0.692307692308,-2.7,0.153846153846,0.461538461538,0.3,0.95,0,0.0769230769231,0.1,1
