Statistic,Value
Mean,0.475860075166
Std,0.0904949431789
Max,0.694444444444
Min,0.0833333333333
Var,0.00818933474096
