AAWt,AAMt,Sstruct,SaccW,ShbondsW,SaccM,ShbondsM,yDDG,Result,Positiontype,ProteinPropens,Positionaccept,MOSST,SectorSuperficie,Functionalrelevancefunction,Clinical
0.272727272727,0.0909090909091,0.181818181818,3.9,0.272727272727,2.4,0.636363636364,1.4,0.0909090909091,0.454545454545,0.5,0.88,-0.7,0.272727272727,0.5,0
0.0909090909091,0.0909090909091,0.454545454545,29.8,0.727272727273,33.5,0.636363636364,-2.1,0.181818181818,0.454545454545,0,0.81,-0.1,0.181818181818,0.2,0
0.272727272727,0.0909090909091,0.181818181818,3.9,0.272727272727,2.6,0.636363636364,-1.8,0.363636363636,0.454545454545,0.5,0.88,0,0.272727272727,0.5,1
0.272727272727,0.0909090909091,0.454545454545,0,0.727272727273,0,0.636363636364,-1.4,0.363636363636,0.0909090909091,0.7,0.25,-0.1,0.181818181818,0,1
0.0909090909091,0.181818181818,0.454545454545,37,0.727272727273,69.9,0.181818181818,-0.4,0.0909090909091,0.0909090909091,0.2,0.89,-0.2,0.181818181818,0,0
0.0909090909091,0.0909090909091,0.181818181818,62.5,0.272727272727,76,0.181818181818,-0.8,0.0909090909091,0.454545454545,0.7,0.59,0.4,0.0909090909091,0.25,1
0.0909090909091,0.0909090909091,0.454545454545,0,0.727272727273,0,0.181818181818,0.6,0.0909090909091,0.363636363636,0,1,-1.1,0.0909090909091,0.5,0
0.0909090909091,0.181818181818,0.0909090909091,6.8,0.727272727273,7.8,0.636363636364,-1.1,0.363636363636,0.363636363636,0.3,0.97,-0.7,0.181818181818,0.2,1
0.0909090909091,0.181818181818,0.454545454545,0.5,0.727272727273,4,0.636363636364,3,0.0909090909091,0.363636363636,0,1,-1,0.0909090909091,0,0
0.0909090909091,0.181818181818,0.0909090909091,7.7,0.727272727273,9,0.181818181818,-2,0.363636363636,0.363636363636,0,1,-1,0.0909090909091,0.1,0
0.0909090909091,0.0909090909091,0.181818181818,6.7,0.727272727273,38.3,0.636363636364,-2.2,0.181818181818,0.454545454545,0.7,0.78,-0.5,0.272727272727,0.5,0
