Statistic,Value
Mean,0.644641350211
Std,0.179747244838
Max,1.0
Min,0.0
Var,0.0323090720267
