Statistic,Value
Mean,0.457261250843
Std,0.154944430779
Max,0.777777777778
Min,0.0
Var,0.0240077766293
