algorithm,desc,actualScore,new score
auto,minkowski-uniform KNN: 2,0.717948717949,0.571428571429
auto,euclidean-uniform KNN: 2,0.717948717949,0.571428571429
ball_tree,minkowski-uniform KNN: 2,0.717948717949,0.571428571429
ball_tree,euclidean-uniform KNN: 2,0.717948717949,0.571428571429
kd_tree,minkowski-uniform KNN: 2,0.717948717949,0.571428571429
kd_tree,euclidean-uniform KNN: 2,0.717948717949,0.571428571429
brute,minkowski-uniform KNN: 2,0.717948717949,0.571428571429
brute,euclidean-uniform KNN: 2,0.717948717949,0.571428571429
