algorithm,desc,actualScore,new score
auto,minkowski-uniform KNN: 2,0.717948717949,0.272727272727
auto,euclidean-uniform KNN: 2,0.717948717949,0.272727272727
ball_tree,minkowski-uniform KNN: 2,0.717948717949,0.272727272727
ball_tree,euclidean-uniform KNN: 2,0.717948717949,0.272727272727
kd_tree,minkowski-uniform KNN: 2,0.717948717949,0.272727272727
kd_tree,euclidean-uniform KNN: 2,0.717948717949,0.272727272727
brute,minkowski-uniform KNN: 2,0.717948717949,0.272727272727
brute,euclidean-uniform KNN: 2,0.717948717949,0.272727272727
