algorithm,desc,actualScore,new score
auto,minkowski-uniform KNN: 2,0.717948717949,0.538461538462
auto,euclidean-uniform KNN: 2,0.717948717949,0.538461538462
ball_tree,minkowski-uniform KNN: 2,0.717948717949,0.538461538462
ball_tree,euclidean-uniform KNN: 2,0.717948717949,0.538461538462
kd_tree,minkowski-uniform KNN: 2,0.717948717949,0.538461538462
kd_tree,euclidean-uniform KNN: 2,0.717948717949,0.538461538462
brute,minkowski-uniform KNN: 2,0.717948717949,0.538461538462
brute,euclidean-uniform KNN: 2,0.717948717949,0.538461538462
