algorithm,desc,actualScore,new score
auto,minkowski-uniform KNN: 2,0.717948717949,0.727272727273
auto,euclidean-uniform KNN: 2,0.717948717949,0.727272727273
ball_tree,minkowski-uniform KNN: 2,0.717948717949,0.727272727273
ball_tree,euclidean-uniform KNN: 2,0.717948717949,0.727272727273
kd_tree,minkowski-uniform KNN: 2,0.717948717949,0.727272727273
kd_tree,euclidean-uniform KNN: 2,0.717948717949,0.727272727273
brute,minkowski-uniform KNN: 2,0.717948717949,0.727272727273
brute,euclidean-uniform KNN: 2,0.717948717949,0.727272727273
