Statistic,Value
Mean,0.435557456516
Std,0.20791485327
Max,1.0
Min,0.0
Var,0.0432285862102
