AAWt,AAMt,Sstruct,SaccW,ShbondsW,SaccM,ShbondsM,yDDG,Result,Positiontype,ProteinPropens,Positionaccept,MOSST,SectorSuperficie,Functionalrelevancefunction,Clinical
0.153846153846,0.0769230769231,0.307692307692,0,0.846153846154,0.2,0.769230769231,-1.7,0.153846153846,0.692307692308,0.7,0.78,0.2,0.153846153846,0.1,1
0.153846153846,0.153846153846,0.230769230769,52.6,0.846153846154,74.5,0.769230769231,0.3,0.307692307692,0.230769230769,0,1,-1.1,0.0769230769231,0.8,1
0.153846153846,0.153846153846,0.307692307692,0,0.846153846154,9.3,0.153846153846,-3,0.153846153846,0.0769230769231,0.9,0.47,-0.4,0.0769230769231,0.35,0
0.0769230769231,0.0769230769231,0.307692307692,20.1,0.846153846154,24.2,0.769230769231,-4,0.153846153846,0.692307692308,0.2,0.59,-0.1,0.153846153846,0.1,1
0.0769230769231,0.153846153846,0.307692307692,75.7,0.0769230769231,81.1,0.0769230769231,0.1,0.307692307692,0.692307692308,0.1,0.72,0,0.153846153846,0.1,1
0.153846153846,0.0769230769231,0.307692307692,0,0.846153846154,0,0.769230769231,0,0.307692307692,0.230769230769,0,1,-1.3,0.0769230769231,0.5,1
0.0769230769231,0.0769230769231,0.230769230769,57.7,0.846153846154,87.8,0.153846153846,-1.2,0.153846153846,0.692307692308,0.7,0.79,0.1,0.153846153846,0.35,0
0.153846153846,0.153846153846,0.0769230769231,39.9,0.846153846154,27.5,0.769230769231,2.8,0.153846153846,0.692307692308,0.4,0.56,-0.4,0.153846153846,0,1
0.153846153846,0.153846153846,0.307692307692,11.1,0.846153846154,38.8,0.769230769231,1.1,0.153846153846,0.692307692308,0.5,0.91,-0.8,0.153846153846,0.5,1
0.153846153846,0.153846153846,0.307692307692,0.2,0.846153846154,0.3,0.769230769231,-0.8,0.0769230769231,0.692307692308,0.6,0.89,0.3,0.153846153846,0.1,0
0.153846153846,0.0769230769231,0.307692307692,0,0.846153846154,0,0.769230769231,1.9,0.153846153846,0.230769230769,0,1,-1.3,0.0769230769231,0.75,0
0.0769230769231,0.0769230769231,0.230769230769,35.7,0.0769230769231,35.4,0.769230769231,2.2,0.153846153846,0.692307692308,0.4,0.76,-0.4,0.153846153846,0.25,1
0.0769230769231,0.0769230769231,0.0769230769231,61,0.846153846154,89.4,0.769230769231,0,0.307692307692,0.692307692308,0.1,0.76,-0.1,0.0769230769231,0.2,1
