AAWt,AAMt,Sstruct,SaccW,ShbondsW,SaccM,ShbondsM,yDDG,Result,Positiontype,ProteinPropens,Positionaccept,MOSST,SectorSuperficie,Functionalrelevancefunction,Clinical
0.142857142857,0.142857142857,0.428571428571,52.4,0.285714285714,48.6,0.571428571429,-3.3,0.428571428571,0.428571428571,0.2,0.91,-0.8,0.428571428571,0.6,0
0.142857142857,0.142857142857,0.142857142857,14.4,0.142857142857,19.1,0.285714285714,-2.6,0.428571428571,0.142857142857,0.2,0.48,-0.1,0.428571428571,0.8,0
0.285714285714,0.142857142857,0.428571428571,93.3,0.571428571429,90.2,0.571428571429,-0.5,0.142857142857,0.285714285714,0,1,-1.1,0.428571428571,0.3,0
0.142857142857,0.142857142857,0.428571428571,65.7,0.285714285714,85.6,0.285714285714,0.3,0.285714285714,0.428571428571,0.4,0.14,-0.1,0.142857142857,0.15,1
0.285714285714,0.142857142857,0.285714285714,0.1,0.571428571429,0.1,0.571428571429,-3.2,0.428571428571,0.428571428571,0.5,0.9,-0.8,0.142857142857,0.1,0
0.142857142857,0.142857142857,0.285714285714,0,0.571428571429,0,0.571428571429,1.9,0.142857142857,0.142857142857,0.7,0.25,1.1,0.142857142857,0,1
0.142857142857,0.142857142857,0.142857142857,25.3,0.571428571429,40.3,0.142857142857,0.1,0.285714285714,0.285714285714,0.3,0.97,-1,0.142857142857,0.25,0
