Statistic,Value
Mean,0.462204449184
Std,0.103406893917
Max,0.564516129032
Min,0.209677419355
Var,0.0106929857096
