AAWt,AAMt,Sstruct,SaccW,ShbondsW,SaccM,ShbondsM,yDDG,Result,Positiontype,ProteinPropens,Positionaccept,MOSST,SectorSuperficie,Functionalrelevancefunction,Clinical
0.181818181818,0.181818181818,0.272727272727,12.1,0.0909090909091,28.6,0.636363636364,1.5,0.272727272727,0.545454545455,0.3,0.97,-0.7,0.181818181818,0.6,1
0.181818181818,0.181818181818,0.272727272727,6,0.818181818182,5.7,0.636363636364,2.9,0.272727272727,0.454545454545,0.5,0.61,-0.4,0.0909090909091,0.6,0
0.272727272727,0.0909090909091,0.272727272727,39.9,0.818181818182,26.9,0.363636363636,-0.3,0.272727272727,0.454545454545,0.4,0.56,0.6,0.272727272727,0,1
0.0909090909091,0.181818181818,0.272727272727,17.3,0.0909090909091,27.7,0.363636363636,-2.5,0.181818181818,0.545454545455,0,1,-0.8,0.181818181818,0.85,0
0.0909090909091,0.0909090909091,0.272727272727,11.1,0.818181818182,38.8,0.636363636364,1.1,0.272727272727,0.454545454545,0.5,0.91,-0.8,0.181818181818,0.5,1
0.272727272727,0.0909090909091,0.272727272727,0,0.818181818182,0,0.636363636364,-0.2,0.272727272727,0.545454545455,0,1,-0.8,0.0909090909091,0.5,0
0.181818181818,0.181818181818,0.181818181818,12.8,0.818181818182,39.6,0.363636363636,2.7,0.272727272727,0.545454545455,0,1,-0.5,0.0909090909091,0.6,0
0.181818181818,0.181818181818,0.272727272727,41.8,0.818181818182,68.1,0.363636363636,1.6,0.272727272727,0.545454545455,0,0.95,-1,0.0909090909091,0.1,0
0.272727272727,0.0909090909091,0.272727272727,39.9,0.818181818182,27.5,0.636363636364,2.8,0.272727272727,0.454545454545,0.4,0.56,-0.4,0.272727272727,0,1
0.0909090909091,0.181818181818,0.181818181818,6.7,0.818181818182,38.3,0.636363636364,-2.2,0.181818181818,0.454545454545,0.7,0.78,-0.5,0.181818181818,0.5,0
0.0909090909091,0.0909090909091,0.272727272727,26.8,0.818181818182,40.7,0.636363636364,0,0.272727272727,0.545454545455,0,1,-1.2,0.272727272727,0.1,0
