Statistic,Value
Mean,0.313839662447
Std,0.216635238621
Max,1.0
Min,0.0
Var,0.0469308266125
