Statistic,Value
Mean,0.646304675716
Std,0.252314912692
Max,1.0
Min,0.0
Var,0.0636628151667
