Metric,Score
accuracy,0.503555555556
recall,0.441666666667
precision,0.33063003663
neg_log_loss,-0.745951272918
f1,0.257752489331
