AAWt,AAMt,Sstruct,SaccW,ShbondsW,SaccM,ShbondsM,yDDG,Result,Positiontype,ProteinPropens,Positionaccept,MOSST,SectorSuperficie,Functionalrelevancefunction,Clinical
0.0017198017515813614,0.0017198017515813614,0.005159405254744084,0.5754456660791235,0.0017198017515813614,0.8174217725266212,0.0034396035031627227,0.01926177961771125,0.0017198017515813614,0.0034396035031627227,0.0024077224522139062,0.011075523280183968,-0.009630889808855625,0.0034396035031627227,0.004213514291374335,0
0.02070080098834435,0.010350400494172175,0.0414016019766887,0.3550187369501056,0.02070080098834435,0.9201506039319063,0.051752002470860876,-0.1014339248428873,0.0414016019766887,0.02070080098834435,0.05071696242144365,0.05289054652521981,0.014490560691841046,0.03105120148251652,0.054339602594403916,1
0.030244348209097837,0.030244348209097837,0.12097739283639135,0.25405252495642183,0.12097739283639135,0.8044996623620024,0.1512217410454892,-0.3599077436882643,0.12097739283639135,0.12097739283639135,0.0,0.21171043746368487,-0.14819730622457938,0.09073304462729351,0.02117104374636849,1
0.001164912175801292,0.001164912175801292,0.0034947365274038762,0.5161725850975525,0.002329824351602584,0.8562104492139497,0.002329824351602584,-0.013047016368974472,0.004659648703205168,0.004659648703205168,0.0,0.008154385230609046,-0.009785262276730853,0.001164912175801292,0.008154385230609046,1
0.0415578317022618,0.0415578317022618,0.1662313268090472,0.0,0.1662313268090472,0.0,0.20778915851130902,-0.8436239835559146,0.0831156634045236,0.1662313268090472,0.08727144657474979,0.2792686290391993,-0.2327238575326661,0.0415578317022618,0.10181668767054142,1
0.006255258092818075,0.006255258092818075,0.018765774278454224,0.42911070516732,0.0250210323712723,0.8888721749894485,0.031276290464090375,-0.1401177812791249,0.01251051618563615,0.0250210323712723,0.0,0.04378680664972653,-0.03502944531978122,0.01251051618563615,0.004378680664972653,0
0.1374895208513972,0.0687447604256986,0.2749790417027944,0.0,0.2749790417027944,0.0,0.34372380212849307,-0.6736986521718463,0.2749790417027944,0.0687447604256986,0.33684932608592316,0.12030333074497257,-0.04812133229798903,0.2062342812770958,0.0,1
