AAWt,AAMt,Sstruct,SaccW,ShbondsW,SaccM,ShbondsM,yDDG,Result,Positiontype,ProteinPropens,Positionaccept,MOSST,SectorSuperficie,Functionalrelevancefunction,Clinical
0.2727272727272727,0.09090909090909091,0.2727272727272727,0,0.6363636363636364,0.9,0.8181818181818182,-0.4,0.2727272727272727,0.09090909090909091,0.9,0.47,0.6,0.09090909090909091,0.35,1
0.18181818181818182,0.09090909090909091,0.2727272727272727,4.9,0.36363636363636365,1.5,0.8181818181818182,-0.5,0.18181818181818182,0.36363636363636365,0.7,0.73,-0.6,0.18181818181818182,0.75,0
0.09090909090909091,0.09090909090909091,0.2727272727272727,68.8,0.36363636363636365,50.2,0.18181818181818182,-0.4,0.2727272727272727,0.5454545454545454,0,1,-0.8,0.09090909090909091,0,0
0.2727272727272727,0.18181818181818182,0.36363636363636365,0,0.6363636363636364,0.2,0.8181818181818182,-1.7,0.2727272727272727,0.36363636363636365,0.7,0.78,0.2,0.2727272727272727,0.1,1
0.18181818181818182,0.09090909090909091,0.2727272727272727,4.9,0.36363636363636365,12.7,0.8181818181818182,-1.4,0.2727272727272727,0.36363636363636365,0.7,0.73,0.2,0.18181818181818182,0.75,1
0.09090909090909091,0.18181818181818182,0.36363636363636365,18.8,0.6363636363636364,25.9,0.8181818181818182,0.7,0.09090909090909091,0.5454545454545454,0,1,-0.7,0.2727272727272727,0.1,0
0.09090909090909091,0.09090909090909091,0.36363636363636365,0,0.6363636363636364,3.7,0.8181818181818182,-2,0.2727272727272727,0.5454545454545454,0,1,-1.3,0.2727272727272727,0.15,0
0.09090909090909091,0.18181818181818182,0.2727272727272727,52.6,0.6363636363636364,74.5,0.8181818181818182,0.3,0.2727272727272727,0.5454545454545454,0,1,-1.1,0.09090909090909091,0.8,1
0.09090909090909091,0.09090909090909091,0.36363636363636365,75.7,0.36363636363636365,90.9,0.18181818181818182,-0.6,0.18181818181818182,0.36363636363636365,0.1,0.72,-0.2,0.09090909090909091,0.1,1
0.09090909090909091,0.18181818181818182,0.09090909090909091,6.8,0.6363636363636364,6,0.8181818181818182,-2.2,0.18181818181818182,0.5454545454545454,0.3,0.97,-0.4,0.09090909090909091,0.2,0
0.2727272727272727,0.09090909090909091,0.2727272727272727,11.9,0.6363636363636364,15.2,0.8181818181818182,-2.3,0.18181818181818182,0.5454545454545454,0,1,-1.2,0.09090909090909091,0.1,1
