AAWt,AAMt,Sstruct,SaccW,ShbondsW,SaccM,ShbondsM,yDDG,Result,Positiontype,ProteinPropens,Positionaccept,MOSST,SectorSuperficie,Functionalrelevancefunction,Clinical
0.05919854894295224,0.05919854894295224,0.23679419577180896,0.0,0.2959927447147612,0.0,0.2959927447147612,-0.5387067953808654,0.11839709788590448,0.17759564682885673,0.0,0.41438984260066575,-0.45582882686073234,0.05919854894295224,0.20719492130033287,1
0.0017197839484473288,0.0017197839484473288,0.0034395678968946576,0.5754397091504762,0.0017197839484473288,0.8174133106970155,0.0034395678968946576,0.019261580222610084,0.0017197839484473288,0.006879135793789315,0.0024076975278262604,0.011075408628000799,-0.009630790111305042,0.0034395678968946576,0.004213470673695955,0
0.03049645182987734,0.03049645182987734,0.12198580731950937,0.25617019537096963,0.1524822591493867,0.8112056186747373,0.1524822591493867,-0.36290777677554037,0.06099290365975468,0.09148935548963202,0.0,0.2134751628091414,-0.14943261396639895,0.03049645182987734,0.02134751628091414,1
0.07616464331367759,0.07616464331367759,0.15232928662735518,0.02665762515978716,0.19041160828419398,0.02665762515978716,0.19041160828419398,-0.8530440051131891,0.11424696497051638,0.15232928662735518,0.13328812579893579,0.23991862643808443,-0.21326100127829728,0.07616464331367759,0.02665762515978716,0
0.0956947000290112,0.0956947000290112,0.0478473500145056,0.0,0.23923675007252804,0.0,0.23923675007252804,-0.8038354802436941,0.1435420500435168,0.1913894000580224,0.23445201507107746,0.2612465310792006,-0.16746572505076962,0.0956947000290112,0.03349314501015393,1
0.0015634963593174661,0.0015634963593174661,0.0031269927186349323,0.7124852909409694,0.0015634963593174661,0.7015408164257471,0.0031269927186349323,-0.004377789806088906,0.0015634963593174661,0.0062539854372698645,0.0010944474515222264,0.008755579612177811,0.0,0.0031269927186349323,0.005472237257611132,1
0.007588506711465338,0.007588506711465338,0.030354026845861352,0.01593586409407721,0.03794253355732669,0.9561518456446326,0.03794253355732669,-0.2762216442973383,0.022765520134396013,0.022765520134396013,0.01593586409407721,0.0504635696312445,-0.03718368288618015,0.007588506711465338,0.005311954698025737,0
