Statistic,Value
Mean,2.64499572284
Std,1.23246407089
Max,6.0
Min,0.0
Var,1.51896768604
