AAWt,AAMt,Sstruct,SaccW,ShbondsW,SaccM,ShbondsM,yDDG,Result,Positiontype,ProteinPropens,Positionaccept,MOSST,SectorSuperficie,Functionalrelevancefunction,Clinical
0.07692307692307693,0.15384615384615385,0.5384615384615384,19.6,0.9230769230769231,26.2,1.0,3.3,0.23076923076923078,0.46153846153846156,-0.1,0.6,-0.5,0.15384615384615385,0.15,0
0.23076923076923078,0.15384615384615385,0.15384615384615385,0,0.9230769230769231,0.2,1.0,-1.7,0.07692307692307693,0.46153846153846156,0.7,0.78,0.2,0.15384615384615385,0.1,1
0.15384615384615385,0.07692307692307693,0.5384615384615384,40.5,0.9230769230769231,29.7,1.0,-3.3,0.46153846153846156,0.07692307692307693,0.3,0.44,-0.3,0.38461538461538464,0.6,0
0.07692307692307693,0.15384615384615385,0.15384615384615385,7.3,0.9230769230769231,12.6,1.0,1.4,0.07692307692307693,0.3076923076923077,0,1,-1,0.38461538461538464,0.95,0
0.23076923076923078,0.15384615384615385,0.5384615384615384,0,0.9230769230769231,0.9,1.0,-0.4,0.15384615384615385,0.07692307692307693,0.9,0.47,0.6,0.07692307692307693,0.35,1
0.15384615384615385,0.15384615384615385,0.5384615384615384,20.1,0.9230769230769231,17.3,1.0,-3,0.46153846153846156,0.46153846153846156,0.2,0.59,-0.3,0.38461538461538464,0.1,1
0.15384615384615385,0.07692307692307693,0.07692307692307693,18.3,0.9230769230769231,42.6,1.0,-2.1,0.46153846153846156,0.46153846153846156,0.5,0.85,-0.8,0.07692307692307693,0.8,0
0.07692307692307693,0.15384615384615385,0.07692307692307693,35.7,0.07692307692307693,35.4,1.0,2.2,0.23076923076923078,0.46153846153846156,0.4,0.76,-0.4,0.07692307692307693,0.25,1
0.07692307692307693,0.15384615384615385,0.15384615384615385,6.8,0.9230769230769231,15.1,1.0,-4.9,0.46153846153846156,0.3076923076923077,0.3,0.97,-0.9,0.07692307692307693,0.2,0
0.15384615384615385,0.07692307692307693,0.5384615384615384,20.1,0.9230769230769231,24.2,1.0,-4,0.46153846153846156,0.46153846153846156,0.2,0.59,-0.1,0.38461538461538464,0.1,1
0.15384615384615385,0.07692307692307693,0.5384615384615384,0,0.9230769230769231,0,1.0,3.9,0.23076923076923078,0.3076923076923077,0,1,-1.1,0.15384615384615385,0.5,1
0.23076923076923078,0.15384615384615385,0.15384615384615385,0.2,0.9230769230769231,9,1.0,-3.6,0.46153846153846156,0.07692307692307693,0.5,0.91,-0.6,0.38461538461538464,0.1,0
0.15384615384615385,0.07692307692307693,0.5384615384615384,0,0.9230769230769231,0,1.0,0,0.15384615384615385,0.3076923076923077,0,1,-1.3,0.15384615384615385,0.5,1
