AAWt,AAMt,Sstruct,SaccW,ShbondsW,SaccM,ShbondsM,yDDG,Result,Positiontype,ProteinPropens,Positionaccept,MOSST,SectorSuperficie,Functionalrelevancefunction,Clinical
0.09090909090909091,0.09090909090909091,0.09090909090909091,99.4,0.09090909090909091,98.6,0.18181818181818182,-0.5,0.2727272727272727,0.45454545454545453,-0.1,0.71,-0.1,0.09090909090909091,0.2,0
0.18181818181818182,0.09090909090909091,0.36363636363636365,0,0.9090909090909091,0.2,0.8181818181818182,0,0.2727272727272727,0.45454545454545453,0.7,0.78,0,0.5454545454545454,0.1,0
0.09090909090909091,0.09090909090909091,0.36363636363636365,46.3,0.9090909090909091,18.1,0.8181818181818182,-1.4,0.45454545454545453,0.5454545454545454,0,1,-1.3,0.09090909090909091,0.35,0
0.09090909090909091,0.18181818181818182,0.45454545454545453,0.5,0.9090909090909091,0.7,0.8181818181818182,-0.2,0.2727272727272727,0.5454545454545454,0,1,-0.8,0.5454545454545454,0,0
0.18181818181818182,0.18181818181818182,0.36363636363636365,0,0.9090909090909091,5.5,0.8181818181818182,-1.5,0.45454545454545453,0.5454545454545454,0,1,-0.6,0.5454545454545454,0.15,1
0.18181818181818182,0.09090909090909091,0.45454545454545453,0,0.9090909090909091,0,0.8181818181818182,-0.6,0.09090909090909091,0.5454545454545454,0,1,-0.5,0.18181818181818182,0.25,0
0.18181818181818182,0.09090909090909091,0.45454545454545453,0.1,0.9090909090909091,0.3,0.8181818181818182,-3.1,0.18181818181818182,0.45454545454545453,0.5,0.9,-0.7,0.5454545454545454,0.1,1
0.18181818181818182,0.18181818181818182,0.45454545454545453,0.2,0.9090909090909091,0.5,0.8181818181818182,-5.1,0.18181818181818182,0.45454545454545453,0.6,0.89,-0.6,0.5454545454545454,0.1,0
0.18181818181818182,0.18181818181818182,0.09090909090909091,52.6,0.9090909090909091,81.8,0.18181818181818182,-1.5,0.45454545454545453,0.5454545454545454,0,1,-1.3,0.09090909090909091,0.8,1
0.18181818181818182,0.18181818181818182,0.36363636363636365,0,0.9090909090909091,5.5,0.8181818181818182,-1.5,0.45454545454545453,0.5454545454545454,0,1,-0.6,0.5454545454545454,0.15,1
0.18181818181818182,0.18181818181818182,0.45454545454545453,57.5,0.9090909090909091,70.8,0.8181818181818182,-1.3,0.45454545454545453,0.45454545454545453,0.9,0.31,0.1,0.18181818181818182,0.35,1
