Metric,Score
accuracy,0.692307692308
recall,0.384615384615
precision,0.384615384615
