Statistic,Value
Mean,0.574772111358
Std,0.0454473675557
Max,0.682926829268
Min,0.40243902439
Var,0.00206546321774
