AAWt,AAMt,Sstruct,SaccW,ShbondsW,SaccM,ShbondsM,yDDG,Result,Positiontype,ProteinPropens,Positionaccept,MOSST,SectorSuperficie,Functionalrelevancefunction,Clinical
0.142857142857,0.142857142857,0.285714285714,41.5,0.857142857143,34.9,0.714285714286,1,0.142857142857,0.142857142857,0.9,0.26,0.5,0.285714285714,0,1
0.142857142857,0.142857142857,0.428571428571,0,0.857142857143,0,0.714285714286,-0.6,0.142857142857,0.571428571429,0,1,-0.5,0.285714285714,0.25,0
0.285714285714,0.142857142857,0.428571428571,4.9,0.142857142857,12.7,0.714285714286,-1.4,0.142857142857,0.285714285714,0.7,0.73,0.2,0.285714285714,0.75,1
0.142857142857,0.142857142857,0.428571428571,0,0.857142857143,1.8,0.714285714286,-4.3,0.285714285714,0.571428571429,0,1,-0.8,0.285714285714,0.35,1
0.142857142857,0.142857142857,0.285714285714,12.8,0.857142857143,39.6,0.142857142857,2.7,0.142857142857,0.571428571429,0,1,-0.5,0.142857142857,0.6,0
0.285714285714,0.142857142857,0.285714285714,0,0.857142857143,0,0.714285714286,0.3,0.142857142857,0.571428571429,0,1,-0.9,0.142857142857,0.75,1
0.142857142857,0.142857142857,0.285714285714,40.3,0.857142857143,46.6,0.142857142857,-2.2,0.285714285714,0.285714285714,0.6,0.87,-0.6,0.142857142857,0.6,0
