Statistic,Value
Mean,2.90555555556
Std,0.457307054246
Max,5.0
Min,1.0
Var,0.209129741863
