AAWt,AAMt,Sstruct,SaccW,ShbondsW,SaccM,ShbondsM,yDDG,Result,Positiontype,ProteinPropens,Positionaccept,MOSST,SectorSuperficie,Functionalrelevancefunction,Clinical
0.18181818181818182,0.09090909090909091,0.09090909090909091,96.5,0.2727272727272727,68,1.0,-8.7,0.5454545454545454,0.7272727272727273,0.4,0.6,-0.1,0.2727272727272727,0.3,0
0.2727272727272727,0.2727272727272727,0.18181818181818182,0.2,0.7272727272727273,4.6,1.0,-5.1,0.5454545454545454,0.7272727272727273,0.6,0.89,-0.5,0.18181818181818182,0.1,1
0.2727272727272727,0.09090909090909091,0.09090909090909091,61,0.7272727272727273,89.4,1.0,0,0.18181818181818182,0.7272727272727273,0.1,0.76,-0.1,0.2727272727272727,0.2,0
0.2727272727272727,0.18181818181818182,0.36363636363636365,55.9,0.7272727272727273,66.1,1.0,-0.9,0.09090909090909091,0.7272727272727273,-0.1,0.2,0.4,0.18181818181818182,0,1
0.2727272727272727,0.2727272727272727,0.18181818181818182,19.6,0.7272727272727273,26.2,1.0,3.3,0.09090909090909091,0.7272727272727273,-0.1,0.6,-0.5,0.18181818181818182,0.15,0
0.2727272727272727,0.2727272727272727,0.36363636363636365,26.8,0.7272727272727273,54.1,1.0,-2.8,0.5454545454545454,0.2727272727272727,0,1,-1.2,0.09090909090909091,0.1,0
0.2727272727272727,0.18181818181818182,0.2727272727272727,40.3,0.7272727272727273,39.7,1.0,0.2,0.18181818181818182,0.7272727272727273,0.6,0.87,0,0.09090909090909091,0.6,0
0.09090909090909091,0.09090909090909091,0.36363636363636365,50.3,0.2727272727272727,72.2,1.0,-2.4,0.5454545454545454,0.2727272727272727,0,1,-0.7,0.09090909090909091,0.1,0
0.09090909090909091,0.2727272727272727,0.36363636363636365,7.3,0.7272727272727273,16.2,1.0,-1.3,0.09090909090909091,0.2727272727272727,0,1,-1.1,0.18181818181818182,0.95,0
0.18181818181818182,0.2727272727272727,0.2727272727272727,6.7,0.7272727272727273,38.3,1.0,-2.2,0.5454545454545454,0.7272727272727273,0.7,0.78,-0.5,0.2727272727272727,0.5,0
0.09090909090909091,0.2727272727272727,0.2727272727272727,62.5,0.2727272727272727,104.4,1.0,-3.6,0.5454545454545454,0.7272727272727273,0.7,0.59,-0.2,0.09090909090909091,0.25,1
