AAWt,AAMt,Sstruct,SaccW,ShbondsW,SaccM,ShbondsM,yDDG,Result,Positiontype,ProteinPropens,Positionaccept,MOSST,SectorSuperficie,Functionalrelevancefunction
0.0362259235909,0.0196223752784,0.128300146051,0.0,0.286788561762,0.0,0.295845042659,0.73417871811,0.0362259235909,0.0301882696591,0.270486896146,0.0966024629092,0.4250508368,0.0875459820115,0.0
0.0233487341803,0.0155658227869,0.110257911407,0.0,0.246458860792,0.0,0.254241772186,0.8301772153,0.014268670888,0.155658227869,0.0,0.33207088612,-0.099621265836,0.0168629746858,0.16603544306
0.0160680977069,0.010712065138,0.0758771280605,0.0,0.169607698018,0.0,0.174963730587,0.891243819478,0.00981939304313,0.10712065138,0.0,0.228524056276,-0.251376461904,0.0116047372328,0.114262028138
0.0218581046209,0.0191258415433,0.116121180799,0.174864836967,0.259564992373,0.524594510901,0.267761781606,0.489621543508,0.0327871569313,0.163935784657,0.0,0.349729673934,-0.384702641328,0.0532791300134,0.0
0.0116561276063,0.013113143557,0.0619231779082,0.09324902085,0.138416515324,0.7459921668,0.142787563177,0.5594941251,0.0080135877293,0.0874209570469,0.0,0.1864980417,-0.1864980417,0.0284118110402,0.0
