Metric,Score
accuracy,0.568965517241
recall,0.568965517241
precision,0.568965517241
