AAWt,AAMt,Sstruct,SaccW,ShbondsW,SaccM,ShbondsM,yDDG,Result,Positiontype,ProteinPropens,Positionaccept,MOSST,SectorSuperficie,Functionalrelevancefunction,Clinical
0.00222730694597,0.00222730694597,0.00445461389193,0.81697618778,0.00222730694597,0.576427037616,0.00890922778386,0.0,0.00445461389193,0.00445461389193,0.00445461389193,0.00801830500547,-0.0062364594487,0.00222730694597,0.0,0
0.0288985527251,0.0144492763626,0.0288985527251,0.0,0.0433478290877,0.976771082109,0.0577971054502,-0.184950737441,0.0144492763626,0.0144492763626,0.0520173949052,0.0271646395616,-0.01155942109,0.0144492763626,0.0202289869076,1
0.249271942798,0.124635971399,0.249271942798,0.0,0.373907914197,0.0997087771193,0.498543885597,0.0,0.249271942798,0.249271942798,0.348980719918,0.388864230765,0.0,0.249271942798,0.0498543885597,0
0.125406663428,0.125406663428,0.250813326857,0.0,0.376219990285,0.0,0.501626653713,-0.401301322971,0.125406663428,0.125406663428,0.150487996114,0.481561587565,0.0,0.250813326857,0.0501626653713,0
