AAWt,AAMt,Sstruct,SaccW,ShbondsW,SaccM,ShbondsM,yDDG,Result,Positiontype,ProteinPropens,Positionaccept,MOSST,SectorSuperficie,Functionalrelevancefunction,Clinical
0.06471276431553481,0.04314184287702321,0.04314184287702321,0.017256737150809286,0.08628368575404642,0.8024382775126319,0.08628368575404642,-0.5608439574013018,0.04314184287702321,0.04314184287702321,0.04314184287702321,0.07851815403618224,-0.06902694860323715,0.04314184287702321,0.008628368575404643,1
0.02174010672950788,0.0072467022431692936,0.014493404486338587,0.005797361794535436,0.028986808972677174,0.9884501859682917,0.028986808972677174,-0.13623800217158272,0.014493404486338587,0.014493404486338587,0.014493404486338587,0.026377996165136232,-0.02029076628087402,0.014493404486338587,0.002898680897267718,0
0.00565677098243636,0.00565677098243636,0.00565677098243636,0.5747279318155342,0.02262708392974544,0.8168377298638104,0.02262708392974544,-0.02262708392974544,0.00565677098243636,0.01131354196487272,0.0,0.02262708392974544,-0.01131354196487272,0.00565677098243636,0.0,0
0.005778344833549768,0.0038522298890331787,0.0019261149445165893,0.718826097293591,0.007704459778066357,0.6949422719815854,0.007704459778066357,-0.0038522298890331787,0.0019261149445165893,0.0038522298890331787,0.0,0.007704459778066357,-0.008474905755872994,0.0019261149445165893,0.002311337933419907,0
