AAWt,AAMt,Sstruct,SaccW,ShbondsW,SaccM,ShbondsM,yDDG,Result,Positiontype,ProteinPropens,Positionaccept,MOSST,SectorSuperficie,Functionalrelevancefunction,Clinical
0.0769230769231,0.153846153846,0.0769230769231,61,1.0,89.4,1.0,0,0.307692307692,0.153846153846,0.1,0.76,-0.1,0.0769230769231,0.2,1
0.230769230769,0.153846153846,0.153846153846,11.9,1.0,15.2,1.0,-2.3,0.461538461538,0.692307692308,0,1,-1.2,0.153846153846,0.1,1
0.153846153846,0.153846153846,0.461538461538,45.4,1.0,27.8,1.0,-3,0.461538461538,0.153846153846,0.1,0.57,-0.4,0.230769230769,0.1,1
0.153846153846,0.153846153846,0.461538461538,0,1.0,0,1.0,0,0.307692307692,0.692307692308,0,1,-1.3,0.153846153846,0.5,1
0.0769230769231,0.230769230769,0.461538461538,0,1.0,0,1.0,-3.4,0.461538461538,0.692307692308,0.3,0.96,-1,0.153846153846,0.35,1
0.0769230769231,0.0769230769231,0.461538461538,0,1.0,0,1.0,-0.6,0.153846153846,0.692307692308,0,1,-0.5,0.153846153846,0.25,0
0.153846153846,0.153846153846,0.307692307692,46.3,1.0,11.8,1.0,0.1,0.307692307692,0.692307692308,0,1,-1.2,0.230769230769,0.35,0
0.230769230769,0.230769230769,0.307692307692,23.5,1.0,23.6,1.0,-0.8,0.153846153846,0.692307692308,0,1,-1,0.0769230769231,0.6,0
0.153846153846,0.0769230769231,0.461538461538,0,1.0,0,1.0,-1.3,0.0769230769231,0.692307692308,0,1,-1.1,0.153846153846,0.5,1
0.153846153846,0.0769230769231,0.153846153846,12.8,1.0,33.3,1.0,-3.5,0.461538461538,0.692307692308,0,1,-1.2,0.153846153846,0.6,0
0.0769230769231,0.153846153846,0.307692307692,0,1.0,4.1,1.0,-2.5,0.461538461538,0.692307692308,0,1,-0.8,0.0769230769231,0.15,0
0.153846153846,0.230769230769,0.461538461538,40.5,1.0,29.7,1.0,-3.3,0.461538461538,0.0769230769231,0.3,0.44,-0.3,0.230769230769,0.6,0
0.230769230769,0.0769230769231,0.307692307692,20.4,1.0,47.5,1.0,0.3,0.307692307692,0.0769230769231,0.6,0.84,0,0.0769230769231,0.1,0
