AAWt,AAMt,Sstruct,SaccW,ShbondsW,SaccM,ShbondsM,yDDG,Result,Positiontype,ProteinPropens,Positionaccept,MOSST,SectorSuperficie,Functionalrelevancefunction,Clinical
0.14285714285714285,0.14285714285714285,0.42857142857142855,7.3,0.8571428571428571,14.4,0.7142857142857143,-2.2,0.42857142857142855,0.7142857142857143,0,1,-0.9,0.14285714285714285,0.95,0
0.14285714285714285,0.42857142857142855,0.42857142857142855,0,0.8571428571428571,0,0.7142857142857143,0.3,0.2857142857142857,0.7142857142857143,0,1,-0.9,0.14285714285714285,0.75,1
0.14285714285714285,0.2857142857142857,0.2857142857142857,6.7,0.8571428571428571,30.5,0.2857142857142857,0.5,0.2857142857142857,0.14285714285714285,0.7,0.78,0.1,0.2857142857142857,0.5,0
0.14285714285714285,0.42857142857142855,0.2857142857142857,35.5,0.8571428571428571,26.6,0.7142857142857143,-3.7,0.42857142857142855,0.7142857142857143,0.3,0.95,-1,0.2857142857142857,0.1,0
0.14285714285714285,0.2857142857142857,0.42857142857142855,62,0.14285714285714285,61.8,0.2857142857142857,0.6,0.14285714285714285,0.14285714285714285,0.3,0.67,0.6,0.2857142857142857,0.35,1
0.14285714285714285,0.14285714285714285,0.2857142857142857,0,0.8571428571428571,0,0.7142857142857143,2.5,0.14285714285714285,0.7142857142857143,0,1,-0.3,0.2857142857142857,0.5,1
0.14285714285714285,0.42857142857142855,0.2857142857142857,0,0.8571428571428571,0,0.7142857142857143,-3.4,0.42857142857142855,0.7142857142857143,0.3,0.96,-1,0.14285714285714285,0.35,1
