AAWt,AAMt,Sstruct,SaccW,ShbondsW,SaccM,ShbondsM,yDDG,Result,Positiontype,ProteinPropens,Positionaccept,MOSST,SectorSuperficie,Functionalrelevancefunction,Clinical
0.18181818181818182,0.18181818181818182,0.45454545454545453,44.8,0.2727272727272727,47.1,0.8181818181818182,-1.4,0.18181818181818182,0.09090909090909091,0.8,0.28,0.6,0.18181818181818182,0.15,1
0.2727272727272727,0.18181818181818182,0.5454545454545454,35.5,0.5454545454545454,26.6,0.8181818181818182,-3.7,0.5454545454545454,0.5454545454545454,0.3,0.95,-1,0.2727272727272727,0.1,0
0.18181818181818182,0.09090909090909091,0.45454545454545453,3.2,0.18181818181818182,0.1,0.8181818181818182,-1.9,0.18181818181818182,0.5454545454545454,0.5,0.92,-0.6,0.09090909090909091,0.6,1
0.18181818181818182,0.09090909090909091,0.45454545454545453,17.3,0.18181818181818182,16.3,0.09090909090909091,3.4,0.09090909090909091,0.5454545454545454,0,1,-1.3,0.09090909090909091,0.85,1
0.18181818181818182,0.09090909090909091,0.5454545454545454,40.3,0.5454545454545454,36.1,0.8181818181818182,0.6,0.18181818181818182,0.36363636363636365,0.6,0.87,0.3,0.09090909090909091,0.6,1
0.2727272727272727,0.18181818181818182,0.5454545454545454,35.5,0.5454545454545454,26.6,0.8181818181818182,-3.7,0.5454545454545454,0.5454545454545454,0.3,0.95,-1,0.2727272727272727,0.1,0
0.18181818181818182,0.09090909090909091,0.5454545454545454,65.7,0.2727272727272727,85.6,0.09090909090909091,0.3,0.18181818181818182,0.36363636363636365,0.4,0.14,-0.1,0.09090909090909091,0.15,1
0.09090909090909091,0.09090909090909091,0.45454545454545453,0,0.5454545454545454,0,0.8181818181818182,-5.3,0.5454545454545454,0.5454545454545454,0,1,-1.1,0.09090909090909091,0.35,1
0.2727272727272727,0.18181818181818182,0.5454545454545454,11.9,0.5454545454545454,15.2,0.8181818181818182,-2.3,0.5454545454545454,0.5454545454545454,0,1,-1.2,0.09090909090909091,0.1,1
0.09090909090909091,0.09090909090909091,0.5454545454545454,52.4,0.2727272727272727,48.6,0.8181818181818182,-3.3,0.5454545454545454,0.36363636363636365,0.2,0.91,-0.8,0.2727272727272727,0.6,0
0.18181818181818182,0.09090909090909091,0.45454545454545453,0.2,0.5454545454545454,0.5,0.8181818181818182,-5.1,0.5454545454545454,0.36363636363636365,0.6,0.89,-0.6,0.18181818181818182,0.1,0
