AAWt,AAMt,Sstruct,SaccW,ShbondsW,SaccM,ShbondsM,yDDG,Result,Positiontype,ProteinPropens,Positionaccept,MOSST,SectorSuperficie,Functionalrelevancefunction,Clinical
0.36363636363636365,0.2727272727272727,0.09090909090909091,0.2,0.9090909090909091,34.1,1.0,-4.7,0.6363636363636364,0.09090909090909091,0.5,0.91,-0.7,0.2727272727272727,0.1,0
0.18181818181818182,0.18181818181818182,0.36363636363636365,24.3,0.9090909090909091,14.2,1.0,1.5,0.09090909090909091,0.09090909090909091,0,0.41,0.7,0.09090909090909091,0,1
0.09090909090909091,0.09090909090909091,0.36363636363636365,50.8,0.9090909090909091,23.9,1.0,-1.8,0.09090909090909091,0.45454545454545453,1,0.63,-0.3,0.09090909090909091,0.25,0
0.18181818181818182,0.18181818181818182,0.36363636363636365,55.9,0.9090909090909091,66.1,1.0,-0.9,0.09090909090909091,0.45454545454545453,-0.1,0.2,0.4,0.2727272727272727,0,1
0.09090909090909091,0.2727272727272727,0.09090909090909091,18.3,0.9090909090909091,42.6,1.0,-2.1,0.6363636363636364,0.45454545454545453,0.5,0.85,-0.8,0.09090909090909091,0.8,0
0.09090909090909091,0.09090909090909091,0.2727272727272727,45.4,0.9090909090909091,36.8,1.0,-3.6,0.6363636363636364,0.45454545454545453,0.1,0.57,-0.3,0.2727272727272727,0.1,0
0.36363636363636365,0.18181818181818182,0.18181818181818182,11.9,0.9090909090909091,15.2,1.0,-2.3,0.6363636363636364,0.36363636363636365,0,1,-1.2,0.18181818181818182,0.1,1
0.09090909090909091,0.2727272727272727,0.2727272727272727,0.3,0.9090909090909091,18,1.0,-5.2,0.6363636363636364,0.36363636363636365,0.3,0.95,-0.7,0.09090909090909091,0.1,0
0.36363636363636365,0.09090909090909091,0.36363636363636365,0,0.9090909090909091,0.2,1.0,0,0.09090909090909091,0.45454545454545453,0.7,0.78,0,0.09090909090909091,0.1,0
0.09090909090909091,0.09090909090909091,0.2727272727272727,3.2,0.09090909090909091,0,1.0,-2.1,0.6363636363636364,0.36363636363636365,0.5,0.92,-0.5,0.09090909090909091,0.6,1
0.36363636363636365,0.18181818181818182,0.18181818181818182,11.9,0.9090909090909091,15.2,1.0,-2.3,0.6363636363636364,0.36363636363636365,0,1,-1.2,0.18181818181818182,0.1,1
