Metric,Score
accuracy,0.613874643875
recall,0.536538461538
precision,0.608687423687
neg_log_loss,-0.751400585485
f1,0.548842876422
