AAWt,AAMt,Sstruct,SaccW,ShbondsW,SaccM,ShbondsM,yDDG,Result,Positiontype,ProteinPropens,Positionaccept,MOSST,SectorSuperficie,Functionalrelevancefunction,Clinical
0.272727272727,0.0909090909091,0.363636363636,0,0.818181818182,0,0.909090909091,-1,0.272727272727,0.636363636364,0,1,-1.1,0.363636363636,0.35,1
0.272727272727,0.0909090909091,0.181818181818,23.5,0.818181818182,23.6,0.909090909091,-0.8,0.272727272727,0.636363636364,0,1,-1,0.0909090909091,0.6,0
0.0909090909091,0.0909090909091,0.181818181818,68.8,0.181818181818,71.8,0.909090909091,-2.4,0.545454545455,0.636363636364,0,1,-1.1,0.181818181818,0,0
0.0909090909091,0.181818181818,0.0909090909091,25.3,0.818181818182,32.4,0.909090909091,-2.5,0.545454545455,0.636363636364,0.3,0.97,0,0.363636363636,0.25,0
0.272727272727,0.272727272727,0.181818181818,9.8,0.818181818182,20.3,0.909090909091,-3.2,0.545454545455,0.636363636364,0,1,-0.8,0.0909090909091,0.1,0
0.272727272727,0.181818181818,0.363636363636,20.1,0.818181818182,17.3,0.909090909091,-3,0.545454545455,0.272727272727,0.2,0.59,-0.3,0.181818181818,0.1,1
0.0909090909091,0.0909090909091,0.0909090909091,6.8,0.818181818182,6.3,0.909090909091,-0.7,0.272727272727,0.636363636364,0.3,0.97,-0.3,0.0909090909091,0.2,1
0.272727272727,0.272727272727,0.363636363636,0,0.818181818182,9.3,0.0909090909091,-3,0.545454545455,0.0909090909091,0.9,0.47,-0.4,0.363636363636,0.35,0
0.272727272727,0.0909090909091,0.363636363636,0,0.818181818182,1.8,0.909090909091,-4.3,0.545454545455,0.636363636364,0,1,-0.8,0.363636363636,0.35,1
0.181818181818,0.0909090909091,0.181818181818,11.1,0.818181818182,38.8,0.909090909091,1.1,0.0909090909091,0.272727272727,0.5,0.91,-0.8,0.181818181818,0.5,1
0.181818181818,0.272727272727,0.0909090909091,3.9,0.181818181818,1.9,0.909090909091,-1.9,0.0909090909091,0.272727272727,0.5,0.88,-0.8,0.181818181818,0.5,0
