AAWt,AAMt,Sstruct,SaccW,ShbondsW,SaccM,ShbondsM,yDDG,Result,Positiontype,ProteinPropens,Positionaccept,MOSST,SectorSuperficie,Functionalrelevancefunction,Clinical
0.0030494846626439014,0.0030494846626439014,0.0030494846626439014,0.8111629202632777,0.0030494846626439014,0.5842812613625715,0.009148453987931704,-0.017077114110805848,0.0030494846626439014,0.0030494846626439014,0.008538557055402924,0.010368247852989265,0.0,0.0030494846626439014,0.0030494846626439014,1
0.005989162235167386,0.005989162235167386,0.005989162235167386,0.30664510644057014,0.017967486705502158,0.9486832980505139,0.005989162235167386,0.06468295213980776,0.005989162235167386,0.017967486705502158,0.0,0.023956648940669543,-0.011978324470334771,0.005989162235167386,0.014373989364401724,0
0.14757033402523884,0.14757033402523884,0.14757033402523884,0.0885422004151433,0.22135550103785823,0.11805626722019107,0.22135550103785823,-0.7968798037362897,0.14757033402523884,0.22135550103785823,0.0885422004151433,0.28038363464795374,0.0,0.14757033402523884,0.029514066805047767,1
0.14757033402523884,0.14757033402523884,0.14757033402523884,0.0885422004151433,0.22135550103785823,0.11805626722019107,0.22135550103785823,-0.7968798037362897,0.14757033402523884,0.22135550103785823,0.0885422004151433,0.28038363464795374,0.0,0.14757033402523884,0.029514066805047767,1
