Statistic,Value
Mean,0.170706583618
Std,0.192374463194
Max,0.75
Min,0.0
Var,0.0370079340891
