AAWt,AAMt,Sstruct,SaccW,ShbondsW,SaccM,ShbondsM,yDDG,Result,Positiontype,ProteinPropens,Positionaccept,MOSST,SectorSuperficie,Functionalrelevancefunction,Clinical
0.09090909090909091,0.2727272727272727,0.09090909090909091,18.3,0.8181818181818182,12.9,0.9090909090909091,-3.5,0.45454545454545453,0.36363636363636365,0.5,0.85,-0.8,0.18181818181818182,0.8,0
0.09090909090909091,0.09090909090909091,0.45454545454545453,66.5,0.09090909090909091,47.9,0.9090909090909091,-1.4,0.2727272727272727,0.36363636363636365,0.7,0.85,0,0.2727272727272727,0.25,1
0.2727272727272727,0.09090909090909091,0.2727272727272727,0.3,0.8181818181818182,18,0.9090909090909091,-5.2,0.45454545454545453,0.36363636363636365,0.3,0.95,-0.7,0.09090909090909091,0.1,0
0.18181818181818182,0.09090909090909091,0.45454545454545453,18.8,0.8181818181818182,43.1,0.9090909090909091,-0.4,0.2727272727272727,0.36363636363636365,0,1,-0.9,0.18181818181818182,0.1,1
0.09090909090909091,0.09090909090909091,0.09090909090909091,97.4,0.8181818181818182,89.5,0.9090909090909091,-1.8,0.2727272727272727,0.09090909090909091,0.3,0.77,0,0.09090909090909091,0,0
0.09090909090909091,0.09090909090909091,0.45454545454545453,78.1,0.8181818181818182,78.6,0.9090909090909091,-1,0.2727272727272727,0.36363636363636365,-0.1,0.21,0,0.2727272727272727,0,1
0.09090909090909091,0.2727272727272727,0.09090909090909091,35.5,0.8181818181818182,26.6,0.9090909090909091,-3.7,0.45454545454545453,0.36363636363636365,0.3,0.95,-1,0.18181818181818182,0.1,0
0.18181818181818182,0.09090909090909091,0.45454545454545453,84.5,0.8181818181818182,84.5,0.9090909090909091,0.3,0.2727272727272727,0.18181818181818182,0.9,0.25,0.2,0.09090909090909091,0.15,1
0.2727272727272727,0.18181818181818182,0.45454545454545453,26.8,0.8181818181818182,28.9,0.09090909090909091,-2.1,0.45454545454545453,0.36363636363636365,0,1,-1.3,0.09090909090909091,0.1,0
0.09090909090909091,0.2727272727272727,0.2727272727272727,74,0.09090909090909091,87.1,0.9090909090909091,0.2,0.2727272727272727,0.18181818181818182,0.9,0.76,-0.3,0.2727272727272727,0.1,1
0.2727272727272727,0.18181818181818182,0.2727272727272727,0.2,0.8181818181818182,0.5,0.9090909090909091,-5.1,0.45454545454545453,0.36363636363636365,0.6,0.89,-0.6,0.18181818181818182,0.1,0
