AAWt,AAMt,Sstruct,SaccW,ShbondsW,SaccM,ShbondsM,yDDG,Result,Positiontype,ProteinPropens,Positionaccept,MOSST,SectorSuperficie,Functionalrelevancefunction,Clinical
0.0111464391082,0.00557321955411,0.0167196586623,0.642034892634,0.00557321955411,0.762416435003,0.00557321955411,0.0490443320762,0.0111464391082,0.0111464391082,0.00891715128658,0.0214011630878,0.0356686051463,0.0167196586623,0.0356686051463,0
0.0692427136048,0.0346213568024,0.13848542721,0.0276970854419,0.173106784012,0.0830912563257,0.242349497617,-0.858609648699,0.13848542721,0.0346213568024,0.13848542721,0.249273768977,-0.193879598093,0.0346213568024,0.0276970854419,1
0.00771232694686,0.0154246538937,0.0308493077875,0.746553248457,0.0154246538937,0.654005325094,0.0539862886281,0.02467944623,0.00771232694686,0.0308493077875,0.0185095846725,0.0598476571077,-0.0555287540174,0.0231369808406,0.037019169345,0
0.00298315314078,0.00298315314078,0.00596630628156,0.483270808806,0.00745788285195,0.874660500877,0.0104410359927,-0.0322180539204,0.00596630628156,0.00149157657039,0.00357978376894,0.00525034952777,-0.00357978376894,0.00447472971117,0.00715956753787,0
0.00345680668936,0.00345680668936,0.00518521003404,0.857288058962,0.00345680668936,0.514372835377,0.0120988234128,-0.00967905873021,0.00172840334468,0.00345680668936,0.00414816802723,0.00926424192749,-0.00553089070298,0.00172840334468,0.00483952936511,0
0.0429267581749,0.0429267581749,0.0214633790874,0.240389845779,0.107316895437,0.343414065399,0.150243653612,-0.841364460228,0.0858535163498,0.0858535163498,0.0,0.1717070327,-0.1717070327,0.0643901372623,0.01717070327,0
0.0224585880487,0.0224585880487,0.0898343521948,0.215602445268,0.112292940243,0.143734963512,0.157210116341,-0.898343521948,0.0898343521948,0.0898343521948,0.0,0.17966870439,-0.161701833951,0.0673757641461,0.017966870439,0
0.00522943822654,0.00261471911327,0.00784415733981,0.968491959555,0.0130735955664,0.242645933711,0.0183030337929,0.0376519552311,0.00522943822654,0.0104588764531,0.0,0.0209177529062,-0.0209177529062,0.00784415733981,0.00732121351716,1
