AAWt,AAMt,Sstruct,SaccW,ShbondsW,SaccM,ShbondsM,yDDG,Result,Positiontype,ProteinPropens,Positionaccept,MOSST,SectorSuperficie,Functionalrelevancefunction,Clinical
0.002998676002,0.002998676002,0.002998676002,0.548757708366,0.02998676002,0.833631928556,0.002998676002,0.026988084018,0.005997352004,0.017992056012,0.01499338001,0.025488746017,-0.020990732014,0.002998676002,0.023989408016,1
0.0419556209984,0.0139852069995,0.0559408279978,0.0,0.139852069995,0.307674553988,0.125866862995,-0.909038454965,0.0559408279978,0.0839112419967,0.0978964489962,0.109084614596,-0.0699260349973,0.0419556209984,0.0139852069995,0
0.00870132660923,0.00290044220308,0.00290044220308,0.00580088440616,0.0290044220308,0.989050791249,0.0261039798277,-0.136320783545,0.0116017688123,0.00290044220308,0.0145022110154,0.026394024048,-0.0203030954215,0.00870132660923,0.00290044220308,0
0.0399706988939,0.013323566298,0.0532942651919,0.0,0.13323566298,0.692825447495,0.119912096682,-0.666178314899,0.0532942651919,0.0399706988939,0.0,0.13323566298,-0.119912096682,0.026647132596,0.0466324820429,1
0.0503052731644,0.150915819493,0.201221092658,0.0,0.503052731644,0.0,0.45274745848,-0.402442185315,0.100610546329,0.150915819493,0.150915819493,0.482930622379,0.0,0.150915819493,0.0503052731644,0
0.00600554188869,0.00900831283303,0.0120110837774,0.636587440201,0.0300277094434,0.768709361752,0.0270249384991,0.0240221675548,0.00600554188869,0.0180166256661,0.0,0.0249229988381,-0.0180166256661,0.00300277094434,0.00750692736086,0
0.00180472018116,0.00270708027174,0.00360944036233,0.704743230744,0.00902360090582,0.709255031197,0.00812124081523,-0.00902360090582,0.000902360090582,0.00541416054349,-0.000902360090582,0.00189495619022,0.0,0.00270708027174,0.0,1
0.127085562682,0.0423618542274,0.16944741691,0.0,0.423618542274,0.0,0.381256688047,-0.423618542274,0.0847237084548,0.127085562682,0.0,0.423618542274,-0.465980396502,0.0847237084548,0.148266489796,1
0.156419818548,0.052139939516,0.208559758064,0.0,0.52139939516,0.104279879032,0.469259455644,0.0,0.052139939516,0.312839637096,0.364979576612,0.406691528225,0.0,0.156419818548,0.052139939516,0
0.00944565420541,0.0031485514018,0.0125942056072,0.632858831762,0.031485514018,0.761949439236,0.0283369626162,-0.125942056072,0.0125942056072,0.0188913084108,0.0062971028036,0.0185764532706,-0.0031485514018,0.00944565420541,0.0031485514018,1
