AAWt,AAMt,Sstruct,SaccW,ShbondsW,SaccM,ShbondsM,yDDG,Result,Positiontype,ProteinPropens,Positionaccept,MOSST,SectorSuperficie,Functionalrelevancefunction,Clinical
0.09090909090909091,0.09090909090909091,0.09090909090909091,6.8,0.8181818181818182,8.6,0.2727272727272727,0.5,0.5454545454545454,0.2727272727272727,0.3,0.97,-0.6,0.18181818181818182,0.2,0
0.09090909090909091,0.09090909090909091,0.36363636363636365,7.3,0.8181818181818182,16.4,0.7272727272727273,-3.1,0.18181818181818182,0.2727272727272727,0,1,-1,0.09090909090909091,0.95,1
0.18181818181818182,0.2727272727272727,0.36363636363636365,84.5,0.8181818181818182,84.5,0.7272727272727273,0.3,0.5454545454545454,0.2727272727272727,0.9,0.25,0.2,0.18181818181818182,0.15,1
0.09090909090909091,0.18181818181818182,0.18181818181818182,3.2,0.18181818181818182,0.1,0.7272727272727273,-1.9,0.18181818181818182,0.2727272727272727,0.5,0.92,-0.6,0.09090909090909091,0.6,1
0.18181818181818182,0.18181818181818182,0.09090909090909091,6.7,0.8181818181818182,25.3,0.7272727272727273,1.2,0.09090909090909091,0.36363636363636365,0.7,0.78,-0.6,0.2727272727272727,0.5,1
0.09090909090909091,0.09090909090909091,0.36363636363636365,0,0.8181818181818182,0.1,0.7272727272727273,-1.5,0.18181818181818182,0.09090909090909091,-0.1,0.64,-0.5,0.18181818181818182,0.1,1
0.09090909090909091,0.09090909090909091,0.09090909090909091,39.9,0.8181818181818182,26.9,0.2727272727272727,-0.3,0.5454545454545454,0.36363636363636365,0.4,0.56,0.6,0.09090909090909091,0,1
0.09090909090909091,0.09090909090909091,0.09090909090909091,18.3,0.8181818181818182,42.6,0.7272727272727273,-2.1,0.18181818181818182,0.36363636363636365,0.5,0.85,-0.8,0.2727272727272727,0.8,0
0.18181818181818182,0.09090909090909091,0.09090909090909091,96.5,0.18181818181818182,95.3,0.2727272727272727,0.3,0.5454545454545454,0.36363636363636365,0.4,0.6,0.2,0.2727272727272727,0.3,0
0.18181818181818182,0.2727272727272727,0.36363636363636365,84.5,0.8181818181818182,84.5,0.7272727272727273,0.3,0.5454545454545454,0.2727272727272727,0.9,0.25,0.2,0.18181818181818182,0.15,1
0.09090909090909091,0.2727272727272727,0.18181818181818182,13.7,0.8181818181818182,10.8,0.7272727272727273,0.2,0.5454545454545454,0.2727272727272727,0.1,0.25,0.2,0.09090909090909091,0.35,0
