AAWt,AAMt,Sstruct,SaccW,ShbondsW,SaccM,ShbondsM,yDDG,Result,Positiontype,ProteinPropens,Positionaccept,MOSST,SectorSuperficie,Functionalrelevancefunction,Clinical
0.0020098629337152846,0.0020098629337152846,0.006029588801145854,0.7372177240867664,0.0020098629337152846,0.6753139457283357,0.004019725867430569,-0.002813808107201399,0.004019725867430569,0.004019725867430569,0.002813808107201399,0.012802826887766365,-0.009848328375204895,0.004019725867430569,0.008441424321604196,0
0.0028700040775794856,0.0028700040775794856,0.005740008155158971,0.9301683215435114,0.01435002038789743,0.3636295166293209,0.01435002038789743,-0.02812603996027896,0.005740008155158971,0.011480016310317942,0.0,0.0200900285430564,-0.026117037105973323,0.0028700040775794856,0.00703150999006974,0
0.0655995679926394,0.021866522664213132,0.043733045328426264,0.0,0.10933261332106567,0.7500217273825105,0.10933261332106567,-0.6122626345979677,0.043733045328426264,0.021866522664213132,0.13775909278454274,0.07194085956526121,-0.045919697594847576,0.021866522664213132,0.05357298052732217,0
0.0031105625545553794,0.0031105625545553794,0.006221125109110759,0.5530580221999464,0.015552812772776897,0.8317644270881085,0.015552812772776897,0.017419150305510125,0.0031105625545553794,0.012442250218221517,0.0,0.021773937881887657,-0.028306119246453952,0.0031105625545553794,0.0,1
0.1281291007251544,0.042709700241718135,0.1281291007251544,0.4185550623688377,0.2135485012085907,0.5979358033840539,0.2135485012085907,-0.4185550623688377,0.08541940048343627,0.17083880096687254,0.0,0.29896790169202697,-0.17938074101521617,0.08541940048343627,0.0298967901692027,0
0.0012261293215458948,0.0012261293215458948,0.003678387964637685,0.543297902376986,0.0012261293215458948,0.8394081335303196,0.0024522586430917896,-0.003433162100328506,0.0024522586430917896,0.004904517286183579,0.0,0.008582905250821265,-0.0025748715752463795,0.0012261293215458948,0.008582905250821265,1
0.11681644276521999,0.03893881425507333,0.07787762851014667,0.027257169978551335,0.19469407127536667,0.027257169978551335,0.19469407127536667,-0.8722294393136427,0.07787762851014667,0.07787762851014667,0.13628584989275666,0.245314529806962,-0.21805735982841068,0.03893881425507333,0.027257169978551335,0
