Statistic,Value
Mean,0.516770187649
Std,0.0227413629411
Max,0.605874643875
Min,0.452894586895
Var,0.000517169588417
