AAWt,AAMt,Sstruct,SaccW,ShbondsW,SaccM,ShbondsM,yDDG,Result,Positiontype,ProteinPropens,Positionaccept,MOSST,Functionalrelevancefunction,Clinical
0.142857142857,0.142857142857,0.142857142857,45.5,0.142857142857,50.6,0.285714285714,1.2,0.142857142857,0.857142857143,0.9,0.69,-0.2,0.1,1
0.142857142857,0.142857142857,0.857142857143,33.4,0.857142857143,37.9,0.714285714286,-0.8,0.285714285714,0.142857142857,0,1,-1,0.35,1
0.142857142857,0.285714285714,0.857142857143,21.2,0.857142857143,25.6,0.714285714286,0.8,0.142857142857,0.857142857143,0,0.83,-0.6,0.25,0
0.571428571429,0.142857142857,0.857142857143,111.8,0.857142857143,92.1,0.714285714286,-0.5,0.285714285714,0.857142857143,0.5,0.62,-0.1,0.55,0
0.571428571429,0.285714285714,0.857142857143,111.8,0.857142857143,99.8,0.714285714286,-1.2,0.142857142857,0.857142857143,0.5,0.62,0.4,0.55,1
0.571428571429,0.142857142857,0.857142857143,111.8,0.857142857143,93.3,0.285714285714,-0.4,0.142857142857,0.857142857143,0.5,0.62,-0.4,0.55,1
0.571428571429,0.142857142857,0.857142857143,111.8,0.857142857143,128.5,0.714285714286,-3,0.142857142857,0.857142857143,0.5,0.62,-0.3,0.55,0
