AAWt,AAMt,Sstruct,SaccW,ShbondsW,SaccM,ShbondsM,yDDG,Result,Positiontype,ProteinPropens,Positionaccept,MOSST,SectorSuperficie,Functionalrelevancefunction,Clinical
0.14285714285714285,0.14285714285714285,0.14285714285714285,35.5,1.0,58.8,0.14285714285714285,-1.1,0.42857142857142855,0.7142857142857143,0.3,0.95,-0.8,0.14285714285714285,0.1,0
0.14285714285714285,0.14285714285714285,0.42857142857142855,0,1.0,0,0.7142857142857143,-1.3,0.42857142857142855,0.7142857142857143,0,1,-1.1,0.14285714285714285,0.5,1
0.14285714285714285,0.2857142857142857,0.42857142857142855,40.5,1.0,29.7,0.7142857142857143,-3.3,0.2857142857142857,0.14285714285714285,0.3,0.44,-0.3,0.2857142857142857,0.6,0
0.14285714285714285,0.14285714285714285,0.2857142857142857,111.8,1.0,99.8,0.7142857142857143,-1.2,0.42857142857142855,0.14285714285714285,0.5,0.62,0.4,0.14285714285714285,0.55,1
0.14285714285714285,0.14285714285714285,0.14285714285714285,6.8,1.0,8.6,0.14285714285714285,0.5,0.2857142857142857,0.7142857142857143,0.3,0.97,-0.6,0.14285714285714285,0.2,0
0.14285714285714285,0.2857142857142857,0.2857142857142857,7.3,1.0,0.6,0.7142857142857143,0,0.2857142857142857,0.7142857142857143,0,1,-1.1,0.2857142857142857,0.95,1
0.14285714285714285,0.14285714285714285,0.42857142857142855,0,1.0,0,0.7142857142857143,-5.3,0.2857142857142857,0.7142857142857143,0,1,-1.1,0.14285714285714285,0.35,1
