AAWt,AAMt,Sstruct,SaccW,ShbondsW,SaccM,ShbondsM,yDDG,Result,Positiontype,ProteinPropens,Positionaccept,MOSST,SectorSuperficie,Functionalrelevancefunction,Clinical
0.09090909090909091,0.18181818181818182,0.09090909090909091,3.9,0.36363636363636365,2.6,0.8181818181818182,-1.8,0.2727272727272727,0.36363636363636365,0.5,0.88,0,0.09090909090909091,0.5,1
0.18181818181818182,0.36363636363636365,0.45454545454545453,30.2,0.36363636363636365,12,0.8181818181818182,-2.6,0.5454545454545454,0.36363636363636365,0.2,0.9,-0.8,0.45454545454545453,0.1,0
0.18181818181818182,0.36363636363636365,0.09090909090909091,0.2,0.5454545454545454,9.3,0.8181818181818182,-6.5,0.5454545454545454,0.09090909090909091,0.5,0.91,-0.8,0.45454545454545453,0.1,1
0.09090909090909091,0.09090909090909091,0.45454545454545453,50.3,0.36363636363636365,35,0.8181818181818182,0.1,0.09090909090909091,0.36363636363636365,0,1,-1,0.09090909090909091,0.1,1
0.09090909090909091,0.09090909090909091,0.09090909090909091,46.6,0.09090909090909091,81,0.09090909090909091,-1.3,0.2727272727272727,0.36363636363636365,0.6,0.9,0.3,0.09090909090909091,0.35,1
0.18181818181818182,0.18181818181818182,0.2727272727272727,0,0.5454545454545454,9.3,0.09090909090909091,-3,0.5454545454545454,0.09090909090909091,0.9,0.47,-0.4,0.09090909090909091,0.35,0
0.09090909090909091,0.36363636363636365,0.45454545454545453,50.8,0.5454545454545454,23.9,0.8181818181818182,-1.8,0.2727272727272727,0.36363636363636365,1,0.63,-0.3,0.09090909090909091,0.25,0
0.18181818181818182,0.36363636363636365,0.2727272727272727,40.5,0.5454545454545454,29.7,0.8181818181818182,-3.3,0.5454545454545454,0.09090909090909091,0.3,0.44,-0.3,0.45454545454545453,0.6,0
0.09090909090909091,0.18181818181818182,0.2727272727272727,3.2,0.36363636363636365,0,0.8181818181818182,-2.1,0.5454545454545454,0.36363636363636365,0.5,0.92,-0.5,0.09090909090909091,0.6,1
0.09090909090909091,0.18181818181818182,0.45454545454545453,7.3,0.5454545454545454,14.4,0.8181818181818182,-2.2,0.5454545454545454,0.36363636363636365,0,1,-0.9,0.45454545454545453,0.95,0
0.09090909090909091,0.09090909090909091,0.45454545454545453,46.3,0.5454545454545454,11.6,0.8181818181818182,1.8,0.09090909090909091,0.36363636363636365,0,1,-1,0.45454545454545453,0.35,1
