Statistic,Value
Mean,0.591075949367
Std,0.0555436233158
Max,0.758333333333
Min,0.358333333333
Var,0.00308509409105
