AAWt,AAMt,Sstruct,SaccW,ShbondsW,SaccM,ShbondsM,yDDG,Result,Positiontype,ProteinPropens,Positionaccept,MOSST,SectorSuperficie,Functionalrelevancefunction,Clinical
0.2727272727272727,0.09090909090909091,0.45454545454545453,74,0.45454545454545453,96.2,0.6363636363636364,1.6,0.09090909090909091,0.2727272727272727,0.9,0.76,-0.3,0.36363636363636365,0.1,1
0.36363636363636365,0.36363636363636365,0.18181818181818182,18.3,0.5454545454545454,12.9,0.6363636363636364,-3.5,0.5454545454545454,0.45454545454545453,0.5,0.85,-0.8,0.18181818181818182,0.8,0
0.18181818181818182,0.36363636363636365,0.45454545454545453,0,0.5454545454545454,4.9,0.6363636363636364,-4,0.5454545454545454,0.09090909090909091,0.9,0.47,-0.3,0.09090909090909091,0.35,0
0.2727272727272727,0.18181818181818182,0.45454545454545453,74,0.45454545454545453,82.7,0.18181818181818182,0.5,0.2727272727272727,0.2727272727272727,0.9,0.76,0.3,0.36363636363636365,0.1,1
0.36363636363636365,0.36363636363636365,0.2727272727272727,30.2,0.45454545454545453,12,0.6363636363636364,-2.6,0.5454545454545454,0.45454545454545453,0.2,0.9,-0.8,0.36363636363636365,0.1,0
0.09090909090909091,0.09090909090909091,0.45454545454545453,29.8,0.5454545454545454,30.4,0.6363636363636364,-0.2,0.2727272727272727,0.45454545454545453,0,0.81,0.3,0.09090909090909091,0.2,0
0.18181818181818182,0.18181818181818182,0.09090909090909091,9.8,0.5454545454545454,17.2,0.18181818181818182,-3.4,0.5454545454545454,0.18181818181818182,0,1,-0.9,0.18181818181818182,0.1,0
0.2727272727272727,0.09090909090909091,0.2727272727272727,67.5,0.45454545454545453,32.5,0.18181818181818182,-0.3,0.2727272727272727,0.2727272727272727,0.7,0.87,0.1,0.18181818181818182,0.25,0
0.09090909090909091,0.09090909090909091,0.45454545454545453,0,0.5454545454545454,0,0.18181818181818182,0.6,0.09090909090909091,0.18181818181818182,0,1,-1.1,0.09090909090909091,0.5,0
0.36363636363636365,0.09090909090909091,0.18181818181818182,18.3,0.5454545454545454,42.6,0.6363636363636364,-2.1,0.5454545454545454,0.45454545454545453,0.5,0.85,-0.8,0.18181818181818182,0.8,0
0.36363636363636365,0.36363636363636365,0.2727272727272727,30.2,0.45454545454545453,12,0.6363636363636364,-2.6,0.5454545454545454,0.45454545454545453,0.2,0.9,-0.8,0.36363636363636365,0.1,0
