AAWt,AAMt,Sstruct,SaccW,ShbondsW,SaccM,ShbondsM,yDDG,Result,Positiontype,ProteinPropens,Positionaccept,MOSST,SectorSuperficie,Functionalrelevancefunction,Clinical
0.181818181818,0.363636363636,0.363636363636,75.7,0.272727272727,81.1,0.181818181818,0.1,0.454545454545,0.727272727273,0.1,0.72,0,0.0909090909091,0.1,1
0.181818181818,0.0909090909091,0.181818181818,61,0.636363636364,89.4,0.727272727273,0,0.454545454545,0.727272727273,0.1,0.76,-0.1,0.181818181818,0.2,1
0.0909090909091,0.363636363636,0.181818181818,65.7,0.0909090909091,85.6,0.181818181818,0.3,0.454545454545,0.727272727273,0.4,0.14,-0.1,0.0909090909091,0.15,1
0.0909090909091,0.0909090909091,0.272727272727,45.4,0.636363636364,27.8,0.727272727273,-3,0.181818181818,0.727272727273,0.1,0.57,-0.4,0.181818181818,0.1,1
0.181818181818,0.363636363636,0.272727272727,19.6,0.636363636364,26.2,0.727272727273,3.3,0.0909090909091,0.727272727273,-0.1,0.6,-0.5,0.272727272727,0.15,0
0.181818181818,0.0909090909091,0.363636363636,16.3,0.636363636364,30.7,0.727272727273,1,0.0909090909091,0.727272727273,0.8,0.74,-0.4,0.272727272727,0.65,1
0.181818181818,0.363636363636,0.181818181818,63.3,0.272727272727,97.8,0.0909090909091,-0.4,0.454545454545,0.272727272727,0,1,-0.3,0.0909090909091,1,1
0.0909090909091,0.0909090909091,0.363636363636,7.3,0.636363636364,0.6,0.727272727273,0,0.454545454545,0.272727272727,0,1,-1.1,0.181818181818,0.95,1
0.0909090909091,0.0909090909091,0.181818181818,3.9,0.272727272727,3.5,0.727272727273,-0.9,0.0909090909091,0.727272727273,0.5,0.88,-0.4,0.181818181818,0.5,0
0.181818181818,0.0909090909091,0.272727272727,0,0.636363636364,0,0.727272727273,-1.3,0.0909090909091,0.272727272727,0,1,-1.1,0.0909090909091,0.5,1
0.0909090909091,0.0909090909091,0.363636363636,0,0.636363636364,0,0.727272727273,-2.4,0.181818181818,0.727272727273,0.7,0.78,-0.5,0.272727272727,0.1,1
