feature,mean,var,std,min,max
SaccW,34.7818181818,497.09785124,22.2956913156,11.9,63.3
SaccM,53.5181818182,1177.8014876,34.3191125702,15.2,105.0
yDDG,-0.954545454545,4.92611570248,2.21948545895,-5.3,2.7
ProteinPropens,0.154545454545,0.0679338842975,0.260641294306,0.0,0.7
Positionaccept,0.945454545455,0.00831570247934,0.0911904736216,0.76,1.0
MOSST,-0.609090909091,0.248099173554,0.498095546611,-1.2,0.3
Functionalrelevancefunction,0.563636363636,0.10458677686,0.323398789205,0.1,1.0
