feature,mean,var,std,min,max
SaccW,8.62,228.4106,15.1132590794,0.0,57.5
SaccM,13.52,402.3476,20.0586041389,0.0,70.8
yDDG,-2.24,3.4914,1.86852883307,-5.3,1.2
ProteinPropens,0.335,0.122275,0.349678423698,0.0,0.9
Positionaccept,0.81,0.07243,0.269128222229,0.25,1.0
MOSST,-0.52,0.2126,0.461085675336,-1.1,0.6
Functionalrelevancefunction,0.32,0.0021,0.0458257569496,0.25,0.35
