AAWt,AAMt,Sstruct,SaccW,ShbondsW,SaccM,ShbondsM,yDDG,Result,Positiontype,ProteinPropens,Positionaccept,MOSST,SectorSuperficie,Functionalrelevancefunction,Clinical
0.00554368612385,0.00277184306192,0.0138592153096,0.521106495642,0.0194029014335,0.851510188623,0.0166310583715,-0.0354795911926,0.00831552918577,0.00831552918577,0.0,0.0221747444954,-0.0199572700459,0.00554368612385,0.0133048466972,0
0.0745066300812,0.0372533150406,0.111759945122,0.417237128455,0.260773205284,0.59605304065,0.223519890244,-0.417237128455,0.111759945122,0.111759945122,0.0,0.298026520325,-0.178815912195,0.111759945122,0.0298026520325,0
0.0049453525399,0.0049453525399,0.0247267626995,0.569704612596,0.0049453525399,0.811037816543,0.00989070507979,-0.122644742989,0.00989070507979,0.0049453525399,0.00791256406383,0.0189901537532,-0.00791256406383,0.0148360576197,0.0316502562553,0
0.00202680991609,0.00202680991609,0.00608042974826,0.653443516947,0.0141876694126,0.755594736718,0.00405361983218,-0.0356718545231,0.00405361983218,0.00608042974826,0.00972868759722,0.014106597016,-0.00972868759722,0.00405361983218,0.00972868759722,0
0.00230369005062,0.00230369005062,0.0115184502531,0.764825096805,0.0161258303543,0.643190262132,0.0138221403037,0.0184295204049,0.00460738010123,0.00230369005062,0.0165865683644,0.00479167530528,0.00921476020246,0.00230369005062,0.0,1
0.00475876471103,0.00951752942205,0.0142762941331,0.255069788511,0.0333113529772,0.963173977512,0.0285525882662,0.0456841412259,0.00475876471103,0.0142762941331,0.0266490823817,0.0296946917968,-0.0228420706129,0.0142762941331,0.0190350588441,1
0.00750844232069,0.00750844232069,0.0187711058017,0.636715908795,0.0262795481224,0.768864493639,0.0225253269621,0.0240270154262,0.00750844232069,0.011262663481,0.0,0.0249280285047,-0.0180202615697,0.00375422116035,0.00750844232069,0
0.00565744989717,0.00282872494859,0.0141436247429,0.574796909553,0.0198010746401,0.816935765152,0.0169723496915,-0.0226297995887,0.00848617484576,0.00848617484576,0.0,0.0226297995887,-0.0113148997943,0.00282872494859,0.0,0
