statistic,value
mean,0.71
max,0.928571428571
min,0.535714285714
var,0.00556836734694
std,0.074621493867
