statistic,value
mean,0.72052631579
max,1.0
min,0.473684210526
var,0.00796094182828
std,0.0892241101288
