statistic,value
mean,0.718947368421
max,1.0
min,0.473684210526
var,0.0082670360111
std,0.0909232424142
