statistic,value
mean,0.718421052632
max,1.0
min,0.473684210526
var,0.00816481994462
std,0.0903593932285
