Statistic,Value
Mean,2.90717299578
Std,3.23088850492
Max,14.0
Min,0.0
Var,10.4386405313
