AAWt,AAMt,Sstruct,SaccW,ShbondsW,SaccM,ShbondsM,yDDG,Result,Positiontype,ProteinPropens,Positionaccept,MOSST,SectorSuperficie,Functionalrelevancefunction,Clinical
0.09090909090909091,0.18181818181818182,0.45454545454545453,0,0.7272727272727273,0,0.8181818181818182,-5.3,0.2727272727272727,0.45454545454545453,0,1,-1.1,0.09090909090909091,0.35,1
0.09090909090909091,0.18181818181818182,0.18181818181818182,63.3,0.2727272727272727,105,0.18181818181818182,-1.6,0.45454545454545453,0.45454545454545453,0,1,-1.2,0.09090909090909091,1,1
0.09090909090909091,0.09090909090909091,0.45454545454545453,14.1,0.7272727272727273,33,0.8181818181818182,-1.7,0.45454545454545453,0.36363636363636365,0.7,0.85,-0.5,0.36363636363636365,0.5,1
0.09090909090909091,0.09090909090909091,0.09090909090909091,97.4,0.7272727272727273,89.5,0.8181818181818182,-1.8,0.45454545454545453,0.09090909090909091,0.3,0.77,0,0.09090909090909091,0,0
0.09090909090909091,0.2727272727272727,0.45454545454545453,3.2,0.2727272727272727,0,0.8181818181818182,-2.1,0.2727272727272727,0.45454545454545453,0.5,0.92,-0.5,0.09090909090909091,0.6,1
0.09090909090909091,0.09090909090909091,0.09090909090909091,39.9,0.7272727272727273,26.9,0.18181818181818182,-0.3,0.18181818181818182,0.36363636363636365,0.4,0.56,0.6,0.09090909090909091,0,1
0.09090909090909091,0.09090909090909091,0.18181818181818182,111.8,0.7272727272727273,99.8,0.8181818181818182,-1.2,0.45454545454545453,0.36363636363636365,0.5,0.62,0.4,0.09090909090909091,0.55,1
0.18181818181818182,0.18181818181818182,0.45454545454545453,0,0.7272727272727273,0,0.8181818181818182,-1.4,0.45454545454545453,0.09090909090909091,0.7,0.25,-0.1,0.36363636363636365,0,1
0.09090909090909091,0.2727272727272727,0.18181818181818182,1.4,0.7272727272727273,2,0.8181818181818182,-3.3,0.2727272727272727,0.45454545454545453,0,1,-0.8,0.09090909090909091,0.1,1
0.09090909090909091,0.18181818181818182,0.18181818181818182,7.3,0.7272727272727273,0.6,0.8181818181818182,0,0.18181818181818182,0.45454545454545453,0,1,-1.1,0.36363636363636365,0.95,1
0.18181818181818182,0.2727272727272727,0.45454545454545453,4.9,0.2727272727272727,1.5,0.8181818181818182,-0.5,0.09090909090909091,0.36363636363636365,0.7,0.73,-0.6,0.36363636363636365,0.75,0
