Statistic,Value
Mean,0.137544536272
Std,0.0795938040073
Max,0.213
Min,0.0
Var,0.00633517363636
