algorithm,desc,actualScore,new score
GradientBoostingClassifier,GradientBoostingClassifier 10,0.57696969697,0.535714285714
MLPClassifier,logistic-adam-invscaling (10-5-10),0.576363636364,0.607142857143
MLPClassifierSVC,logistic-adam-invscaling (10-10-15),0.576060606061,0.607142857143
SVC,linear,0.575757575758,0.607142857143
SVC,poly,0.575757575758,0.607142857143
SVC,rbf,0.575757575758,0.607142857143
gini,sigmoid,0.575757575758,0.607142857143
gini,DecisionTreeClassifier gini best,0.575757575758,0.535714285714
entropy,DecisionTreeClassifier gini random,0.575757575758,0.535714285714
