AAWt,AAMt,Sstruct,SaccW,ShbondsW,SaccM,ShbondsM,yDDG,Result,Positiontype,ProteinPropens,Positionaccept,MOSST,SectorSuperficie,Functionalrelevancefunction,Clinical
0.09090909090909091,0.09090909090909091,0.36363636363636365,0.3,0.7272727272727273,18,0.8181818181818182,-5.2,0.36363636363636365,0.6363636363636364,0.3,0.95,-0.7,0.09090909090909091,0.1,0
0.18181818181818182,0.18181818181818182,0.36363636363636365,44.8,0.2727272727272727,47.1,0.8181818181818182,-1.4,0.2727272727272727,0.09090909090909091,0.8,0.28,0.6,0.18181818181818182,0.15,1
0.2727272727272727,0.2727272727272727,0.36363636363636365,11.9,0.7272727272727273,17.4,0.8181818181818182,-5.3,0.36363636363636365,0.6363636363636364,0,1,-1,0.09090909090909091,0.1,0
0.18181818181818182,0.09090909090909091,0.36363636363636365,65.7,0.2727272727272727,85.6,0.09090909090909091,0.3,0.09090909090909091,0.18181818181818182,0.4,0.14,-0.1,0.09090909090909091,0.15,1
0.2727272727272727,0.2727272727272727,0.36363636363636365,76.9,0.7272727272727273,43.2,0.8181818181818182,-1.9,0.2727272727272727,0.6363636363636364,0,1,-1,0.09090909090909091,0.3,1
0.09090909090909091,0.09090909090909091,0.36363636363636365,0.5,0.7272727272727273,4,0.8181818181818182,3,0.09090909090909091,0.6363636363636364,0,1,-1,0.18181818181818182,0,0
0.09090909090909091,0.09090909090909091,0.18181818181818182,7.3,0.7272727272727273,12.6,0.8181818181818182,1.4,0.09090909090909091,0.6363636363636364,0,1,-1,0.18181818181818182,0.95,0
0.18181818181818182,0.2727272727272727,0.09090909090909091,18.3,0.7272727272727273,12.9,0.8181818181818182,-3.5,0.36363636363636365,0.18181818181818182,0.5,0.85,-0.8,0.18181818181818182,0.8,0
0.18181818181818182,0.18181818181818182,0.18181818181818182,62,0.2727272727272727,61.8,0.09090909090909091,0.6,0.09090909090909091,0.09090909090909091,0.3,0.67,0.6,0.09090909090909091,0.35,1
0.09090909090909091,0.09090909090909091,0.36363636363636365,1.2,0.7272727272727273,0.8,0.8181818181818182,-5,0.36363636363636365,0.6363636363636364,0,1,-0.9,0.18181818181818182,0.1,0
0.2727272727272727,0.09090909090909091,0.36363636363636365,1.4,0.7272727272727273,2,0.8181818181818182,-1.4,0.2727272727272727,0.6363636363636364,0,1,-0.6,0.18181818181818182,0.1,0
