Statistic,Value
Mean,0.69118905047
Std,0.741948079237
Max,3.0
Min,0.0
Var,0.550486952284
