AAWt,AAMt,Sstruct,SaccW,ShbondsW,SaccM,ShbondsM,yDDG,Result,Positiontype,ProteinPropens,Positionaccept,MOSST,SectorSuperficie,Functionalrelevancefunction,Clinical
0.15204351364699753,0.05068117121566585,0.15204351364699753,0.24326962183519607,0.2027246848626634,0.7703538024781208,0.2027246848626634,-0.34463196426652776,0.05068117121566585,0.15204351364699753,0.0,0.2027246848626634,-0.14190727940386436,0.1013623424313317,0.02027246848626634,1
0.12461119656980671,0.041537065523268905,0.12461119656980671,0.0,0.16614826209307562,0.38214100281407387,0.16614826209307562,-0.830741310465378,0.041537065523268905,0.12461119656980671,0.0,0.16614826209307562,-0.14953343588376805,0.08307413104653781,0.041537065523268905,0
0.31318038399724624,0.10439346133241541,0.31318038399724624,0.0,0.41757384532966163,0.0,0.41757384532966163,-0.25054430719779697,0.10439346133241541,0.31318038399724624,0.0,0.41757384532966163,-0.20878692266483082,0.20878692266483082,0.10439346133241541,0
0.015597284609863125,0.015597284609863125,0.015597284609863125,0.6925194366779227,0.0623891384394525,0.7049972643658132,0.0623891384394525,0.0873447938152335,0.015597284609863125,0.015597284609863125,0.03119456921972625,0.05677411597990178,-0.024955655375781,0.03119456921972625,0.03119456921972625,1
