AAWt,AAMt,Sstruct,SaccW,ShbondsW,SaccM,ShbondsM,yDDG,Result,Positiontype,ProteinPropens,Positionaccept,MOSST,SectorSuperficie,Functionalrelevancefunction,Clinical
0.18181818181818182,0.18181818181818182,0.45454545454545453,46.3,0.9090909090909091,11.8,0.6363636363636364,0.1,0.36363636363636365,0.5454545454545454,0,1,-1.2,0.2727272727272727,0.35,0
0.18181818181818182,0.09090909090909091,0.18181818181818182,37,0.9090909090909091,69.9,0.18181818181818182,-0.4,0.36363636363636365,0.09090909090909091,0.2,0.89,-0.2,0.2727272727272727,0,0
0.2727272727272727,0.2727272727272727,0.2727272727272727,35.5,0.9090909090909091,58.8,0.18181818181818182,-1.1,0.18181818181818182,0.5454545454545454,0.3,0.95,-0.8,0.2727272727272727,0.1,0
0.09090909090909091,0.09090909090909091,0.18181818181818182,0,0.9090909090909091,0,0.6363636363636364,2.5,0.09090909090909091,0.5454545454545454,0,1,-0.3,0.09090909090909091,0.5,1
0.18181818181818182,0.18181818181818182,0.45454545454545453,14.4,0.09090909090909091,17.1,0.18181818181818182,1.1,0.18181818181818182,0.18181818181818182,0.2,0.48,0.8,0.2727272727272727,0.8,0
0.2727272727272727,0.2727272727272727,0.45454545454545453,23.5,0.9090909090909091,34.7,0.6363636363636364,-1.1,0.18181818181818182,0.5454545454545454,0,1,-0.8,0.18181818181818182,0.6,1
0.09090909090909091,0.09090909090909091,0.45454545454545453,18.8,0.9090909090909091,25.9,0.6363636363636364,0.7,0.09090909090909091,0.5454545454545454,0,1,-0.7,0.18181818181818182,0.1,0
0.18181818181818182,0.18181818181818182,0.45454545454545453,0,0.9090909090909091,4.9,0.6363636363636364,1.6,0.18181818181818182,0.5454545454545454,0,1,-1.3,0.18181818181818182,0.15,0
0.09090909090909091,0.18181818181818182,0.2727272727272727,6.7,0.9090909090909091,30.5,0.18181818181818182,0.5,0.36363636363636365,0.18181818181818182,0.7,0.78,0.1,0.2727272727272727,0.5,0
0.2727272727272727,0.2727272727272727,0.09090909090909091,0.2,0.9090909090909091,9,0.6363636363636364,-3.6,0.09090909090909091,0.18181818181818182,0.5,0.91,-0.6,0.2727272727272727,0.1,0
0.09090909090909091,0.09090909090909091,0.2727272727272727,40.3,0.9090909090909091,39.7,0.6363636363636364,0.2,0.36363636363636365,0.18181818181818182,0.6,0.87,0,0.18181818181818182,0.6,0
