AAWt,AAMt,Sstruct,SaccW,ShbondsW,SaccM,ShbondsM,yDDG,Result,Positiontype,ProteinPropens,Positionaccept,MOSST,SectorSuperficie,Functionalrelevancefunction,Clinical
0.142857142857,0.285714285714,0.142857142857,61,1.0,89.4,0.714285714286,0,0.285714285714,0.428571428571,0.1,0.76,-0.1,0.142857142857,0.2,0
0.285714285714,0.142857142857,0.142857142857,9.8,1.0,17.2,0.142857142857,-3.4,0.571428571429,0.571428571429,0,1,-0.9,0.142857142857,0.1,0
0.285714285714,0.142857142857,0.142857142857,0,1.0,2.2,0.714285714286,-6.5,0.571428571429,0.428571428571,0.7,0.78,-0.5,0.285714285714,0.1,0
0.285714285714,0.142857142857,0.428571428571,0,1.0,0,0.714285714286,2.5,0.142857142857,0.571428571429,0,1,-0.3,0.142857142857,0.5,1
0.142857142857,0.285714285714,0.428571428571,1.2,1.0,0.8,0.714285714286,-5,0.571428571429,0.571428571429,0,1,-0.9,0.142857142857,0.1,0
0.142857142857,0.285714285714,0.428571428571,0,1.0,0,0.714285714286,-5.1,0.571428571429,0.571428571429,0.3,0.96,-1,0.285714285714,0.1,1
0.285714285714,0.285714285714,0.142857142857,39.9,1.0,26.9,0.142857142857,-0.3,0.285714285714,0.428571428571,0.4,0.56,0.6,0.142857142857,0,1
