feature,mean,var,std,min,max
SaccW,37.5282608696,1137.65072306,33.7290783014,1.4,96.5
SaccM,42.4847826087,1092.69433365,33.0559273603,1.9,102.6
yDDG,-1.23695652174,3.91754725898,1.97927947975,-8.7,1.5
ProteinPropens,0.267391304348,0.0587192816635,0.242320617496,0.0,0.7
Positionaccept,0.870869565217,0.0213688090737,0.146180741118,0.48,1.0
MOSST,-0.547826086957,0.204234404537,0.451923007311,-1.2,0.8
Functionalrelevancefunction,0.384782608696,0.0686814744802,0.262071506426,0.0,0.8
