Statistic,Value
Mean,0.531743241131
Std,0.06857831119
Max,0.652777777778
Min,0.305555555556
Var,0.00470298476567
