AAWt,AAMt,Sstruct,SaccW,ShbondsW,SaccM,ShbondsM,yDDG,Result,Positiontype,ProteinPropens,Positionaccept,MOSST,SectorSuperficie,Functionalrelevancefunction,Clinical
0.428571428571,0.142857142857,0.285714285714,1.4,0.857142857143,2.3,0.857142857143,-3.1,0.428571428571,0.428571428571,0,1,-0.9,0.285714285714,0.1,0
0.142857142857,0.142857142857,0.428571428571,21.2,0.857142857143,25.6,0.857142857143,0.8,0.142857142857,0.428571428571,0,0.83,-0.6,0.142857142857,0.25,0
0.142857142857,0.285714285714,0.285714285714,44.8,0.142857142857,47.1,0.857142857143,-1.4,0.285714285714,0.142857142857,0.8,0.28,0.6,0.285714285714,0.15,1
0.142857142857,0.142857142857,0.285714285714,0.3,0.857142857143,0,0.857142857143,-5.1,0.428571428571,0.428571428571,0.3,0.95,-0.9,0.142857142857,0.1,1
0.142857142857,0.142857142857,0.428571428571,74.6,0.857142857143,70.3,0.142857142857,1.1,0.142857142857,0.428571428571,0,0.79,-0.3,0.142857142857,0.35,1
0.428571428571,0.285714285714,0.428571428571,0,0.857142857143,0,0.857142857143,-2.4,0.428571428571,0.428571428571,0.7,0.78,-0.5,0.285714285714,0.1,1
0.428571428571,0.142857142857,0.285714285714,93.3,0.857142857143,96.3,0.857142857143,-1,0.285714285714,0.428571428571,0,1,-1,0.285714285714,0.3,1
