AAWt,AAMt,Sstruct,SaccW,ShbondsW,SaccM,ShbondsM,yDDG,Result,Positiontype,ProteinPropens,Positionaccept,MOSST,SectorSuperficie,Functionalrelevancefunction,Clinical
0.428571428571,0.428571428571,0.142857142857,35.5,0.714285714286,58.8,0.142857142857,-1.1,0.142857142857,0.571428571429,0.3,0.95,-0.8,0.285714285714,0.1,0
0.285714285714,0.285714285714,0.285714285714,12.1,0.142857142857,28.6,0.857142857143,1.5,0.142857142857,0.571428571429,0.3,0.97,-0.7,0.285714285714,0.6,1
0.142857142857,0.142857142857,0.571428571429,50.3,0.142857142857,72.2,0.857142857143,-2.4,0.285714285714,0.571428571429,0,1,-0.7,0.142857142857,0.1,0
0.428571428571,0.428571428571,0.285714285714,0.1,0.714285714286,0.3,0.857142857143,-3.1,0.285714285714,0.428571428571,0.5,0.9,-0.7,0.571428571429,0.1,1
0.142857142857,0.428571428571,0.571428571429,0,0.714285714286,3.2,0.857142857143,-0.9,0.142857142857,0.571428571429,0,1,-0.8,0.571428571429,0.15,1
0.428571428571,0.142857142857,0.571428571429,0,0.714285714286,0.2,0.857142857143,0,0.142857142857,0.428571428571,0.7,0.78,0,0.571428571429,0.1,0
0.285714285714,0.285714285714,0.571428571429,6,0.714285714286,5.7,0.857142857143,2.9,0.142857142857,0.428571428571,0.5,0.61,-0.4,0.571428571429,0.6,0
