algorithm,desc,actualScore,new score
auto,minkowski-distance KNN: 3,0.722222222222,0.428571428571
auto,euclidean-distance KNN: 3,0.722222222222,0.428571428571
ball_tree,minkowski-distance KNN: 3,0.722222222222,0.428571428571
ball_tree,euclidean-distance KNN: 3,0.722222222222,0.428571428571
kd_tree,minkowski-distance KNN: 3,0.722222222222,0.428571428571
kd_tree,euclidean-distance KNN: 3,0.722222222222,0.428571428571
brute,minkowski-distance KNN: 3,0.722222222222,0.428571428571
brute,euclidean-distance KNN: 3,0.722222222222,0.428571428571
