AAWt,AAMt,Sstruct,SaccW,ShbondsW,SaccM,ShbondsM,yDDG,Result,Positiontype,ProteinPropens,Positionaccept,MOSST,SectorSuperficie,Functionalrelevancefunction,Clinical
0.0062038081928,0.0062038081928,0.0124076163856,0.486378562315,0.031019040964,0.853644007329,0.0062038081928,-0.168743582844,0.0124076163856,0.0186114245784,0.0,0.0496304655424,-0.0446674189881,0.0062038081928,0.00496304655424,0
0.00203090911061,0.00203090911061,0.00609272733182,0.737626188972,0.010154545553,0.674261824721,0.00609272733182,-0.0292450911927,0.00406181822121,0.010154545553,0.00162472728849,0.00926094554437,-0.00324945457697,0.00406181822121,0.00162472728849,0
0.00107286644524,0.00107286644524,0.00214573289049,0.543299567871,0.00321859933573,0.839410706758,0.00321859933573,-0.00343317262478,0.00321859933573,0.00321859933573,0.0,0.00858293156195,-0.00257487946858,0.00107286644524,0.00858293156195,1
0.000892765841721,0.000892765841721,0.000892765841721,0.709927397337,0.00267829752516,0.70421369595,0.00267829752516,-0.00357106336688,0.00267829752516,0.00446382920861,-0.000714212673377,0.00507090998098,-0.000714212673377,0.000892765841721,0.00142842534675,0
0.0198830121267,0.0198830121267,0.0596490363801,0.779414075367,0.0596490363801,0.493098700742,0.0795320485068,-0.286315374625,0.0397660242534,0.0994150606336,0.11134486791,0.11611679082,0.0,0.0397660242534,0.11929807276,0
0.00664692654227,0.00664692654227,0.0199407796268,0.0159526237014,0.0332346327113,0.957157422087,0.0265877061691,-0.276512144158,0.0132938530845,0.0199407796268,0.0159526237014,0.0505166417212,-0.0372227886367,0.00664692654227,0.00531754123381,0
0.00115487390074,0.00115487390074,0.00115487390074,0.563578463559,0.00577436950368,0.825965813806,0.00461949560294,0.0,0.00346462170221,0.00577436950368,0.000923899120588,0.00702163331647,-0.000923899120588,0.00115487390074,0.00184779824118,1
0.00359044309149,0.00359044309149,0.00359044309149,0.468193779131,0.0179522154575,0.881812823271,0.014361772366,0.028723544732,0.00359044309149,0.0179522154575,0.0229788357856,0.0212554231016,-0.0114894178928,0.00359044309149,0.0186703040758,1
