AAWt,AAMt,Sstruct,SaccW,ShbondsW,SaccM,ShbondsM,yDDG,Result,Positiontype,ProteinPropens,Positionaccept,MOSST,SectorSuperficie,Functionalrelevancefunction,Clinical
0.18181818181818182,0.09090909090909091,0.36363636363636365,15.5,0.7272727272727273,12.6,0.8181818181818182,-3.5,0.18181818181818182,0.18181818181818182,0.3,0.17,-0.1,0.18181818181818182,0.1,1
0.18181818181818182,0.09090909090909091,0.36363636363636365,74,0.2727272727272727,82.7,0.09090909090909091,0.5,0.2727272727272727,0.18181818181818182,0.9,0.76,0.3,0.2727272727272727,0.1,1
0.09090909090909091,0.09090909090909091,0.09090909090909091,6.8,0.7272727272727273,7.9,0.8181818181818182,-1.5,0.45454545454545453,0.45454545454545453,0.3,0.97,-0.5,0.18181818181818182,0.2,1
0.18181818181818182,0.18181818181818182,0.36363636363636365,0,0.7272727272727273,0,0.8181818181818182,-1.3,0.45454545454545453,0.45454545454545453,0,1,-1.1,0.18181818181818182,0.5,1
0.18181818181818182,0.09090909090909091,0.2727272727272727,7.3,0.7272727272727273,16.2,0.8181818181818182,-1.3,0.45454545454545453,0.45454545454545453,0,1,-1.1,0.2727272727272727,0.95,0
0.18181818181818182,0.09090909090909091,0.09090909090909091,18.3,0.7272727272727273,29.5,0.8181818181818182,0.8,0.09090909090909091,0.2727272727272727,0.5,0.85,-0.5,0.09090909090909091,0.8,0
0.18181818181818182,0.18181818181818182,0.2727272727272727,50.3,0.2727272727272727,55,0.09090909090909091,-1.6,0.45454545454545453,0.45454545454545453,0,1,-1.1,0.18181818181818182,0.1,0
0.09090909090909091,0.09090909090909091,0.36363636363636365,4.9,0.2727272727272727,1.5,0.8181818181818182,-0.3,0.2727272727272727,0.2727272727272727,0.7,0.73,-0.3,0.2727272727272727,0.75,1
0.09090909090909091,0.09090909090909091,0.09090909090909091,97.4,0.7272727272727273,89.5,0.8181818181818182,-1.8,0.45454545454545453,0.09090909090909091,0.3,0.77,0,0.18181818181818182,0,0
0.18181818181818182,0.09090909090909091,0.2727272727272727,0,0.7272727272727273,0.2,0.8181818181818182,0,0.2727272727272727,0.2727272727272727,0.7,0.78,0,0.18181818181818182,0.1,0
0.18181818181818182,0.09090909090909091,0.09090909090909091,12.8,0.7272727272727273,33.3,0.8181818181818182,-3.5,0.18181818181818182,0.45454545454545453,0,1,-1.2,0.09090909090909091,0.6,0
