Statistic,Value
Mean,0.395731697137
Std,0.0982531933636
Max,0.727272727273
Min,0.0909090909091
Var,0.00965369000615
