Metric,Score
accuracy,0.769230769231
recall,0.461538461538
precision,0.461538461538
