AAWt,AAMt,Sstruct,SaccW,ShbondsW,SaccM,ShbondsM,yDDG,Result,Positiontype,ProteinPropens,Positionaccept,MOSST,SectorSuperficie,Functionalrelevancefunction,Clinical
0.14285714285714285,0.14285714285714285,0.14285714285714285,40.3,0.7142857142857143,60.9,0.7142857142857143,-2.8,0.42857142857142855,0.5714285714285714,0.6,0.87,-0.6,0.2857142857142857,0.6,1
0.42857142857142855,0.2857142857142857,0.5714285714285714,0,0.7142857142857143,16.9,0.7142857142857143,-3.2,0.42857142857142855,0.2857142857142857,0.9,0.47,-0.2,0.2857142857142857,0.35,1
0.14285714285714285,0.14285714285714285,0.5714285714285714,19.6,0.7142857142857143,26.2,0.7142857142857143,3.3,0.14285714285714285,0.5714285714285714,-0.1,0.6,-0.5,0.14285714285714285,0.15,0
0.14285714285714285,0.2857142857142857,0.14285714285714285,96.5,0.2857142857142857,95.3,0.2857142857142857,0.3,0.14285714285714285,0.5714285714285714,0.4,0.6,0.2,0.14285714285714285,0.3,0
0.42857142857142855,0.14285714285714285,0.14285714285714285,23.5,0.7142857142857143,38.4,0.7142857142857143,-1.6,0.14285714285714285,0.14285714285714285,0,1,-0.9,0.2857142857142857,0.6,0
0.14285714285714285,0.14285714285714285,0.5714285714285714,45.5,0.2857142857142857,50.6,0.2857142857142857,1.2,0.14285714285714285,0.5714285714285714,0.9,0.69,-0.2,0.14285714285714285,0.1,1
0.42857142857142855,0.14285714285714285,0.5714285714285714,0,0.7142857142857143,4.9,0.7142857142857143,-4,0.42857142857142855,0.2857142857142857,0.9,0.47,-0.3,0.2857142857142857,0.35,0
