AAWt,AAMt,Sstruct,SaccW,ShbondsW,SaccM,ShbondsM,yDDG,Result,Positiontype,ProteinPropens,Positionaccept,MOSST,SectorSuperficie,Functionalrelevancefunction,Clinical
0.0109636637967,0.0219273275933,0.0219273275933,0.293826189751,0.0438546551866,0.938489620994,0.03289099139,-0.153491293153,0.03289099139,0.03289099139,0.0306982586307,0.0342066310456,-0.00438546551866,0.0219273275933,0.0219273275933,1
0.0746247877103,0.0746247877103,0.0373123938551,0.0149249575421,0.149249575421,0.731322919561,0.111937181565,-0.596998301682,0.111937181565,0.111937181565,0.0746247877103,0.134324617878,-0.104474702794,0.0373123938551,0.0149249575421,0
0.107384194897,0.0536920974484,0.107384194897,0.300675745711,0.214768389794,0.493967296526,0.161076292345,-0.665782008361,0.161076292345,0.0536920974484,0.0,0.214768389794,-0.193291550814,0.107384194897,0.0214768389794,0
0.00171671052132,0.00171671052132,0.00171671052132,0.767712945136,0.00686684208529,0.640676366558,0.00171671052132,-0.00274673683412,0.00171671052132,0.00515013156397,0.00343342104265,0.00425744209288,-0.00274673683412,0.00171671052132,0.00377676314691,1
