Statistic,Value
Mean,2.29198312236
Std,2.88499301123
Max,14.0
Min,0.0
Var,8.32318467482
