AAWt,AAMt,Sstruct,SaccW,ShbondsW,SaccM,ShbondsM,yDDG,Result,Positiontype,ProteinPropens,Positionaccept,MOSST,SectorSuperficie,Functionalrelevancefunction,Clinical
0.0057472357999043934,0.0019157452666347977,0.0038314905332695955,0.6745339083821124,0.0038314905332695955,0.7375619276543972,0.0019157452666347977,-0.021456346986309736,0.0038314905332695955,0.007662981066539191,0.0,0.013410216866443586,-0.014751238553087945,0.0019157452666347977,0.0013410216866443585,0
0.07979407781154929,0.039897038905774646,0.15958815562309858,0.027927927234042256,0.15958815562309858,0.08378378170212676,0.19948519452887326,-0.8657657442553099,0.11969111671732394,0.07979407781154929,0.13963963617021127,0.2513513451063803,-0.19549549063829577,0.039897038905774646,0.027927927234042256,1
0.005227664182261415,0.0017425547274204716,0.0034851094548409432,0.8111592256142296,0.0017425547274204716,0.5842786001040842,0.008712773637102359,-0.01707703632872062,0.0034851094548409432,0.0034851094548409432,0.00853851816436031,0.010368200628151806,0.0,0.0034851094548409432,0.0030494707729858254,1
0.21523772083649984,0.07174590694549995,0.2869836277819998,0.0,0.2869836277819998,0.0,0.35872953472749974,0.35155494403294973,0.07174590694549995,0.2869836277819998,0.0,0.5022213486184997,-0.35155494403294973,0.07174590694549995,0.2511106743092498,0
0.01309624589626163,0.006548122948130815,0.006548122948130815,0.5454586415792969,0.02619249179252326,0.7975613750823333,0.032740614740654074,-0.24293536137565322,0.019644368844392444,0.02619249179252326,0.0,0.04583686063691571,-0.04583686063691571,0.006548122948130815,0.004583686063691571,0
0.03782635274872072,0.03782635274872072,0.15130541099488287,0.8473103015713442,0.07565270549744144,0.052956893848209015,0.03782635274872072,0.31774136308925405,0.03782635274872072,0.15130541099488287,0.13239223462052252,0.24360171170176145,-0.13239223462052252,0.03782635274872072,0.15887068154462702,0
0.00170471327393086,0.00170471327393086,0.00681885309572344,0.48328621315939885,0.00681885309572344,0.8746883808539243,0.008523566369654302,-0.032219080877293256,0.00511413982179258,0.00170471327393086,0.003579897875254806,0.00525051688370705,-0.003579897875254806,0.00340942654786172,0.007159795750509612,0
