AAWt,AAMt,Sstruct,SaccW,ShbondsW,SaccM,ShbondsM,yDDG,Result,Positiontype,ProteinPropens,Positionaccept,MOSST,SectorSuperficie,Functionalrelevancefunction,Clinical
0.00304948820743,0.00457423231115,0.00304948820743,0.811163863177,0.00152474410372,0.584281940544,0.00609897641486,-0.0170771339616,0.00609897641486,0.00457423231115,0.00853856698081,0.0103682599053,0.0,0.00304948820743,0.00304948820743,1
0.00335254123966,0.00167627061983,0.00335254123966,0.67453129742,0.00167627061983,0.737559072726,0.00502881185949,-0.0214562639338,0.00670508247932,0.00670508247932,0.0,0.0134101649586,-0.0147511814545,0.00335254123966,0.00134101649586,0
0.0102884143199,0.0205768286398,0.0102884143199,0.633766322107,0.0617304859195,0.740765831034,0.0308652429598,-0.164614629119,0.0411536572797,0.0411536572797,0.0,0.0823073145594,-0.0823073145594,0.0102884143199,0.00823073145594,0
0.00411040445221,0.00411040445221,0.00411040445221,0.630262016005,0.00822080890441,0.776044360577,0.00548053926961,-0.014249402101,0.00548053926961,0.00411040445221,0.0098649706853,0.00339793434716,0.00109610785392,0.0013701348174,0.00383637748873,1
0.0338182447065,0.0112727482355,0.0112727482355,0.613237504012,0.0676364894131,0.775565078603,0.0112727482355,0.045090992942,0.0112727482355,0.045090992942,0.0270545957652,0.0874765263076,-0.0541091915305,0.022545496471,0.0180363971768,0
0.00202685571092,0.00405371142184,0.00202685571092,0.653458281201,0.0121611342655,0.755611809031,0.00608056713276,-0.0356726605122,0.00608056713276,0.00608056713276,0.00972890741242,0.014106915748,-0.00972890741242,0.00202685571092,0.00972890741242,0
0.00615416316623,0.00615416316623,0.0184624894987,0.763116232613,0.0369249789974,0.620339647156,0.0246166526649,-0.172316568655,0.0184624894987,0.00615416316623,0.014769991599,0.00836966190608,-0.00492333053299,0.00615416316623,0.00492333053299,1
0.0678046184655,0.0678046184655,0.0678046184655,0.216974779089,0.135609236931,0.144649852726,0.090406157954,-0.90406157954,0.0678046184655,0.090406157954,0.0,0.180812315908,-0.162731084317,0.045203078977,0.0180812315908,0
