feature,mean,var,std,min,max
SaccW,0.66613086382,0.00627097428179,0.079189483404,0.513392911419,0.817010032278
SaccM,0.737925344805,0.00505474916591,0.07109675918,0.574428711891,0.857571519234
yDDG,-0.00641949853912,0.000219736229484,0.0148235026051,-0.0734930851978,0.0131807653912
ProteinPropens,0.00268116190802,8.40188616759e-06,0.0028986007258,-0.000902400038408,0.00810932175249
Positionaccept,0.00617516848208,4.44009383577e-06,0.0021071530167,0.00129738573454,0.0100699094798
MOSST,-0.00223128051085,1.62836427906e-05,0.00403529959118,-0.0111057117272,0.00626016935834
Functionalrelevancefunction,0.00226126996006,4.46858557419e-06,0.0021139029245,0.0,0.00858302253706
