AAWt,AAMt,Sstruct,SaccW,ShbondsW,SaccM,ShbondsM,yDDG,Result,Positiontype,ProteinPropens,Positionaccept,MOSST,SectorSuperficie,Functionalrelevancefunction,Clinical
0.00348513062008,0.00348513062008,0.00348513062008,0.811164151824,0.00174256531004,0.584282148457,0.00522769593012,-0.0170771400384,0.00697026124016,0.00522769593012,0.0085385700192,0.0103682635947,0.0,0.00174256531004,0.00304948929257,1
0.003831434287,0.0019157171435,0.003831434287,0.674524006227,0.0019157171435,0.737551100248,0.0057471514305,-0.0214560320072,0.007662868574,0.0057471514305,0.0,0.0134100200045,-0.014751022005,0.003831434287,0.00134100200045,0
0.0117568164105,0.023513632821,0.0117568164105,0.633692404527,0.0587840820526,0.740679433862,0.0352704492315,-0.164595429747,0.0470272656421,0.0352704492315,0.0,0.0822977148736,-0.0822977148736,0.0117568164105,0.00822977148736,0
0.00313176894113,0.00313176894113,0.00313176894113,0.630268499403,0.00782942235283,0.776052343612,0.0046976534117,-0.0142495486821,0.00626353788226,0.0046976534117,0.00986507216456,0.00339796930113,0.0010961191294,0.00156588447057,0.00383641695289,1
0.0257808945693,0.0128904472846,0.0128904472846,0.613585290748,0.0644522364231,0.776004926535,0.0128904472846,0.0451165654962,0.0128904472846,0.0386713418539,0.0270699392977,0.0875261370626,-0.0541398785954,0.0257808945693,0.0180466261985,0
0.00231640400208,0.00463280800416,0.00231640400208,0.653457568987,0.0115820200104,0.755610985479,0.00694921200625,-0.0356726216321,0.00463280800416,0.00694921200625,0.00972889680874,0.0141069003727,-0.00972889680874,0.00231640400208,0.00972889680874,0
0.0070351838421,0.0070351838421,0.0140703676842,0.763317446868,0.0351759192105,0.620503214874,0.0211055515263,-0.172362004132,0.0140703676842,0.0070351838421,0.0147738860684,0.0083718687721,-0.00492462868947,0.0070351838421,0.00492462868947,1
