AAWt,AAMt,Sstruct,SaccW,ShbondsW,SaccM,ShbondsM,yDDG,Result,Positiontype,ProteinPropens,Positionaccept,MOSST,SectorSuperficie,Functionalrelevancefunction,Clinical
0.011977035688554,0.005988517844277,0.011977035688554,0.30661211362698243,0.017965553532831,0.9485812265334769,0.005988517844277,0.0646759927181916,0.005988517844277,0.017965553532831,0.0,0.023954071377108,-0.011977035688554,0.005988517844277,0.0143724428262648,0
0.054645624623496765,0.054645624623496765,0.10929124924699353,0.3060154978915819,0.1639368738704903,0.5027397465361703,0.10929124924699353,-0.67760574533136,0.10929124924699353,0.1639368738704903,0.0,0.21858249849398706,-0.19672424864458837,0.10929124924699353,0.021858249849398707,0
0.014993885615602607,0.007496942807801304,0.007496942807801304,0.5487762135310554,0.02249082842340391,0.8336600402275051,0.007496942807801304,0.026988994108084696,0.007496942807801304,0.007496942807801304,0.014993885615602607,0.025489605546524432,-0.02099143986184365,0.014993885615602607,0.023990216984964174,1
0.002839522485534058,0.002839522485534058,0.002839522485534058,0.5713119240894524,0.002839522485534058,0.8200540938222359,0.005679044971068116,-0.027259415861126953,0.005679044971068116,0.008518567456602174,0.0,0.011358089942136232,-0.00795066295949536,0.002839522485534058,0.0011358089942136232,0
