AAWt,AAMt,Sstruct,SaccW,ShbondsW,SaccM,ShbondsM,yDDG,Result,Positiontype,ProteinPropens,Positionaccept,MOSST,SectorSuperficie,Functionalrelevancefunction,Clinical
0.2857142857142857,0.14285714285714285,0.2857142857142857,6.7,0.5714285714285714,17.7,0.8571428571428571,-0.3,0.14285714285714285,0.42857142857142855,0.7,0.78,-0.5,0.2857142857142857,0.5,1
0.2857142857142857,0.14285714285714285,0.5714285714285714,4.9,0.2857142857142857,1.5,0.8571428571428571,-0.5,0.2857142857142857,0.42857142857142855,0.7,0.73,-0.6,0.42857142857142855,0.75,0
0.14285714285714285,0.14285714285714285,0.5714285714285714,0,0.5714285714285714,0,0.8571428571428571,-1.3,0.5714285714285714,0.42857142857142855,0,1,-1.1,0.14285714285714285,0.5,1
0.2857142857142857,0.14285714285714285,0.14285714285714285,11.1,0.5714285714285714,28.8,0.14285714285714285,-0.7,0.2857142857142857,0.42857142857142855,0.5,0.91,-0.7,0.42857142857142855,0.5,1
0.2857142857142857,0.14285714285714285,0.5714285714285714,44.8,0.14285714285714285,47.1,0.8571428571428571,-1.4,0.5714285714285714,0.14285714285714285,0.8,0.28,0.6,0.14285714285714285,0.15,1
0.14285714285714285,0.14285714285714285,0.2857142857142857,93.3,0.5714285714285714,96.3,0.8571428571428571,-1,0.5714285714285714,0.42857142857142855,0,1,-1,0.2857142857142857,0.3,1
0.14285714285714285,0.14285714285714285,0.5714285714285714,17.3,0.2857142857142857,21,0.8571428571428571,-1.5,0.5714285714285714,0.42857142857142855,0,1,-1,0.42857142857142855,0.85,1
