AAWt,AAMt,Sstruct,SaccW,ShbondsW,SaccM,ShbondsM,yDDG,Result,Positiontype,ProteinPropens,Positionaccept,MOSST,SectorSuperficie,Functionalrelevancefunction,Clinical
0.015029290363464714,0.007514645181732357,0.015029290363464714,0.35243685902324756,0.030058580726929428,0.931064538016639,0.045087871090394145,-0.01578075488163795,0.007514645181732357,0.022543935545197073,0.03682176139048855,0.04102996269225868,-0.026301258136063252,0.015029290363464714,0.026301258136063252,1
0.052034753399729024,0.026017376699864512,0.10406950679945805,0.8923960208053529,0.052034753399729024,0.2731824553485774,0.15610426019918708,-0.0910608184495258,0.052034753399729024,0.07805213009959354,0.1274851458293361,0.13294879493630765,-0.10927298213943094,0.07805213009959354,0.1365912276742887,0
0.05779767501968953,0.05779767501968953,0.2311907000787581,0.0,0.2311907000787581,0.0,0.3467860501181372,-0.5259588426791747,0.2311907000787581,0.1733930250590686,0.0,0.4045837251378267,-0.4450420976516094,0.05779767501968953,0.20229186256891335,1
0.009241257479637572,0.004620628739818786,0.004620628739818786,0.3590228530839197,0.018482514959275144,0.9315187539474673,0.004620628739818786,-0.02264108082511205,0.009241257479637572,0.013861886219456358,0.016172200589365752,0.029433405072645667,-0.02264108082511205,0.013861886219456358,0.016172200589365752,1
0.004392973599596174,0.002196486799798087,0.008785947199192347,0.68881826041668,0.002196486799798087,0.7241816978934292,0.01317892079878852,-0.02152557063802125,0.008785947199192347,0.002196486799798087,0.012300326078869286,0.004305114127604251,0.009225244559151965,0.002196486799798087,0.002306311139787991,1
0.0010652842553875708,0.0010652842553875708,0.0021305685107751416,0.6957371471936226,0.004261137021550283,0.7181081165567615,0.006391705532325425,-0.007456989787712997,0.004261137021550283,0.0031958527661627126,0.0,0.007456989787712997,-0.007456989787712997,0.0021305685107751416,0.002237096936313899,1
0.0052263796133498455,0.0052263796133498455,0.020905518453399382,0.6329145711766663,0.010452759226699691,0.7682778031624273,0.03135827768009907,-0.05487698594017338,0.020905518453399382,0.015679138840049536,0.0,0.03658465729344892,-0.03658465729344892,0.015679138840049536,0.03109695869943158,1
