AAWt,AAMt,Sstruct,SaccW,ShbondsW,SaccM,ShbondsM,yDDG,Result,Positiontype,ProteinPropens,Positionaccept,MOSST,SectorSuperficie,Functionalrelevancefunction,Clinical
0.09090909090909091,0.09090909090909091,0.18181818181818182,62.5,0.09090909090909091,76,0.09090909090909091,-0.8,0.18181818181818182,0.5454545454545454,0.7,0.59,0.4,0.18181818181818182,0.25,1
0.18181818181818182,0.09090909090909091,0.36363636363636365,0.2,0.9090909090909091,0.3,0.8181818181818182,-1.1,0.18181818181818182,0.5454545454545454,0.6,0.89,-0.1,0.36363636363636365,0.1,0
0.09090909090909091,0.09090909090909091,0.2727272727272727,0,0.9090909090909091,4.9,0.8181818181818182,1.6,0.18181818181818182,0.2727272727272727,0,1,-1.3,0.36363636363636365,0.15,0
0.09090909090909091,0.18181818181818182,0.18181818181818182,76.9,0.9090909090909091,43.2,0.8181818181818182,-1.9,0.18181818181818182,0.2727272727272727,0,1,-1,0.09090909090909091,0.3,1
0.09090909090909091,0.18181818181818182,0.2727272727272727,11.1,0.9090909090909091,38.8,0.8181818181818182,1.1,0.18181818181818182,0.5454545454545454,0.5,0.91,-0.8,0.18181818181818182,0.5,1
0.18181818181818182,0.18181818181818182,0.36363636363636365,0.2,0.9090909090909091,0.3,0.8181818181818182,-0.8,0.18181818181818182,0.5454545454545454,0.6,0.89,0.3,0.36363636363636365,0.1,0
0.09090909090909091,0.18181818181818182,0.09090909090909091,18.3,0.9090909090909091,12.9,0.8181818181818182,-3.5,0.18181818181818182,0.5454545454545454,0.5,0.85,-0.8,0.09090909090909091,0.8,0
0.09090909090909091,0.18181818181818182,0.36363636363636365,45.4,0.9090909090909091,36.8,0.8181818181818182,-3.6,0.18181818181818182,0.5454545454545454,0.1,0.57,-0.3,0.18181818181818182,0.1,0
0.09090909090909091,0.18181818181818182,0.09090909090909091,83.7,0.9090909090909091,88.2,0.09090909090909091,-0.3,0.2727272727272727,0.18181818181818182,0.7,0.47,0.3,0.36363636363636365,0.25,1
0.09090909090909091,0.09090909090909091,0.2727272727272727,84.5,0.9090909090909091,84.5,0.8181818181818182,0.3,0.2727272727272727,0.18181818181818182,0.9,0.25,0.2,0.18181818181818182,0.15,1
0.09090909090909091,0.09090909090909091,0.36363636363636365,0,0.9090909090909091,0,0.8181818181818182,0,0.2727272727272727,0.2727272727272727,0,1,-1.3,0.09090909090909091,0.5,1
