AAWt,AAMt,Sstruct,SaccW,ShbondsW,SaccM,ShbondsM,yDDG,Result,Positiontype,ProteinPropens,Positionaccept,MOSST,SectorSuperficie,Functionalrelevancefunction,Clinical
0.006060706861740627,0.006060706861740627,0.006060706861740627,0.6133435344081515,0.01818212058522188,0.7854676092815852,0.024242827446962507,-0.06060706861740627,0.024242827446962507,0.024242827446962507,0.007272848234088752,0.023515542623553633,0.0,0.01818212058522188,0.006060706861740627,0
0.12965556333592682,0.06482778166796341,0.12965556333592682,0.0,0.19448334500389025,0.0,0.25931112667185363,-0.7520022673483756,0.25931112667185363,0.25931112667185363,0.07779333800155609,0.2489386816049795,-0.20744890133748292,0.19448334500389025,0.09075889433514878,1
0.1506933529244671,0.1506933529244671,0.1506933529244671,0.0,0.22604002938670062,0.0,0.3013867058489342,-0.6630507528676552,0.3013867058489342,0.3013867058489342,0.09041601175468024,0.2893312376149768,-0.12055468233957367,0.22604002938670062,0.10548534704712695,0
0.002839133354761385,0.00567826670952277,0.002839133354761385,0.5712336309779906,0.002839133354761385,0.819941712855088,0.01135653341904554,-0.027255680205709294,0.01135653341904554,0.01135653341904554,0.0,0.01135653341904554,-0.007949573393331877,0.002839133354761385,0.001135653341904554,0
