AAWt,AAMt,Sstruct,SaccW,ShbondsW,SaccM,ShbondsM,yDDG,Result,Positiontype,ProteinPropens,Positionaccept,MOSST,SectorSuperficie,Functionalrelevancefunction,Clinical
0.0060983455396,0.0060983455396,0.0060983455396,0.811079956766,0.0030491727698,0.584221502693,0.0060983455396,-0.0170753675109,0.0121966910792,0.0060983455396,0.00853768375543,0.0103671874173,0.0,0.0030491727698,0.0030491727698,1
0.00670428190154,0.00335214095077,0.00670428190154,0.674450759295,0.00335214095077,0.737471009169,0.00670428190154,-0.0214537020849,0.0134085638031,0.00670428190154,0.0,0.0134085638031,-0.0147494201834,0.00335214095077,0.00134085638031,0
0.0205290774489,0.0205290774489,0.0205290774489,0.632295585427,0.0410581548978,0.739046788161,0.0410581548978,-0.164232619591,0.0821163097957,0.0410581548978,0.0,0.0821163097957,-0.0821163097957,0.0205290774489,0.00821163097957,0
0.00274017961531,0.00548035923063,0.00274017961531,0.630241311522,0.00548035923063,0.776018867057,0.00548035923063,-0.0142489339996,0.0109607184613,0.00548035923063,0.00986464661513,0.00339782272299,0.00109607184613,0.00274017961531,0.00383625146144,1
