AAWt,AAMt,Sstruct,SaccW,ShbondsW,SaccM,ShbondsM,yDDG,Result,Positiontype,ProteinPropens,Positionaccept,MOSST,SectorSuperficie,Functionalrelevancefunction,Clinical
0.09090909090909091,0.09090909090909091,0.09090909090909091,6.8,0.7272727272727273,15.1,0.7272727272727273,-4.9,0.2727272727272727,0.36363636363636365,0.3,0.97,-0.9,0.09090909090909091,0.2,0
0.09090909090909091,0.09090909090909091,0.2727272727272727,62.5,0.2727272727272727,76,0.2727272727272727,-0.8,0.09090909090909091,0.5454545454545454,0.7,0.59,0.4,0.09090909090909091,0.25,1
0.09090909090909091,0.09090909090909091,0.45454545454545453,7.3,0.7272727272727273,16.2,0.7272727272727273,-1.3,0.2727272727272727,0.36363636363636365,0,1,-1.1,0.09090909090909091,0.95,0
0.09090909090909091,0.18181818181818182,0.09090909090909091,3.2,0.2727272727272727,33.2,0.7272727272727273,-5.8,0.2727272727272727,0.36363636363636365,0.5,0.92,-0.8,0.09090909090909091,0.6,1
0.2727272727272727,0.09090909090909091,0.45454545454545453,111.8,0.7272727272727273,99.8,0.7272727272727273,-1.2,0.2727272727272727,0.5454545454545454,0.5,0.62,0.4,0.09090909090909091,0.55,1
0.09090909090909091,0.18181818181818182,0.45454545454545453,6,0.7272727272727273,15.4,0.7272727272727273,-1.4,0.2727272727272727,0.5454545454545454,0.5,0.61,-0.3,0.18181818181818182,0.6,0
0.09090909090909091,0.18181818181818182,0.09090909090909091,18.3,0.7272727272727273,27.8,0.2727272727272727,0.9,0.09090909090909091,0.5454545454545454,0.5,0.85,-0.7,0.18181818181818182,0.8,1
0.2727272727272727,0.09090909090909091,0.2727272727272727,40.3,0.7272727272727273,39.7,0.7272727272727273,0.2,0.18181818181818182,0.5454545454545454,0.6,0.87,0,0.18181818181818182,0.6,0
0.09090909090909091,0.18181818181818182,0.45454545454545453,14.4,0.2727272727272727,17.1,0.2727272727272727,1.1,0.09090909090909091,0.09090909090909091,0.2,0.48,0.8,0.18181818181818182,0.8,0
0.09090909090909091,0.09090909090909091,0.45454545454545453,0,0.7272727272727273,2.2,0.7272727272727273,-6.5,0.2727272727272727,0.5454545454545454,0.7,0.78,-0.5,0.18181818181818182,0.1,0
0.2727272727272727,0.09090909090909091,0.2727272727272727,52.6,0.7272727272727273,74.5,0.7272727272727273,0.3,0.18181818181818182,0.36363636363636365,0,1,-1.1,0.18181818181818182,0.8,1
