AAWt,AAMt,Sstruct,SaccW,ShbondsW,SaccM,ShbondsM,yDDG,Result,Positiontype,ProteinPropens,Positionaccept,MOSST,SectorSuperficie,Functionalrelevancefunction,Clinical
0.00749318921049,0.00374659460525,0.00749318921049,0.704359785786,0.014986378421,0.70735706147,0.0187329730262,-0.0239782054736,0.00374659460525,0.00749318921049,0.0,0.029972756842,-0.029972756842,0.00749318921049,0.0179836541052,0
0.00278330272248,0.00556660544496,0.00834990816744,0.663539369039,0.0111332108899,0.745925129625,0.0139165136124,-0.0467594857377,0.0139165136124,0.0111332108899,0.0,0.0180358016417,-0.00222664217798,0.00556660544496,0.00445328435597,0
0.00783381532643,0.00783381532643,0.00783381532643,0.244415038185,0.0235014459793,0.952591943694,0.0391690766322,-0.150409254268,0.0391690766322,0.0313352613057,0.0313352613057,0.0551500598981,-0.0188011567834,0.00783381532643,0.0313352613057,0
0.00102974914841,0.00102974914841,0.00308924744523,0.609611495858,0.00308924744523,0.792494944615,0.00514874574204,0.0131807890996,0.00102974914841,0.00102974914841,0.00741419386854,0.00626087482232,-0.00247139795618,0.00102974914841,0.000823799318727,1
0.0252913073806,0.0126456536903,0.0379369610709,0.0,0.0505826147612,0.940836634559,0.0126456536903,-0.303495688567,0.0632282684515,0.0126456536903,0.0910487065702,0.0475476578755,-0.040466091809,0.0126456536903,0.0354078303329,0
0.00141977841414,0.00283955682828,0.00283955682828,0.571318833851,0.00425933524243,0.820064012009,0.00709889207071,-0.0272597455515,0.00709889207071,0.00283955682828,0.0,0.0113582273131,-0.0079507591192,0.00283955682828,0.00113582273131,0
0.00133736998507,0.00133736998507,0.00267473997013,0.498571530433,0.00133736998507,0.866615750323,0.00267473997013,-0.0139086478447,0.00133736998507,0.00534947994026,0.00641937592832,0.00962906389247,0.00320968796416,0.00133736998507,0.00374463595818,1
0.00202685154763,0.00202685154763,0.00405370309525,0.653456938954,0.0081074061905,0.755610256955,0.00405370309525,-0.0356725872382,0.0101342577381,0.0081074061905,0.0097288874286,0.0141068867715,-0.0097288874286,0.00405370309525,0.0097288874286,0
