AAWt,AAMt,Sstruct,SaccW,ShbondsW,SaccM,ShbondsM,yDDG,Result,Positiontype,ProteinPropens,Positionaccept,MOSST,SectorSuperficie,Functionalrelevancefunction,Clinical
0.01657208058014531,0.004143020145036327,0.004143020145036327,0.005800228203050858,0.02485812087021796,0.9889389086201713,0.029001141015254292,-0.13630536277169517,0.01242906043510898,0.008286040290072655,0.014500570507627146,0.026391038323881406,-0.020300798710678,0.008286040290072655,0.002900114101525429,0
0.032983449689405614,0.008245862422351403,0.032983449689405614,0.0,0.049475174534108414,0.9754855245641709,0.057721036956459824,-0.18470731826067144,0.024737587267054207,0.024737587267054207,0.05194893326081384,0.027128887369536114,-0.011544207391291965,0.032983449689405614,0.020202362934760937,1
0.0047821144012643564,0.0047821144012643564,0.0047821144012643564,0.8469124604639177,0.02869268640758614,0.5255543726989528,0.0334748008088505,-0.046864721132390694,0.009564228802528713,0.009564228802528713,0.01004244024265515,0.032470556784584985,-0.023432360566195347,0.019128457605057426,0.008368700202212625,1
0.08574108530410235,0.042870542652051175,0.08574108530410235,0.0,0.12861162795615352,0.7352298064826778,0.15004689928217912,-0.6001875971287165,0.06430581397807676,0.06430581397807676,0.13504220935396122,0.07052204266262418,-0.045014069784653735,0.08574108530410235,0.05251641474876269,0
0.030038970804870665,0.030038970804870665,0.12015588321948266,0.2523273547609136,0.18023382482922398,0.7990366234095597,0.21027279563409468,-0.3574637525779609,0.06007794160974133,0.06007794160974133,0.0,0.21027279563409468,-0.14719095694386627,0.06007794160974133,0.021027279563409468,1
0.0019753034160296654,0.003950606832059331,0.0019753034160296654,0.8572816825568749,0.0019753034160296654,0.514369009534125,0.013827123912207659,-0.00967898673854536,0.0019753034160296654,0.003950606832059331,0.004148137173662298,0.009264173021179132,-0.005530849564883064,0.0019753034160296654,0.00483949336927268,0
0.245400343189123,0.06135008579728075,0.245400343189123,0.0,0.3681005147836845,0.38650554052286873,0.42945060058096524,-0.1717802402323861,0.06135008579728075,0.18405025739184225,0.38650554052286873,0.20184178227305366,0.25767036034857915,0.245400343189123,0.15030771020333783,1
