Statistic,Value
Mean,0.462067744898
Std,0.103553380075
Max,0.564516129032
Min,0.209677419355
Var,0.0107233025249
