AAWt,AAMt,Sstruct,SaccW,ShbondsW,SaccM,ShbondsM,yDDG,Result,Positiontype,ProteinPropens,Positionaccept,MOSST,SectorSuperficie,Functionalrelevancefunction,Clinical
0.2727272727272727,0.09090909090909091,0.6363636363636364,0,0.7272727272727273,3.2,0.9090909090909091,-0.9,0.2727272727272727,0.6363636363636364,0,1,-0.8,0.36363636363636365,0.15,1
0.2727272727272727,0.18181818181818182,0.6363636363636364,0,0.7272727272727273,4.1,0.9090909090909091,-2.5,0.18181818181818182,0.6363636363636364,0,1,-0.8,0.36363636363636365,0.15,0
0.09090909090909091,0.2727272727272727,0.18181818181818182,52.4,0.18181818181818182,29.7,0.9090909090909091,-2.3,0.18181818181818182,0.36363636363636365,0.2,0.91,-0.8,0.2727272727272727,0.6,0
0.09090909090909091,0.18181818181818182,0.09090909090909091,61,0.7272727272727273,89.4,0.9090909090909091,0,0.18181818181818182,0.36363636363636365,0.1,0.76,-0.1,0.2727272727272727,0.2,1
0.2727272727272727,0.09090909090909091,0.6363636363636364,0,0.7272727272727273,5.5,0.9090909090909091,-1.5,0.18181818181818182,0.6363636363636364,0,1,-0.6,0.36363636363636365,0.15,1
0.09090909090909091,0.09090909090909091,0.6363636363636364,18.8,0.7272727272727273,25.9,0.9090909090909091,0.7,0.09090909090909091,0.6363636363636364,0,1,-0.7,0.36363636363636365,0.1,0
0.09090909090909091,0.2727272727272727,0.6363636363636364,50.8,0.7272727272727273,23.9,0.9090909090909091,-1.8,0.18181818181818182,0.36363636363636365,1,0.63,-0.3,0.09090909090909091,0.25,0
0.09090909090909091,0.09090909090909091,0.18181818181818182,62.5,0.09090909090909091,76,0.09090909090909091,-0.8,0.2727272727272727,0.36363636363636365,0.7,0.59,0.4,0.09090909090909091,0.25,1
0.09090909090909091,0.09090909090909091,0.6363636363636364,0,0.7272727272727273,6,0.9090909090909091,1.6,0.09090909090909091,0.6363636363636364,0,1,-1,0.09090909090909091,0.75,0
0.09090909090909091,0.09090909090909091,0.09090909090909091,12.1,0.18181818181818182,10.6,0.9090909090909091,0.4,0.18181818181818182,0.6363636363636364,0.3,0.97,-0.9,0.2727272727272727,0.6,0
0.09090909090909091,0.2727272727272727,0.6363636363636364,23.5,0.7272727272727273,23.6,0.9090909090909091,-0.8,0.2727272727272727,0.6363636363636364,0,1,-1,0.09090909090909091,0.6,0
