AAWt,AAMt,Sstruct,SaccW,ShbondsW,SaccM,ShbondsM,yDDG,Result,Positiontype,ProteinPropens,Positionaccept,MOSST,SectorSuperficie,Functionalrelevancefunction,Clinical
0.0011279772655186954,0.0033839317965560865,0.0033839317965560865,0.7047601954960809,0.006767863593112173,0.7092721045581557,0.007895840858630869,-0.009023818124149563,0.0033839317965560865,0.0033839317965560865,-0.0009023818124149564,0.0018950018060714083,0.0,0.002255954531037391,0.0,1
0.015987471958410455,0.015987471958410455,0.04796241587523136,0.7673986540037018,0.09592483175046272,0.6011289456362331,0.11191230370887317,0.06394988783364182,0.015987471958410455,0.04796241587523136,0.06394988783364182,0.07801886315704301,-0.038369932700185086,0.03197494391682091,0.07673986540037017,1
0.05994126715138208,0.08991190072707311,0.08991190072707311,0.7672482195376906,0.05994126715138208,0.023976506860552832,0.20979443502983727,-0.4555536303505038,0.08991190072707311,0.1498531678784552,0.11988253430276416,0.22058386311708605,-0.143859041163317,0.02997063357569104,0.143859041163317,1
0.03248534429433503,0.03248534429433503,0.0974560328830051,0.0,0.1949120657660102,0.8316248139349769,0.22739741006034522,-0.23389447891921222,0.0974560328830051,0.16242672147167517,0.0,0.2598827543546802,-0.20790620348374422,0.06497068858867006,0.038982413153202035,1
0.009146849475231837,0.013720274212847756,0.013720274212847756,0.6329619836860432,0.009146849475231837,0.7683353559194743,0.032013973163311435,-0.054881096851391024,0.013720274212847756,0.022867123688079593,0.0,0.03658739790092735,-0.03658739790092735,0.009146849475231837,0.031099288215788248,1
0.000949801991578527,0.000949801991578527,0.001899603983157054,0.7089322065142125,0.005698811949471161,0.7051329985478983,0.006648613941049689,-0.004559049559576929,0.0028494059747355806,0.004749009957892634,0.0,0.007598415932628216,-0.0022795247797884645,0.000949801991578527,0.0022795247797884645,0
0.002247521311331293,0.002247521311331293,0.004495042622662586,0.6670643252031278,0.013485127867987758,0.7443790583129242,0.002247521311331293,-0.010788102294390206,0.006742563933993879,0.006742563933993879,0.010788102294390206,0.015283144917052792,0.005394051147195103,0.002247521311331293,0.010788102294390206,1
0.04404036991027642,0.04404036991027642,0.13212110973082924,0.0,0.2642422194616585,0.0,0.3082825893719349,-0.775110510420865,0.04404036991027642,0.22020184955138208,0.1056968877846634,0.33823004091092285,-0.14092918371288454,0.04404036991027642,0.12331303574877396,0
