AAWt,AAMt,Sstruct,SaccW,ShbondsW,SaccM,ShbondsM,yDDG,Result,Positiontype,ProteinPropens,Positionaccept,MOSST,SectorSuperficie,Functionalrelevancefunction,Clinical
0.0909090909091,0.0909090909091,0.181818181818,9.8,0.818181818182,17.2,0.0909090909091,-3.4,0.272727272727,0.454545454545,0,1,-0.9,0.0909090909091,0.1,0
0.0909090909091,0.0909090909091,0.272727272727,50.8,0.818181818182,23.9,0.727272727273,-1.8,0.181818181818,0.545454545455,1,0.63,-0.3,0.181818181818,0.25,0
0.0909090909091,0.0909090909091,0.272727272727,11.1,0.818181818182,11.3,0.727272727273,1.4,0.181818181818,0.545454545455,0.5,0.91,-0.4,0.272727272727,0.5,1
0.272727272727,0.181818181818,0.363636363636,1.2,0.818181818182,3.8,0.727272727273,-1.7,0.181818181818,0.454545454545,0,1,-0.7,0.272727272727,0.1,1
0.0909090909091,0.181818181818,0.272727272727,6,0.818181818182,5.7,0.727272727273,2.9,0.0909090909091,0.545454545455,0.5,0.61,-0.4,0.181818181818,0.6,0
0.181818181818,0.0909090909091,0.363636363636,0,0.818181818182,0,0.181818181818,0.6,0.181818181818,0.454545454545,0,1,-1.1,0.181818181818,0.5,0
0.181818181818,0.0909090909091,0.363636363636,45.5,0.181818181818,50.6,0.181818181818,1.2,0.181818181818,0.545454545455,0.9,0.69,-0.2,0.0909090909091,0.1,1
0.0909090909091,0.0909090909091,0.181818181818,68.8,0.181818181818,71.8,0.727272727273,-2.4,0.272727272727,0.454545454545,0,1,-1.1,0.0909090909091,0,0
0.272727272727,0.0909090909091,0.0909090909091,6.8,0.818181818182,6.3,0.727272727273,-0.7,0.0909090909091,0.454545454545,0.3,0.97,-0.3,0.0909090909091,0.2,1
0.272727272727,0.0909090909091,0.0909090909091,42.5,0.818181818182,55.3,0.727272727273,0.7,0.181818181818,0.545454545455,0.5,0.93,-0.6,0.272727272727,0.1,0
0.0909090909091,0.0909090909091,0.363636363636,0.2,0.818181818182,0.5,0.727272727273,-5.1,0.272727272727,0.545454545455,0.6,0.89,-0.6,0.181818181818,0.1,0
