AAWt,AAMt,Sstruct,SaccW,ShbondsW,SaccM,ShbondsM,yDDG,Result,Positiontype,ProteinPropens,Positionaccept,MOSST,SectorSuperficie,Functionalrelevancefunction,Clinical
0.00636981573855,0.00636981573855,0.0127396314771,0.642077426445,0.00636981573855,0.762466943904,0.00636981573855,0.0490475811868,0.00636981573855,0.0127396314771,0.00891774203396,0.0214025808815,0.0356709681359,0.0191094472156,0.0356709681359,0
0.0788581982122,0.0394290991061,0.157716396424,0.0276003693743,0.157716396424,0.0828011081228,0.236574594637,-0.855611450602,0.157716396424,0.0394290991061,0.138001846871,0.248403324368,-0.19320258562,0.0394290991061,0.0276003693743,1
0.00881291126062,0.0176258225212,0.0352516450425,0.746453583775,0.0176258225212,0.653918015538,0.0528774675637,0.0246761515297,0.00881291126062,0.0264387337819,0.0185071136473,0.0598396674596,-0.0555213409419,0.0264387337819,0.0370142272946,0
0.00340930765862,0.00340930765862,0.00681861531724,0.48326936061,0.00681861531724,0.874657879819,0.0102279229759,-0.032217957374,0.00681861531724,0.00170465382931,0.00357977304155,0.00525033379428,-0.00357977304155,0.00340930765862,0.0071595460831,0
0.00395063766156,0.00395063766156,0.00395063766156,0.857288372559,0.00395063766156,0.514373023535,0.0118519129847,-0.00967906227083,0.00197531883078,0.00395063766156,0.00414816954464,0.00926424531636,-0.00553089272619,0.00197531883078,0.00483953113541,0
0.0490582297604,0.0490582297604,0.0245291148802,0.240385325826,0.0981164595207,0.343407608323,0.147174689281,-0.84134864039,0.0981164595207,0.0735873446406,0.0,0.171703804161,-0.171703804161,0.0735873446406,0.0171703804161,0
0.0256909019064,0.0256909019064,0.102763607626,0.215803576014,0.102763607626,0.143869050676,0.154145411438,-0.899181566723,0.102763607626,0.0770727057191,0.0,0.179836313345,-0.16185268201,0.0513818038128,0.0179836313345,0
