AAWt,AAMt,Sstruct,SaccW,ShbondsW,SaccM,ShbondsM,yDDG,Result,Positiontype,ProteinPropens,Positionaccept,MOSST,SectorSuperficie,Functionalrelevancefunction,Clinical
0.0909090909091,0.181818181818,0.363636363636,0.5,0.818181818182,0.2,0.727272727273,1.5,0.181818181818,0.454545454545,0,1,-1.3,0.363636363636,0,0
0.0909090909091,0.0909090909091,0.272727272727,57.7,0.818181818182,87.8,0.272727272727,-1.2,0.272727272727,0.363636363636,0.7,0.79,0.1,0.272727272727,0.35,0
0.0909090909091,0.0909090909091,0.363636363636,45.4,0.818181818182,41.5,0.272727272727,-1.8,0.272727272727,0.363636363636,0.1,0.57,-0.2,0.181818181818,0.1,0
0.0909090909091,0.0909090909091,0.272727272727,63.3,0.181818181818,105,0.272727272727,-1.6,0.272727272727,0.454545454545,0,1,-1.2,0.272727272727,1,1
0.181818181818,0.181818181818,0.363636363636,41.5,0.818181818182,34.9,0.727272727273,1,0.0909090909091,0.181818181818,0.9,0.26,0.5,0.181818181818,0,1
0.181818181818,0.0909090909091,0.363636363636,0,0.818181818182,0,0.727272727273,0,0.272727272727,0.454545454545,0,1,-1.3,0.0909090909091,0.5,1
0.181818181818,0.0909090909091,0.363636363636,16.3,0.818181818182,43.3,0.727272727273,1.6,0.181818181818,0.363636363636,0.8,0.74,-0.3,0.363636363636,0.65,1
0.0909090909091,0.0909090909091,0.363636363636,15.5,0.818181818182,12.6,0.727272727273,-3.5,0.181818181818,0.181818181818,0.3,0.17,-0.1,0.363636363636,0.1,1
0.0909090909091,0.0909090909091,0.272727272727,12.8,0.818181818182,33.3,0.727272727273,-3.5,0.181818181818,0.454545454545,0,1,-1.2,0.272727272727,0.6,0
0.181818181818,0.0909090909091,0.363636363636,91.7,0.181818181818,64.7,0.727272727273,0,0.272727272727,0.363636363636,0.5,0.9,-0.7,0.0909090909091,0,0
0.0909090909091,0.0909090909091,0.363636363636,18.8,0.818181818182,43.1,0.727272727273,-0.4,0.272727272727,0.454545454545,0,1,-0.9,0.363636363636,0.1,1
