AAWt,AAMt,Sstruct,SaccW,ShbondsW,SaccM,ShbondsM,yDDG,Result,Positiontype,ProteinPropens,Positionaccept,MOSST,SectorSuperficie,Functionalrelevancefunction,Clinical
0.18181818181818182,0.09090909090909091,0.6363636363636364,57.5,0.6363636363636364,70.8,0.7272727272727273,-1.3,0.36363636363636365,0.18181818181818182,0.9,0.31,0.1,0.36363636363636365,0.35,1
0.2727272727272727,0.36363636363636365,0.6363636363636364,0,0.6363636363636364,0,0.7272727272727273,-3.4,0.36363636363636365,0.7272727272727273,0.3,0.96,-1,0.36363636363636365,0.35,1
0.09090909090909091,0.09090909090909091,0.18181818181818182,82.8,0.36363636363636365,74.3,0.18181818181818182,-0.7,0.09090909090909091,0.18181818181818182,0.8,0.64,-0.2,0.2727272727272727,0.1,0
0.09090909090909091,0.09090909090909091,0.09090909090909091,63.3,0.36363636363636365,97.8,0.18181818181818182,-0.4,0.18181818181818182,0.7272727272727273,0,1,-0.3,0.09090909090909091,1,1
0.2727272727272727,0.36363636363636365,0.6363636363636364,0,0.6363636363636364,0,0.7272727272727273,-3.4,0.36363636363636365,0.7272727272727273,0.3,0.96,-1,0.36363636363636365,0.35,1
0.18181818181818182,0.18181818181818182,0.09090909090909091,50.3,0.36363636363636365,55,0.09090909090909091,-1.6,0.36363636363636365,0.7272727272727273,0,1,-1.1,0.2727272727272727,0.1,0
0.09090909090909091,0.09090909090909091,0.6363636363636364,0,0.6363636363636364,0,0.7272727272727273,-5.1,0.36363636363636365,0.7272727272727273,0.3,0.96,-1,0.09090909090909091,0.1,1
0.18181818181818182,0.18181818181818182,0.6363636363636364,0,0.6363636363636364,0,0.7272727272727273,-1.3,0.36363636363636365,0.7272727272727273,0,1,-1.1,0.09090909090909091,0.5,1
0.2727272727272727,0.36363636363636365,0.6363636363636364,0,0.6363636363636364,0,0.7272727272727273,-3.4,0.36363636363636365,0.7272727272727273,0.3,0.96,-1,0.36363636363636365,0.35,1
0.09090909090909091,0.36363636363636365,0.6363636363636364,74,0.36363636363636365,87.1,0.7272727272727273,0.2,0.18181818181818182,0.09090909090909091,0.9,0.76,-0.3,0.09090909090909091,0.1,1
0.18181818181818182,0.09090909090909091,0.18181818181818182,6.8,0.6363636363636364,7.8,0.7272727272727273,-1.1,0.36363636363636365,0.7272727272727273,0.3,0.97,-0.7,0.2727272727272727,0.2,1
