AAWt,AAMt,Sstruct,SaccW,ShbondsW,SaccM,ShbondsM,yDDG,Result,Positiontype,ProteinPropens,Positionaccept,MOSST,SectorSuperficie,Functionalrelevancefunction,Clinical
0.0909090909091,0.181818181818,0.181818181818,64.7,0.727272727273,68.4,0.363636363636,-0.3,0.454545454545,0.454545454545,0.7,0.53,0.2,0.272727272727,0.1,1
0.0909090909091,0.0909090909091,0.181818181818,12.1,0.0909090909091,10.6,0.636363636364,0.4,0.454545454545,0.454545454545,0.3,0.97,-0.9,0.363636363636,0.6,0
0.0909090909091,0.272727272727,0.181818181818,45.4,0.727272727273,27.8,0.636363636364,-3,0.272727272727,0.454545454545,0.1,0.57,-0.4,0.0909090909091,0.1,1
0.272727272727,0.272727272727,0.181818181818,20.4,0.727272727273,47.5,0.636363636364,0.3,0.454545454545,0.0909090909091,0.6,0.84,0,0.272727272727,0.1,0
0.272727272727,0.181818181818,0.454545454545,93.3,0.727272727273,96.3,0.636363636364,-1,0.181818181818,0.454545454545,0,1,-1,0.363636363636,0.3,1
0.272727272727,0.272727272727,0.181818181818,111.8,0.727272727273,93.3,0.363636363636,-0.4,0.454545454545,0.454545454545,0.5,0.62,-0.4,0.0909090909091,0.55,1
0.272727272727,0.272727272727,0.454545454545,52.6,0.727272727273,81.8,0.363636363636,-1.5,0.181818181818,0.454545454545,0,1,-1.3,0.181818181818,0.8,1
0.272727272727,0.272727272727,0.454545454545,40.3,0.727272727273,20.5,0.636363636364,0.3,0.454545454545,0.454545454545,0.6,0.87,-0.1,0.181818181818,0.6,0
0.0909090909091,0.272727272727,0.454545454545,68.8,0.181818181818,71.8,0.636363636364,-2.4,0.272727272727,0.454545454545,0,1,-1.1,0.363636363636,0,0
0.0909090909091,0.0909090909091,0.181818181818,82.8,0.181818181818,74.3,0.363636363636,-0.7,0.0909090909091,0.454545454545,0.8,0.64,-0.2,0.272727272727,0.1,0
0.272727272727,0.0909090909091,0.454545454545,1.4,0.727272727273,2.3,0.636363636364,-3.1,0.272727272727,0.454545454545,0,1,-0.9,0.363636363636,0.1,0
