AAWt,AAMt,Sstruct,SaccW,ShbondsW,SaccM,ShbondsM,yDDG,Result,Positiontype,ProteinPropens,Positionaccept,MOSST,SectorSuperficie,Functionalrelevancefunction,Clinical
0.14285714285714285,0.14285714285714285,0.5714285714285714,63.3,0.14285714285714285,98.4,0.2857142857142857,0.7,0.14285714285714285,0.5714285714285714,0,1,-0.5,0.14285714285714285,1,1
0.14285714285714285,0.42857142857142855,0.14285714285714285,0,0.8571428571428571,0,0.5714285714285714,-1.3,0.2857142857142857,0.14285714285714285,0.7,0.25,-0.1,0.2857142857142857,0,1
0.14285714285714285,0.14285714285714285,0.5714285714285714,93.3,0.8571428571428571,96.3,0.5714285714285714,-1,0.2857142857142857,0.5714285714285714,0,1,-1,0.2857142857142857,0.3,1
0.14285714285714285,0.42857142857142855,0.2857142857142857,46.3,0.8571428571428571,15.3,0.5714285714285714,-0.2,0.2857142857142857,0.5714285714285714,0,1,-1,0.2857142857142857,0.35,1
0.14285714285714285,0.14285714285714285,0.5714285714285714,6.7,0.8571428571428571,30.5,0.2857142857142857,0.5,0.2857142857142857,0.2857142857142857,0.7,0.78,0.1,0.2857142857142857,0.5,0
0.2857142857142857,0.42857142857142855,0.5714285714285714,40.3,0.8571428571428571,46.6,0.14285714285714285,-2.2,0.2857142857142857,0.2857142857142857,0.6,0.87,-0.6,0.14285714285714285,0.6,0
0.2857142857142857,0.14285714285714285,0.2857142857142857,26.8,0.8571428571428571,54.1,0.5714285714285714,-2.8,0.2857142857142857,0.5714285714285714,0,1,-1.2,0.14285714285714285,0.1,0
