AAWt,AAMt,Sstruct,SaccW,ShbondsW,SaccM,ShbondsM,yDDG,Result,Positiontype,ProteinPropens,Positionaccept,MOSST,SectorSuperficie,Functionalrelevancefunction,Clinical
0.2727272727272727,0.18181818181818182,0.2727272727272727,40.3,0.8181818181818182,60.9,0.8181818181818182,-2.8,0.09090909090909091,0.36363636363636365,0.6,0.87,-0.6,0.18181818181818182,0.6,1
0.18181818181818182,0.09090909090909091,0.09090909090909091,23.5,0.8181818181818182,23.6,0.8181818181818182,-0.8,0.36363636363636365,0.6363636363636364,0,1,-1,0.18181818181818182,0.6,0
0.2727272727272727,0.09090909090909091,0.45454545454545453,0.2,0.8181818181818182,0.3,0.8181818181818182,-1.1,0.36363636363636365,0.36363636363636365,0.6,0.89,-0.1,0.2727272727272727,0.1,0
0.09090909090909091,0.09090909090909091,0.2727272727272727,63.3,0.18181818181818182,98.4,0.09090909090909091,0.7,0.09090909090909091,0.6363636363636364,0,1,-0.5,0.09090909090909091,1,1
0.09090909090909091,0.18181818181818182,0.09090909090909091,6.8,0.8181818181818182,7.9,0.8181818181818182,-1.5,0.36363636363636365,0.6363636363636364,0.3,0.97,-0.5,0.09090909090909091,0.2,1
0.18181818181818182,0.18181818181818182,0.2727272727272727,93.3,0.8181818181818182,92.8,0.8181818181818182,-0.6,0.36363636363636365,0.6363636363636364,0,1,-0.3,0.18181818181818182,0.3,0
0.09090909090909091,0.18181818181818182,0.45454545454545453,4.9,0.18181818181818182,12.7,0.8181818181818182,-1.4,0.36363636363636365,0.36363636363636365,0.7,0.73,0.2,0.09090909090909091,0.75,1
0.18181818181818182,0.09090909090909091,0.45454545454545453,0,0.8181818181818182,0,0.8181818181818182,-1,0.36363636363636365,0.6363636363636364,0,1,-1.1,0.09090909090909091,0.35,1
0.2727272727272727,0.09090909090909091,0.45454545454545453,0.2,0.8181818181818182,0.3,0.8181818181818182,-0.8,0.36363636363636365,0.36363636363636365,0.6,0.89,0.3,0.2727272727272727,0.1,0
0.09090909090909091,0.09090909090909091,0.45454545454545453,0.5,0.8181818181818182,0.7,0.8181818181818182,-0.2,0.09090909090909091,0.6363636363636364,0,1,-0.8,0.2727272727272727,0,0
0.18181818181818182,0.09090909090909091,0.09090909090909091,38.7,0.8181818181818182,56.6,0.09090909090909091,-1.7,0.36363636363636365,0.6363636363636364,0,1,-1.1,0.18181818181818182,0.1,1
