AAWt,AAMt,Sstruct,SaccW,ShbondsW,SaccM,ShbondsM,yDDG,Result,Positiontype,ProteinPropens,Positionaccept,MOSST,SectorSuperficie,Functionalrelevancefunction,Clinical
0.142857142857,0.285714285714,0.142857142857,6.7,0.571428571429,21.4,0.857142857143,-3.5,0.285714285714,0.285714285714,0.7,0.78,-0.1,0.142857142857,0.5,1
0.142857142857,0.142857142857,0.428571428571,0,0.571428571429,2.4,0.857142857143,-0.8,0.142857142857,0.714285714286,0,1,-0.5,0.142857142857,0.35,1
0.285714285714,0.142857142857,0.428571428571,3.2,0.428571428571,0.2,0.142857142857,1.2,0.142857142857,0.714285714286,0.5,0.92,-0.5,0.285714285714,0.6,0
0.142857142857,0.285714285714,0.428571428571,0,0.571428571429,0,0.857142857143,0.3,0.285714285714,0.714285714286,0,1,-0.9,0.142857142857,0.75,1
0.142857142857,0.285714285714,0.428571428571,50.3,0.428571428571,35,0.857142857143,0.1,0.285714285714,0.714285714286,0,1,-1,0.142857142857,0.1,1
0.285714285714,0.142857142857,0.428571428571,3.2,0.428571428571,0,0.857142857143,-2.1,0.285714285714,0.714285714286,0.5,0.92,-0.5,0.285714285714,0.6,1
0.142857142857,0.285714285714,0.428571428571,0,0.571428571429,0.2,0.857142857143,-1.7,0.142857142857,0.285714285714,0.7,0.78,0.2,0.142857142857,0.1,1
