feature,mean,var,std,min,max
SaccW,0.663540353975,0.00132598054151,0.0364140157289,0.595427138003,0.727668918163
SaccM,0.741499141657,0.00115361894844,0.0339649664867,0.63948267989,0.795928113045
yDDG,-0.00543991441397,0.00431214169613,0.0656668995471,-0.164888730266,0.325350837137
ProteinPropens,0.00628246198785,9.72016362671e-05,0.00985908901811,-0.00303789356124,0.0560949719202
Positionaccept,0.0191948330023,0.000499891436059,0.0223582520797,0.00129738573454,0.091962306157
MOSST,-0.0108093313274,0.000424635189344,0.0206066782705,-0.082444365133,0.0356803206256
Functionalrelevancefunction,0.00745994591856,0.000142588633781,0.0119410482698,0.0,0.0673139663042
