AAWt,AAMt,Sstruct,SaccW,ShbondsW,SaccM,ShbondsM,yDDG,Result,Positiontype,ProteinPropens,Positionaccept,MOSST,SectorSuperficie,Functionalrelevancefunction,Clinical
0.142857142857,0.428571428571,0.428571428571,23.5,0.571428571429,34.7,0.571428571429,-1.1,0.428571428571,0.571428571429,0,1,-0.8,0.142857142857,0.6,1
0.285714285714,0.285714285714,0.142857142857,96.5,0.428571428571,95.3,0.428571428571,0.3,0.285714285714,0.428571428571,0.4,0.6,0.2,0.142857142857,0.3,0
0.285714285714,0.285714285714,0.142857142857,82.8,0.428571428571,74.3,0.428571428571,-0.7,0.142857142857,0.428571428571,0.8,0.64,-0.2,0.142857142857,0.1,0
0.142857142857,0.428571428571,0.142857142857,65.1,0.428571428571,64.1,0.428571428571,-0.4,0.285714285714,0.428571428571,0.1,0.8,0,0.142857142857,0.5,1
0.285714285714,0.428571428571,0.428571428571,7.3,0.571428571429,16.2,0.571428571429,-1.3,0.428571428571,0.571428571429,0,1,-1.1,0.428571428571,0.95,0
0.142857142857,0.285714285714,0.142857142857,1.2,0.571428571429,3.8,0.571428571429,-1.7,0.428571428571,0.571428571429,0,1,-0.7,0.428571428571,0.1,1
0.285714285714,0.285714285714,0.428571428571,7.3,0.571428571429,12.6,0.571428571429,1.4,0.142857142857,0.571428571429,0,1,-1,0.428571428571,0.95,0
