AAWt,AAMt,Sstruct,SaccW,ShbondsW,SaccM,ShbondsM,yDDG,Result,Positiontype,ProteinPropens,Positionaccept,MOSST,SectorSuperficie,Functionalrelevancefunction,Clinical
0.0281508639965,0.0281508639965,0.0844525919894,0.768518587104,0.0281508639965,0.374406491153,0.168905183979,-0.374406491153,0.0281508639965,0.112603455986,0.0985280239877,0.173409322218,-0.15764483838,0.056301727993,0.0985280239877,0
0.00321399290991,0.00321399290991,0.00964197872974,0.623193225232,0.00321399290991,0.780678877818,0.0192839574595,0.00899918014775,0.00964197872974,0.00964197872974,0.0,0.0224979503694,-0.0292473354802,0.00642798581982,0.00224979503694,1
0.00131980931196,0.00131980931196,0.00395942793588,0.563558576206,0.00659904655979,0.825936667424,0.00791885587175,0.0,0.00395942793588,0.00527923724783,0.000923866518371,0.00702138553962,-0.000923866518371,0.00263961862392,0.00184773303674,0
0.00083854992933,0.00083854992933,0.00083854992933,0.656249174694,0.00419274964665,0.754275661433,0.00503129957598,-0.0176095485159,0.00167709985866,0.00335419971732,0.00293492475266,0.00363930669329,-0.00176095485159,0.00083854992933,0.00322841722792,0
0.0257637762458,0.0128818881229,0.0128818881229,0.61317787465,0.0644094406145,0.775489664998,0.0128818881229,0.0450866084301,0.0386456643687,0.0386456643687,0.0270519650581,0.0874680203545,-0.0541039301162,0.0257637762458,0.0180346433721,0
0.0285233577416,0.0285233577416,0.0285233577416,0.0,0.142616788708,0.359394307544,0.171140146449,-0.858553068021,0.0570467154831,0.0855700732247,0.0,0.199663504191,-0.159730803353,0.0285233577416,0.0698822264669,1
0.00409500521002,0.00204750260501,0.00204750260501,0.609132024991,0.0102375130251,0.7925882584,0.0122850156301,0.0100327627646,0.00204750260501,0.00819001042005,0.00716625911754,0.0133292419586,-0.00859951094105,0.00204750260501,0.00143325182351,0
