AAWt,AAMt,Sstruct,SaccW,ShbondsW,SaccM,ShbondsM,yDDG,Result,Positiontype,ProteinPropens,Positionaccept,MOSST,SectorSuperficie,Functionalrelevancefunction,Clinical
0.142857142857,0.142857142857,0.428571428571,3.9,0.142857142857,1.9,0.857142857143,-1.9,0.142857142857,0.571428571429,0.5,0.88,-0.8,0.285714285714,0.5,0
0.142857142857,0.142857142857,0.428571428571,27.7,0.142857142857,34.7,0.857142857143,0.4,0.428571428571,0.428571428571,0,1,-1.3,0.285714285714,0.1,1
0.142857142857,0.142857142857,0.428571428571,61,0.714285714286,89.4,0.857142857143,0,0.428571428571,0.571428571429,0.1,0.76,-0.1,0.285714285714,0.2,0
0.142857142857,0.142857142857,0.142857142857,111.8,0.714285714286,128.5,0.857142857143,-3,0.285714285714,0.571428571429,0.5,0.62,-0.3,0.142857142857,0.55,0
0.285714285714,0.142857142857,0.142857142857,6.8,0.714285714286,8.6,0.142857142857,0.5,0.428571428571,0.428571428571,0.3,0.97,-0.6,0.285714285714,0.2,0
0.142857142857,0.142857142857,0.142857142857,0,0.714285714286,1.8,0.857142857143,-4.3,0.285714285714,0.428571428571,0,1,-0.8,0.142857142857,0.35,1
0.285714285714,0.142857142857,0.142857142857,42.5,0.714285714286,55.3,0.857142857143,0.7,0.142857142857,0.571428571429,0.5,0.93,-0.6,0.142857142857,0.1,0
