Statistic,Value
Mean,0.0708995549905
Std,0.0882015167154
Max,0.239615384615
Min,0.0
Var,0.00777950755089
