AAWt,AAMt,Sstruct,SaccW,ShbondsW,SaccM,ShbondsM,yDDG,Result,Positiontype,ProteinPropens,Positionaccept,MOSST,SectorSuperficie,Functionalrelevancefunction,Clinical
0.00413412227851935,0.00413412227851935,0.0082682445570387,0.4431779082572743,0.0082682445570387,0.8946240610715873,0.0082682445570387,-0.046302169519416715,0.01240236683555805,0.00413412227851935,0.0,0.0165364891140774,-0.019843786936892878,0.00413412227851935,0.00165364891140774,0
0.00988562925472939,0.00988562925472939,0.01977125850945878,0.5694122450724128,0.01977125850945878,0.8106215988878099,0.00988562925472939,-0.12258180275864443,0.029656887764188167,0.00988562925472939,0.007908503403783513,0.018980408169080427,-0.007908503403783513,0.00988562925472939,0.03163401361513405,0
0.0036723238547282694,0.0036723238547282694,0.007344647709456539,0.668362941560545,0.007344647709456539,0.7432783481970018,0.0036723238547282694,0.017627154502695693,0.0036723238547282694,0.007344647709456539,0.01322036587702177,0.010135613839050022,-0.0029378590837826155,0.0036723238547282694,0.0014689295418913078,1
0.005566346723592726,0.005566346723592726,0.011132693447185453,0.663508529452253,0.011132693447185453,0.7458904609614253,0.011132693447185453,-0.0467573124781789,0.016699040170778178,0.011132693447185453,0.0,0.018034963384440435,-0.002226538689437091,0.005566346723592726,0.004453077378874182,0
