AAWt,AAMt,Sstruct,SaccW,ShbondsW,SaccM,ShbondsM,yDDG,Result,Positiontype,ProteinPropens,Positionaccept,MOSST,SectorSuperficie,Functionalrelevancefunction,Clinical
0.14285714285714285,0.14285714285714285,0.42857142857142855,23.5,0.5714285714285714,34.7,0.8571428571428571,-1.1,0.5714285714285714,0.5714285714285714,0,1,-0.8,0.2857142857142857,0.6,1
0.14285714285714285,0.14285714285714285,0.2857142857142857,37,0.5714285714285714,48.6,0.8571428571428571,1.7,0.14285714285714285,0.14285714285714285,0.2,0.89,-0.4,0.42857142857142855,0,1
0.2857142857142857,0.14285714285714285,0.14285714285714285,52.6,0.5714285714285714,81.8,0.14285714285714285,-1.5,0.5714285714285714,0.5714285714285714,0,1,-1.3,0.2857142857142857,0.8,1
0.14285714285714285,0.2857142857142857,0.14285714285714285,3.9,0.2857142857142857,15.2,0.8571428571428571,-2.4,0.2857142857142857,0.2857142857142857,0.5,0.88,-0.3,0.14285714285714285,0.5,0
0.14285714285714285,0.2857142857142857,0.2857142857142857,17.3,0.2857142857142857,0.3,0.8571428571428571,-1.1,0.5714285714285714,0.5714285714285714,0,1,-0.7,0.42857142857142855,0.85,0
0.2857142857142857,0.2857142857142857,0.42857142857142855,26.8,0.5714285714285714,54.1,0.8571428571428571,-2.8,0.2857142857142857,0.5714285714285714,0,1,-1.2,0.14285714285714285,0.1,0
0.14285714285714285,0.2857142857142857,0.42857142857142855,66.5,0.14285714285714285,47.9,0.8571428571428571,-1.4,0.5714285714285714,0.2857142857142857,0.7,0.85,0,0.42857142857142855,0.25,1
