AAWt,AAMt,Sstruct,SaccW,ShbondsW,SaccM,ShbondsM,yDDG,Result,Positiontype,ProteinPropens,Positionaccept,MOSST,SectorSuperficie,Functionalrelevancefunction,Clinical
0.003403705346985261,0.003403705346985261,0.010211116040955783,0.5599095295790755,0.013614821387941045,0.82676002878272,0.020422232081911566,-0.026208531171786516,0.013614821387941045,0.013614821387941045,0.0,0.02382593742889683,-0.019060749943117464,0.006807410693970522,0.014295562457338097,1
0.002337135976083797,0.002337135976083797,0.004674271952167594,0.6053182178057034,0.009348543904335187,0.7950936590637077,0.01402281585650278,0.02781191811539718,0.002337135976083797,0.002337135976083797,0.003271990366517316,0.014560357131002054,-0.006543980733034632,0.00701140792825139,0.0,1
0.0029368150709383318,0.0014684075354691659,0.0014684075354691659,0.540667654559747,0.0058736301418766635,0.8408101548096444,0.0014684075354691659,-0.015418279122426243,0.0058736301418766635,0.0058736301418766635,0.0,0.010278852748284162,-0.01336250857276941,0.0029368150709383318,0.00822308219862733,1
0.00895490030514014,0.01790980061028028,0.00895490030514014,0.24446877833032585,0.01790980061028028,0.952801392466911,0.053729401830840844,-0.15044232512635436,0.01790980061028028,0.01790980061028028,0.031342151067990494,0.05516218587966327,-0.018805290640794295,0.00895490030514014,0.031342151067990494,0
0.00818481828999631,0.01636963657999262,0.01636963657999262,0.9911814949185533,0.01636963657999262,0.017188118408992252,0.04910890973997786,-0.0630231008329716,0.03273927315998524,0.03273927315998524,0.0,0.05729372802997418,-0.04010560962098192,0.02455445486998893,0.04869966882547805,0
0.004724534030058623,0.004724534030058623,0.0070868010450879345,0.44316129201949883,0.009449068060117246,0.8945905185916003,0.014173602090175869,-0.0463004334945745,0.004724534030058623,0.009449068060117246,0.0,0.01653586910520518,-0.019843042926246217,0.0023622670150293115,0.0016535869105205182,0
0.0017424806544735112,0.0034849613089470224,0.005227441963420534,0.8111247446574196,0.0017424806544735112,0.5842537634449684,0.010454883926841067,-0.01707631041384041,0.006969922617894045,0.0034849613089470224,0.008538155206920205,0.010367759894117392,0.0,0.005227441963420534,0.0030493411453286446,1
