Statistic,Value
Mean,0.974894398531
Std,0.961238589597
Max,4.0
Min,0.0
Var,0.92397962613
