AAWt,AAMt,Sstruct,SaccW,ShbondsW,SaccM,ShbondsM,yDDG,Result,Positiontype,ProteinPropens,Positionaccept,MOSST,SectorSuperficie,Functionalrelevancefunction,Clinical
0.09090909090909091,0.09090909090909091,0.2727272727272727,44.8,0.18181818181818182,47.1,0.8181818181818182,-1.4,0.18181818181818182,0.18181818181818182,0.8,0.28,0.6,0.18181818181818182,0.15,1
0.18181818181818182,0.09090909090909091,0.45454545454545453,24.3,0.6363636363636364,14.2,0.8181818181818182,1.5,0.18181818181818182,0.18181818181818182,0,0.41,0.7,0.18181818181818182,0,1
0.09090909090909091,0.09090909090909091,0.2727272727272727,0,0.6363636363636364,0,0.8181818181818182,-2.2,0.2727272727272727,0.5454545454545454,0.3,0.96,-0.4,0.09090909090909091,0.35,0
0.18181818181818182,0.09090909090909091,0.09090909090909091,99.4,0.18181818181818182,98.6,0.09090909090909091,-0.5,0.18181818181818182,0.2727272727272727,-0.1,0.71,-0.1,0.18181818181818182,0.2,0
0.09090909090909091,0.09090909090909091,0.45454545454545453,0,0.6363636363636364,4.1,0.8181818181818182,-2.5,0.2727272727272727,0.5454545454545454,0,1,-0.8,0.18181818181818182,0.15,0
0.18181818181818182,0.09090909090909091,0.18181818181818182,35.7,0.18181818181818182,35.4,0.8181818181818182,2.2,0.09090909090909091,0.2727272727272727,0.4,0.76,-0.4,0.09090909090909091,0.25,1
0.18181818181818182,0.2727272727272727,0.45454545454545453,25.4,0.6363636363636364,38.2,0.8181818181818182,0.8,0.09090909090909091,0.5454545454545454,0,1,-1.3,0.18181818181818182,0,1
0.09090909090909091,0.09090909090909091,0.45454545454545453,7.3,0.6363636363636364,0.6,0.8181818181818182,0,0.18181818181818182,0.5454545454545454,0,1,-1.1,0.18181818181818182,0.95,1
0.09090909090909091,0.2727272727272727,0.45454545454545453,11.1,0.6363636363636364,38.8,0.8181818181818182,1.1,0.18181818181818182,0.2727272727272727,0.5,0.91,-0.8,0.18181818181818182,0.5,1
0.09090909090909091,0.09090909090909091,0.18181818181818182,9.8,0.6363636363636364,17.2,0.09090909090909091,-3.4,0.2727272727272727,0.5454545454545454,0,1,-0.9,0.18181818181818182,0.1,0
0.09090909090909091,0.2727272727272727,0.2727272727272727,3.2,0.18181818181818182,0.1,0.8181818181818182,-1.9,0.18181818181818182,0.5454545454545454,0.5,0.92,-0.6,0.09090909090909091,0.6,1
