AAWt,AAMt,Sstruct,SaccW,ShbondsW,SaccM,ShbondsM,yDDG,Result,Positiontype,ProteinPropens,Positionaccept,MOSST,SectorSuperficie,Functionalrelevancefunction,Clinical
0.0909090909091,0.181818181818,0.363636363636,3.2,0.181818181818,0,1.0,-2.1,0.545454545455,0.363636363636,0.5,0.92,-0.5,0.0909090909091,0.6,1
0.272727272727,0.0909090909091,0.181818181818,40.3,0.818181818182,60.9,1.0,-2.8,0.545454545455,0.545454545455,0.6,0.87,-0.6,0.181818181818,0.6,1
0.0909090909091,0.0909090909091,0.181818181818,7.3,0.818181818182,16.4,1.0,-3.1,0.545454545455,0.363636363636,0,1,-1,0.181818181818,0.95,1
0.0909090909091,0.0909090909091,0.0909090909091,18.3,0.818181818182,12.9,1.0,-3.5,0.545454545455,0.545454545455,0.5,0.85,-0.8,0.181818181818,0.8,0
0.272727272727,0.0909090909091,0.363636363636,0.2,0.818181818182,0.3,1.0,-0.8,0.0909090909091,0.545454545455,0.6,0.89,0.3,0.181818181818,0.1,0
0.272727272727,0.0909090909091,0.181818181818,40.3,0.818181818182,20.5,1.0,0.3,0.181818181818,0.545454545455,0.6,0.87,-0.1,0.181818181818,0.6,0
0.0909090909091,0.0909090909091,0.181818181818,91.7,0.181818181818,64.7,1.0,0,0.181818181818,0.545454545455,0.5,0.9,-0.7,0.181818181818,0,0
0.0909090909091,0.181818181818,0.363636363636,0.1,0.818181818182,0.3,1.0,-3.1,0.545454545455,0.545454545455,0.5,0.9,-0.7,0.181818181818,0.1,1
0.0909090909091,0.0909090909091,0.0909090909091,6.8,0.818181818182,15.1,1.0,-4.9,0.545454545455,0.363636363636,0.3,0.97,-0.9,0.0909090909091,0.2,0
0.0909090909091,0.0909090909091,0.363636363636,0,0.818181818182,0,1.0,-1.3,0.181818181818,0.0909090909091,0.7,0.25,-0.1,0.181818181818,0,1
0.0909090909091,0.0909090909091,0.0909090909091,25.3,0.818181818182,15.7,1.0,-1.4,0.181818181818,0.363636363636,0.3,0.97,-0.7,0.0909090909091,0.25,1
