AAWt,AAMt,Sstruct,SaccW,ShbondsW,SaccM,ShbondsM,yDDG,Result,Positiontype,ProteinPropens,Positionaccept,MOSST,SectorSuperficie,Functionalrelevancefunction,Clinical
0.307692307692,0.230769230769,0.384615384615,25.4,0.692307692308,38.2,0.692307692308,0.8,0.153846153846,0.461538461538,0,1,-1.3,0.153846153846,0,1
0.153846153846,0.0769230769231,0.153846153846,63.3,0.230769230769,98.4,0.0769230769231,0.7,0.153846153846,0.461538461538,0,1,-0.5,0.0769230769231,1,1
0.0769230769231,0.0769230769231,0.384615384615,0,0.692307692308,10,0.692307692308,-3.3,0.153846153846,0.461538461538,0,1,-0.5,0.153846153846,0.75,0
0.0769230769231,0.0769230769231,0.384615384615,67.5,0.230769230769,32.5,0.230769230769,-0.3,0.384615384615,0.0769230769231,0.7,0.87,0.1,0.153846153846,0.25,0
0.0769230769231,0.230769230769,0.153846153846,1.2,0.692307692308,3.4,0.692307692308,-0.6,0.0769230769231,0.461538461538,0,1,-0.5,0.230769230769,0.1,0
0.307692307692,0.0769230769231,0.153846153846,61,0.692307692308,93.7,0.692307692308,0.3,0.384615384615,0.384615384615,0.1,0.76,0.7,0.153846153846,0.2,1
0.0769230769231,0.0769230769231,0.0769230769231,39.9,0.692307692308,27.5,0.692307692308,2.8,0.153846153846,0.384615384615,0.4,0.56,-0.4,0.153846153846,0,1
0.0769230769231,0.0769230769231,0.153846153846,46.6,0.0769230769231,81,0.230769230769,-1.3,0.0769230769231,0.384615384615,0.6,0.9,0.3,0.153846153846,0.35,1
0.0769230769231,0.153846153846,0.0769230769231,0.2,0.692307692308,9,0.692307692308,-3.6,0.153846153846,0.0769230769231,0.5,0.91,-0.6,0.230769230769,0.1,0
0.307692307692,0.230769230769,0.153846153846,0.5,0.692307692308,4,0.692307692308,3,0.153846153846,0.461538461538,0,1,-1,0.0769230769231,0,0
0.0769230769231,0.0769230769231,0.384615384615,46.3,0.692307692308,11.8,0.692307692308,0.1,0.384615384615,0.461538461538,0,1,-1.2,0.230769230769,0.35,0
0.307692307692,0.0769230769231,0.153846153846,61,0.692307692308,89.4,0.692307692308,0,0.384615384615,0.384615384615,0.1,0.76,-0.1,0.153846153846,0.2,1
0.153846153846,0.153846153846,0.384615384615,75.7,0.230769230769,81.1,0.230769230769,0.1,0.384615384615,0.384615384615,0.1,0.72,0,0.153846153846,0.1,1
