statistic,value
mean,0.7075
max,0.892857142857
min,0.5
var,0.00751772959184
std,0.0867048418016
