statistic,value
mean,0.6946875
max,0.84375
min,0.5
var,0.00454794921875
std,0.0674384847009
