statistic,value
mean,0.706428571429
max,0.928571428571
min,0.5
var,0.00771887755101
std,0.0878571428571
