statistic,value
mean,0.707142857143
max,0.892857142857
min,0.5
var,0.00729591836734
std,0.085416148165
