statistic,value
mean,0.706071428571
max,0.892857142857
min,0.5
var,0.00739426020408
std,0.0859898843125
