AAWt,AAMt,Sstruct,SaccW,ShbondsW,SaccM,ShbondsM,yDDG,Result,Positiontype,ProteinPropens,Positionaccept,MOSST,SectorSuperficie,Functionalrelevancefunction,Clinical
0.285714285714,0.142857142857,0.142857142857,83.7,0.714285714286,89.9,1.0,-1,0.285714285714,0.142857142857,0.7,0.47,-0.1,0.285714285714,0.25,1
0.285714285714,0.142857142857,0.142857142857,39.9,0.714285714286,27.5,1.0,2.8,0.142857142857,0.285714285714,0.4,0.56,-0.4,0.142857142857,0,1
0.285714285714,0.285714285714,0.285714285714,1.2,0.714285714286,3.4,1.0,-0.6,0.285714285714,0.571428571429,0,1,-0.5,0.285714285714,0.1,0
0.285714285714,0.285714285714,0.142857142857,6.8,0.714285714286,7.8,1.0,-1.1,0.142857142857,0.571428571429,0.3,0.97,-0.7,0.142857142857,0.2,1
0.142857142857,0.142857142857,0.285714285714,0,0.714285714286,4.1,1.0,-2.5,0.142857142857,0.571428571429,0,1,-0.8,0.285714285714,0.15,0
0.285714285714,0.142857142857,0.285714285714,66.5,0.285714285714,53.3,1.0,0.3,0.142857142857,0.285714285714,0.7,0.85,-0.3,0.285714285714,0.25,1
0.285714285714,0.142857142857,0.285714285714,12.1,0.285714285714,9.4,1.0,0.7,0.142857142857,0.571428571429,0.3,0.97,-0.2,0.142857142857,0.6,1
