AAWt,AAMt,Sstruct,SaccW,ShbondsW,SaccM,ShbondsM,yDDG,Result,Positiontype,ProteinPropens,Positionaccept,MOSST,SectorSuperficie,Functionalrelevancefunction,Clinical
0.09090909090909091,0.09090909090909091,0.2727272727272727,35.7,0.18181818181818182,35.4,0.6363636363636364,2.2,0.09090909090909091,0.5454545454545454,0.4,0.76,-0.4,0.09090909090909091,0.25,1
0.18181818181818182,0.18181818181818182,0.45454545454545453,11.1,0.5454545454545454,46.4,0.18181818181818182,-0.4,0.2727272727272727,0.5454545454545454,0.5,0.91,-0.8,0.18181818181818182,0.5,0
0.09090909090909091,0.09090909090909091,0.09090909090909091,25.3,0.5454545454545454,56.7,0.18181818181818182,1.2,0.09090909090909091,0.36363636363636365,0.3,0.97,-0.7,0.18181818181818182,0.25,0
0.09090909090909091,0.18181818181818182,0.2727272727272727,68.8,0.2727272727272727,50.2,0.18181818181818182,-0.4,0.2727272727272727,0.36363636363636365,0,1,-0.8,0.18181818181818182,0,0
0.09090909090909091,0.2727272727272727,0.45454545454545453,62,0.18181818181818182,37.2,0.6363636363636364,-0.7,0.36363636363636365,0.09090909090909091,0.3,0.67,-0.4,0.18181818181818182,0.35,0
0.09090909090909091,0.2727272727272727,0.45454545454545453,33.4,0.5454545454545454,37.9,0.6363636363636364,-0.8,0.36363636363636365,0.36363636363636365,0,1,-1,0.09090909090909091,0.35,1
0.09090909090909091,0.09090909090909091,0.45454545454545453,50.8,0.5454545454545454,62.7,0.6363636363636364,0.3,0.2727272727272727,0.5454545454545454,1,0.63,-0.2,0.18181818181818182,0.25,0
0.09090909090909091,0.2727272727272727,0.09090909090909091,0,0.5454545454545454,0,0.6363636363636364,-3.4,0.09090909090909091,0.36363636363636365,0.3,0.96,-1,0.18181818181818182,0.35,1
0.09090909090909091,0.09090909090909091,0.2727272727272727,62.5,0.2727272727272727,76,0.18181818181818182,-0.8,0.36363636363636365,0.5454545454545454,0.7,0.59,0.4,0.09090909090909091,0.25,1
0.09090909090909091,0.09090909090909091,0.45454545454545453,55.9,0.5454545454545454,66.1,0.6363636363636364,-0.9,0.36363636363636365,0.5454545454545454,-0.1,0.2,0.4,0.18181818181818182,0,1
0.18181818181818182,0.09090909090909091,0.09090909090909091,3.9,0.2727272727272727,2.6,0.6363636363636364,-1.8,0.09090909090909091,0.5454545454545454,0.5,0.88,0,0.18181818181818182,0.5,1
