AAWt,AAMt,Sstruct,SaccW,ShbondsW,SaccM,ShbondsM,yDDG,Result,Positiontype,ProteinPropens,Positionaccept,MOSST,SectorSuperficie,Functionalrelevancefunction,Clinical
0.00256966241171,0.00128483120585,0.00385449361756,0.540656971423,0.00770898723513,0.840793541111,0.00513932482342,-0.0154179744703,0.00385449361756,0.00642415602927,0.0,0.0102786496468,-0.0133622445409,0.00128483120585,0.00822291971747,1
0.0205603577011,0.0205603577011,0.0411207154021,0.805966021882,0.0411207154021,0.345414009378,0.0822414308043,0.411207154021,0.0205603577011,0.0411207154021,0.115138003126,0.120072488974,-0.0657931446434,0.0411207154021,0.123362146206,1
0.0610300928137,0.0610300928137,0.122060185627,0.0,0.366180556882,0.0,0.244120371255,0.292944445506,0.0610300928137,0.305150464068,0.0,0.488240742509,-0.53706481676,0.122060185627,0.244120371255,0
0.00118955583569,0.00118955583569,0.00356866750707,0.549098973755,0.00713733501415,0.83554401899,0.00475822334277,-0.0114197360226,0.00356866750707,0.00237911167138,0.00666151267987,0.00751799288157,0.000951644668553,0.00237911167138,0.00333075633994,0
0.0163762875339,0.0163762875339,0.0327525750677,0.956375191978,0.0982577252032,0.0786061801626,0.0655051501355,0.0,0.0491288626016,0.0818814376693,0.0,0.131010300271,-0.144111330298,0.0327525750677,0.124459785257,1
0.0051259220569,0.00256296102845,0.0051259220569,0.5494988445,0.0153777661707,0.834500110863,0.0102518441138,0.0,0.00768888308535,0.0128148051423,0.0,0.0205036882276,-0.0246044258731,0.00256296102845,0.00205036882276,0
0.00094485689463,0.00094485689463,0.00094485689463,0.736232492296,0.00566914136778,0.676517536555,0.00377942757852,-0.0136059392827,0.00283457068389,0.00094485689463,0.00226765654711,0.00582031847092,0.0,0.00188971378926,0.0,0
0.00107285039171,0.00107285039171,0.00321855117513,0.543291438363,0.00214570078342,0.839398146475,0.00429140156685,-0.00343312125348,0.00321855117513,0.00536425195856,0.0,0.00858280313369,-0.00257484094011,0.00214570078342,0.00858280313369,1
