AAWt,AAMt,Sstruct,SaccW,ShbondsW,SaccM,ShbondsM,yDDG,Result,Positiontype,ProteinPropens,Positionaccept,MOSST,SectorSuperficie,Functionalrelevancefunction,Clinical
0.153846153846,0.153846153846,0.307692307692,6.7,0.769230769231,21.4,0.769230769231,-3.5,0.692307692308,0.461538461538,0.7,0.78,-0.1,0.307692307692,0.5,1
0.307692307692,0.153846153846,0.307692307692,0.1,0.769230769231,4.9,0.769230769231,-4,0.692307692308,0.461538461538,0.5,0.9,-0.7,0.153846153846,0.1,0
0.307692307692,0.0769230769231,0.307692307692,1.4,0.769230769231,2.3,0.769230769231,-3.1,0.692307692308,0.461538461538,0,1,-0.9,0.307692307692,0.1,0
0.153846153846,0.153846153846,0.0769230769231,111.8,0.769230769231,93.3,0.230769230769,-0.4,0.0769230769231,0.461538461538,0.5,0.62,-0.4,0.0769230769231,0.55,1
0.0769230769231,0.153846153846,0.307692307692,17.3,0.230769230769,27.7,0.230769230769,-2.5,0.692307692308,0.461538461538,0,1,-0.8,0.153846153846,0.85,0
0.153846153846,0.153846153846,0.307692307692,0.2,0.769230769231,0.5,0.769230769231,-5.1,0.692307692308,0.461538461538,0.6,0.89,-0.6,0.153846153846,0.1,0
0.153846153846,0.0769230769231,0.230769230769,82.8,0.230769230769,74.3,0.230769230769,-0.7,0.0769230769231,0.461538461538,0.8,0.64,-0.2,0.153846153846,0.1,0
0.0769230769231,0.0769230769231,0.307692307692,68.8,0.230769230769,71.8,0.769230769231,-2.4,0.692307692308,0.461538461538,0,1,-1.1,0.307692307692,0,0
0.0769230769231,0.153846153846,0.0769230769231,18.3,0.769230769231,29.5,0.769230769231,0.8,0.0769230769231,0.461538461538,0.5,0.85,-0.5,0.307692307692,0.8,0
0.307692307692,0.0769230769231,0.230769230769,0.2,0.769230769231,34.1,0.769230769231,-4.7,0.692307692308,0.0769230769231,0.5,0.91,-0.7,0.153846153846,0.1,0
0.0769230769231,0.153846153846,0.230769230769,6.8,0.769230769231,7.8,0.769230769231,-1.1,0.0769230769231,0.461538461538,0.3,0.97,-0.7,0.153846153846,0.2,1
0.0769230769231,0.0769230769231,0.307692307692,0,0.769230769231,0,0.769230769231,-5.3,0.692307692308,0.461538461538,0,1,-1.1,0.0769230769231,0.35,1
0.307692307692,0.153846153846,0.307692307692,9.8,0.769230769231,20.3,0.769230769231,-3.2,0.692307692308,0.461538461538,0,1,-0.8,0.0769230769231,0.1,0
