feature,mean,var,std,min,max
SaccW,0.876240111724,0.00445648939722,0.0667569426893,0.745959901825,0.992474060857
SaccM,0.364436937903,0.0219013350017,0.147990996354,0.0172105328472,0.525814434186
yDDG,-0.0147816235181,0.0352277660242,0.187690612509,-0.378474118287,0.409017030362
ProteinPropens,0.0419660586334,0.0028240802436,0.0531420760189,0.0,0.134473030833
Positionaccept,0.0748299790194,0.0047566580535,0.0689685294428,0.00926466075497,0.247430376732
MOSST,-0.0414294490925,0.00256930795368,0.050688341398,-0.159357523489,0.0248062198696
Functionalrelevancefunction,0.056444119622,0.00333254991325,0.0577282419034,0.0,0.161367636999
