AAWt,AAMt,Sstruct,SaccW,ShbondsW,SaccM,ShbondsM,yDDG,Result,Positiontype,ProteinPropens,Positionaccept,MOSST,SectorSuperficie,Functionalrelevancefunction,Clinical
0.285714285714,0.285714285714,0.142857142857,6.8,0.714285714286,15.1,0.857142857143,-4.9,0.285714285714,0.571428571429,0.3,0.97,-0.9,0.142857142857,0.2,0
0.142857142857,0.142857142857,0.428571428571,91.7,0.285714285714,64.7,0.857142857143,0,0.285714285714,0.428571428571,0.5,0.9,-0.7,0.142857142857,0,0
0.142857142857,0.142857142857,0.428571428571,45.4,0.714285714286,41.5,0.142857142857,-1.8,0.285714285714,0.428571428571,0.1,0.57,-0.2,0.285714285714,0.1,0
0.142857142857,0.142857142857,0.428571428571,4.9,0.285714285714,1.5,0.857142857143,-0.5,0.142857142857,0.428571428571,0.7,0.73,-0.6,0.285714285714,0.75,0
0.142857142857,0.142857142857,0.428571428571,18.8,0.714285714286,43.1,0.857142857143,-0.4,0.285714285714,0.571428571429,0,1,-0.9,0.142857142857,0.1,1
0.142857142857,0.142857142857,0.428571428571,23.5,0.714285714286,38.4,0.857142857143,-1.6,0.285714285714,0.571428571429,0,1,-0.9,0.142857142857,0.6,0
0.285714285714,0.285714285714,0.428571428571,0,0.714285714286,2.3,0.857142857143,-5,0.285714285714,0.571428571429,0,1,-0.9,0.142857142857,0.25,0
