AAWt,AAMt,Sstruct,SaccW,ShbondsW,SaccM,ShbondsM,yDDG,Result,Positiontype,ProteinPropens,Positionaccept,MOSST,SectorSuperficie,Functionalrelevancefunction,Clinical
0.230769230769,0.153846153846,0.384615384615,11.9,0.615384615385,17.4,0.769230769231,-5.3,0.384615384615,0.384615384615,0,1,-1,0.153846153846,0.1,0
0.0769230769231,0.0769230769231,0.384615384615,40.3,0.615384615385,39.7,0.769230769231,0.2,0.230769230769,0.461538461538,0.6,0.87,0,0.0769230769231,0.6,0
0.153846153846,0.153846153846,0.384615384615,46.6,0.153846153846,81,0.153846153846,-1.3,0.230769230769,0.461538461538,0.6,0.9,0.3,0.0769230769231,0.35,1
0.0769230769231,0.0769230769231,0.384615384615,3.2,0.230769230769,0.2,0.0769230769231,1.2,0.0769230769231,0.384615384615,0.5,0.92,-0.5,0.0769230769231,0.6,0
0.153846153846,0.153846153846,0.384615384615,37.1,0.615384615385,41.4,0.153846153846,-0.6,0.0769230769231,0.461538461538,0.6,0.85,0.3,0.153846153846,0.6,1
0.230769230769,0.153846153846,0.384615384615,15.5,0.615384615385,12.6,0.769230769231,-3.5,0.384615384615,0.0769230769231,0.3,0.17,-0.1,0.0769230769231,0.1,1
0.0769230769231,0.0769230769231,0.384615384615,57.5,0.615384615385,70.8,0.769230769231,-1.3,0.230769230769,0.461538461538,0.9,0.31,0.1,0.230769230769,0.35,1
0.0769230769231,0.0769230769231,0.384615384615,52.4,0.153846153846,48.6,0.769230769231,-3.3,0.384615384615,0.461538461538,0.2,0.91,-0.8,0.0769230769231,0.6,0
0.230769230769,0.0769230769231,0.384615384615,0,0.615384615385,0.9,0.769230769231,-0.4,0.230769230769,0.0769230769231,0.9,0.47,0.6,0.230769230769,0.35,1
0.0769230769231,0.0769230769231,0.230769230769,78.1,0.615384615385,78.6,0.769230769231,-1,0.230769230769,0.461538461538,-0.1,0.21,0,0.0769230769231,0,1
0.153846153846,0.0769230769231,0.230769230769,50.3,0.230769230769,35,0.769230769231,0.1,0.230769230769,0.384615384615,0,1,-1,0.153846153846,0.1,1
0.0769230769231,0.153846153846,0.384615384615,0,0.615384615385,0,0.769230769231,-2.2,0.384615384615,0.384615384615,0.3,0.96,-0.4,0.230769230769,0.35,0
0.153846153846,0.153846153846,0.230769230769,50.3,0.230769230769,72.2,0.769230769231,-2.4,0.384615384615,0.384615384615,0,1,-0.7,0.153846153846,0.1,0
