Statistic,Value
Mean,7.750213858
Std,1.63971832131
Max,9.0
Min,0.0
Var,2.68867617326
