AAWt,AAMt,Sstruct,SaccW,ShbondsW,SaccM,ShbondsM,yDDG,Result,Positiontype,ProteinPropens,Positionaccept,MOSST,SectorSuperficie,Functionalrelevancefunction,Clinical
0.181818181818,0.0909090909091,0.363636363636,3.9,0.181818181818,1.9,0.818181818182,-1.9,0.181818181818,0.545454545455,0.5,0.88,-0.8,0.272727272727,0.5,0
0.0909090909091,0.0909090909091,0.363636363636,27.7,0.0909090909091,34.7,0.818181818182,0.4,0.272727272727,0.454545454545,0,1,-1.3,0.181818181818,0.1,1
0.0909090909091,0.0909090909091,0.363636363636,61,0.727272727273,89.4,0.818181818182,0,0.272727272727,0.545454545455,0.1,0.76,-0.1,0.272727272727,0.2,0
0.0909090909091,0.0909090909091,0.181818181818,111.8,0.727272727273,128.5,0.818181818182,-3,0.181818181818,0.545454545455,0.5,0.62,-0.3,0.0909090909091,0.55,0
0.272727272727,0.181818181818,0.0909090909091,6.8,0.727272727273,8.6,0.181818181818,0.5,0.272727272727,0.454545454545,0.3,0.97,-0.6,0.181818181818,0.2,0
0.0909090909091,0.0909090909091,0.272727272727,0,0.727272727273,1.8,0.818181818182,-4.3,0.181818181818,0.454545454545,0,1,-0.8,0.181818181818,0.35,1
0.272727272727,0.181818181818,0.0909090909091,42.5,0.727272727273,55.3,0.818181818182,0.7,0.0909090909091,0.545454545455,0.5,0.93,-0.6,0.181818181818,0.1,0
0.0909090909091,0.0909090909091,0.272727272727,0,0.727272727273,0,0.818181818182,-1.3,0.181818181818,0.454545454545,0,1,-1.1,0.0909090909091,0.5,1
0.272727272727,0.181818181818,0.272727272727,0,0.727272727273,0,0.818181818182,-0.6,0.0909090909091,0.454545454545,0,1,-0.5,0.181818181818,0.25,0
0.0909090909091,0.181818181818,0.181818181818,74.6,0.727272727273,70.3,0.181818181818,1.1,0.181818181818,0.545454545455,0,0.79,-0.3,0.181818181818,0.35,1
0.181818181818,0.0909090909091,0.363636363636,3.9,0.181818181818,2.4,0.818181818182,1.4,0.181818181818,0.545454545455,0.5,0.88,-0.7,0.272727272727,0.5,0
