AAWt,AAMt,Sstruct,SaccW,ShbondsW,SaccM,ShbondsM,yDDG,Result,Positiontype,ProteinPropens,Positionaccept,MOSST,SectorSuperficie,Functionalrelevancefunction,Clinical
0.142857142857,0.285714285714,0.428571428571,44.8,0.285714285714,47.1,0.857142857143,-1.4,0.142857142857,0.285714285714,0.8,0.28,0.6,0.142857142857,0.15,1
0.142857142857,0.142857142857,0.142857142857,64.7,0.571428571429,68.4,0.142857142857,-0.3,0.428571428571,0.428571428571,0.7,0.53,0.2,0.142857142857,0.1,1
0.142857142857,0.428571428571,0.428571428571,74,0.142857142857,87.1,0.857142857143,0.2,0.428571428571,0.285714285714,0.9,0.76,-0.3,0.285714285714,0.1,1
0.142857142857,0.428571428571,0.428571428571,11.1,0.571428571429,16.5,0.857142857143,0.2,0.428571428571,0.428571428571,0.5,0.91,-0.3,0.285714285714,0.5,0
0.142857142857,0.428571428571,0.428571428571,62,0.285714285714,37.2,0.857142857143,-0.7,0.142857142857,0.142857142857,0.3,0.67,-0.4,0.142857142857,0.35,0
0.142857142857,0.142857142857,0.428571428571,111.8,0.571428571429,128.5,0.857142857143,-3,0.285714285714,0.428571428571,0.5,0.62,-0.3,0.142857142857,0.55,0
0.142857142857,0.285714285714,0.428571428571,0,0.571428571429,16.9,0.857142857143,-3.2,0.285714285714,0.142857142857,0.9,0.47,-0.2,0.142857142857,0.35,1
