AAWt,AAMt,Sstruct,SaccW,ShbondsW,SaccM,ShbondsM,yDDG,Result,Positiontype,ProteinPropens,Positionaccept,MOSST,SectorSuperficie,Functionalrelevancefunction,Clinical
0.2727272727272727,0.09090909090909091,0.36363636363636365,13.7,0.5454545454545454,10.8,0.6363636363636364,0.2,0.36363636363636365,0.18181818181818182,0.1,0.25,0.2,0.18181818181818182,0.35,0
0.18181818181818182,0.09090909090909091,0.2727272727272727,68.8,0.36363636363636365,71.5,0.6363636363636364,-3.7,0.36363636363636365,0.6363636363636364,0,1,-0.5,0.2727272727272727,0,0
0.18181818181818182,0.09090909090909091,0.2727272727272727,68.8,0.36363636363636365,83.3,0.09090909090909091,0.4,0.36363636363636365,0.6363636363636364,0,1,-1.2,0.2727272727272727,0,0
0.09090909090909091,0.09090909090909091,0.2727272727272727,14.4,0.36363636363636365,17.1,0.2727272727272727,1.1,0.09090909090909091,0.09090909090909091,0.2,0.48,0.8,0.2727272727272727,0.8,0
0.09090909090909091,0.09090909090909091,0.2727272727272727,7.3,0.5454545454545454,1.7,0.2727272727272727,-2.3,0.36363636363636365,0.6363636363636364,0,1,-0.3,0.09090909090909091,0.95,1
0.09090909090909091,0.09090909090909091,0.09090909090909091,27.7,0.09090909090909091,34.7,0.6363636363636364,0.4,0.36363636363636365,0.6363636363636364,0,1,-1.3,0.09090909090909091,0.1,1
0.2727272727272727,0.09090909090909091,0.36363636363636365,15.5,0.5454545454545454,12.6,0.6363636363636364,-3.5,0.36363636363636365,0.18181818181818182,0.3,0.17,-0.1,0.18181818181818182,0.1,1
0.09090909090909091,0.09090909090909091,0.36363636363636365,3.2,0.36363636363636365,0.1,0.6363636363636364,-1.9,0.18181818181818182,0.6363636363636364,0.5,0.92,-0.6,0.09090909090909091,0.6,1
0.09090909090909091,0.09090909090909091,0.2727272727272727,12.8,0.5454545454545454,17.4,0.2727272727272727,-1.2,0.18181818181818182,0.6363636363636364,0,1,-0.8,0.09090909090909091,0.6,0
0.09090909090909091,0.09090909090909091,0.36363636363636365,0,0.5454545454545454,0,0.6363636363636364,-2.2,0.36363636363636365,0.6363636363636364,0.3,0.96,-0.4,0.18181818181818182,0.35,0
0.2727272727272727,0.09090909090909091,0.2727272727272727,0,0.5454545454545454,0.2,0.6363636363636364,0,0.36363636363636365,0.09090909090909091,0.7,0.78,0,0.18181818181818182,0.1,0
