Statistic,Value
Mean,0.532328633933
Std,0.0823313765558
Max,0.823529411765
Min,0.235294117647
Var,0.00677845556558
