AAWt,AAMt,Sstruct,SaccW,ShbondsW,SaccM,ShbondsM,yDDG,Result,Positiontype,ProteinPropens,Positionaccept,MOSST,SectorSuperficie,Functionalrelevancefunction,Clinical
0.14285714285714285,0.14285714285714285,0.42857142857142855,111.8,0.8571428571428571,92.1,1.0,-0.5,0.14285714285714285,0.7142857142857143,0.5,0.62,-0.1,0.14285714285714285,0.55,0
0.2857142857142857,0.14285714285714285,0.2857142857142857,0.1,0.8571428571428571,0.1,1.0,-3.2,0.5714285714285714,0.7142857142857143,0.5,0.9,-0.8,0.2857142857142857,0.1,0
0.2857142857142857,0.7142857142857143,0.42857142857142855,50.8,0.8571428571428571,23.9,1.0,-1.8,0.2857142857142857,0.7142857142857143,1,0.63,-0.3,0.2857142857142857,0.25,0
0.14285714285714285,0.7142857142857143,0.2857142857142857,44.8,0.14285714285714285,29.5,1.0,-2.4,0.5714285714285714,0.14285714285714285,0.8,0.28,-0.1,0.2857142857142857,0.15,0
0.14285714285714285,0.7142857142857143,0.14285714285714285,18.3,0.8571428571428571,12.9,1.0,-3.5,0.5714285714285714,0.7142857142857143,0.5,0.85,-0.8,0.2857142857142857,0.8,0
0.2857142857142857,0.7142857142857143,0.42857142857142855,50.8,0.8571428571428571,23.9,1.0,-1.8,0.2857142857142857,0.7142857142857143,1,0.63,-0.3,0.2857142857142857,0.25,0
0.2857142857142857,0.7142857142857143,0.14285714285714285,35.5,0.8571428571428571,26.6,1.0,-3.7,0.5714285714285714,0.14285714285714285,0.3,0.95,-1,0.2857142857142857,0.1,0
