AAWt,AAMt,Sstruct,SaccW,ShbondsW,SaccM,ShbondsM,yDDG,Result,Positiontype,ProteinPropens,Positionaccept,MOSST,SectorSuperficie,Functionalrelevancefunction,Clinical
0.06659107526306043,0.06659107526306043,0.13318215052612087,0.21309144084179338,0.13318215052612087,0.1420609605611956,0.13318215052612087,-0.8878810035074725,0.06659107526306043,0.13318215052612087,0.0,0.1775762007014945,-0.15981858063134505,0.06659107526306043,0.01775762007014945,0
0.0490066560459671,0.02450332802298355,0.1470199681379013,0.0,0.1470199681379013,0.3528479235309631,0.1470199681379013,-0.8429144839906341,0.07350998406895065,0.1470199681379013,0.0,0.1960266241838684,-0.15682129934709474,0.0490066560459671,0.06860931846435393,1
0.07847919408685376,0.02615973136228459,0.15695838817370752,0.2511334210779321,0.15695838817370752,0.7952558334134515,0.15695838817370752,-0.3557723465270704,0.02615973136228459,0.15695838817370752,0.0,0.20927785089827672,-0.1464944956287937,0.07847919408685376,0.020927785089827674,1
0.05897473120263396,0.17692419360790188,0.35384838721580375,0.0,0.35384838721580375,0.0,0.35384838721580375,-0.09435956992421433,0.17692419360790188,0.35384838721580375,0.0,0.4717978496210717,-0.37743827969685734,0.05897473120263396,0.23589892481053584,0
0.06659107526306043,0.06659107526306043,0.13318215052612087,0.21309144084179338,0.13318215052612087,0.1420609605611956,0.13318215052612087,-0.8878810035074725,0.06659107526306043,0.13318215052612087,0.0,0.1775762007014945,-0.15981858063134505,0.06659107526306043,0.01775762007014945,0
0.002253365719921988,0.002253365719921988,0.002253365719921988,0.682319139992378,0.002253365719921988,0.7309918395426929,0.002253365719921988,0.0009013462879687953,0.003380048579882982,0.002253365719921988,0.0009013462879687953,0.006489693273375325,0.0,0.002253365719921988,0.0009013462879687953,1
0.002253365719921988,0.002253365719921988,0.002253365719921988,0.682319139992378,0.002253365719921988,0.7309918395426929,0.002253365719921988,0.0009013462879687953,0.003380048579882982,0.002253365719921988,0.0009013462879687953,0.006489693273375325,0.0,0.002253365719921988,0.0009013462879687953,1
0.07835970363413126,0.03917985181706563,0.23507911090239378,0.0,0.23507911090239378,0.7522531548876601,0.23507911090239378,-0.25075105162922007,0.03917985181706563,0.23507911090239378,0.0,0.31343881453652506,-0.15671940726826253,0.07835970363413126,0.10970358508778376,1
