AAWt,AAMt,Sstruct,SaccW,ShbondsW,SaccM,ShbondsM,yDDG,Result,Positiontype,ProteinPropens,Positionaccept,MOSST,SectorSuperficie,Functionalrelevancefunction,Clinical
0.0111445354023,0.0111445354023,0.0111445354023,0.64192523917,0.0111445354023,0.762286221515,0.0111445354023,0.04903595577,0.0111445354023,0.0111445354023,0.00891562832181,0.0213975079723,0.0356625132872,0.0222890708045,0.0356625132872,0
0.0689540395218,0.0689540395218,0.206862118565,0.0275816158087,0.137908079044,0.0827448474262,0.206862118565,-0.85503009007,0.137908079044,0.0689540395218,0.137908079044,0.248234542279,-0.193071310661,0.0689540395218,0.0275816158087,1
0.0154154874891,0.0308309749781,0.0462464624672,0.746109594471,0.0154154874891,0.653616669536,0.0462464624672,0.0246647799825,0.0154154874891,0.0154154874891,0.0184985849869,0.0598120914576,-0.0554957549606,0.0308309749781,0.0369971699738,0
0.00298312659345,0.0059662531869,0.00894937978035,0.483266508139,0.0059662531869,0.874652717199,0.00894937978035,-0.0322177672093,0.0059662531869,0.00298312659345,0.00357975191214,0.00525030280447,-0.00357975191214,0.00298312659345,0.00715950382428,0
