AAWt,AAMt,Sstruct,SaccW,ShbondsW,SaccM,ShbondsM,yDDG,Result,Positiontype,ProteinPropens,Positionaccept,MOSST,SectorSuperficie,Functionalrelevancefunction,Clinical
0.0769230769231,0.0769230769231,0.615384615385,3.2,0.0769230769231,33.2,1.0,-5.8,0.461538461538,0.384615384615,0.5,0.92,-0.8,0.0769230769231,0.6,1
0.0769230769231,0.0769230769231,0.615384615385,12.1,0.0769230769231,28.6,1.0,1.5,0.230769230769,0.384615384615,0.3,0.97,-0.7,0.153846153846,0.6,1
0.0769230769231,0.153846153846,0.615384615385,40.5,0.846153846154,29.7,1.0,-3.3,0.461538461538,0.153846153846,0.3,0.44,-0.3,0.153846153846,0.6,0
0.153846153846,0.0769230769231,0.615384615385,0.1,0.846153846154,0.3,1.0,-3.1,0.461538461538,0.461538461538,0.5,0.9,-0.7,0.153846153846,0.1,1
0.0769230769231,0.153846153846,0.0769230769231,40.3,0.846153846154,36.1,1.0,0.6,0.153846153846,0.461538461538,0.6,0.87,0.3,0.0769230769231,0.6,1
0.153846153846,0.153846153846,0.615384615385,0,0.846153846154,5.2,1.0,-5,0.461538461538,0.384615384615,0,1,-0.9,0.230769230769,0.35,1
0.153846153846,0.0769230769231,0.615384615385,0,0.846153846154,0,1.0,-5.3,0.461538461538,0.384615384615,0,1,-1.1,0.230769230769,0.35,1
0.0769230769231,0.153846153846,0.615384615385,57.5,0.846153846154,70.8,1.0,-1.3,0.0769230769231,0.461538461538,0.9,0.31,0.1,0.230769230769,0.35,1
0.0769230769231,0.153846153846,0.615384615385,0,0.846153846154,0,1.0,3.9,0.0769230769231,0.384615384615,0,1,-1.1,0.0769230769231,0.5,1
0.0769230769231,0.153846153846,0.230769230769,11.1,0.846153846154,11.3,1.0,1.4,0.230769230769,0.461538461538,0.5,0.91,-0.4,0.153846153846,0.5,1
0.153846153846,0.153846153846,0.230769230769,0,0.846153846154,2.2,1.0,-6.5,0.461538461538,0.461538461538,0.7,0.78,-0.5,0.153846153846,0.1,0
0.153846153846,0.0769230769231,0.0769230769231,61,0.846153846154,93.7,1.0,0.3,0.153846153846,0.461538461538,0.1,0.76,0.7,0.153846153846,0.2,1
0.153846153846,0.153846153846,0.230769230769,24.3,0.846153846154,14.2,1.0,1.5,0.230769230769,0.153846153846,0,0.41,0.7,0.0769230769231,0,1
