Statistic,Value
Mean,0.81854912764
Std,0.966802454423
Max,4.0
Min,0.0
Var,0.934706985878
