AAWt,AAMt,Sstruct,SaccW,ShbondsW,SaccM,ShbondsM,yDDG,Result,Positiontype,ProteinPropens,Positionaccept,MOSST,SectorSuperficie,Functionalrelevancefunction,Clinical
0.09090909090909091,0.09090909090909091,0.09090909090909091,61,0.9090909090909091,93.7,0.7272727272727273,0.3,0.2727272727272727,0.2727272727272727,0.1,0.76,0.7,0.36363636363636365,0.2,1
0.09090909090909091,0.18181818181818182,0.2727272727272727,37.1,0.9090909090909091,41.4,0.2727272727272727,-0.6,0.2727272727272727,0.2727272727272727,0.6,0.85,0.3,0.09090909090909091,0.6,1
0.09090909090909091,0.18181818181818182,0.2727272727272727,1.2,0.9090909090909091,3.8,0.7272727272727273,-1.7,0.18181818181818182,0.5454545454545454,0,1,-0.7,0.18181818181818182,0.1,1
0.09090909090909091,0.18181818181818182,0.18181818181818182,11.1,0.9090909090909091,16.5,0.7272727272727273,0.2,0.2727272727272727,0.2727272727272727,0.5,0.91,-0.3,0.18181818181818182,0.5,0
0.18181818181818182,0.09090909090909091,0.2727272727272727,93.3,0.9090909090909091,99.2,0.2727272727272727,0.1,0.2727272727272727,0.5454545454545454,0,1,-1,0.36363636363636365,0.3,1
0.09090909090909091,0.09090909090909091,0.18181818181818182,14.4,0.09090909090909091,17.1,0.2727272727272727,1.1,0.09090909090909091,0.09090909090909091,0.2,0.48,0.8,0.36363636363636365,0.8,0
0.09090909090909091,0.18181818181818182,0.2727272727272727,0,0.9090909090909091,0,0.7272727272727273,-1.3,0.18181818181818182,0.5454545454545454,0,1,-1.1,0.09090909090909091,0.5,1
0.09090909090909091,0.18181818181818182,0.18181818181818182,83.7,0.9090909090909091,89.9,0.7272727272727273,-1,0.2727272727272727,0.09090909090909091,0.7,0.47,-0.1,0.09090909090909091,0.25,1
0.09090909090909091,0.18181818181818182,0.18181818181818182,25.3,0.9090909090909091,32.4,0.7272727272727273,-2.5,0.18181818181818182,0.5454545454545454,0.3,0.97,0,0.18181818181818182,0.25,0
0.18181818181818182,0.18181818181818182,0.2727272727272727,93.3,0.9090909090909091,90.2,0.7272727272727273,-0.5,0.2727272727272727,0.5454545454545454,0,1,-1.1,0.36363636363636365,0.3,0
0.09090909090909091,0.18181818181818182,0.2727272727272727,0,0.9090909090909091,5.2,0.7272727272727273,-5,0.18181818181818182,0.5454545454545454,0,1,-0.9,0.18181818181818182,0.35,1
