Metric,Score
accuracy,0.655172413793
recall,0.396551724138
precision,0.396551724138
