Metric,Score
accuracy,0.603448275862
recall,0.310344827586
precision,0.310344827586
