Statistic,Value
Mean,0.50941701524
Std,0.0888149845923
Max,0.682857142857
Min,0.0
Var,0.00788810148812
