algorithm,desc,actualScore,new score
MLPClassifier,relu-sgd-invscaling (10-15-15),0.846153846154,0.59756097561
SVC,poly,0.769230769231,0.40243902439
MLPClassifier,logistic-sgd-invscaling (15-5-10),0.769230769231,0.40243902439
MLPClassifier,tanh-sgd-invscaling (5-15-5),0.769230769231,0.59756097561
NuSVC,kernel: poly,0.692307692308,0.390243902439
NuSVC,kernel: rbf,0.692307692308,0.390243902439
