AAWt,AAMt,Sstruct,SaccW,ShbondsW,SaccM,ShbondsM,yDDG,Result,Positiontype,ProteinPropens,Positionaccept,MOSST,SectorSuperficie,Functionalrelevancefunction,Clinical
0.00405341169693,0.0060801175454,0.00810682339387,0.653409965546,0.0141869409393,0.755555940309,0.00405341169693,-0.035670022933,0.00810682339387,0.00405341169693,0.00972818807264,0.0141058727053,-0.00972818807264,0.00405341169693,0.00972818807264,0
0.0358567517344,0.107570255203,0.107570255203,0.0,0.250997262141,0.0,0.179283758672,-0.831876640238,0.143427006938,0.143427006938,0.0860562041626,0.27537985332,-0.2294832111,0.0358567517344,0.100398904856,1
0.0748711919667,0.0374355959833,0.149742383933,0.419278675013,0.262049171883,0.598969535734,0.187177979917,-0.419278675013,0.0748711919667,0.149742383933,0.0,0.299484767867,-0.17969086072,0.0748711919667,0.0299484767867,0
0.00158022119659,0.00474066358978,0.00474066358978,0.467745474191,0.0110615483761,0.883659693135,0.00158022119659,-0.0050567078291,0.00316044239319,0.00158022119659,0.00252835391455,0.0112511749197,-0.00252835391455,0.00316044239319,0.0,0
0.00363809156893,0.00181904578447,0.00727618313787,0.516609002789,0.0127333204913,0.855679137013,0.00363809156893,-0.0160076029033,0.00363809156893,0.00727618313787,0.00436570988272,0.0138247479619,-0.0116418930206,0.00363809156893,0.00145523662757,0
0.00149160643743,0.00149160643743,0.0044748193123,0.483280485728,0.010441245062,0.87467801491,0.00745803218716,-0.0322186990485,0.00596642574973,0.00149160643743,0.00357985544984,0.00525045465976,-0.00357985544984,0.00298321287486,0.00715971089967,0
0.0014197984482,0.0014197984482,0.0014197984482,0.571326895556,0.0014197984482,0.820075583681,0.007098992241,-0.0272601302055,0.0056791937928,0.0056791937928,0.0,0.0113583875856,-0.00795087130992,0.0014197984482,0.00113583875856,0
0.00552482643037,0.00276241321518,0.0110496528607,0.890602020575,0.0193368925063,0.45303576729,0.0138120660759,0.00662979171644,0.00552482643037,0.00552482643037,0.0132595834329,0.0192263959777,-0.00220993057215,0.00552482643037,0.0132595834329,0
