Statistic,Value
Mean,6.75358649789
Std,2.10645927597
Max,11.0
Min,0.0
Var,4.43717068134
