AAWt,AAMt,Sstruct,SaccW,ShbondsW,SaccM,ShbondsM,yDDG,Result,Positiontype,ProteinPropens,Positionaccept,MOSST,SectorSuperficie,Functionalrelevancefunction,Clinical
0.14285714285714285,0.14285714285714285,0.5714285714285714,20.1,0.8571428571428571,17.3,0.7142857142857143,-3,0.42857142857142855,0.42857142857142855,0.2,0.59,-0.3,0.14285714285714285,0.1,1
0.2857142857142857,0.2857142857142857,0.5714285714285714,0,0.8571428571428571,4.9,0.7142857142857143,-4,0.42857142857142855,0.14285714285714285,0.9,0.47,-0.3,0.14285714285714285,0.35,0
0.14285714285714285,0.14285714285714285,0.5714285714285714,0,0.8571428571428571,0,0.7142857142857143,-1.3,0.14285714285714285,0.14285714285714285,0,1,-1.1,0.2857142857142857,0.5,1
0.2857142857142857,0.2857142857142857,0.2857142857142857,0,0.8571428571428571,2.2,0.7142857142857143,-6.5,0.42857142857142855,0.42857142857142855,0.7,0.78,-0.5,0.42857142857142855,0.1,0
0.14285714285714285,0.14285714285714285,0.2857142857142857,62,0.14285714285714285,61.8,0.2857142857142857,0.6,0.14285714285714285,0.14285714285714285,0.3,0.67,0.6,0.2857142857142857,0.35,1
0.14285714285714285,0.14285714285714285,0.14285714285714285,83.7,0.8571428571428571,88.2,0.2857142857142857,-0.3,0.14285714285714285,0.14285714285714285,0.7,0.47,0.3,0.42857142857142855,0.25,1
0.14285714285714285,0.14285714285714285,0.5714285714285714,19.6,0.8571428571428571,26.2,0.7142857142857143,3.3,0.14285714285714285,0.42857142857142855,-0.1,0.6,-0.5,0.42857142857142855,0.15,0
