Statistic,Value
Mean,28.6479981635
Std,6.41958278955
Max,35.0
Min,13.0
Var,41.2110431919
