AAWt,AAMt,Sstruct,SaccW,ShbondsW,SaccM,ShbondsM,yDDG,Result,Positiontype,ProteinPropens,Positionaccept,MOSST,SectorSuperficie,Functionalrelevancefunction,Clinical
0.42857142857142855,0.14285714285714285,0.42857142857142855,23.5,0.8571428571428571,38.4,0.8571428571428571,-1.6,0.2857142857142857,0.42857142857142855,0,1,-0.9,0.2857142857142857,0.6,0
0.14285714285714285,0.14285714285714285,0.5714285714285714,40.3,0.8571428571428571,36.1,0.8571428571428571,0.6,0.2857142857142857,0.42857142857142855,0.6,0.87,0.3,0.2857142857142857,0.6,1
0.14285714285714285,0.14285714285714285,0.42857142857142855,45.9,0.14285714285714285,58.7,0.14285714285714285,-0.1,0.2857142857142857,0.14285714285714285,1,0.57,0.4,0.14285714285714285,0.1,0
0.14285714285714285,0.14285714285714285,0.5714285714285714,6.7,0.8571428571428571,21.4,0.8571428571428571,-3.5,0.14285714285714285,0.42857142857142855,0.7,0.78,-0.1,0.42857142857142855,0.5,1
0.42857142857142855,0.14285714285714285,0.5714285714285714,93.3,0.8571428571428571,92.8,0.8571428571428571,-0.6,0.14285714285714285,0.42857142857142855,0,1,-0.3,0.42857142857142855,0.3,0
0.42857142857142855,0.14285714285714285,0.5714285714285714,93.3,0.8571428571428571,96.3,0.8571428571428571,-1,0.2857142857142857,0.42857142857142855,0,1,-1,0.42857142857142855,0.3,1
0.14285714285714285,0.14285714285714285,0.42857142857142855,6,0.8571428571428571,4.7,0.8571428571428571,0.5,0.14285714285714285,0.42857142857142855,0.5,0.61,-0.3,0.14285714285714285,0.6,1
