AAWt,AAMt,Sstruct,SaccW,ShbondsW,SaccM,ShbondsM,yDDG,Result,Positiontype,ProteinPropens,Positionaccept,MOSST,SectorSuperficie,Functionalrelevancefunction,Clinical
0.18181818181818182,0.09090909090909091,0.18181818181818182,96.5,0.09090909090909091,95.3,0.18181818181818182,0.3,0.36363636363636365,0.2727272727272727,0.4,0.6,0.2,0.2727272727272727,0.3,0
0.09090909090909091,0.18181818181818182,0.09090909090909091,27.7,0.18181818181818182,34.7,0.8181818181818182,0.4,0.36363636363636365,0.5454545454545454,0,1,-1.3,0.09090909090909091,0.1,1
0.18181818181818182,0.09090909090909091,0.36363636363636365,0,0.7272727272727273,0,0.8181818181818182,-0.8,0.09090909090909091,0.5454545454545454,0.3,0.96,0,0.18181818181818182,0.1,0
0.18181818181818182,0.09090909090909091,0.18181818181818182,6.7,0.7272727272727273,38.3,0.8181818181818182,-2.2,0.18181818181818182,0.2727272727272727,0.7,0.78,-0.5,0.2727272727272727,0.5,0
0.09090909090909091,0.09090909090909091,0.18181818181818182,12.8,0.7272727272727273,39.6,0.18181818181818182,2.7,0.18181818181818182,0.5454545454545454,0,1,-0.5,0.09090909090909091,0.6,0
0.09090909090909091,0.09090909090909091,0.36363636363636365,0,0.7272727272727273,4.9,0.8181818181818182,-4,0.18181818181818182,0.09090909090909091,0.9,0.47,-0.3,0.18181818181818182,0.35,0
0.09090909090909091,0.18181818181818182,0.36363636363636365,12.1,0.18181818181818182,28.6,0.8181818181818182,1.5,0.09090909090909091,0.5454545454545454,0.3,0.97,-0.7,0.2727272727272727,0.6,1
0.09090909090909091,0.18181818181818182,0.18181818181818182,25.3,0.7272727272727273,15.7,0.8181818181818182,-1.4,0.09090909090909091,0.5454545454545454,0.3,0.97,-0.7,0.18181818181818182,0.25,1
0.09090909090909091,0.18181818181818182,0.36363636363636365,0,0.7272727272727273,0,0.8181818181818182,2.5,0.18181818181818182,0.5454545454545454,0,1,-0.3,0.18181818181818182,0.5,1
0.09090909090909091,0.09090909090909091,0.18181818181818182,50.8,0.7272727272727273,62.7,0.8181818181818182,0.3,0.36363636363636365,0.2727272727272727,1,0.63,-0.2,0.18181818181818182,0.25,0
0.18181818181818182,0.09090909090909091,0.18181818181818182,59.5,0.7272727272727273,67.4,0.8181818181818182,0,0.36363636363636365,0.09090909090909091,0.9,0.56,0.4,0.18181818181818182,0.1,1
