AAWt,AAMt,Sstruct,SaccW,ShbondsW,SaccM,ShbondsM,yDDG,Result,Positiontype,ProteinPropens,Positionaccept,MOSST,SectorSuperficie,Functionalrelevancefunction,Clinical
0.008814965406421186,0.008814965406421186,0.008814965406421186,0.7466275699238745,0.008814965406421186,0.654070433156452,0.052889792438527115,0.024681903137979324,0.035259861625684744,0.026444896219263558,0.018511427353484492,0.059853615109599856,-0.05553428206045347,0.026444896219263558,0.037022854706968984,0
0.013369721756322232,0.013369721756322232,0.026739443512644463,0.0,0.053478887025288926,0.9358805229425563,0.0802183305379334,-0.3088405725710436,0.026739443512644463,0.0401091652689667,0.0,0.09358805229425564,-0.04679402614712782,0.013369721756322232,0.07019103922069173,0
0.00131982310600298,0.00131982310600298,0.00131982310600298,0.5635644662632725,0.00527929242401192,0.825945299736665,0.00791893863601788,0.0,0.00527929242401192,0.00395946931800894,0.000923876174202086,0.0070214589239358536,-0.000923876174202086,0.00395946931800894,0.001847752348404172,1
0.00366431413953046,0.00732862827906092,0.00732862827906092,0.17185633314397858,0.01465725655812184,0.9824026208081164,0.02198588483718276,-0.056430437748769095,0.00732862827906092,0.01099294241859138,0.017955139283699253,0.020007155201836314,-0.01282509948835661,0.01099294241859138,0.01282509948835661,0
0.002330183357375744,0.002330183357375744,0.004660366714751488,0.8204575601319994,0.004660366714751488,0.5708949225570573,0.013981100144254462,0.001631128350163021,0.009320733429502976,0.006990550072127231,0.0,0.01631128350163021,-0.01631128350163021,0.002330183357375744,0.001631128350163021,1
0.001563481071543799,0.003126962143087598,0.003126962143087598,0.7124783243025091,0.003126962143087598,0.7015339568017026,0.001563481071543799,-0.004377747000322637,0.006253924286175196,0.004690443214631397,0.0010944367500806593,0.008755494000645275,0.0,0.001563481071543799,0.005472183750403296,1
0.0010798331949638355,0.0010798331949638355,0.0010798331949638355,0.7362302723263431,0.004319332779855342,0.676515496644843,0.006478999169783013,-0.013605898256544327,0.0010798331949638355,0.0010798331949638355,0.0022676497094240547,0.005820300920855074,0.0,0.0010798331949638355,0.0,0
