AAWt,AAMt,Sstruct,SaccW,ShbondsW,SaccM,ShbondsM,yDDG,Result,Positiontype,ProteinPropens,Positionaccept,MOSST,SectorSuperficie,Functionalrelevancefunction,Clinical
0.142857142857,0.285714285714,0.142857142857,40.3,0.857142857143,20.5,0.714285714286,0.3,0.571428571429,0.857142857143,0.6,0.87,-0.1,0.142857142857,0.6,0
0.285714285714,0.142857142857,0.571428571429,11.1,0.857142857143,16.5,0.714285714286,0.2,0.571428571429,0.857142857143,0.5,0.91,-0.3,0.285714285714,0.5,0
0.142857142857,0.142857142857,0.142857142857,0,0.857142857143,0,0.714285714286,-1,0.285714285714,0.142857142857,0,1,-1.1,0.142857142857,0.35,1
0.142857142857,0.142857142857,0.142857142857,82.8,0.142857142857,74.3,0.285714285714,-0.7,0.285714285714,0.857142857143,0.8,0.64,-0.2,0.142857142857,0.1,0
0.142857142857,0.285714285714,0.571428571429,0,0.857142857143,0.2,0.714285714286,0,0.571428571429,0.857142857143,0.7,0.78,0,0.142857142857,0.1,0
0.285714285714,0.142857142857,0.571428571429,11.1,0.857142857143,46.4,0.285714285714,-0.4,0.571428571429,0.857142857143,0.5,0.91,-0.8,0.285714285714,0.5,0
0.142857142857,0.142857142857,0.571428571429,21.2,0.857142857143,25.6,0.714285714286,0.8,0.142857142857,0.857142857143,0,0.83,-0.6,0.142857142857,0.25,0
