AAWt,AAMt,Sstruct,SaccW,ShbondsW,SaccM,ShbondsM,yDDG,Result,Positiontype,ProteinPropens,Positionaccept,MOSST,SectorSuperficie,Functionalrelevancefunction,Clinical
0.001889616791320454,0.001889616791320454,0.001889616791320454,0.7361947018984489,0.007558467165281816,0.6764828112927226,0.007558467165281816,-0.01360524089750727,0.005668850373961362,0.001889616791320454,0.002267540149584545,0.0058200197172669985,0.0,0.001889616791320454,0.0,0
0.005665272300010717,0.0028326361500053583,0.005665272300010717,0.8713188797416482,0.011330544600021433,0.48947952672092593,0.011330544600021433,-0.02152803474004072,0.008497908450016075,0.008497908450016075,0.0,0.011330544600021433,-0.011330544600021433,0.0028326361500053583,0.0033991633800064297,1
0.0051244411749295365,0.0051244411749295365,0.0051244411749295365,0.5493400939524463,0.020497764699718146,0.8342590232785286,0.020497764699718146,0.0,0.0051244411749295365,0.01537332352478861,0.0,0.020497764699718146,-0.024597317639661775,0.0051244411749295365,0.0020497764699718146,0
0.0037282902259314524,0.0018641451129657262,0.0037282902259314524,0.6956989561588091,0.007456580451862905,0.7180686975143977,0.007456580451862905,-0.007456580451862905,0.005592435338897178,0.005592435338897178,0.0,0.007456580451862905,-0.007456580451862905,0.0018641451129657262,0.0022369741355588715,1
