AAWt,AAMt,Sstruct,SaccW,ShbondsW,SaccM,ShbondsM,yDDG,Result,Positiontype,ProteinPropens,Positionaccept,MOSST,SectorSuperficie,Functionalrelevancefunction,Clinical
0.0133759067448,0.0133759067448,0.0535036269791,0.0,0.107007253958,0.695547150729,0.107007253958,-0.668795337239,0.0401277202344,0.0802554404687,0.0,0.133759067448,-0.120383160703,0.0133759067448,0.0468156736068,1
0.0184963311542,0.0369926623083,0.0739853246167,0.0924816557709,0.147970649233,0.739853246167,0.147970649233,0.554889934625,0.0369926623083,0.110977986925,0.0,0.184963311542,-0.184963311542,0.0554889934625,0.0,0
0.00891906301931,0.00445953150965,0.013378594529,0.64217253739,0.00445953150965,0.762579888151,0.00445953150965,0.0490548466062,0.00891906301931,0.00445953150965,0.00891906301931,0.0214057512463,0.0356762520772,0.013378594529,0.0356762520772,0
0.00380785003583,0.00761570007165,0.00761570007165,0.2551259524,0.0304628002866,0.963386059064,0.0304628002866,0.0456942004299,0.00761570007165,0.00761570007165,0.0266549502508,0.0297012302794,-0.022847100215,0.0114235501075,0.0190392501791,1
0.0182478105994,0.0182478105994,0.0729912423974,0.0,0.145982484795,0.0,0.145982484795,-0.930638340567,0.0547434317981,0.109486863596,0.0547434317981,0.175178981754,-0.182478105994,0.0547434317981,0.0182478105994,1
0.0249002872464,0.0249002872464,0.0747008617392,0.0,0.199202297971,0.0747008617392,0.199202297971,-0.89641034087,0.0747008617392,0.0498005744928,0.174302010725,0.194222240522,-0.149401723478,0.0747008617392,0.0249002872464,0
0.00418182009561,0.0020909100478,0.00627273014341,0.968091352133,0.0167272803824,0.246727385641,0.0167272803824,0.0020909100478,0.00418182009561,0.0125454602868,0.0,0.020909100478,-0.0250909205736,0.0020909100478,0.00731818516731,0
0.00239592617207,0.00239592617207,0.00479185234414,0.306678550025,0.0191674093766,0.94878676414,0.00239592617207,0.0646900066459,0.00479185234414,0.0143755570324,0.0,0.0239592617207,-0.0119796308604,0.00239592617207,0.0143755570324,0
0.000755879860774,0.000755879860774,0.000755879860774,0.736226984394,0.00604703888619,0.676512475393,0.00604703888619,-0.0136058374939,0.000755879860774,0.000755879860774,0.00226763958232,0.00582027492796,0.0,0.000755879860774,0.0,0
0.00617271132096,0.00617271132096,0.0246908452838,0.746898069836,0.00617271132096,0.654307400022,0.0493816905677,0.0246908452838,0.0123454226419,0.0370362679258,0.0185181339629,0.0598752998133,-0.0555544018886,0.0185181339629,0.0370362679258,0
