AAWt,AAMt,Sstruct,SaccW,ShbondsW,SaccM,ShbondsM,yDDG,Result,Positiontype,ProteinPropens,Positionaccept,MOSST,SectorSuperficie,Functionalrelevancefunction
0.00586168364294,0.00317507863993,0.019294708658,0.694023343324,0.0464049955066,0.706528268429,0.0478704164174,0.0875344757346,0.00586168364294,0.0239352082087,0.0312623127624,0.0568974092275,-0.0250098502099,0.0141657354704,0.0312623127624
0.00129714356626,0.00145928651204,0.0137821503915,0.718098678282,0.00794500434335,0.676590084162,0.00599928899396,0.141129220009,0.00178357240361,0.0194571534939,0.0,0.0415085941203,-0.0539611723564,0.00940429085539,0.0352823050023
0.00438241968127,0.00525890361752,0.034621115482,0.673139663042,0.0832659739441,0.63948267989,0.0858954257528,0.325350837137,0.00482066164939,0.0429477128764,0.0560949719202,0.0684358657427,-0.0448759775362,0.0170914367569,0.0673139663042
