AAWt,AAMt,Sstruct,SaccW,ShbondsW,SaccM,ShbondsM,yDDG,Result,Positiontype,ProteinPropens,Positionaccept,MOSST,SectorSuperficie,Functionalrelevancefunction,Clinical
0.0399807339283,0.0133269113094,0.0533076452377,0.0,0.0799614678565,0.932883791659,0.0666345565471,-0.307851651248,0.0266538226188,0.0533076452377,0.0,0.0932883791659,-0.046644189583,0.0133269113094,0.0699662843744,0
0.0715070533567,0.143014106713,0.21452116007,0.0,0.42904232014,0.0,0.357535266783,-0.100109874699,0.21452116007,0.286028213427,0.0,0.500549373497,-0.400439498797,0.0715070533567,0.250274686748,0
0.025589762867,0.0511795257341,0.0767692886011,0.214954008083,0.153538577202,0.143302672055,0.127948814335,-0.895641700346,0.0511795257341,0.102359051468,0.0,0.179128340069,-0.161215506062,0.102359051468,0.0179128340069,0
0.00292870259241,0.00292870259241,0.0117148103696,0.549424606336,0.0175722155544,0.834387368577,0.014643512962,0.0,0.00878610777722,0.0117148103696,0.0,0.0205009181469,-0.0246011017762,0.00292870259241,0.00205009181469,0
0.0677074193457,0.0451382795638,0.0677074193457,0.774121494519,0.0225691397819,0.47395193542,0.0225691397819,0.331766354794,0.0225691397819,0.0677074193457,0.110588784931,0.115328304285,-0.0315967956946,0.0902765591276,0.118487983855,0
0.0166723030379,0.00555743434598,0.0222297373839,0.431812648682,0.0333446060759,0.898637133745,0.0277871717299,-0.0155608161687,0.0166723030379,0.0166723030379,0.0194510202109,0.0354008567839,0.0,0.0222297373839,0.0194510202109,1
0.00139341254773,0.00278682509546,0.00557365019092,0.727640032425,0.00836047528638,0.685698314738,0.00139341254773,0.0107292766175,0.00139341254773,0.00418023764319,0.0,0.00770557138895,-0.00292616635023,0.00557365019092,0.00341386074194,1
