AAWt,AAMt,Sstruct,SaccW,ShbondsW,SaccM,ShbondsM,yDDG,Result,Positiontype,ProteinPropens,Positionaccept,MOSST,SectorSuperficie,Functionalrelevancefunction,Clinical
0.18181818181818182,0.09090909090909091,0.2727272727272727,7.3,0.7272727272727273,16.2,0.9090909090909091,-1.3,0.36363636363636365,0.45454545454545453,0,1,-1.1,0.2727272727272727,0.95,0
0.2727272727272727,0.09090909090909091,0.2727272727272727,20.4,0.7272727272727273,47.5,0.9090909090909091,0.3,0.36363636363636365,0.18181818181818182,0.6,0.84,0,0.18181818181818182,0.1,0
0.09090909090909091,0.09090909090909091,0.09090909090909091,39.9,0.7272727272727273,26.9,0.09090909090909091,-0.3,0.36363636363636365,0.36363636363636365,0.4,0.56,0.6,0.09090909090909091,0,1
0.18181818181818182,0.2727272727272727,0.2727272727272727,7.3,0.7272727272727273,0.6,0.9090909090909091,0,0.36363636363636365,0.45454545454545453,0,1,-1.1,0.2727272727272727,0.95,1
0.2727272727272727,0.2727272727272727,0.36363636363636365,93.3,0.7272727272727273,90.2,0.9090909090909091,-0.5,0.09090909090909091,0.45454545454545453,0,1,-1.1,0.18181818181818182,0.3,0
0.09090909090909091,0.09090909090909091,0.36363636363636365,35.7,0.18181818181818182,35.4,0.9090909090909091,2.2,0.09090909090909091,0.36363636363636365,0.4,0.76,-0.4,0.09090909090909091,0.25,1
0.09090909090909091,0.18181818181818182,0.09090909090909091,97.4,0.7272727272727273,89.5,0.9090909090909091,-1.8,0.36363636363636365,0.18181818181818182,0.3,0.77,0,0.09090909090909091,0,0
0.09090909090909091,0.09090909090909091,0.36363636363636365,6.7,0.7272727272727273,25.3,0.9090909090909091,1.2,0.09090909090909091,0.36363636363636365,0.7,0.78,-0.6,0.18181818181818182,0.5,1
0.2727272727272727,0.2727272727272727,0.36363636363636365,76.9,0.7272727272727273,43.2,0.9090909090909091,-1.9,0.36363636363636365,0.45454545454545453,0,1,-1,0.09090909090909091,0.3,1
0.09090909090909091,0.09090909090909091,0.09090909090909091,4.9,0.09090909090909091,12.7,0.9090909090909091,-1.4,0.36363636363636365,0.36363636363636365,0.7,0.73,0.2,0.2727272727272727,0.75,1
0.09090909090909091,0.18181818181818182,0.09090909090909091,27.7,0.18181818181818182,34.7,0.9090909090909091,0.4,0.36363636363636365,0.45454545454545453,0,1,-1.3,0.18181818181818182,0.1,1
