AAWt,AAMt,Sstruct,SaccW,ShbondsW,SaccM,ShbondsM,yDDG,Result,Positiontype,ProteinPropens,Positionaccept,MOSST,SectorSuperficie,Functionalrelevancefunction,Clinical
0.14285714285714285,0.14285714285714285,0.2857142857142857,57.5,1.0,70.8,0.7142857142857143,-1.3,0.2857142857142857,0.42857142857142855,0.9,0.31,0.1,0.2857142857142857,0.35,1
0.14285714285714285,0.14285714285714285,0.14285714285714285,76.9,1.0,43.2,0.7142857142857143,-1.9,0.2857142857142857,0.5714285714285714,0,1,-1,0.14285714285714285,0.3,1
0.14285714285714285,0.14285714285714285,0.2857142857142857,0,1.0,0,0.7142857142857143,0,0.2857142857142857,0.5714285714285714,0,1,-1.3,0.14285714285714285,0.5,1
0.2857142857142857,0.14285714285714285,0.2857142857142857,11.1,1.0,11.3,0.7142857142857143,1.4,0.2857142857142857,0.42857142857142855,0.5,0.91,-0.4,0.14285714285714285,0.5,1
0.14285714285714285,0.2857142857142857,0.14285714285714285,18.3,1.0,27.8,0.14285714285714285,0.9,0.14285714285714285,0.42857142857142855,0.5,0.85,-0.7,0.14285714285714285,0.8,1
0.2857142857142857,0.14285714285714285,0.2857142857142857,0,1.0,6,0.7142857142857143,1.6,0.2857142857142857,0.5714285714285714,0,1,-1,0.14285714285714285,0.75,0
0.14285714285714285,0.2857142857142857,0.14285714285714285,25.3,1.0,40.3,0.14285714285714285,0.1,0.2857142857142857,0.5714285714285714,0.3,0.97,-1,0.2857142857142857,0.25,0
