Statistic,Value
Mean,0.506313131313
Std,0.102007387434
Max,0.727272727273
Min,0.0909090909091
Var,0.0104055070912
