Statistic,Value
Mean,0.397028132565
Std,0.14574737347
Max,0.818181818182
Min,0.0
Var,0.0212422968735
