Metric,Score
accuracy,0.584130434783
recall,0.523636363636
precision,0.544102564103
neg_log_loss,-0.686396380454
f1,0.521343319937
