AAWt,AAMt,Sstruct,SaccW,ShbondsW,SaccM,ShbondsM,yDDG,Result,Positiontype,ProteinPropens,Positionaccept,MOSST,SectorSuperficie,Functionalrelevancefunction,Clinical
0.09090909090909091,0.09090909090909091,0.2727272727272727,29.8,0.8181818181818182,33.5,0.8181818181818182,-2.1,0.45454545454545453,0.45454545454545453,0,0.81,-0.1,0.18181818181818182,0.2,0
0.18181818181818182,0.18181818181818182,0.2727272727272727,44.8,0.09090909090909091,29.5,0.8181818181818182,-2.4,0.45454545454545453,0.2727272727272727,0.8,0.28,-0.1,0.2727272727272727,0.15,0
0.09090909090909091,0.09090909090909091,0.18181818181818182,9.8,0.8181818181818182,20.3,0.8181818181818182,-3.2,0.45454545454545453,0.2727272727272727,0,1,-0.8,0.09090909090909091,0.1,0
0.09090909090909091,0.09090909090909091,0.09090909090909091,64.7,0.8181818181818182,68.4,0.18181818181818182,-0.3,0.18181818181818182,0.45454545454545453,0.7,0.53,0.2,0.18181818181818182,0.1,1
0.18181818181818182,0.2727272727272727,0.18181818181818182,6.7,0.8181818181818182,25.3,0.8181818181818182,1.2,0.09090909090909091,0.45454545454545453,0.7,0.78,-0.6,0.2727272727272727,0.5,1
0.2727272727272727,0.2727272727272727,0.2727272727272727,59.5,0.8181818181818182,54.4,0.8181818181818182,1,0.18181818181818182,0.2727272727272727,0.9,0.56,0.3,0.2727272727272727,0.1,0
0.18181818181818182,0.2727272727272727,0.18181818181818182,18.3,0.8181818181818182,29.5,0.8181818181818182,0.8,0.18181818181818182,0.45454545454545453,0.5,0.85,-0.5,0.2727272727272727,0.8,0
0.09090909090909091,0.09090909090909091,0.2727272727272727,17.3,0.09090909090909091,16.3,0.18181818181818182,3.4,0.09090909090909091,0.2727272727272727,0,1,-1.3,0.09090909090909091,0.85,1
0.2727272727272727,0.09090909090909091,0.2727272727272727,26.8,0.8181818181818182,54.1,0.8181818181818182,-2.8,0.45454545454545453,0.2727272727272727,0,1,-1.2,0.09090909090909091,0.1,0
0.2727272727272727,0.09090909090909091,0.2727272727272727,59.5,0.8181818181818182,67.4,0.8181818181818182,0,0.18181818181818182,0.2727272727272727,0.9,0.56,0.4,0.2727272727272727,0.1,1
0.18181818181818182,0.18181818181818182,0.18181818181818182,18.3,0.8181818181818182,12.9,0.8181818181818182,-3.5,0.45454545454545453,0.45454545454545453,0.5,0.85,-0.8,0.2727272727272727,0.8,0
