AAWt,AAMt,Sstruct,SaccW,ShbondsW,SaccM,ShbondsM,yDDG,Result,Positiontype,ProteinPropens,Positionaccept,MOSST,SectorSuperficie,Functionalrelevancefunction,Clinical
0.0456911662385,0.091382332477,0.137073498715,0.0,0.365529329908,0.0,0.411220496146,0.0,0.137073498715,0.182764664954,0.0,0.456911662385,-0.5939851611,0.0456911662385,0.228455831192,1
0.0938429496361,0.0938429496361,0.140764424454,0.0938429496361,0.375371798544,0.140764424454,0.422293273363,-0.516136222999,0.0469214748181,0.281528848908,0.281528848908,0.417601125881,-0.0469214748181,0.0938429496361,0.0469214748181,0
0.0124396488859,0.0248792977718,0.0248792977718,0.908094368672,0.0995171910873,0.211474031061,0.0124396488859,-0.286111924376,0.0621982444296,0.0497585955437,0.0,0.124396488859,-0.0373189466577,0.0124396488859,0.118176664416,1
0.00439040790461,0.00439040790461,0.0131712237138,0.294157329609,0.0351232632368,0.939547291586,0.0395136711415,-0.153664276661,0.021952039523,0.0263424474276,0.0307328553322,0.0342451816559,-0.00439040790461,0.0175616316184,0.021952039523,1
0.00139724122463,0.00279448244926,0.00419172367389,0.732154401707,0.00139724122463,0.679059235171,0.0125751710217,-0.0461089604128,0.00698620612316,0.00838344734779,0.00279448244926,0.0127148951441,-0.011177929797,0.00558896489852,0.00838344734779,0
0.000923863018207,0.00184772603641,0.00184772603641,0.563556441106,0.00739090414566,0.825933538277,0.00831476716386,0.0,0.00277158905462,0.00554317810924,0.000923863018207,0.00702135893837,-0.000923863018207,0.00369545207283,0.00184772603641,1
0.00369403982231,0.00184701991115,0.00554105973346,0.744349024195,0.0147761592892,0.666774187926,0.0166231792004,0.0110821194669,0.00554105973346,0.0110821194669,0.0110821194669,0.016069073227,0.00554105973346,0.00184701991115,0.0110821194669,1
0.0323719540815,0.064743908163,0.0971158622445,0.0,0.258975632652,0.776926897956,0.291347586734,-0.258975632652,0.0323719540815,0.129487816326,0.0,0.323719540815,-0.161859770408,0.0323719540815,0.113301839285,1
0.00626157504513,0.0125231500903,0.0125231500903,0.24420142676,0.00626157504513,0.95175940686,0.0563541754062,-0.150277801083,0.0313078752257,0.0375694502708,0.0313078752257,0.0551018603972,-0.0187847251354,0.0250463001805,0.0313078752257,0
0.0193482964273,0.0386965928545,0.0386965928545,0.0,0.154786371418,0.793280153518,0.174134667845,-0.483707410682,0.0967414821363,0.0773931857091,0.0,0.193482964273,-0.154786371418,0.0386965928545,0.0290224446409,0
