AAWt,AAMt,Sstruct,SaccW,ShbondsW,SaccM,ShbondsM,yDDG,Result,Positiontype,ProteinPropens,Positionaccept,MOSST,SectorSuperficie,Functionalrelevancefunction,Clinical
0.18181818181818182,0.09090909090909091,0.2727272727272727,0,1.0,0,0.9090909090909091,1.9,0.18181818181818182,0.5454545454545454,0,1,-1.3,0.09090909090909091,0.75,0
0.18181818181818182,0.09090909090909091,0.36363636363636365,9.8,1.0,20.3,0.9090909090909091,-3.2,0.5454545454545454,0.5454545454545454,0,1,-0.8,0.18181818181818182,0.1,0
0.18181818181818182,0.18181818181818182,0.2727272727272727,45.4,1.0,27.8,0.9090909090909091,-3,0.5454545454545454,0.36363636363636365,0.1,0.57,-0.4,0.2727272727272727,0.1,1
0.09090909090909091,0.09090909090909091,0.09090909090909091,6.8,1.0,6,0.9090909090909091,-2.2,0.5454545454545454,0.5454545454545454,0.3,0.97,-0.4,0.18181818181818182,0.2,0
0.18181818181818182,0.09090909090909091,0.2727272727272727,46.3,1.0,11.6,0.9090909090909091,1.8,0.18181818181818182,0.5454545454545454,0,1,-1,0.2727272727272727,0.35,1
0.18181818181818182,0.18181818181818182,0.36363636363636365,1.4,1.0,2,0.9090909090909091,-4.9,0.5454545454545454,0.5454545454545454,0,1,-1,0.18181818181818182,0.1,0
0.09090909090909091,0.18181818181818182,0.36363636363636365,6.7,1.0,21.4,0.9090909090909091,-3.5,0.5454545454545454,0.36363636363636365,0.7,0.78,-0.1,0.18181818181818182,0.5,1
0.09090909090909091,0.09090909090909091,0.2727272727272727,25.4,1.0,36.1,0.9090909090909091,-1,0.2727272727272727,0.5454545454545454,0,1,-0.5,0.18181818181818182,0,0
0.18181818181818182,0.18181818181818182,0.2727272727272727,0,1.0,0,0.9090909090909091,-1.3,0.2727272727272727,0.09090909090909091,0.7,0.25,-0.1,0.2727272727272727,0,1
0.09090909090909091,0.09090909090909091,0.36363636363636365,57.7,1.0,87.8,0.09090909090909091,-1.2,0.2727272727272727,0.36363636363636365,0.7,0.79,0.1,0.09090909090909091,0.35,0
0.09090909090909091,0.09090909090909091,0.2727272727272727,29.8,1.0,33.5,0.9090909090909091,-2.1,0.5454545454545454,0.36363636363636365,0,0.81,-0.1,0.18181818181818182,0.2,0
