AAWt,AAMt,Sstruct,SaccW,ShbondsW,SaccM,ShbondsM,yDDG,Result,Positiontype,ProteinPropens,Positionaccept,MOSST,SectorSuperficie,Functionalrelevancefunction,Clinical
0.00524990194745,0.00524990194745,0.00524990194745,0.531290077082,0.0157497058423,0.846284193928,0.0104998038949,0.00209996077898,0.00524990194745,0.0104998038949,0.00629988233694,0.0203696195561,-0.0209996077898,0.00524990194745,0.00524990194745,0
0.00787574216477,0.00787574216477,0.0157514843295,0.633209670048,0.0236272264943,0.76237184155,0.0157514843295,-0.126011874636,0.0157514843295,0.00787574216477,0.00630059373182,0.0185867515089,-0.00315029686591,0.00787574216477,0.00315029686591,1
0.0046545465897,0.0046545465897,0.0093090931794,0.834094748875,0.0046545465897,0.549236497585,0.0093090931794,-0.0446836472611,0.0093090931794,0.0046545465897,0.014894549087,0.00521309218047,-0.00186181863588,0.0046545465897,0.00279272795382,0
0.003127273597,0.003127273597,0.003127273597,0.522880145418,0.00938182079099,0.851869327822,0.00625454719399,0.0200145510208,0.003127273597,0.00625454719399,0.0,0.0118836396686,-0.012509094388,0.003127273597,0.0012509094388,0
