AAWt,AAMt,Sstruct,SaccW,ShbondsW,SaccM,ShbondsM,yDDG,Result,Positiontype,ProteinPropens,Positionaccept,MOSST,SectorSuperficie,Functionalrelevancefunction,Clinical
0.09090909090909091,0.18181818181818182,0.36363636363636365,7.3,1.0,16.2,0.7272727272727273,-1.3,0.18181818181818182,0.36363636363636365,0,1,-1.1,0.2727272727272727,0.95,0
0.09090909090909091,0.09090909090909091,0.36363636363636365,37.1,1.0,41.4,0.18181818181818182,-0.6,0.09090909090909091,0.36363636363636365,0.6,0.85,0.3,0.09090909090909091,0.6,1
0.09090909090909091,0.09090909090909091,0.18181818181818182,40.5,1.0,29.7,0.7272727272727273,-3.3,0.36363636363636365,0.2727272727272727,0.3,0.44,-0.3,0.2727272727272727,0.6,0
0.09090909090909091,0.09090909090909091,0.36363636363636365,0,1.0,5.5,0.7272727272727273,-1.5,0.18181818181818182,0.36363636363636365,0,1,-0.6,0.09090909090909091,0.15,1
0.18181818181818182,0.09090909090909091,0.36363636363636365,40.3,1.0,36.1,0.7272727272727273,0.6,0.18181818181818182,0.36363636363636365,0.6,0.87,0.3,0.09090909090909091,0.6,1
0.18181818181818182,0.09090909090909091,0.36363636363636365,111.8,1.0,93.3,0.09090909090909091,-0.4,0.18181818181818182,0.36363636363636365,0.5,0.62,-0.4,0.09090909090909091,0.55,1
0.09090909090909091,0.18181818181818182,0.18181818181818182,0,1.0,0,0.7272727272727273,1.9,0.18181818181818182,0.2727272727272727,0.7,0.25,1.1,0.2727272727272727,0,1
0.09090909090909091,0.09090909090909091,0.36363636363636365,9.8,1.0,17.2,0.18181818181818182,-3.4,0.36363636363636365,0.36363636363636365,0,1,-0.9,0.09090909090909091,0.1,0
0.09090909090909091,0.09090909090909091,0.09090909090909091,6.8,1.0,15.1,0.7272727272727273,-4.9,0.36363636363636365,0.36363636363636365,0.3,0.97,-0.9,0.18181818181818182,0.2,0
0.09090909090909091,0.18181818181818182,0.36363636363636365,24.3,1.0,14.2,0.7272727272727273,1.5,0.18181818181818182,0.2727272727272727,0,0.41,0.7,0.18181818181818182,0,1
0.09090909090909091,0.18181818181818182,0.36363636363636365,6.7,1.0,38.3,0.7272727272727273,-2.2,0.36363636363636365,0.36363636363636365,0.7,0.78,-0.5,0.09090909090909091,0.5,0
