AAWt,AAMt,Sstruct,SaccW,ShbondsW,SaccM,ShbondsM,yDDG,Result,Positiontype,ProteinPropens,Positionaccept,MOSST,SectorSuperficie,Functionalrelevancefunction,Clinical
0.2727272727272727,0.09090909090909091,0.09090909090909091,6.8,0.7272727272727273,7.9,0.6363636363636364,-1.5,0.5454545454545454,0.45454545454545453,0.3,0.97,-0.5,0.09090909090909091,0.2,1
0.09090909090909091,0.09090909090909091,0.18181818181818182,68.8,0.2727272727272727,50.2,0.18181818181818182,-0.4,0.18181818181818182,0.45454545454545453,0,1,-0.8,0.18181818181818182,0,0
0.2727272727272727,0.09090909090909091,0.36363636363636365,57.5,0.7272727272727273,70.8,0.6363636363636364,-1.3,0.5454545454545454,0.5454545454545454,0.9,0.31,0.1,0.09090909090909091,0.35,1
0.18181818181818182,0.18181818181818182,0.36363636363636365,4.9,0.2727272727272727,3.1,0.6363636363636364,-1.8,0.5454545454545454,0.5454545454545454,0.7,0.73,0,0.36363636363636365,0.75,0
0.09090909090909091,0.09090909090909091,0.18181818181818182,12.8,0.7272727272727273,17.4,0.18181818181818182,-1.2,0.5454545454545454,0.45454545454545453,0,1,-0.8,0.09090909090909091,0.6,0
0.18181818181818182,0.18181818181818182,0.36363636363636365,4.9,0.2727272727272727,2.1,0.6363636363636364,2.5,0.18181818181818182,0.5454545454545454,0.7,0.73,-0.4,0.36363636363636365,0.75,1
0.09090909090909091,0.18181818181818182,0.18181818181818182,78.1,0.7272727272727273,78.6,0.6363636363636364,-1,0.5454545454545454,0.5454545454545454,-0.1,0.21,0,0.36363636363636365,0,1
0.2727272727272727,0.18181818181818182,0.36363636363636365,1.2,0.7272727272727273,3.4,0.6363636363636364,-0.6,0.09090909090909091,0.45454545454545453,0,1,-0.5,0.36363636363636365,0.1,0
0.09090909090909091,0.18181818181818182,0.09090909090909091,38.7,0.7272727272727273,56.6,0.18181818181818182,-1.7,0.5454545454545454,0.45454545454545453,0,1,-1.1,0.18181818181818182,0.1,1
0.09090909090909091,0.18181818181818182,0.09090909090909091,39.9,0.7272727272727273,27.5,0.6363636363636364,2.8,0.18181818181818182,0.5454545454545454,0.4,0.56,-0.4,0.09090909090909091,0,1
0.09090909090909091,0.09090909090909091,0.18181818181818182,111.8,0.7272727272727273,93.3,0.18181818181818182,-0.4,0.18181818181818182,0.5454545454545454,0.5,0.62,-0.4,0.09090909090909091,0.55,1
