Statistic,Value
Mean,0.0354500768049
Std,0.0366812523879
Max,0.131666666667
Min,0.0
Var,0.00134551427675
