AAWt,AAMt,Sstruct,SaccW,ShbondsW,SaccM,ShbondsM,yDDG,Result,Positiontype,ProteinPropens,Positionaccept,MOSST,SectorSuperficie,Functionalrelevancefunction,Clinical
0.0769230769231,0.153846153846,0.230769230769,1.2,0.692307692308,0.8,0.846153846154,-5,0.384615384615,0.461538461538,0,1,-0.9,0.307692307692,0.1,0
0.0769230769231,0.0769230769231,0.153846153846,18.8,0.692307692308,43.1,0.846153846154,-0.4,0.384615384615,0.461538461538,0,1,-0.9,0.0769230769231,0.1,1
0.0769230769231,0.153846153846,0.461538461538,63.3,0.230769230769,97.8,0.153846153846,-0.4,0.384615384615,0.461538461538,0,1,-0.3,0.307692307692,1,1
0.0769230769231,0.0769230769231,0.461538461538,12.8,0.692307692308,33.3,0.846153846154,-3.5,0.384615384615,0.461538461538,0,1,-1.2,0.307692307692,0.6,0
0.153846153846,0.0769230769231,0.461538461538,6.7,0.692307692308,30.5,0.153846153846,0.5,0.384615384615,0.461538461538,0.7,0.78,0.1,0.307692307692,0.5,0
0.0769230769231,0.0769230769231,0.230769230769,37,0.692307692308,48.6,0.846153846154,1.7,0.0769230769231,0.0769230769231,0.2,0.89,-0.4,0.307692307692,0,1
0.153846153846,0.0769230769231,0.153846153846,11.1,0.692307692308,23.1,0.846153846154,-0.4,0.384615384615,0.461538461538,0.5,0.91,0,0.307692307692,0.5,1
0.0769230769231,0.0769230769231,0.461538461538,35.7,0.0769230769231,35.4,0.846153846154,2.2,0.0769230769231,0.461538461538,0.4,0.76,-0.4,0.307692307692,0.25,1
0.153846153846,0.153846153846,0.230769230769,4.9,0.230769230769,1.5,0.846153846154,-0.5,0.0769230769231,0.461538461538,0.7,0.73,-0.6,0.307692307692,0.75,0
0.153846153846,0.230769230769,0.461538461538,11.9,0.692307692308,17.4,0.846153846154,-5.3,0.384615384615,0.461538461538,0,1,-1,0.307692307692,0.1,0
0.0769230769231,0.153846153846,0.0769230769231,61,0.692307692308,89.4,0.846153846154,0,0.384615384615,0.461538461538,0.1,0.76,-0.1,0.307692307692,0.2,0
0.153846153846,0.230769230769,0.461538461538,35.5,0.692307692308,26.6,0.846153846154,-3.7,0.384615384615,0.461538461538,0.3,0.95,-1,0.307692307692,0.1,0
0.153846153846,0.230769230769,0.0769230769231,96.5,0.230769230769,68,0.846153846154,-8.7,0.384615384615,0.461538461538,0.4,0.6,-0.1,0.307692307692,0.3,0
