AAWt,AAMt,Sstruct,SaccW,ShbondsW,SaccM,ShbondsM,yDDG,Result,Positiontype,ProteinPropens,Positionaccept,MOSST,SectorSuperficie,Functionalrelevancefunction,Clinical
0.307692307692,0.230769230769,0.153846153846,35.5,0.769230769231,58.8,0.0769230769231,-1.1,0.0769230769231,0.538461538462,0.3,0.95,-0.8,0.230769230769,0.1,0
0.230769230769,0.307692307692,0.307692307692,12.1,0.0769230769231,28.6,0.923076923077,1.5,0.153846153846,0.538461538462,0.3,0.97,-0.7,0.230769230769,0.6,1
0.0769230769231,0.0769230769231,0.461538461538,50.3,0.153846153846,72.2,0.923076923077,-2.4,0.230769230769,0.538461538462,0,1,-0.7,0.0769230769231,0.1,0
0.307692307692,0.230769230769,0.307692307692,0.1,0.769230769231,0.3,0.923076923077,-3.1,0.230769230769,0.384615384615,0.5,0.9,-0.7,0.461538461538,0.1,1
0.0769230769231,0.230769230769,0.461538461538,0,0.769230769231,3.2,0.923076923077,-0.9,0.230769230769,0.538461538462,0,1,-0.8,0.461538461538,0.15,1
0.307692307692,0.0769230769231,0.461538461538,0,0.769230769231,0.2,0.923076923077,0,0.0769230769231,0.384615384615,0.7,0.78,0,0.461538461538,0.1,0
0.230769230769,0.307692307692,0.461538461538,6,0.769230769231,5.7,0.923076923077,2.9,0.230769230769,0.384615384615,0.5,0.61,-0.4,0.461538461538,0.6,0
0.230769230769,0.307692307692,0.0769230769231,83.7,0.769230769231,89.9,0.923076923077,-1,0.230769230769,0.0769230769231,0.7,0.47,-0.1,0.461538461538,0.25,1
0.0769230769231,0.0769230769231,0.307692307692,4.9,0.153846153846,2.1,0.923076923077,2.5,0.230769230769,0.384615384615,0.7,0.73,-0.4,0.230769230769,0.75,1
0.0769230769231,0.307692307692,0.461538461538,7.3,0.769230769231,12.6,0.923076923077,1.4,0.153846153846,0.538461538462,0,1,-1,0.230769230769,0.95,0
0.153846153846,0.0769230769231,0.461538461538,55.9,0.769230769231,66.1,0.923076923077,-0.9,0.230769230769,0.384615384615,-0.1,0.2,0.4,0.230769230769,0,1
0.153846153846,0.0769230769231,0.307692307692,0.5,0.769230769231,4,0.923076923077,3,0.230769230769,0.538461538462,0,1,-1,0.461538461538,0,0
0.307692307692,0.0769230769231,0.153846153846,1.4,0.769230769231,2,0.923076923077,-4.9,0.230769230769,0.538461538462,0,1,-1,0.230769230769,0.1,0
