feature,mean,var,std,min,max
SaccW,0.815733796082,0.000114496891743,0.0107003220392,0.796787111759,0.834128059529
SaccM,0.575667914019,0.000201229656803,0.0141855439375,0.549258432056,0.597029216135
yDDG,-0.0235474606865,0.00167249533748,0.040896153089,-0.0830454172819,0.0576611911646
ProteinPropens,0.00605055884827,1.7767808165e-05,0.00421518779712,0.0,0.0148951439202
Positionaccept,0.0109946985357,2.19076033674e-05,0.00468055588231,0.00506848863433,0.0213224720048
MOSST,-0.00588235138786,8.13820779835e-05,0.00902120158202,-0.0224447073735,0.0124639920484
Functionalrelevancefunction,0.00241682788654,1.14800712306e-05,0.00338822538073,0.0,0.0119159943977
