Metric,Score
accuracy,0.537008547009
recall,0.412820512821
precision,0.529199229133
neg_log_loss,-1.20856069464
f1,0.507800361114
