AAWt,AAMt,Sstruct,SaccW,ShbondsW,SaccM,ShbondsM,yDDG,Result,Positiontype,ProteinPropens,Positionaccept,MOSST,SectorSuperficie,Functionalrelevancefunction,Clinical
0.142857142857,0.285714285714,0.285714285714,0,0.571428571429,4.9,0.571428571429,1.6,0.285714285714,0.857142857143,0,1,-1.3,0.285714285714,0.15,0
0.142857142857,0.285714285714,0.428571428571,3.2,0.428571428571,0.2,0.428571428571,1.2,0.285714285714,0.857142857143,0.5,0.92,-0.5,0.142857142857,0.6,0
0.142857142857,0.285714285714,0.285714285714,63.3,0.428571428571,97.8,0.428571428571,-0.4,0.142857142857,0.857142857143,0,1,-0.3,0.142857142857,1,1
0.285714285714,0.142857142857,0.285714285714,23.5,0.571428571429,38.4,0.571428571429,-1.6,0.142857142857,0.857142857143,0,1,-0.9,0.142857142857,0.6,0
0.142857142857,0.142857142857,0.285714285714,68.8,0.428571428571,71.5,0.571428571429,-3.7,0.285714285714,0.857142857143,0,1,-0.5,0.142857142857,0,0
0.142857142857,0.142857142857,0.428571428571,0,0.571428571429,0,0.428571428571,0.6,0.142857142857,0.857142857143,0,1,-1.1,0.142857142857,0.5,0
0.285714285714,0.285714285714,0.428571428571,0.1,0.571428571429,0.3,0.571428571429,-3.1,0.285714285714,0.142857142857,0.5,0.9,-0.7,0.285714285714,0.1,1
