AAWt,AAMt,Sstruct,SaccW,ShbondsW,SaccM,ShbondsM,yDDG,Result,Positiontype,ProteinPropens,Positionaccept,MOSST,SectorSuperficie,Functionalrelevancefunction,Clinical
0.09090909090909091,0.09090909090909091,0.5454545454545454,19.6,0.6363636363636364,26.2,0.9090909090909091,3.3,0.09090909090909091,0.5454545454545454,-0.1,0.6,-0.5,0.36363636363636365,0.15,0
0.09090909090909091,0.36363636363636365,0.5454545454545454,4.9,0.18181818181818182,1.5,0.9090909090909091,-0.3,0.2727272727272727,0.5454545454545454,0.7,0.73,-0.3,0.2727272727272727,0.75,1
0.09090909090909091,0.09090909090909091,0.5454545454545454,1.2,0.6363636363636364,4.4,0.9090909090909091,-0.4,0.2727272727272727,0.18181818181818182,0,1,-0.3,0.2727272727272727,0.1,0
0.18181818181818182,0.18181818181818182,0.2727272727272727,6,0.6363636363636364,15.4,0.9090909090909091,-1.4,0.18181818181818182,0.5454545454545454,0.5,0.61,-0.3,0.36363636363636365,0.6,0
0.18181818181818182,0.09090909090909091,0.5454545454545454,12.1,0.18181818181818182,28.6,0.9090909090909091,1.5,0.09090909090909091,0.18181818181818182,0.3,0.97,-0.7,0.18181818181818182,0.6,1
0.18181818181818182,0.09090909090909091,0.09090909090909091,18.3,0.6363636363636364,12.9,0.9090909090909091,-3.5,0.2727272727272727,0.5454545454545454,0.5,0.85,-0.8,0.18181818181818182,0.8,0
0.18181818181818182,0.36363636363636365,0.09090909090909091,82.8,0.18181818181818182,74.3,0.09090909090909091,-0.7,0.09090909090909091,0.5454545454545454,0.8,0.64,-0.2,0.09090909090909091,0.1,0
0.09090909090909091,0.36363636363636365,0.2727272727272727,0,0.6363636363636364,0,0.9090909090909091,-2.4,0.2727272727272727,0.5454545454545454,0.7,0.78,-0.5,0.36363636363636365,0.1,1
0.18181818181818182,0.36363636363636365,0.5454545454545454,44.8,0.18181818181818182,47.1,0.9090909090909091,-1.4,0.18181818181818182,0.2727272727272727,0.8,0.28,0.6,0.36363636363636365,0.15,1
0.09090909090909091,0.09090909090909091,0.2727272727272727,84.5,0.6363636363636364,84.5,0.9090909090909091,0.3,0.2727272727272727,0.2727272727272727,0.9,0.25,0.2,0.09090909090909091,0.15,1
0.18181818181818182,0.18181818181818182,0.5454545454545454,40.5,0.6363636363636364,73.3,0.9090909090909091,-2.7,0.2727272727272727,0.2727272727272727,0.3,0.44,-0.3,0.2727272727272727,0.6,0
