Statistic,Value
Mean,6.97126721763
Std,1.7297918502
Max,10.0
Min,2.12
Var,2.99217984503
