AAWt,AAMt,Sstruct,SaccW,ShbondsW,SaccM,ShbondsM,yDDG,Result,Positiontype,ProteinPropens,Positionaccept,MOSST,SectorSuperficie,Functionalrelevancefunction,Clinical
0.016185861700472707,0.016185861700472707,0.04855758510141812,0.7833957063028789,0.016185861700472707,0.6085883999377737,0.04855758510141812,0.04532041276132357,0.016185861700472707,0.032371723400945414,0.019423034040567246,0.06280114339783409,-0.012948689360378166,0.032371723400945414,0.03884606808113449,1
0.04296953680292129,0.04296953680292129,0.12890861040876386,0.0,0.04296953680292129,0.3953197385868758,0.12890861040876386,-0.8593907360584258,0.04296953680292129,0.08593907360584258,0.0,0.17187814721168515,-0.15469033249051664,0.04296953680292129,0.04296953680292129,0
0.002252489689355367,0.002252489689355367,0.006757469068066101,0.6667369480491886,0.004504979378710734,0.7451235892387554,0.002252489689355367,0.004504979378710734,0.004504979378710734,0.002252489689355367,0.00810896288167932,0.0068475686556403155,0.00270298762722644,0.002252489689355367,0.0009009958757421468,1
0.0022273456200075994,0.0022273456200075994,0.0022273456200075994,0.8169903734187874,0.004454691240015199,0.5764370464579668,0.006682036860022798,0.0,0.004454691240015199,0.0022273456200075994,0.004454691240015199,0.008018444232027359,-0.006236567736021278,0.004454691240015199,0.0,0
