Statistic,Value
Mean,2.65438330171
Std,0.395588996104
Max,3.0
Min,1.0
Var,0.156490653839
