AAWt,AAMt,Sstruct,SaccW,ShbondsW,SaccM,ShbondsM,yDDG,Result,Positiontype,ProteinPropens,Positionaccept,MOSST,SectorSuperficie,Functionalrelevancefunction,Clinical
0.00512471033073,0.00512471033073,0.0102494206615,0.549368947454,0.0153741309922,0.834302841843,0.0204988413229,0.0,0.00512471033073,0.0153741309922,0.0,0.0204988413229,-0.0245986095875,0.00512471033073,0.00204988413229,0
0.00737040313031,0.0147408062606,0.00737040313031,0.0943411600679,0.00737040313031,0.978789535705,0.0294816125212,-0.170993352623,0.0147408062606,0.0221112093909,0.0147408062606,0.0271230835195,-0.023585290017,0.00737040313031,0.0176889675127,1
0.00565668047894,0.00565668047894,0.0113133609579,0.57471873666,0.0169700414368,0.816824661159,0.0226267219157,-0.0226267219157,0.00565668047894,0.0169700414368,0.0,0.0226267219157,-0.0113133609579,0.00565668047894,0.0,0
0.00725070141385,0.0145014028277,0.00725070141385,0.00580056113108,0.0217521042416,0.988995672849,0.0290028056554,-0.13631318658,0.0145014028277,0.00725070141385,0.0145014028277,0.0263925531464,-0.0203019639588,0.00725070141385,0.00290028056554,0
