Statistic,Value
Mean,0.483149621789
Std,0.148326501177
Max,0.928571428571
Min,0.166666666667
Var,0.0220007509513
