AAWt,AAMt,Sstruct,SaccW,ShbondsW,SaccM,ShbondsM,yDDG,Result,Positiontype,ProteinPropens,Positionaccept,MOSST,SectorSuperficie,Functionalrelevancefunction,Clinical
0.2857142857142857,0.2857142857142857,0.5714285714285714,0.3,0.7142857142857143,18,0.8571428571428571,-5.2,0.42857142857142855,0.7142857142857143,0.3,0.95,-0.7,0.14285714285714285,0.1,0
0.14285714285714285,0.2857142857142857,0.42857142857142855,11.1,0.7142857142857143,38.8,0.8571428571428571,1.1,0.14285714285714285,0.2857142857142857,0.5,0.91,-0.8,0.14285714285714285,0.5,1
0.14285714285714285,0.14285714285714285,0.42857142857142855,50.3,0.2857142857142857,55,0.14285714285714285,-1.6,0.42857142857142855,0.7142857142857143,0,1,-1.1,0.14285714285714285,0.1,0
0.2857142857142857,0.14285714285714285,0.5714285714285714,0,0.7142857142857143,0,0.8571428571428571,-5.1,0.42857142857142855,0.7142857142857143,0.3,0.96,-1,0.2857142857142857,0.1,1
0.14285714285714285,0.2857142857142857,0.5714285714285714,3.2,0.2857142857142857,0.1,0.8571428571428571,-1.9,0.42857142857142855,0.7142857142857143,0.5,0.92,-0.6,0.14285714285714285,0.6,1
0.14285714285714285,0.14285714285714285,0.5714285714285714,0,0.7142857142857143,1.8,0.8571428571428571,-4.3,0.42857142857142855,0.7142857142857143,0,1,-0.8,0.14285714285714285,0.35,1
0.14285714285714285,0.2857142857142857,0.42857142857142855,6,0.7142857142857143,15.4,0.8571428571428571,-1.4,0.42857142857142855,0.2857142857142857,0.5,0.61,-0.3,0.2857142857142857,0.6,0
