AAWt,AAMt,Sstruct,SaccW,ShbondsW,SaccM,ShbondsM,yDDG,Result,Positiontype,ProteinPropens,Positionaccept,MOSST,SectorSuperficie,Functionalrelevancefunction,Clinical
0.09090909090909091,0.09090909090909091,0.09090909090909091,0.2,0.5454545454545454,0.3,0.6363636363636364,-0.8,0.2727272727272727,0.36363636363636365,0.6,0.89,0.3,0.18181818181818182,0.1,0
0.18181818181818182,0.09090909090909091,0.18181818181818182,99.4,0.18181818181818182,98.6,0.2727272727272727,-0.5,0.36363636363636365,0.36363636363636365,-0.1,0.71,-0.1,0.18181818181818182,0.2,0
0.18181818181818182,0.09090909090909091,0.45454545454545453,46.3,0.5454545454545454,15.3,0.6363636363636364,-0.2,0.36363636363636365,0.45454545454545453,0,1,-1,0.18181818181818182,0.35,1
0.2727272727272727,0.18181818181818182,0.18181818181818182,93.3,0.5454545454545454,96.3,0.6363636363636364,-1,0.18181818181818182,0.45454545454545453,0,1,-1,0.18181818181818182,0.3,1
0.18181818181818182,0.09090909090909091,0.45454545454545453,14.4,0.18181818181818182,17.1,0.09090909090909091,1.1,0.18181818181818182,0.09090909090909091,0.2,0.48,0.8,0.18181818181818182,0.8,0
0.09090909090909091,0.09090909090909091,0.09090909090909091,27.7,0.2727272727272727,34.7,0.6363636363636364,0.4,0.36363636363636365,0.45454545454545453,0,1,-1.3,0.18181818181818182,0.1,1
0.09090909090909091,0.09090909090909091,0.18181818181818182,47.8,0.2727272727272727,67.9,0.2727272727272727,1.6,0.18181818181818182,0.36363636363636365,0.2,0.92,-0.8,0.09090909090909091,0.35,0
0.2727272727272727,0.18181818181818182,0.45454545454545453,33.4,0.5454545454545454,37.9,0.6363636363636364,-0.8,0.2727272727272727,0.45454545454545453,0,1,-1,0.09090909090909091,0.35,1
0.2727272727272727,0.18181818181818182,0.45454545454545453,23.5,0.5454545454545454,23.6,0.6363636363636364,-0.8,0.2727272727272727,0.45454545454545453,0,1,-1,0.09090909090909091,0.6,0
0.18181818181818182,0.09090909090909091,0.18181818181818182,83.7,0.5454545454545454,88.2,0.2727272727272727,-0.3,0.36363636363636365,0.09090909090909091,0.7,0.47,0.3,0.18181818181818182,0.25,1
0.09090909090909091,0.18181818181818182,0.45454545454545453,66.5,0.2727272727272727,47.9,0.6363636363636364,-1.4,0.18181818181818182,0.36363636363636365,0.7,0.85,0,0.18181818181818182,0.25,1
