AAWt,AAMt,Sstruct,SaccW,ShbondsW,SaccM,ShbondsM,yDDG,Result,Positiontype,ProteinPropens,Positionaccept,MOSST,SectorSuperficie,Functionalrelevancefunction,Clinical
0.18181818181818182,0.2727272727272727,0.5454545454545454,15.5,0.6363636363636364,12.6,0.7272727272727273,-3.5,0.5454545454545454,0.2727272727272727,0.3,0.17,-0.1,0.09090909090909091,0.1,1
0.09090909090909091,0.18181818181818182,0.5454545454545454,3.2,0.36363636363636365,0,0.7272727272727273,-2.1,0.5454545454545454,0.2727272727272727,0.5,0.92,-0.5,0.09090909090909091,0.6,1
0.09090909090909091,0.09090909090909091,0.18181818181818182,62.5,0.36363636363636365,104.4,0.7272727272727273,-3.6,0.5454545454545454,0.36363636363636365,0.7,0.59,-0.2,0.09090909090909091,0.25,1
0.18181818181818182,0.09090909090909091,0.18181818181818182,41.5,0.6363636363636364,34.9,0.7272727272727273,1,0.09090909090909091,0.2727272727272727,0.9,0.26,0.5,0.2727272727272727,0,1
0.09090909090909091,0.18181818181818182,0.18181818181818182,75.7,0.36363636363636365,81.1,0.09090909090909091,0.1,0.36363636363636365,0.36363636363636365,0.1,0.72,0,0.09090909090909091,0.1,1
0.09090909090909091,0.18181818181818182,0.5454545454545454,0.3,0.6363636363636364,0,0.7272727272727273,-5.1,0.5454545454545454,0.2727272727272727,0.3,0.95,-0.9,0.09090909090909091,0.1,1
0.09090909090909091,0.18181818181818182,0.5454545454545454,37,0.6363636363636364,69.9,0.18181818181818182,-0.4,0.36363636363636365,0.09090909090909091,0.2,0.89,-0.2,0.2727272727272727,0,0
0.09090909090909091,0.2727272727272727,0.5454545454545454,74,0.36363636363636365,87.1,0.7272727272727273,0.2,0.36363636363636365,0.2727272727272727,0.9,0.76,-0.3,0.2727272727272727,0.1,1
0.09090909090909091,0.09090909090909091,0.5454545454545454,29.8,0.6363636363636364,33.5,0.7272727272727273,-2.1,0.5454545454545454,0.36363636363636365,0,0.81,-0.1,0.18181818181818182,0.2,0
0.18181818181818182,0.2727272727272727,0.18181818181818182,1.4,0.6363636363636364,2,0.7272727272727273,-4.9,0.5454545454545454,0.2727272727272727,0,1,-1,0.09090909090909091,0.1,0
0.18181818181818182,0.09090909090909091,0.09090909090909091,64.7,0.6363636363636364,68.4,0.18181818181818182,-0.3,0.36363636363636365,0.36363636363636365,0.7,0.53,0.2,0.18181818181818182,0.1,1
