AAWt,AAMt,Sstruct,SaccW,ShbondsW,SaccM,ShbondsM,yDDG,Result,Positiontype,ProteinPropens,Positionaccept,MOSST,SectorSuperficie,Functionalrelevancefunction,Clinical
0.2727272727272727,0.09090909090909091,0.18181818181818182,1.4,0.6363636363636364,2.3,0.9090909090909091,-3.1,0.45454545454545453,0.6363636363636364,0,1,-0.9,0.2727272727272727,0.1,0
0.18181818181818182,0.09090909090909091,0.6363636363636364,45.5,0.36363636363636365,50.6,0.09090909090909091,1.2,0.09090909090909091,0.2727272727272727,0.9,0.69,-0.2,0.09090909090909091,0.1,1
0.18181818181818182,0.09090909090909091,0.09090909090909091,50.3,0.36363636363636365,35,0.9090909090909091,0.1,0.2727272727272727,0.6363636363636364,0,1,-1,0.09090909090909091,0.1,1
0.09090909090909091,0.09090909090909091,0.6363636363636364,3.2,0.36363636363636365,33.2,0.9090909090909091,-5.8,0.45454545454545453,0.6363636363636364,0.5,0.92,-0.8,0.09090909090909091,0.6,1
0.2727272727272727,0.09090909090909091,0.6363636363636364,0.1,0.6363636363636364,0.3,0.9090909090909091,-3.1,0.45454545454545453,0.2727272727272727,0.5,0.9,-0.7,0.09090909090909091,0.1,1
0.18181818181818182,0.09090909090909091,0.6363636363636364,20.1,0.6363636363636364,24.2,0.9090909090909091,-4,0.45454545454545453,0.2727272727272727,0.2,0.59,-0.1,0.18181818181818182,0.1,1
0.18181818181818182,0.18181818181818182,0.09090909090909091,38.7,0.6363636363636364,42.4,0.9090909090909091,0,0.2727272727272727,0.6363636363636364,0,1,-0.6,0.2727272727272727,0.1,0
0.09090909090909091,0.09090909090909091,0.6363636363636364,0.3,0.6363636363636364,0.4,0.9090909090909091,-2.7,0.45454545454545453,0.6363636363636364,0.3,0.95,0,0.09090909090909091,0.1,1
0.09090909090909091,0.09090909090909091,0.6363636363636364,0,0.6363636363636364,0,0.9090909090909091,-0.6,0.09090909090909091,0.6363636363636364,0,1,-0.5,0.09090909090909091,0.25,0
0.09090909090909091,0.09090909090909091,0.6363636363636364,74,0.36363636363636365,87.1,0.9090909090909091,0.2,0.2727272727272727,0.09090909090909091,0.9,0.76,-0.3,0.18181818181818182,0.1,1
0.2727272727272727,0.18181818181818182,0.18181818181818182,1.4,0.6363636363636364,2,0.9090909090909091,-1.4,0.09090909090909091,0.6363636363636364,0,1,-0.6,0.2727272727272727,0.1,0
