AAWt,AAMt,Sstruct,SaccW,ShbondsW,SaccM,ShbondsM,yDDG,Result,Positiontype,ProteinPropens,Positionaccept,MOSST,SectorSuperficie,Functionalrelevancefunction,Clinical
0.18181818181818182,0.2727272727272727,0.18181818181818182,0,0.7272727272727273,0.1,0.7272727272727273,-1.5,0.2727272727272727,0.09090909090909091,-0.1,0.64,-0.5,0.09090909090909091,0.1,1
0.18181818181818182,0.09090909090909091,0.36363636363636365,0.5,0.7272727272727273,0.2,0.7272727272727273,1.5,0.09090909090909091,0.2727272727272727,0,1,-1.3,0.18181818181818182,0,0
0.09090909090909091,0.09090909090909091,0.2727272727272727,35.5,0.7272727272727273,26.6,0.7272727272727273,-3.7,0.2727272727272727,0.2727272727272727,0.3,0.95,-1,0.2727272727272727,0.1,0
0.2727272727272727,0.09090909090909091,0.36363636363636365,4.9,0.2727272727272727,3,0.18181818181818182,2.1,0.18181818181818182,0.6363636363636364,0.7,0.73,-0.2,0.18181818181818182,0.75,0
0.2727272727272727,0.09090909090909091,0.09090909090909091,3.9,0.2727272727272727,3.5,0.7272727272727273,-0.9,0.18181818181818182,0.6363636363636364,0.5,0.88,-0.4,0.2727272727272727,0.5,0
0.09090909090909091,0.09090909090909091,0.09090909090909091,39.9,0.7272727272727273,27.5,0.7272727272727273,2.8,0.18181818181818182,0.6363636363636364,0.4,0.56,-0.4,0.18181818181818182,0,1
0.18181818181818182,0.09090909090909091,0.36363636363636365,0.2,0.7272727272727273,0.3,0.7272727272727273,-1.1,0.2727272727272727,0.6363636363636364,0.6,0.89,-0.1,0.18181818181818182,0.1,0
0.18181818181818182,0.09090909090909091,0.18181818181818182,26.8,0.7272727272727273,28.9,0.18181818181818182,-2.1,0.2727272727272727,0.2727272727272727,0,1,-1.3,0.18181818181818182,0.1,0
0.2727272727272727,0.2727272727272727,0.36363636363636365,4.9,0.2727272727272727,1.5,0.7272727272727273,-0.5,0.18181818181818182,0.6363636363636364,0.7,0.73,-0.6,0.18181818181818182,0.75,0
0.09090909090909091,0.2727272727272727,0.2727272727272727,6.7,0.7272727272727273,38.3,0.7272727272727273,-2.2,0.2727272727272727,0.6363636363636364,0.7,0.78,-0.5,0.2727272727272727,0.5,0
0.09090909090909091,0.09090909090909091,0.2727272727272727,57.7,0.7272727272727273,87.8,0.09090909090909091,-1.2,0.2727272727272727,0.6363636363636364,0.7,0.79,0.1,0.09090909090909091,0.35,0
