AAWt,AAMt,Sstruct,SaccW,ShbondsW,SaccM,ShbondsM,yDDG,Result,Positiontype,ProteinPropens,Positionaccept,MOSST,SectorSuperficie,Functionalrelevancefunction,Clinical
0.0009861518142142537,0.0009861518142142537,0.002958455442642761,0.771762409804075,0.005916910885285522,0.6357720746239294,0.006903062699499776,-0.003451531349749888,0.0009861518142142537,0.0049307590710712685,0.003451531349749888,0.004279898873689862,-0.0006903062699499776,0.0009861518142142537,0.0037966844847248772,0
0.07425100020831554,0.03712550010415777,0.07425100020831554,0.02598785007291044,0.2227530006249466,0.02598785007291044,0.2598785007291044,-0.8316112023331341,0.14850200041663109,0.18562750052078886,0.1299392503645522,0.23389065065619397,-0.20790280058328353,0.07425100020831554,0.02598785007291044,0
0.005082771342420765,0.012706928356051915,0.007624157013631148,0.903716744682412,0.015248314027262296,0.425173822793497,0.017789699698472678,-0.03202145945725082,0.005082771342420765,0.012706928356051915,0.017789699698472678,0.011207510810037787,-0.005336909909541804,0.005082771342420765,0.0044474249246181695,0
0.0026592806337709055,0.01329640316885453,0.005318561267541811,0.833950406750556,0.0026592806337709055,0.549141450873692,0.01861496443639634,-0.04467591464735121,0.010637122535083622,0.0026592806337709055,0.014891971549117072,0.005212190042190976,-0.001861496443639634,0.005318561267541811,0.0027922446654594507,0
0.006270692829716098,0.03135346414858049,0.006270692829716098,0.8032757514866322,0.03762415697829659,0.5662435625233637,0.04389484980801269,-0.1536319743280444,0.025082771318864393,0.03135346414858049,0.021947424904006346,0.03731062233681078,-0.03511587984641015,0.012541385659432197,0.03511587984641015,0
0.005082771342420765,0.012706928356051915,0.007624157013631148,0.903716744682412,0.015248314027262296,0.425173822793497,0.017789699698472678,-0.03202145945725082,0.005082771342420765,0.012706928356051915,0.017789699698472678,0.011207510810037787,-0.005336909909541804,0.005082771342420765,0.0044474249246181695,0
0.006410795720452076,0.016026989301130192,0.003205397860226038,0.7965413682661705,0.01923238716135623,0.5968450815740883,0.02243778502158227,-0.0830198045798544,0.012821591440904152,0.003205397860226038,0.0067313355064746805,0.021315895770503156,-0.02243778502158227,0.006410795720452076,0.002243778502158227,0
