AAWt,AAMt,Sstruct,SaccW,ShbondsW,SaccM,ShbondsM,yDDG,Result,Positiontype,ProteinPropens,Positionaccept,MOSST,SectorSuperficie,Functionalrelevancefunction,Clinical
0.0574767320935,0.0574767320935,0.0574767320935,0.735702170797,0.0574767320935,0.0,0.229906928374,-0.482804549585,0.229906928374,0.114953464187,0.114953464187,0.211514374104,-0.114953464187,0.0574767320935,0.137944157024,1
0.00341932340532,0.00341932340532,0.00341932340532,0.551194932937,0.010257970216,0.832947181536,0.0136772936213,-0.0382964221396,0.0136772936213,0.00683864681064,0.00820637617277,0.0118992454505,-0.00820637617277,0.00341932340532,0.00820637617277,1
0.013601728944,0.013601728944,0.013601728944,0.397170485166,0.0408051868321,0.892273418729,0.0544069157762,-0.168661438906,0.0544069157762,0.0272034578881,0.0,0.0544069157762,-0.0544069157762,0.013601728944,0.0516865699874,1
0.0109752095371,0.0109752095371,0.0109752095371,0.803385338118,0.0329256286114,0.566320812116,0.0439008381485,-0.15365293352,0.0439008381485,0.0219504190743,0.0219504190743,0.0373157124263,-0.0351206705188,0.0109752095371,0.0351206705188,0
