algorithm,desc,actualScore,new score
Naive Bayes,BernoulliNB,0.620689655172,0.435897435897
NuSVC,kernel: linear,0.655172413793,0.487179487179
NuSVC,kernel: sigmoid,0.603448275862,0.564102564103
