algorithm,desc,actualScore,new score
Naive Bayes,BernoulliNB,0.620689655172,0.666666666667
NuSVC,kernel: linear,0.655172413793,0.611111111111
NuSVC,kernel: sigmoid,0.603448275862,0.555555555556
