AAWt,AAMt,Sstruct,SaccW,ShbondsW,SaccM,ShbondsM,yDDG,Result,Positiontype,ProteinPropens,Positionaccept,MOSST,SectorSuperficie,Functionalrelevancefunction,Clinical
0.103415104731,0.0517075523655,0.103415104731,0.0,0.361952866559,0.0827320837848,0.258537761828,-0.703222712171,0.103415104731,0.258537761828,0.289562293247,0.322655126761,0.0827320837848,0.0517075523655,0.0413660418924,1
0.00137028246816,0.00274056493632,0.00274056493632,0.576614862602,0.00959197727712,0.816688351023,0.0068514123408,0.00328867792358,0.00411084740448,0.00274056493632,0.0,0.0109622597453,-0.0120584857198,0.00137028246816,0.00876980779622,1
0.025254986194,0.025254986194,0.0378824792909,0.0,0.0883924516788,0.939485486415,0.025254986194,-0.303059834327,0.025254986194,0.012627493097,0.0909179502982,0.0474793740446,-0.0404079779103,0.012627493097,0.0353569806715,0
0.00393741318308,0.00393741318308,0.0118122395492,0.633136039839,0.0275618922815,0.762283192243,0.0196870659154,-0.125997221858,0.00787482636615,0.0196870659154,0.00629986109292,0.0185845902241,-0.00314993054646,0.00393741318308,0.00314993054646,1
0.0011266742787,0.00225334855739,0.00225334855739,0.682313943178,0.0011266742787,0.730986272017,0.0011266742787,0.000901339422956,0.00338002283609,0.00563337139348,0.000901339422956,0.00648964384528,0.0,0.00225334855739,0.000901339422956,1
0.117411658946,0.058705829473,0.176117488419,0.0,0.410940806311,0.0,0.293529147365,0.0,0.176117488419,0.117411658946,0.0,0.469646635784,-0.61054062652,0.058705829473,0.234823317892,1
0.00118954826104,0.00118954826104,0.00237909652207,0.549095477294,0.00832683782726,0.835538698552,0.00237909652207,-0.011419663306,0.00237909652207,0.00594774130518,0.0066614702618,0.00751794500975,0.000951638608829,0.00118954826104,0.0033307351309,0
0.00514780562068,0.00514780562068,0.00257390281034,0.82158977706,0.0180173196724,0.566258618274,0.0128695140517,0.0576554229516,0.00257390281034,0.0128695140517,0.00823648899308,0.0115310845903,-0.00823648899308,0.00514780562068,0.0,1
