AAWt,AAMt,Sstruct,SaccW,ShbondsW,SaccM,ShbondsM,yDDG,Result,Positiontype,ProteinPropens,Positionaccept,MOSST,SectorSuperficie,Functionalrelevancefunction,Clinical
0.0909090909091,0.0909090909091,0.0909090909091,25.3,0.727272727273,40.3,0.272727272727,0.1,0.363636363636,0.454545454545,0.3,0.97,-1,0.0909090909091,0.25,0
0.0909090909091,0.181818181818,0.363636363636,20.1,0.727272727273,24.2,0.454545454545,-4,0.272727272727,0.363636363636,0.2,0.59,-0.1,0.181818181818,0.1,1
0.181818181818,0.0909090909091,0.363636363636,44.8,0.0909090909091,29.5,0.454545454545,-2.4,0.272727272727,0.0909090909091,0.8,0.28,-0.1,0.272727272727,0.15,0
0.181818181818,0.0909090909091,0.0909090909091,41.8,0.727272727273,68.1,0.272727272727,1.6,0.0909090909091,0.454545454545,0,0.95,-1,0.0909090909091,0.1,0
0.272727272727,0.0909090909091,0.272727272727,55.9,0.727272727273,66.1,0.454545454545,-0.9,0.0909090909091,0.363636363636,-0.1,0.2,0.4,0.181818181818,0,1
0.181818181818,0.0909090909091,0.181818181818,6.7,0.727272727273,30.5,0.272727272727,0.5,0.363636363636,0.363636363636,0.7,0.78,0.1,0.181818181818,0.5,0
0.0909090909091,0.181818181818,0.272727272727,75.7,0.181818181818,81.1,0.272727272727,0.1,0.363636363636,0.363636363636,0.1,0.72,0,0.0909090909091,0.1,1
0.0909090909091,0.181818181818,0.272727272727,14.4,0.181818181818,20.5,0.272727272727,-3.1,0.272727272727,0.0909090909091,0.2,0.48,-0.2,0.181818181818,0.8,0
0.272727272727,0.181818181818,0.363636363636,0.5,0.727272727273,1.2,0.454545454545,-0.4,0.363636363636,0.454545454545,0,1,-0.8,0.272727272727,0,0
0.181818181818,0.0909090909091,0.181818181818,12.8,0.727272727273,17.4,0.272727272727,-1.2,0.0909090909091,0.454545454545,0,1,-0.8,0.0909090909091,0.6,0
0.272727272727,0.0909090909091,0.363636363636,0.5,0.727272727273,4,0.454545454545,3,0.0909090909091,0.454545454545,0,1,-1,0.272727272727,0,0
