AAWt,AAMt,Sstruct,SaccW,ShbondsW,SaccM,ShbondsM,yDDG,Result,Positiontype,ProteinPropens,Positionaccept,MOSST,SectorSuperficie,Functionalrelevancefunction,Clinical
0.00283938512699,0.00283938512699,0.00567877025398,0.571284287551,0.00283938512699,0.820014424675,0.00851815538098,-0.0272580972191,0.00283938512699,0.011357540508,0.0,0.011357540508,-0.00795027835558,0.00283938512699,0.0011357540508,0
0.0458831467741,0.0458831467741,0.0458831467741,0.0917662935482,0.137649440322,0.734130348386,0.137649440322,0.550597761289,0.0458831467741,0.183532587096,0.0,0.183532587096,-0.183532587096,0.0458831467741,0.0,0
0.00522636694355,0.00522636694355,0.0104527338871,0.967923157946,0.0156791008307,0.246684519736,0.0156791008307,0.00209054677742,0.00522636694355,0.0209054677742,0.0,0.0209054677742,-0.0250865613291,0.00522636694355,0.00731691372097,0
0.00256961363037,0.00256961363037,0.00256961363037,0.54064670783,0.00770884089112,0.840777579858,0.00256961363037,-0.0154176817822,0.00256961363037,0.0102784545215,0.0,0.0102784545215,-0.0133619908779,0.00256961363037,0.00822276361719,1
