AAWt,AAMt,Sstruct,SaccW,ShbondsW,SaccM,ShbondsM,yDDG,Result,Positiontype,ProteinPropens,Positionaccept,MOSST,SectorSuperficie,Functionalrelevancefunction,Clinical
0.142857142857,0.142857142857,0.571428571429,50.3,0.285714285714,72.2,0.714285714286,-2.4,0.142857142857,0.571428571429,0,1,-0.7,0.142857142857,0.1,0
0.285714285714,0.142857142857,0.142857142857,0.5,0.714285714286,4,0.714285714286,3,0.142857142857,0.571428571429,0,1,-1,0.142857142857,0,0
0.142857142857,0.285714285714,0.571428571429,46.3,0.714285714286,11.8,0.714285714286,0.1,0.285714285714,0.571428571429,0,1,-1.2,0.285714285714,0.35,0
0.285714285714,0.142857142857,0.142857142857,52.6,0.714285714286,81.8,0.285714285714,-1.5,0.142857142857,0.571428571429,0,1,-1.3,0.142857142857,0.8,1
0.142857142857,0.285714285714,0.142857142857,96.5,0.285714285714,95.3,0.285714285714,0.3,0.285714285714,0.428571428571,0.4,0.6,0.2,0.142857142857,0.3,0
0.285714285714,0.142857142857,0.571428571429,111.8,0.714285714286,92.1,0.714285714286,-0.5,0.285714285714,0.428571428571,0.5,0.62,-0.1,0.142857142857,0.55,0
0.285714285714,0.142857142857,0.571428571429,55.9,0.714285714286,66.1,0.714285714286,-0.9,0.285714285714,0.428571428571,-0.1,0.2,0.4,0.285714285714,0,1
