AAWt,AAMt,Sstruct,SaccW,ShbondsW,SaccM,ShbondsM,yDDG,Result,Positiontype,ProteinPropens,Positionaccept,MOSST,SectorSuperficie,Functionalrelevancefunction,Clinical
0.0034743507800632113,0.010423052340189634,0.010423052340189634,0.3919067679911302,0.020846104680379268,0.9172286059366878,0.02432045546044248,-0.04725117060885967,0.0069487015601264225,0.013897403120252845,0.019456364368353983,0.023625585304429837,-0.013897403120252845,0.0069487015601264225,0.013897403120252845,1
0.04896372958670382,0.04896372958670382,0.02448186479335191,0.7638341815525796,0.02448186479335191,0.4700518040323567,0.17137305355346338,0.2741968856855414,0.04896372958670382,0.09792745917340764,0.09792745917340764,0.17235232814519746,-0.1370984428427707,0.07344559438005574,0.09792745917340764,0
0.060536059357679,0.181608178073037,0.181608178073037,0.242144237430716,0.363216356146074,0.33900193240300236,0.423752415503753,-0.0968576949722864,0.060536059357679,0.181608178073037,0.0,0.484288474861432,-0.3874307798891456,0.121072118715358,0.0,0
0.02428758896340024,0.07286276689020073,0.02428758896340024,0.0,0.14572553378040146,0.7966329179995278,0.1700131227438017,-0.48575177926800484,0.04857517792680048,0.07286276689020073,0.0,0.19430071170720192,-0.15544056936576156,0.04857517792680048,0.02914510675608029,0
0.09408874118687267,0.04704437059343634,0.14113311178030902,0.0,0.28226622356061803,0.0,0.3293105941540544,0.7150744330202323,0.09408874118687267,0.04704437059343634,0.2634484753232435,0.09408874118687267,0.4139904612222398,0.09408874118687267,0.0,1
0.0018191451075984832,0.0018191451075984832,0.0036382902151969663,0.5166372105579692,0.010914870645590899,0.8557258586143265,0.0018191451075984832,-0.016008476946866655,0.0036382902151969663,0.005457435322795449,0.00436594825823636,0.013825502817748471,-0.011642528688630293,0.005457435322795449,0.0014553160860787866,0
0.0017466200497446458,0.0017466200497446458,0.0034932400994892917,0.7321831248529556,0.0017466200497446458,0.6790858753407183,0.012226340348212522,-0.04611076931325865,0.0034932400994892917,0.006986480198978583,0.0027945920795914335,0.012715393962141022,-0.011178368318365734,0.0052398601492339375,0.0083837762387743,0
0.0025739369151025564,0.005147873830205113,0.0025739369151025564,0.821600663300736,0.015443621490615338,0.5662661213225624,0.018017558405717896,0.05765618689829726,0.0025739369151025564,0.010295747660410226,0.008236598128328181,0.011531237379659455,-0.008236598128328181,0.0025739369151025564,0.0,1
