AAWt,AAMt,Sstruct,SaccW,ShbondsW,SaccM,ShbondsM,yDDG,Result,Positiontype,ProteinPropens,Positionaccept,MOSST,SectorSuperficie,Functionalrelevancefunction,Clinical
0.18181818181818182,0.2727272727272727,0.36363636363636365,0.5,0.7272727272727273,4,0.9090909090909091,3,0.09090909090909091,0.7272727272727273,0,1,-1,0.18181818181818182,0,0
0.09090909090909091,0.09090909090909091,0.36363636363636365,14.4,0.2727272727272727,20.5,0.09090909090909091,-3.1,0.36363636363636365,0.09090909090909091,0.2,0.48,-0.2,0.36363636363636365,0.8,0
0.09090909090909091,0.18181818181818182,0.09090909090909091,93.3,0.7272727272727273,92.8,0.9090909090909091,-0.6,0.09090909090909091,0.7272727272727273,0,1,-0.3,0.36363636363636365,0.3,0
0.09090909090909091,0.18181818181818182,0.36363636363636365,0,0.7272727272727273,5.5,0.9090909090909091,-1.5,0.2727272727272727,0.7272727272727273,0,1,-0.6,0.18181818181818182,0.15,1
0.18181818181818182,0.2727272727272727,0.36363636363636365,0,0.7272727272727273,6,0.9090909090909091,1.6,0.09090909090909091,0.7272727272727273,0,1,-1,0.2727272727272727,0.75,0
0.09090909090909091,0.2727272727272727,0.18181818181818182,18.3,0.7272727272727273,29.5,0.9090909090909091,0.8,0.09090909090909091,0.18181818181818182,0.5,0.85,-0.5,0.36363636363636365,0.8,0
0.18181818181818182,0.09090909090909091,0.36363636363636365,0.3,0.7272727272727273,0.4,0.9090909090909091,-2.7,0.36363636363636365,0.7272727272727273,0.3,0.95,0,0.2727272727272727,0.1,1
0.09090909090909091,0.09090909090909091,0.36363636363636365,3.2,0.2727272727272727,33.2,0.9090909090909091,-5.8,0.36363636363636365,0.7272727272727273,0.5,0.92,-0.8,0.09090909090909091,0.6,1
0.18181818181818182,0.09090909090909091,0.36363636363636365,0.3,0.7272727272727273,0,0.9090909090909091,-5.1,0.36363636363636365,0.7272727272727273,0.3,0.95,-0.9,0.2727272727272727,0.1,1
0.18181818181818182,0.09090909090909091,0.18181818181818182,3.9,0.2727272727272727,1.9,0.9090909090909091,-1.9,0.2727272727272727,0.18181818181818182,0.5,0.88,-0.8,0.36363636363636365,0.5,0
0.18181818181818182,0.09090909090909091,0.36363636363636365,25.4,0.7272727272727273,36.1,0.9090909090909091,-1,0.2727272727272727,0.7272727272727273,0,1,-0.5,0.09090909090909091,0,0
