AAWt,AAMt,Sstruct,SaccW,ShbondsW,SaccM,ShbondsM,yDDG,Result,Positiontype,ProteinPropens,Positionaccept,MOSST,SectorSuperficie,Functionalrelevancefunction,Clinical
0.181818181818,0.0909090909091,0.272727272727,23.5,0.636363636364,23.6,0.636363636364,-0.8,0.0909090909091,0.181818181818,0,1,-1,0.181818181818,0.6,0
0.0909090909091,0.181818181818,0.272727272727,29.8,0.636363636364,33.5,0.636363636364,-2.1,0.454545454545,0.636363636364,0,0.81,-0.1,0.181818181818,0.2,0
0.0909090909091,0.0909090909091,0.0909090909091,3.9,0.272727272727,15.2,0.636363636364,-2.4,0.454545454545,0.636363636364,0.5,0.88,-0.3,0.272727272727,0.5,0
0.0909090909091,0.181818181818,0.272727272727,74,0.272727272727,96.2,0.636363636364,1.6,0.181818181818,0.0909090909091,0.9,0.76,-0.3,0.0909090909091,0.1,1
0.181818181818,0.0909090909091,0.272727272727,0,0.636363636364,9.3,0.181818181818,-3,0.454545454545,0.0909090909091,0.9,0.47,-0.4,0.0909090909091,0.35,0
0.181818181818,0.181818181818,0.272727272727,50.3,0.272727272727,72.2,0.636363636364,-2.4,0.454545454545,0.181818181818,0,1,-0.7,0.181818181818,0.1,0
0.0909090909091,0.0909090909091,0.363636363636,46.6,0.0909090909091,81,0.181818181818,-1.3,0.0909090909091,0.636363636364,0.6,0.9,0.3,0.0909090909091,0.35,1
0.0909090909091,0.0909090909091,0.363636363636,40.3,0.636363636364,46.6,0.181818181818,-2.2,0.454545454545,0.636363636364,0.6,0.87,-0.6,0.181818181818,0.6,0
0.181818181818,0.181818181818,0.272727272727,16.3,0.636363636364,43.3,0.636363636364,1.6,0.181818181818,0.636363636364,0.8,0.74,-0.3,0.0909090909091,0.65,1
0.181818181818,0.0909090909091,0.363636363636,6.7,0.636363636364,30.5,0.181818181818,0.5,0.181818181818,0.636363636364,0.7,0.78,0.1,0.272727272727,0.5,0
0.181818181818,0.0909090909091,0.363636363636,6.7,0.636363636364,17.7,0.636363636364,-0.3,0.181818181818,0.636363636364,0.7,0.78,-0.5,0.272727272727,0.5,1
