AAWt,AAMt,Sstruct,SaccW,ShbondsW,SaccM,ShbondsM,yDDG,Result,Positiontype,ProteinPropens,Positionaccept,MOSST,SectorSuperficie,Functionalrelevancefunction,Clinical
0.09090909090909091,0.09090909090909091,0.45454545454545453,0.5,0.7272727272727273,0.7,0.9090909090909091,-0.2,0.18181818181818182,0.5454545454545454,0,1,-0.8,0.2727272727272727,0,0
0.2727272727272727,0.18181818181818182,0.09090909090909091,11.9,0.7272727272727273,17.4,0.9090909090909091,-5.3,0.6363636363636364,0.5454545454545454,0,1,-1,0.09090909090909091,0.1,0
0.09090909090909091,0.09090909090909091,0.45454545454545453,7.3,0.7272727272727273,12.6,0.9090909090909091,1.4,0.18181818181818182,0.5454545454545454,0,1,-1,0.36363636363636365,0.95,0
0.2727272727272727,0.18181818181818182,0.45454545454545453,0,0.7272727272727273,0.3,0.9090909090909091,-3.6,0.6363636363636364,0.36363636363636365,0.7,0.78,-0.6,0.2727272727272727,0.1,0
0.09090909090909091,0.2727272727272727,0.45454545454545453,0.2,0.7272727272727273,0.5,0.9090909090909091,-5.1,0.6363636363636364,0.36363636363636365,0.6,0.89,-0.6,0.2727272727272727,0.1,0
0.09090909090909091,0.18181818181818182,0.45454545454545453,17.3,0.18181818181818182,27.7,0.09090909090909091,-2.5,0.6363636363636364,0.5454545454545454,0,1,-0.8,0.36363636363636365,0.85,0
0.09090909090909091,0.09090909090909091,0.45454545454545453,11.1,0.7272727272727273,11.3,0.9090909090909091,1.4,0.18181818181818182,0.36363636363636365,0.5,0.91,-0.4,0.36363636363636365,0.5,1
0.2727272727272727,0.18181818181818182,0.45454545454545453,0,0.7272727272727273,4.9,0.9090909090909091,-4,0.6363636363636364,0.09090909090909091,0.9,0.47,-0.3,0.18181818181818182,0.35,0
0.18181818181818182,0.2727272727272727,0.45454545454545453,66.5,0.09090909090909091,53.3,0.9090909090909091,0.3,0.18181818181818182,0.36363636363636365,0.7,0.85,-0.3,0.36363636363636365,0.25,1
0.18181818181818182,0.09090909090909091,0.45454545454545453,50.3,0.18181818181818182,72.2,0.9090909090909091,-2.4,0.6363636363636364,0.5454545454545454,0,1,-0.7,0.09090909090909091,0.1,0
0.09090909090909091,0.2727272727272727,0.45454545454545453,0,0.7272727272727273,0,0.9090909090909091,-2.9,0.6363636363636364,0.5454545454545454,0.3,0.96,-0.8,0.18181818181818182,0.35,1
