Statistic,Value
Mean,0.287662534435
Std,0.0821937744465
Max,0.55
Min,0.1
Var,0.00675581655776
