AAWt,AAMt,Sstruct,SaccW,ShbondsW,SaccM,ShbondsM,yDDG,Result,Positiontype,ProteinPropens,Positionaccept,MOSST,SectorSuperficie,Functionalrelevancefunction,Clinical
0.09090909090909091,0.18181818181818182,0.5454545454545454,44.8,0.09090909090909091,29.5,0.9090909090909091,-2.4,0.45454545454545453,0.18181818181818182,0.8,0.28,-0.1,0.09090909090909091,0.15,0
0.18181818181818182,0.09090909090909091,0.09090909090909091,11.9,0.5454545454545454,15.2,0.9090909090909091,-2.3,0.45454545454545453,0.45454545454545453,0,1,-1.2,0.09090909090909091,0.1,1
0.18181818181818182,0.09090909090909091,0.2727272727272727,42.5,0.5454545454545454,55.3,0.9090909090909091,0.7,0.09090909090909091,0.18181818181818182,0.5,0.93,-0.6,0.36363636363636365,0.1,0
0.18181818181818182,0.2727272727272727,0.5454545454545454,1.2,0.5454545454545454,0.8,0.9090909090909091,-5,0.45454545454545453,0.45454545454545453,0,1,-0.9,0.36363636363636365,0.1,0
0.09090909090909091,0.09090909090909091,0.2727272727272727,97.4,0.5454545454545454,89.5,0.9090909090909091,-1.8,0.18181818181818182,0.18181818181818182,0.3,0.77,0,0.09090909090909091,0,0
0.09090909090909091,0.2727272727272727,0.5454545454545454,0,0.5454545454545454,5.2,0.9090909090909091,-5,0.45454545454545453,0.45454545454545453,0,1,-0.9,0.09090909090909091,0.35,1
0.18181818181818182,0.2727272727272727,0.5454545454545454,17.3,0.36363636363636365,0.3,0.9090909090909091,-1.1,0.18181818181818182,0.45454545454545453,0,1,-0.7,0.36363636363636365,0.85,0
0.18181818181818182,0.09090909090909091,0.09090909090909091,20.4,0.5454545454545454,47.5,0.9090909090909091,0.3,0.2727272727272727,0.18181818181818182,0.6,0.84,0,0.18181818181818182,0.1,0
0.18181818181818182,0.09090909090909091,0.5454545454545454,3.2,0.36363636363636365,33.2,0.9090909090909091,-5.8,0.45454545454545453,0.45454545454545453,0.5,0.92,-0.8,0.09090909090909091,0.6,1
0.09090909090909091,0.18181818181818182,0.5454545454545454,74,0.36363636363636365,87.1,0.9090909090909091,0.2,0.2727272727272727,0.18181818181818182,0.9,0.76,-0.3,0.36363636363636365,0.1,1
0.09090909090909091,0.09090909090909091,0.2727272727272727,99.4,0.36363636363636365,98.6,0.09090909090909091,-0.5,0.2727272727272727,0.18181818181818182,-0.1,0.71,-0.1,0.18181818181818182,0.2,0
