Statistic,Value
Mean,0.425866660334
Std,0.106531287519
Max,0.568965517241
Min,0.103448275862
Var,0.0113489152204
