Statistic,Value
Mean,0.619576042111
Std,0.0445612346625
Max,0.700757575758
Min,0.477272727273
Var,0.00198570363464
