AAWt,AAMt,Sstruct,SaccW,ShbondsW,SaccM,ShbondsM,yDDG,Result,Positiontype,ProteinPropens,Positionaccept,MOSST,SectorSuperficie,Functionalrelevancefunction,Clinical
0.00552367746064,0.00552367746064,0.00828551619096,0.39439057069,0.0165710323819,0.918311377831,0.0165710323819,0.00579986133367,0.00552367746064,0.00276183873032,0.0115997226673,0.0162396117343,0.0,0.00276183873032,0.00193328711122,0
0.00213055521281,0.00213055521281,0.00106527760641,0.695732804744,0.00639166563843,0.718103634478,0.00639166563843,-0.00745694324484,0.00213055521281,0.00319583281922,0.0,0.00745694324484,-0.00745694324484,0.00213055521281,0.00223708297345,1
0.0522046873528,0.0261023436764,0.0522046873528,0.0548149217205,0.156614062058,0.0,0.156614062058,-0.931853669248,0.0783070310292,0.0783070310292,0.0548149217205,0.173580585448,-0.164444765161,0.0261023436764,0.0182716405735,1
0.133602919116,0.133602919116,0.133602919116,0.093522043381,0.400808757347,0.140283065071,0.400808757347,-0.514371238595,0.133602919116,0.200404378673,0.280566130143,0.416173093045,-0.0467610216905,0.133602919116,0.0467610216905,0
0.0179026239702,0.00895131198511,0.00895131198511,0.244370817193,0.00895131198511,0.952419595216,0.0537078719106,-0.15038204135,0.0268539359553,0.0268539359553,0.0313295919479,0.0551400818283,-0.0187977551687,0.0179026239702,0.0313295919479,0
0.00598411988146,0.00299205994073,0.00897617982219,0.232483057395,0.0179523596444,0.971821068749,0.00299205994073,-0.00837776783404,0.00598411988146,0.00897617982219,0.0104722097926,0.0190594218224,-0.0167555356681,0.00299205994073,0.0104722097926,0
0.0275303256552,0.0550606513105,0.0825909769657,0.0,0.165181953931,0.790120346305,0.165181953931,-0.481780698966,0.0825909769657,0.0825909769657,0.0,0.192712279587,-0.154169823669,0.0550606513105,0.028906841938,0
