AAWt,AAMt,Sstruct,SaccW,ShbondsW,SaccM,ShbondsM,yDDG,Result,Positiontype,ProteinPropens,Positionaccept,MOSST,SectorSuperficie,Functionalrelevancefunction,Clinical
0.14285714285714285,0.14285714285714285,0.14285714285714285,6.8,1.0,6.3,0.8571428571428571,-0.7,0.14285714285714285,0.5714285714285714,0.3,0.97,-0.3,0.14285714285714285,0.2,1
0.2857142857142857,0.2857142857142857,0.14285714285714285,26.8,1.0,54.1,0.8571428571428571,-2.8,0.5714285714285714,0.5714285714285714,0,1,-1.2,0.14285714285714285,0.1,0
0.2857142857142857,0.14285714285714285,0.42857142857142855,1.4,1.0,2.3,0.8571428571428571,-3.1,0.5714285714285714,0.5714285714285714,0,1,-0.9,0.2857142857142857,0.1,0
0.2857142857142857,0.14285714285714285,0.2857142857142857,0,1.0,9.3,0.14285714285714285,-3,0.5714285714285714,0.14285714285714285,0.9,0.47,-0.4,0.14285714285714285,0.35,0
0.2857142857142857,0.2857142857142857,0.42857142857142855,40.3,1.0,60.9,0.8571428571428571,-2.8,0.5714285714285714,0.2857142857142857,0.6,0.87,-0.6,0.14285714285714285,0.6,1
0.14285714285714285,0.14285714285714285,0.2857142857142857,0,1.0,0,0.8571428571428571,-1.3,0.14285714285714285,0.5714285714285714,0,1,-1.1,0.14285714285714285,0.5,1
0.14285714285714285,0.14285714285714285,0.42857142857142855,6.7,1.0,17.7,0.8571428571428571,-0.3,0.14285714285714285,0.2857142857142857,0.7,0.78,-0.5,0.2857142857142857,0.5,1
