statistic,value
mean,0.662580188495
max,0.84
min,0.54347826087
var,0.00314717086834
std,0.0560996512319
