statistic,value
mean,0.655845963644
max,0.818181818182
min,0.530303030303
var,0.00281962201945
std,0.0531001131774
