AAWt,AAMt,Sstruct,SaccW,ShbondsW,SaccM,ShbondsM,yDDG,Result,Positiontype,ProteinPropens,Positionaccept,MOSST,SectorSuperficie,Functionalrelevancefunction,Clinical
0.00220989920611,0.00441979841222,0.00441979841222,0.890589380063,0.0154692944428,0.453029337253,0.0154692944428,0.00662969761834,0.00883959682445,0.0154692944428,0.0132593952367,0.0192261230932,-0.00220989920611,0.00220989920611,0.0132593952367,0
0.0150216448851,0.00500721496171,0.0200288598468,0.55580086075,0.035050504732,0.826190468682,0.035050504732,0.0100144299234,0.0200288598468,0.035050504732,0.0250360748085,0.0455656561516,-0.0150216448851,0.0100144299234,0.0250360748085,0
0.0473381068331,0.0473381068331,0.0946762136662,0.0,0.331366747832,0.0,0.331366747832,-0.473381068331,0.0946762136662,0.0946762136662,0.0,0.473381068331,-0.520719175164,0.0473381068331,0.165683373916,1
0.00179759906944,0.00179759906944,0.00089879953472,0.744206014748,0.00179759906944,0.667808054297,0.00269639860416,-0.00629159674304,0.00179759906944,0.00629159674304,0.00719039627776,0.00575231702221,-0.00179759906944,0.00089879953472,0.00089879953472,0
0.0574636728924,0.114927345785,0.22985469157,0.0,0.402245710247,0.114927345785,0.402245710247,0.0,0.22985469157,0.402245710247,0.402245710247,0.448216648561,0.0,0.114927345785,0.0574636728924,0
0.00628300414459,0.00418866942972,0.00837733885945,0.23247115335,0.014660343004,0.971771307696,0.00628300414459,-0.00837733885945,0.00837733885945,0.014660343004,0.0104716735743,0.0190584459052,-0.0167546777189,0.00418866942972,0.0104716735743,0
0.00300390873586,0.00300390873586,0.0120156349434,0.636828652002,0.021027361151,0.76900063638,0.021027361151,0.0240312698869,0.00300390873586,0.021027361151,0.0,0.0249324425076,-0.0180234524152,0.00300390873586,0.00750977183965,0
0.0593804499012,0.0197934833004,0.0197934833004,0.771945848716,0.0395869666008,0.376076182708,0.138554383103,-0.376076182708,0.0395869666008,0.138554383103,0.098967416502,0.174182653043,-0.158347866403,0.0197934833004,0.098967416502,0
0.00239619441472,0.00479238882945,0.00479238882945,0.306712885085,0.0167733609031,0.948892988231,0.00718858324417,0.0646972491976,0.00239619441472,0.00479238882945,0.0,0.0239619441472,-0.0119809720736,0.00239619441472,0.0143771664883,0
0.00307538725898,0.00307538725898,0.00307538725898,0.688886746011,0.00153769362949,0.72425369949,0.0107638554064,-0.0215277108129,0.00307538725898,0.00153769362949,0.0123015490359,0.00430554216257,0.00922616177694,0.00307538725898,0.00230654044423,1
