AAWt,AAMt,Sstruct,SaccW,ShbondsW,SaccM,ShbondsM,yDDG,Result,Positiontype,ProteinPropens,Positionaccept,MOSST,SectorSuperficie,Functionalrelevancefunction,Clinical
0.0909090909091,0.0909090909091,0.272727272727,26.8,0.818181818182,40.7,0.818181818182,0,0.272727272727,0.545454545455,0,1,-1.2,0.0909090909091,0.1,0
0.0909090909091,0.181818181818,0.181818181818,3.2,0.181818181818,33.2,0.818181818182,-5.8,0.363636363636,0.545454545455,0.5,0.92,-0.8,0.0909090909091,0.6,1
0.181818181818,0.0909090909091,0.272727272727,25.4,0.818181818182,36.1,0.818181818182,-1,0.272727272727,0.545454545455,0,1,-0.5,0.0909090909091,0,0
0.272727272727,0.181818181818,0.181818181818,0.2,0.818181818182,34.1,0.818181818182,-4.7,0.363636363636,0.0909090909091,0.5,0.91,-0.7,0.0909090909091,0.1,0
0.0909090909091,0.0909090909091,0.181818181818,6.8,0.818181818182,8.6,0.181818181818,0.5,0.272727272727,0.545454545455,0.3,0.97,-0.6,0.0909090909091,0.2,0
0.0909090909091,0.181818181818,0.272727272727,50.8,0.818181818182,23.9,0.818181818182,-1.8,0.272727272727,0.363636363636,1,0.63,-0.3,0.0909090909091,0.25,0
0.181818181818,0.272727272727,0.181818181818,19.6,0.818181818182,26.2,0.818181818182,3.3,0.0909090909091,0.363636363636,-0.1,0.6,-0.5,0.0909090909091,0.15,0
0.272727272727,0.272727272727,0.272727272727,1.4,0.818181818182,2,0.818181818182,-3.3,0.363636363636,0.545454545455,0,1,-0.8,0.363636363636,0.1,1
0.272727272727,0.181818181818,0.272727272727,1.4,0.818181818182,2,0.818181818182,-4.9,0.363636363636,0.545454545455,0,1,-1,0.363636363636,0.1,0
0.0909090909091,0.272727272727,0.0909090909091,3.9,0.181818181818,1.9,0.818181818182,-1.9,0.272727272727,0.363636363636,0.5,0.88,-0.8,0.363636363636,0.5,0
0.0909090909091,0.0909090909091,0.272727272727,6.7,0.818181818182,30.5,0.181818181818,0.5,0.272727272727,0.363636363636,0.7,0.78,0.1,0.363636363636,0.5,0
