Statistic,Value
Mean,0.460441360702
Std,0.13792333186
Max,0.722222222222
Min,0.0
Var,0.0190228454714
