AAWt,AAMt,Sstruct,SaccW,ShbondsW,SaccM,ShbondsM,yDDG,Result,Positiontype,ProteinPropens,Positionaccept,MOSST,SectorSuperficie,Functionalrelevancefunction,Clinical
0.07692307692307693,0.07692307692307693,0.15384615384615385,38.7,0.8461538461538461,42.4,1.0,0,0.23076923076923078,0.5384615384615384,0,1,-0.6,0.38461538461538464,0.1,0
0.23076923076923078,0.23076923076923078,0.23076923076923078,66.5,0.07692307692307693,53.3,1.0,0.3,0.23076923076923078,0.3076923076923077,0.7,0.85,-0.3,0.3076923076923077,0.25,1
0.3076923076923077,0.15384615384615385,0.23076923076923078,1.4,0.8461538461538461,2.3,1.0,-3.1,0.38461538461538464,0.5384615384615384,0,1,-0.9,0.38461538461538464,0.1,0
0.07692307692307693,0.23076923076923078,0.15384615384615385,18.3,0.8461538461538461,12.9,1.0,-3.5,0.38461538461538464,0.3076923076923077,0.5,0.85,-0.8,0.38461538461538464,0.8,0
0.23076923076923078,0.23076923076923078,0.38461538461538464,0,0.8461538461538461,0,1.0,-1.3,0.23076923076923078,0.15384615384615385,0.7,0.25,-0.1,0.3076923076923077,0,1
0.23076923076923078,0.07692307692307693,0.38461538461538464,0,0.8461538461538461,0,1.0,-1.3,0.23076923076923078,0.5384615384615384,0,1,-1.1,0.15384615384615385,0.5,1
0.3076923076923077,0.23076923076923078,0.38461538461538464,15.5,0.8461538461538461,12.6,1.0,-3.5,0.38461538461538464,0.15384615384615385,0.3,0.17,-0.1,0.15384615384615385,0.1,1
0.23076923076923078,0.07692307692307693,0.38461538461538464,4.9,0.07692307692307693,1.5,1.0,-0.3,0.23076923076923078,0.3076923076923077,0.7,0.73,-0.3,0.3076923076923077,0.75,1
0.3076923076923077,0.15384615384615385,0.23076923076923078,1.4,0.8461538461538461,2.3,1.0,-3.1,0.38461538461538464,0.5384615384615384,0,1,-0.9,0.38461538461538464,0.1,0
0.07692307692307693,0.23076923076923078,0.23076923076923078,0,0.8461538461538461,3.7,1.0,-2,0.23076923076923078,0.5384615384615384,0,1,-1.3,0.15384615384615385,0.15,0
0.23076923076923078,0.07692307692307693,0.23076923076923078,11.1,0.8461538461538461,38.8,1.0,1.1,0.07692307692307693,0.3076923076923077,0.5,0.91,-0.8,0.3076923076923077,0.5,1
0.23076923076923078,0.07692307692307693,0.38461538461538464,0,0.8461538461538461,0,1.0,2.5,0.07692307692307693,0.5384615384615384,0,1,-0.3,0.15384615384615385,0.5,1
0.3076923076923077,0.23076923076923078,0.23076923076923078,35.5,0.8461538461538461,26.6,1.0,-3.7,0.38461538461538464,0.5384615384615384,0.3,0.95,-1,0.38461538461538464,0.1,0
