AAWt,AAMt,Sstruct,SaccW,ShbondsW,SaccM,ShbondsM,yDDG,Result,Positiontype,ProteinPropens,Positionaccept,MOSST,SectorSuperficie,Functionalrelevancefunction,Clinical
0.181818181818,0.181818181818,0.272727272727,0,0.545454545455,4.9,0.727272727273,1.6,0.363636363636,0.636363636364,0,1,-1.3,0.181818181818,0.15,0
0.0909090909091,0.181818181818,0.363636363636,3.2,0.454545454545,0.2,0.272727272727,1.2,0.363636363636,0.636363636364,0.5,0.92,-0.5,0.0909090909091,0.6,0
0.0909090909091,0.181818181818,0.272727272727,63.3,0.454545454545,97.8,0.272727272727,-0.4,0.181818181818,0.636363636364,0,1,-0.3,0.0909090909091,1,1
0.181818181818,0.0909090909091,0.272727272727,23.5,0.545454545455,38.4,0.727272727273,-1.6,0.0909090909091,0.636363636364,0,1,-0.9,0.0909090909091,0.6,0
0.0909090909091,0.0909090909091,0.272727272727,68.8,0.454545454545,71.5,0.727272727273,-3.7,0.272727272727,0.636363636364,0,1,-0.5,0.272727272727,0,0
0.181818181818,0.0909090909091,0.363636363636,0,0.545454545455,0,0.272727272727,0.6,0.0909090909091,0.636363636364,0,1,-1.1,0.0909090909091,0.5,0
0.181818181818,0.181818181818,0.363636363636,0.1,0.545454545455,0.3,0.727272727273,-3.1,0.272727272727,0.272727272727,0.5,0.9,-0.7,0.181818181818,0.1,1
0.0909090909091,0.0909090909091,0.0909090909091,3.9,0.454545454545,2.4,0.727272727273,1.4,0.363636363636,0.272727272727,0.5,0.88,-0.7,0.272727272727,0.5,0
0.0909090909091,0.0909090909091,0.272727272727,6.7,0.545454545455,17.7,0.727272727273,-0.3,0.181818181818,0.272727272727,0.7,0.78,-0.5,0.272727272727,0.5,1
0.181818181818,0.0909090909091,0.363636363636,37,0.545454545455,48.6,0.727272727273,1.7,0.363636363636,0.0909090909091,0.2,0.89,-0.4,0.0909090909091,0,1
0.181818181818,0.0909090909091,0.272727272727,50.3,0.454545454545,72.2,0.727272727273,-2.4,0.272727272727,0.636363636364,0,1,-0.7,0.0909090909091,0.1,0
