Statistic,Value
Mean,0.655069124424
Std,0.104371465449
Max,0.833333333333
Min,0.25
Var,0.0108934027999
