AAWt,AAMt,Sstruct,SaccW,ShbondsW,SaccM,ShbondsM,yDDG,Result,Positiontype,ProteinPropens,Positionaccept,MOSST,SectorSuperficie,Functionalrelevancefunction,Clinical
0.00211185136575,0.00211185136575,0.00105592568288,0.815174627181,0.00211185136575,0.574423571485,0.00527962841439,-0.0734924275283,0.00422370273151,0.00422370273151,0.00337896218521,0.00506844327781,-0.000844740546302,0.00211185136575,0.00253422163891,0
0.0244540443902,0.0244540443902,0.0733621331707,0.0,0.122270221951,0.802092656,0.122270221951,-0.489080887805,0.097816177561,0.0489080887805,0.0,0.195632355122,-0.156505884098,0.0733621331707,0.0293448532683,0
0.00121928012749,0.00243856025498,0.00365784038247,0.727666380085,0.00609640063744,0.6857231437,0.00243856025498,0.0107296651219,0.00121928012749,0.00487712050995,0.0,0.00770585040573,-0.00292627230597,0.00121928012749,0.00341398435697,1
0.00405375305556,0.00202687652778,0.00202687652778,0.653464992556,0.0101343826389,0.755619569556,0.00202687652778,-0.0356730268889,0.00810750611112,0.00810750611112,0.00972900733334,0.0141070606333,-0.00972900733334,0.00202687652778,0.00972900733334,0
0.0112906970479,0.0225813940959,0.0112906970479,0.614213919408,0.0564534852397,0.776799956898,0.0225813940959,0.0451627881917,0.0225813940959,0.0225813940959,0.027097672915,0.087615809092,-0.0541953458301,0.0112906970479,0.0180651152767,0
0.00278025550168,0.00139012775084,0.00417038325253,0.661700809401,0.00695063875421,0.749556883254,0.00695063875421,0.0,0.00278025550168,0.00278025550168,0.0100089198061,0.00622777232377,0.0044484088027,0.00417038325253,0.00111210220067,1
0.00465459701044,0.00465459701044,0.00232729850522,0.834103784271,0.00232729850522,0.549242447232,0.0116364925261,-0.0446841313002,0.00930919402088,0.00465459701044,0.0148947104334,0.00521314865169,-0.00186183880418,0.00698189551566,0.00279275820626,0
0.0226218778135,0.0226218778135,0.0226218778135,0.705802587782,0.045243755627,0.633412578779,0.113109389068,-0.162877520257,0.0226218778135,0.0904875112541,0.0904875112541,0.159258019807,-0.0723900090033,0.045243755627,0.0904875112541,0
