AAWt,AAMt,Sstruct,SaccW,ShbondsW,SaccM,ShbondsM,yDDG,Result,Positiontype,ProteinPropens,Positionaccept,MOSST,SectorSuperficie,Functionalrelevancefunction,Clinical
0.142857142857,0.285714285714,0.714285714286,46.3,0.714285714286,11.6,0.857142857143,1.8,0.285714285714,0.857142857143,0,1,-1,0.142857142857,0.35,1
0.285714285714,0.142857142857,0.714285714286,0,0.714285714286,3.2,0.857142857143,-0.9,0.285714285714,0.857142857143,0,1,-0.8,0.285714285714,0.15,1
0.285714285714,0.142857142857,0.714285714286,0,0.714285714286,4.9,0.857142857143,1.6,0.285714285714,0.857142857143,0,1,-1.3,0.285714285714,0.15,0
0.142857142857,0.285714285714,0.285714285714,0,0.714285714286,2.4,0.857142857143,-0.8,0.285714285714,0.857142857143,0,1,-0.5,0.142857142857,0.35,1
0.285714285714,0.142857142857,0.285714285714,0,0.714285714286,0,0.857142857143,0,0.285714285714,0.857142857143,0,1,-1.3,0.142857142857,0.5,1
0.285714285714,0.142857142857,0.714285714286,50.3,0.285714285714,55,0.142857142857,-1.6,0.142857142857,0.857142857143,0,1,-1.1,0.142857142857,0.1,0
0.142857142857,0.142857142857,0.714285714286,91.7,0.285714285714,64.7,0.857142857143,0,0.285714285714,0.142857142857,0.5,0.9,-0.7,0.142857142857,0,0
