Statistic,Value
Mean,0.485383707202
Std,0.100464254566
Max,0.607142857143
Min,0.25
Var,0.0100930664454
