AAWt,AAMt,Sstruct,SaccW,ShbondsW,SaccM,ShbondsM,yDDG,Result,Positiontype,ProteinPropens,Positionaccept,MOSST,SectorSuperficie,Functionalrelevancefunction,Clinical
0.0360301879289,0.0360301879289,0.0360301879289,0.0,0.108090563787,0.882739604258,0.126105657751,0.288241503431,0.0720603758578,0.108090563787,0.0,0.180150939644,-0.234196221538,0.0360301879289,0.0270226409467,0
0.0263373204616,0.0526746409233,0.105349281847,0.842794254773,0.105349281847,0.0526746409233,0.0790119613849,0.31604784554,0.105349281847,0.15802392277,0.131686602308,0.242303348247,-0.131686602308,0.0263373204616,0.15802392277,0
0.000858289105703,0.00171657821141,0.00257486731711,0.54329700391,0.00343315642281,0.839406745377,0.00257486731711,-0.00343315642281,0.00171657821141,0.00514973463422,0.0,0.00858289105703,-0.00257486731711,0.000858289105703,0.00858289105703,1
0.00443584395893,0.00221792197946,0.00443584395893,0.521211665174,0.0133075318768,0.851682040114,0.0155254538562,-0.0354867516714,0.00221792197946,0.0133075318768,0.0,0.0221792197946,-0.0199612978152,0.00221792197946,0.0133075318768,0
0.00100697837275,0.00100697837275,0.00302093511824,0.69280112045,0.00402791349099,0.719989536514,0.00704884860923,-0.0372581997917,0.0020139567455,0.00604187023649,0.0,0.0100697837275,-0.00503489186374,0.00302093511824,0.0,0
0.0510976130308,0.0510976130308,0.204390452123,0.0,0.306585678185,0.0,0.153292839092,0.306585678185,0.0510976130308,0.306585678185,0.0,0.510976130308,-0.562073743338,0.0510976130308,0.255488065154,0
0.0565007821881,0.0565007821881,0.113001564376,0.0282503910941,0.169502346564,0.0847511732822,0.197752737658,-0.875762123916,0.0565007821881,0.0847511732822,0.14125195547,0.254253519847,-0.197752737658,0.0565007821881,0.0282503910941,1
0.019720222121,0.019720222121,0.019720222121,0.769088662719,0.078880888484,0.473285330904,0.138041554847,0.276083109694,0.078880888484,0.059160666363,0.098601110605,0.173537954665,-0.138041554847,0.059160666363,0.098601110605,0
0.0052628051091,0.0052628051091,0.0157884153273,0.35260794231,0.0315768306546,0.931516504311,0.0368396357637,-0.0157884153273,0.0105256102182,0.0157884153273,0.0368396357637,0.041049879851,-0.0263140255455,0.0157884153273,0.0263140255455,1
0.0032720640028,0.0016360320014,0.0065441280056,0.605331840518,0.0098161920084,0.79511155268,0.0114522240098,0.0278125440238,0.0065441280056,0.0016360320014,0.0032720640028,0.0145606848125,-0.0065441280056,0.0016360320014,0.0,1
