AAWt,AAMt,Sstruct,SaccW,ShbondsW,SaccM,ShbondsM,yDDG,Result,Positiontype,ProteinPropens,Positionaccept,MOSST,SectorSuperficie,Functionalrelevancefunction,Clinical
0.0021118113375,0.0021118113375,0.0021118113375,0.815159176276,0.0021118113375,0.574412683801,0.004223622675,-0.0734910345451,0.00633543401251,0.00633543401251,0.00337889814,0.00506834721001,-0.000844724535001,0.0021118113375,0.002534173605,0
0.048475198919,0.048475198919,0.096950397838,0.0,0.145425596757,0.794993262271,0.096950397838,-0.48475198919,0.145425596757,0.048475198919,0.0,0.193900795676,-0.155120636541,0.048475198919,0.0290851193514,0
0.00243847506557,0.00243847506557,0.00487695013114,0.727640959567,0.00731542519671,0.685699188439,0.00243847506557,0.0107292902885,0.00243847506557,0.00731542519671,0.0,0.00770558120721,-0.00292617007869,0.00243847506557,0.0034138650918,1
0.00405322856444,0.00405322856444,0.00405322856444,0.653380444588,0.0121596856933,0.755521804412,0.00405322856444,-0.0356684113671,0.0121596856933,0.0121596856933,0.00972774855466,0.0141052354043,-0.00972774855466,0.00405322856444,0.00972774855466,0
