AAWt,AAMt,Sstruct,SaccW,ShbondsW,SaccM,ShbondsM,yDDG,Result,Positiontype,ProteinPropens,Positionaccept,MOSST,SectorSuperficie,Functionalrelevancefunction,Clinical
0.14285714285714285,0.14285714285714285,0.14285714285714285,6.8,0.7142857142857143,8.6,0.14285714285714285,0.5,0.5714285714285714,0.5714285714285714,0.3,0.97,-0.6,0.14285714285714285,0.2,0
0.14285714285714285,0.14285714285714285,0.2857142857142857,26.8,0.7142857142857143,28.9,0.14285714285714285,-2.1,0.2857142857142857,0.5714285714285714,0,1,-1.3,0.14285714285714285,0.1,0
0.14285714285714285,0.14285714285714285,0.14285714285714285,61,0.7142857142857143,89.4,0.7142857142857143,0,0.5714285714285714,0.2857142857142857,0.1,0.76,-0.1,0.42857142857142855,0.2,0
0.2857142857142857,0.14285714285714285,0.2857142857142857,0,0.7142857142857143,0,0.7142857142857143,-2.4,0.2857142857142857,0.2857142857142857,0.7,0.78,-0.5,0.14285714285714285,0.1,1
0.2857142857142857,0.14285714285714285,0.42857142857142855,12.1,0.2857142857142857,28.6,0.7142857142857143,1.5,0.14285714285714285,0.5714285714285714,0.3,0.97,-0.7,0.42857142857142855,0.6,1
0.2857142857142857,0.14285714285714285,0.42857142857142855,12.1,0.2857142857142857,10.6,0.7142857142857143,0.4,0.5714285714285714,0.5714285714285714,0.3,0.97,-0.9,0.42857142857142855,0.6,0
0.2857142857142857,0.14285714285714285,0.42857142857142855,0,0.7142857142857143,0.9,0.7142857142857143,-0.4,0.5714285714285714,0.14285714285714285,0.9,0.47,0.6,0.14285714285714285,0.35,1
