AAWt,AAMt,Sstruct,SaccW,ShbondsW,SaccM,ShbondsM,yDDG,Result,Positiontype,ProteinPropens,Positionaccept,MOSST,SectorSuperficie,Functionalrelevancefunction,Clinical
0.09090909090909091,0.09090909090909091,0.45454545454545453,0,0.7272727272727273,2.3,0.6363636363636364,-5,0.18181818181818182,0.5454545454545454,0,1,-0.9,0.09090909090909091,0.25,0
0.09090909090909091,0.09090909090909091,0.2727272727272727,40.3,0.7272727272727273,36.1,0.6363636363636364,0.6,0.2727272727272727,0.36363636363636365,0.6,0.87,0.3,0.09090909090909091,0.6,1
0.2727272727272727,0.18181818181818182,0.2727272727272727,93.3,0.7272727272727273,92.8,0.6363636363636364,-0.6,0.18181818181818182,0.5454545454545454,0,1,-0.3,0.18181818181818182,0.3,0
0.09090909090909091,0.18181818181818182,0.2727272727272727,0,0.7272727272727273,5.5,0.6363636363636364,-1.5,0.18181818181818182,0.5454545454545454,0,1,-0.6,0.18181818181818182,0.15,1
0.09090909090909091,0.18181818181818182,0.45454545454545453,45.4,0.7272727272727273,41.5,0.36363636363636365,-1.8,0.18181818181818182,0.36363636363636365,0.1,0.57,-0.2,0.18181818181818182,0.1,0
0.2727272727272727,0.09090909090909091,0.45454545454545453,0.1,0.7272727272727273,0.3,0.6363636363636364,-3.1,0.18181818181818182,0.36363636363636365,0.5,0.9,-0.7,0.18181818181818182,0.1,1
0.2727272727272727,0.09090909090909091,0.2727272727272727,33.4,0.7272727272727273,37.9,0.6363636363636364,-0.8,0.18181818181818182,0.5454545454545454,0,1,-1,0.09090909090909091,0.35,1
0.09090909090909091,0.09090909090909091,0.45454545454545453,17.3,0.09090909090909091,16.3,0.36363636363636365,3.4,0.09090909090909091,0.5454545454545454,0,1,-1.3,0.18181818181818182,0.85,1
0.18181818181818182,0.18181818181818182,0.2727272727272727,62,0.18181818181818182,61.8,0.36363636363636365,0.6,0.09090909090909091,0.09090909090909091,0.3,0.67,0.6,0.18181818181818182,0.35,1
0.18181818181818182,0.09090909090909091,0.2727272727272727,52.4,0.18181818181818182,48,0.36363636363636365,-0.2,0.2727272727272727,0.36363636363636365,0.2,0.91,-0.7,0.18181818181818182,0.6,0
0.09090909090909091,0.09090909090909091,0.45454545454545453,0,0.7272727272727273,0,0.6363636363636364,0.7,0.2727272727272727,0.5454545454545454,0,1,-0.7,0.18181818181818182,0.5,0
