AAWt,AAMt,Sstruct,SaccW,ShbondsW,SaccM,ShbondsM,yDDG,Result,Positiontype,ProteinPropens,Positionaccept,MOSST,SectorSuperficie,Functionalrelevancefunction,Clinical
0.004738120791301862,0.002369060395650931,0.002369060395650931,0.8689713531247615,0.002369060395650931,0.4925276562558285,0.014214362373905585,-0.038141872369979984,0.004738120791301862,0.007107181186952792,0.0033166845539113034,0.01509091472029643,-0.013266738215645214,0.004738120791301862,0.00995005366173391,0
0.001195327889707628,0.001195327889707628,0.002390655779415256,0.707036446762062,0.007171967338245768,0.707036446762062,0.007171967338245768,0.002510188568386019,0.003585983669122884,0.001195327889707628,0.007530565705158056,0.002091823806988349,0.0016734590455906792,0.001195327889707628,0.0012550942841930094,1
0.00821533768509345,0.004107668842546725,0.004107668842546725,0.5261923787302355,0.02464601305528035,0.8482336159858987,0.02464601305528035,0.023002945518261663,0.004107668842546725,0.012323006527640176,0.014376840948913538,0.024440629613153016,-0.014376840948913538,0.00821533768509345,0.023002945518261663,0
0.0018059603633569594,0.0018059603633569594,0.005417881090070878,0.4677437341094525,0.010835762180141756,0.8836564057905604,0.0018059603633569594,-0.005056689017399487,0.005417881090070878,0.0018059603633569594,0.0025283445086997434,0.011251133063713857,-0.0025283445086997434,0.003611920726713919,0.0,0
0.06962768657628088,0.06962768657628088,0.20888305972884263,0.0,0.41776611945768527,0.0,0.41776611945768527,0.3411756642237763,0.20888305972884263,0.13925537315256176,0.0,0.4873938060339662,-0.3411756642237763,0.06962768657628088,0.2436969030169831,0
0.00340400113034778,0.00340400113034778,0.00680800226069556,0.5599581859422099,0.02042400678208668,0.8268318745614759,0.02042400678208668,-0.02621080870367791,0.00340400113034778,0.00680800226069556,0.0,0.023828007912434463,-0.01906240632994757,0.00340400113034778,0.014296804747460676,1
0.004499356301261119,0.004499356301261119,0.013498068903783357,0.6330594315874395,0.026996137807566715,0.7621909574336335,0.026996137807566715,-0.12598197643531134,0.008998712602522238,0.013498068903783357,0.006299098821765567,0.018582341524208422,-0.0031495494108827837,0.008998712602522238,0.0031495494108827837,1
