AAWt,AAMt,Sstruct,SaccW,ShbondsW,SaccM,ShbondsM,yDDG,Result,Positiontype,ProteinPropens,Positionaccept,MOSST,SectorSuperficie,Functionalrelevancefunction,Clinical
0.2857142857142857,0.14285714285714285,0.14285714285714285,52.4,0.14285714285714285,29.7,0.8571428571428571,-2.3,0.2857142857142857,0.42857142857142855,0.2,0.91,-0.8,0.2857142857142857,0.6,0
0.14285714285714285,0.14285714285714285,0.2857142857142857,84.5,0.8571428571428571,84.5,0.8571428571428571,0.3,0.42857142857142855,0.14285714285714285,0.9,0.25,0.2,0.14285714285714285,0.15,1
0.2857142857142857,0.14285714285714285,0.14285714285714285,18.3,0.8571428571428571,29.5,0.8571428571428571,0.8,0.14285714285714285,0.42857142857142855,0.5,0.85,-0.5,0.2857142857142857,0.8,0
0.14285714285714285,0.14285714285714285,0.42857142857142855,37,0.8571428571428571,69.9,0.14285714285714285,-0.4,0.42857142857142855,0.14285714285714285,0.2,0.89,-0.2,0.2857142857142857,0,0
0.14285714285714285,0.14285714285714285,0.42857142857142855,0,0.8571428571428571,0,0.8571428571428571,0.7,0.42857142857142855,0.2857142857142857,0,1,-0.7,0.14285714285714285,0.5,0
0.14285714285714285,0.14285714285714285,0.2857142857142857,23.5,0.8571428571428571,34.7,0.8571428571428571,-1.1,0.14285714285714285,0.2857142857142857,0,1,-0.8,0.14285714285714285,0.6,1
0.14285714285714285,0.14285714285714285,0.42857142857142855,20.1,0.8571428571428571,24.2,0.8571428571428571,-4,0.2857142857142857,0.42857142857142855,0.2,0.59,-0.1,0.2857142857142857,0.1,1
