algorithm,desc,actualScore,new score
NuSVC,kernel: poly,0.545454545455,0.461538461538
NuSVC,kernel: rbf,0.727272727273,0.461538461538
SVC,kernel: linear,0.727272727273,0.461538461538
