algorithm,desc,actualScore,new score
NuSVC,kernel: poly,0.545454545455,0.545454545455
NuSVC,kernel: rbf,0.727272727273,0.545454545455
SVC,kernel: linear,0.727272727273,0.545454545455
