algorithm,desc,actualScore,new score
NuSVC,kernel: poly,0.545454545455,0.666666666667
NuSVC,kernel: rbf,0.727272727273,0.74358974359
SVC,kernel: linear,0.727272727273,0.410256410256
