Statistic,Value
Mean,0.676680731364
Std,0.219048468155
Max,1.0
Min,0.0
Var,0.0479822314009
