algorithm,desc,actualScore,new score
GradientBoostingClassifier,GradientBoostingClassifier 10,0.57696969697,0.384615384615
MLPClassifier,logistic-adam-invscaling (10-5-10),0.576363636364,0.423076923077
MLPClassifierSVC,logistic-adam-invscaling (10-10-15),0.576060606061,0.423076923077
SVC,linear,0.575757575758,0.423076923077
SVC,poly,0.575757575758,0.384615384615
SVC,rbf,0.575757575758,0.423076923077
gini,sigmoid,0.575757575758,0.423076923077
gini,DecisionTreeClassifier gini best,0.575757575758,0.384615384615
entropy,DecisionTreeClassifier gini random,0.575757575758,0.384615384615
