algorithm,desc,actualScore,new score
GradientBoostingClassifier,GradientBoostingClassifier 10,0.57696969697,0.414634146341
MLPClassifier,logistic-adam-invscaling (10-5-10),0.576363636364,0.40243902439
MLPClassifierSVC,logistic-adam-invscaling (10-10-15),0.576060606061,0.40243902439
SVC,linear,0.575757575758,0.390243902439
SVC,poly,0.575757575758,0.40243902439
SVC,rbf,0.575757575758,0.40243902439
gini,sigmoid,0.575757575758,0.414634146341
gini,DecisionTreeClassifier gini best,0.575757575758,0.40243902439
entropy,DecisionTreeClassifier gini random,0.575757575758,0.40243902439
