AAWt,AAMt,Sstruct,SaccW,ShbondsW,SaccM,ShbondsM,yDDG,Result,Positiontype,ProteinPropens,Positionaccept,MOSST,SectorSuperficie,Functionalrelevancefunction,Clinical
0.384615384615,0.0769230769231,0.384615384615,0,0.923076923077,9.3,0.153846153846,-3,0.538461538462,0.153846153846,0.9,0.47,-0.4,0.230769230769,0.35,0
0.0769230769231,0.153846153846,0.384615384615,57.5,0.923076923077,70.8,0.769230769231,-1.3,0.153846153846,0.153846153846,0.9,0.31,0.1,0.230769230769,0.35,1
0.0769230769231,0.230769230769,0.384615384615,0,0.923076923077,0,0.769230769231,0,0.230769230769,0.615384615385,0,1,-1.3,0.0769230769231,0.5,1
0.384615384615,0.0769230769231,0.230769230769,1.4,0.923076923077,2.3,0.769230769231,-3.1,0.538461538462,0.615384615385,0,1,-0.9,0.153846153846,0.1,0
0.0769230769231,0.153846153846,0.384615384615,0,0.923076923077,5.2,0.769230769231,-5,0.538461538462,0.615384615385,0,1,-0.9,0.230769230769,0.35,1
0.0769230769231,0.0769230769231,0.230769230769,68.8,0.0769230769231,50.2,0.153846153846,-0.4,0.230769230769,0.615384615385,0,1,-0.8,0.153846153846,0,0
0.384615384615,0.0769230769231,0.0769230769231,4.2,0.923076923077,13.7,0.769230769231,-6.5,0.538461538462,0.615384615385,1,0.95,-0.9,0.0769230769231,0.1,0
0.153846153846,0.0769230769231,0.384615384615,37,0.923076923077,48.6,0.769230769231,1.7,0.0769230769231,0.153846153846,0.2,0.89,-0.4,0.230769230769,0,1
0.384615384615,0.0769230769231,0.0769230769231,0.2,0.923076923077,34.1,0.769230769231,-4.7,0.538461538462,0.0769230769231,0.5,0.91,-0.7,0.230769230769,0.1,0
0.0769230769231,0.0769230769231,0.230769230769,11.1,0.923076923077,23.1,0.769230769231,-0.4,0.230769230769,0.153846153846,0.5,0.91,0,0.230769230769,0.5,1
0.384615384615,0.0769230769231,0.230769230769,11.9,0.923076923077,15.2,0.769230769231,-2.3,0.538461538462,0.615384615385,0,1,-1.2,0.0769230769231,0.1,1
0.0769230769231,0.230769230769,0.230769230769,26.8,0.923076923077,28.9,0.0769230769231,-2.1,0.538461538462,0.615384615385,0,1,-1.3,0.0769230769231,0.1,0
0.153846153846,0.230769230769,0.230769230769,0,0.923076923077,3.7,0.769230769231,-2,0.153846153846,0.615384615385,0,1,-1.3,0.0769230769231,0.15,0
