AAWt,AAMt,Sstruct,SaccW,ShbondsW,SaccM,ShbondsM,yDDG,Result,Positiontype,ProteinPropens,Positionaccept,MOSST,SectorSuperficie,Functionalrelevancefunction,Clinical
0.00127277053651,0.00254554107302,0.00254554107302,0.816991407386,0.00254554107302,0.576437775986,0.00763662321907,0.0,0.00509108214604,0.00381831160953,0.00445469687779,0.00801845438002,-0.0062365756289,0.00127277053651,0.0,0
0.0165277253403,0.00826386267016,0.0330554506807,0.0,0.0413193133508,0.97761495388,0.049583176021,-0.185110523812,0.00826386267016,0.0165277253403,0.052062334822,0.0271881081848,-0.0115694077382,0.00826386267016,0.0202464635419,1
0.160503305722,0.080251652861,0.160503305722,0.0,0.401258264305,0.112352314005,0.481509917166,0.0,0.321006611444,0.240754958583,0.393233099019,0.438174024621,0.0,0.160503305722,0.0561761570027,0
0.0775174234176,0.0775174234176,0.310069693671,0.0,0.387587117088,0.0,0.465104540506,-0.434097571139,0.0775174234176,0.0775174234176,0.162786589177,0.520917085367,0.0,0.155034846835,0.0542621963924,0
0.00294171159522,0.00588342319045,0.00294171159522,0.821620048546,0.0147085579761,0.566279482081,0.0176502695713,0.0576575472664,0.00294171159522,0.00882513478567,0.00823679246663,0.0115315094533,-0.00823679246663,0.00294171159522,0.0,1
0.00124979307639,0.00124979307639,0.00499917230557,0.647392813571,0.00249958615278,0.761998838676,0.00749875845835,0.00174971030695,0.00499917230557,0.00124979307639,0.00787369638127,0.00664889916641,-0.00262456546042,0.00249958615278,0.000874855153475,1
0.00180594269324,0.00180594269324,0.00722377077294,0.467739157548,0.00902971346618,0.8836477598,0.00180594269324,-0.00505663954106,0.00722377077294,0.00361188538647,0.00252831977053,0.0112510229789,-0.00252831977053,0.00361188538647,0.0,0
