AAWt,AAMt,Sstruct,SaccW,ShbondsW,SaccM,ShbondsM,yDDG,Result,Positiontype,ProteinPropens,Positionaccept,MOSST,SectorSuperficie,Functionalrelevancefunction,Clinical
0.02647231421316738,0.02647231421316738,0.02647231421316738,0.7200469465981527,0.05294462842633476,0.6353355411160171,0.05294462842633476,-0.23295636507587295,0.02647231421316738,0.02647231421316738,0.03176677705580085,0.10271257914708942,-0.042355702741067806,0.02647231421316738,0.021177851370533903,0
0.005148027311560968,0.005148027311560968,0.005148027311560968,0.8216251589251305,0.010296054623121937,0.5662830042717065,0.010296054623121937,0.057657905889482844,0.005148027311560968,0.015444081934682906,0.00823684369849755,0.011531581177896572,-0.00823684369849755,0.010296054623121937,0.0,1
0.002316687343326815,0.002316687343326815,0.002316687343326815,0.608825433826287,0.002316687343326815,0.7932337463551014,0.002316687343326815,0.002780024811992178,0.002316687343326815,0.006950062029980445,0.003706699749322904,0.0012973449122630164,-0.000926674937330726,0.002316687343326815,0.001390012405996089,1
0.0021132308839301515,0.0021132308839301515,0.0021132308839301515,0.6398863116540499,0.0021132308839301515,0.7683707493970031,0.0021132308839301515,-0.005071754121432363,0.0021132308839301515,0.006339692651790454,0.0008452923535720606,0.006086104945718836,-0.0016905847071441212,0.004226461767860303,0.0008452923535720606,1
