statistic,value
mean,0.708
max,0.96
min,0.52
var,0.00664
std,0.0814861951499
