statistic,value
mean,0.697741935484
max,0.967741935484
min,0.516129032258
var,0.00488355879292
std,0.0698824641303
