statistic,value
mean,0.7068
max,0.96
min,0.52
var,0.00640176
std,0.0800109992439
