statistic,value
mean,0.7072
max,0.96
min,0.52
var,0.00646016
std,0.0803751205287
