statistic,value
mean,0.7072
max,0.96
min,0.52
var,0.00652416
std,0.0807722724702
