AAWt,AAMt,Sstruct,SaccW,ShbondsW,SaccM,ShbondsM,yDDG,Result,Positiontype,ProteinPropens,Positionaccept,MOSST,SectorSuperficie,Functionalrelevancefunction,Clinical
0.142857142857,0.142857142857,0.285714285714,40.3,0.857142857143,36.1,0.857142857143,0.6,0.142857142857,0.714285714286,0.6,0.87,0.3,0.142857142857,0.6,1
0.142857142857,0.285714285714,0.142857142857,18.3,0.857142857143,12.9,0.857142857143,-3.5,0.428571428571,0.714285714286,0.5,0.85,-0.8,0.428571428571,0.8,0
0.285714285714,0.285714285714,0.142857142857,0.1,0.857142857143,4.9,0.857142857143,-4,0.428571428571,0.714285714286,0.5,0.9,-0.7,0.285714285714,0.1,0
0.142857142857,0.285714285714,0.285714285714,14.4,0.142857142857,20.5,0.142857142857,-3.1,0.428571428571,0.142857142857,0.2,0.48,-0.2,0.428571428571,0.8,0
0.142857142857,0.285714285714,0.285714285714,6,0.857142857143,4.7,0.857142857143,0.5,0.285714285714,0.714285714286,0.5,0.61,-0.3,0.285714285714,0.6,1
0.142857142857,0.142857142857,0.142857142857,42.5,0.857142857143,55.3,0.857142857143,0.7,0.285714285714,0.714285714286,0.5,0.93,-0.6,0.142857142857,0.1,0
0.285714285714,0.142857142857,0.285714285714,93.3,0.857142857143,96.3,0.857142857143,-1,0.142857142857,0.142857142857,0,1,-1,0.428571428571,0.3,1
