Metric,Score
accuracy,0.646341463415
recall,0.0853658536585
precision,0.0853658536585
