AAWt,AAMt,Sstruct,SaccW,ShbondsW,SaccM,ShbondsM,yDDG,Result,Positiontype,ProteinPropens,Positionaccept,MOSST,SectorSuperficie,Functionalrelevancefunction,Clinical
0.18181818181818182,0.2727272727272727,0.18181818181818182,42.5,0.8181818181818182,55.3,0.7272727272727273,0.7,0.09090909090909091,0.2727272727272727,0.5,0.93,-0.6,0.2727272727272727,0.1,0
0.18181818181818182,0.09090909090909091,0.18181818181818182,12.8,0.8181818181818182,39.6,0.18181818181818182,2.7,0.09090909090909091,0.7272727272727273,0,1,-0.5,0.09090909090909091,0.6,0
0.09090909090909091,0.09090909090909091,0.36363636363636365,7.3,0.8181818181818182,16.4,0.7272727272727273,-3.1,0.18181818181818182,0.7272727272727273,0,1,-1,0.2727272727272727,0.95,1
0.18181818181818182,0.09090909090909091,0.18181818181818182,52.4,0.09090909090909091,48,0.18181818181818182,-0.2,0.2727272727272727,0.2727272727272727,0.2,0.91,-0.7,0.09090909090909091,0.6,0
0.36363636363636365,0.2727272727272727,0.36363636363636365,26.8,0.8181818181818182,40.7,0.7272727272727273,0,0.2727272727272727,0.7272727272727273,0,1,-1.2,0.2727272727272727,0.1,0
0.18181818181818182,0.2727272727272727,0.2727272727272727,0,0.8181818181818182,0,0.7272727272727273,-0.6,0.09090909090909091,0.7272727272727273,0,1,-0.5,0.18181818181818182,0.25,0
0.09090909090909091,0.2727272727272727,0.2727272727272727,17.3,0.09090909090909091,21,0.7272727272727273,-1.5,0.18181818181818182,0.7272727272727273,0,1,-1,0.2727272727272727,0.85,1
0.36363636363636365,0.09090909090909091,0.36363636363636365,26.8,0.8181818181818182,54.1,0.7272727272727273,-2.8,0.18181818181818182,0.7272727272727273,0,1,-1.2,0.2727272727272727,0.1,0
0.36363636363636365,0.2727272727272727,0.36363636363636365,26.8,0.8181818181818182,40.7,0.7272727272727273,0,0.2727272727272727,0.7272727272727273,0,1,-1.2,0.2727272727272727,0.1,0
0.36363636363636365,0.2727272727272727,0.2727272727272727,0.2,0.8181818181818182,0.3,0.7272727272727273,-1.1,0.18181818181818182,0.2727272727272727,0.6,0.89,-0.1,0.09090909090909091,0.1,0
0.09090909090909091,0.09090909090909091,0.18181818181818182,25.3,0.8181818181818182,56.7,0.09090909090909091,1.2,0.09090909090909091,0.7272727272727273,0.3,0.97,-0.7,0.18181818181818182,0.25,0
