AAWt,AAMt,Sstruct,SaccW,ShbondsW,SaccM,ShbondsM,yDDG,Result,Positiontype,ProteinPropens,Positionaccept,MOSST,SectorSuperficie,Functionalrelevancefunction,Clinical
0.285714285714,0.285714285714,0.428571428571,0,0.571428571429,0.3,0.857142857143,-3.6,0.428571428571,0.428571428571,0.7,0.78,-0.6,0.285714285714,0.1,0
0.285714285714,0.142857142857,0.428571428571,44.8,0.428571428571,47.1,0.857142857143,-1.4,0.142857142857,0.142857142857,0.8,0.28,0.6,0.285714285714,0.15,1
0.285714285714,0.285714285714,0.142857142857,65.7,0.428571428571,85.6,0.142857142857,0.3,0.285714285714,0.428571428571,0.4,0.14,-0.1,0.142857142857,0.15,1
0.285714285714,0.142857142857,0.428571428571,33.4,0.571428571429,37.9,0.857142857143,-0.8,0.142857142857,0.428571428571,0,1,-1,0.142857142857,0.35,1
0.142857142857,0.142857142857,0.428571428571,66.5,0.428571428571,53.3,0.857142857143,0.3,0.285714285714,0.428571428571,0.7,0.85,-0.3,0.142857142857,0.25,1
0.142857142857,0.285714285714,0.428571428571,0,0.571428571429,0,0.857142857143,-2.2,0.428571428571,0.428571428571,0.3,0.96,-0.4,0.285714285714,0.35,0
0.142857142857,0.285714285714,0.428571428571,0,0.571428571429,1.8,0.857142857143,-4.3,0.428571428571,0.428571428571,0,1,-0.8,0.285714285714,0.35,1
