AAWt,AAMt,Sstruct,SaccW,ShbondsW,SaccM,ShbondsM,yDDG,Result,Positiontype,ProteinPropens,Positionaccept,MOSST,SectorSuperficie,Functionalrelevancefunction,Clinical
0.0706047797614,0.0706047797614,0.105907169642,0.0,0.141209559523,0.0741350187495,0.211814339284,-0.889620224994,0.105907169642,0.105907169642,0.172981710415,0.192751048749,-0.148270037499,0.0706047797614,0.0247116729165,0
0.004393090172,0.002196545086,0.00658963525801,0.68883653897,0.00658963525801,0.724200914855,0.013179270516,-0.0215261418428,0.002196545086,0.002196545086,0.0123006524816,0.00430522836856,0.00922548936121,0.004393090172,0.0023063723403,1
0.00264767979888,0.00264767979888,0.00132383989944,0.608833969753,0.00397151969832,0.793244867745,0.00132383989944,0.00278006378883,0.00264767979888,0.00397151969832,0.00370675171843,0.00129736310145,-0.000926687929608,0.00132383989944,0.00139003189441,1
0.00565100526492,0.00282550263246,0.00847650789738,0.660602515469,0.0113020105298,0.749605848392,0.0169530157948,-0.0158228147418,0.00282550263246,0.00847650789738,0.0,0.0197785184272,-0.0197785184272,0.00282550263246,0.00692248144953,1
0.00167592106133,0.00167592106133,0.00502776318398,0.780141254047,0.00502776318398,0.62528614798,0.010055526368,0.00351943422878,0.00335184212265,0.00502776318398,0.00821201320049,0.00997173031489,-0.00351943422878,0.00167592106133,0.00293286185732,1
0.0507300001235,0.101460000247,0.15219000037,0.0,0.202920000494,0.0,0.304380000741,-0.781242001901,0.15219000037,0.15219000037,0.106533000259,0.34090560083,-0.142044000346,0.101460000247,0.124288500302,0
0.0284080305342,0.0568160610684,0.0852240916026,0.0,0.113632122137,0.357941184731,0.170448183205,-0.85508171908,0.0852240916026,0.0852240916026,0.0,0.198856213739,-0.159084970992,0.0568160610684,0.0695996748088,1
