AAWt,AAMt,Sstruct,SaccW,ShbondsW,SaccM,ShbondsM,yDDG,Result,Positiontype,ProteinPropens,Positionaccept,MOSST,SectorSuperficie,Functionalrelevancefunction,Clinical
0.0226073144686,0.0226073144686,0.0452146289373,0.217030218899,0.135643886812,0.144686812599,0.135643886812,-0.904292578746,0.0452146289373,0.0904292578746,0.0,0.180858515749,-0.162772664174,0.0678219434059,0.0180858515749,0
0.00265611117124,0.00265611117124,0.00531222234248,0.399479120154,0.0159366670274,0.915827131843,0.0159366670274,-0.00849955574797,0.010624444685,0.010624444685,0.0,0.0212488893699,-0.0191240004329,0.00265611117124,0.00212488893699,1
0.00107285347887,0.00107285347887,0.00429141391549,0.543293001701,0.00107285347887,0.83940056187,0.00214570695775,-0.00343313113239,0.00429141391549,0.00429141391549,0.0,0.00858282783098,-0.0025748483493,0.00321856043662,0.00858282783098,1
0.0034807743566,0.0034807743566,0.0139230974264,0.356431294116,0.0208846461396,0.927278288598,0.0208846461396,-0.0974616819848,0.0069615487132,0.0139230974264,0.0,0.0278461948528,-0.0334154338234,0.0104423230698,0.0167077169117,0
0.00399693480369,0.00399693480369,0.0159877392148,0.214235705478,0.0239816088221,0.9752520921,0.00799386960738,0.0159877392148,0.0159877392148,0.0119908044111,0.0223828349007,0.024940873175,0.00319754784295,0.00399693480369,0.0159877392148,0
0.00204499877877,0.00204499877877,0.00408999755755,0.605319638517,0.0122699926726,0.795095525188,0.0122699926726,0.0278119833913,0.00204499877877,0.00204499877877,0.00327199804604,0.0145603913049,-0.00654399609208,0.00613499633632,0.0,1
0.00486540425422,0.00486540425422,0.00973080850843,0.432047897774,0.0291924255253,0.899126706179,0.0291924255253,-0.0155692936135,0.0194616170169,0.0145962127627,0.0194616170169,0.0354201429707,0.0,0.0145962127627,0.0194616170169,1
0.00248287441748,0.00248287441748,0.00993149766993,0.709108933633,0.00248287441748,0.703150035031,0.0148972465049,0.0436985897477,0.00248287441748,0.00744862325245,0.00794519813594,0.0150958764583,-0.00794519813594,0.00744862325245,0.00496574883496,1
