AAWt,AAMt,Sstruct,SaccW,ShbondsW,SaccM,ShbondsM,yDDG,Result,Positiontype,ProteinPropens,Positionaccept,MOSST,SectorSuperficie,Functionalrelevancefunction,Clinical
0.18181818181818182,0.09090909090909091,0.2727272727272727,45.4,0.5454545454545454,36.8,0.6363636363636364,-3.6,0.2727272727272727,0.2727272727272727,0.1,0.57,-0.3,0.2727272727272727,0.1,0
0.09090909090909091,0.09090909090909091,0.5454545454545454,52.4,0.09090909090909091,48.6,0.6363636363636364,-3.3,0.2727272727272727,0.2727272727272727,0.2,0.91,-0.8,0.36363636363636365,0.6,0
0.09090909090909091,0.09090909090909091,0.5454545454545454,57.7,0.5454545454545454,87.8,0.2727272727272727,-1.2,0.2727272727272727,0.2727272727272727,0.7,0.79,0.1,0.09090909090909091,0.35,0
0.18181818181818182,0.2727272727272727,0.5454545454545454,76.9,0.5454545454545454,43.2,0.6363636363636364,-1.9,0.2727272727272727,0.5454545454545454,0,1,-1,0.18181818181818182,0.3,1
0.18181818181818182,0.09090909090909091,0.2727272727272727,74,0.36363636363636365,82.7,0.2727272727272727,0.5,0.36363636363636365,0.09090909090909091,0.9,0.76,0.3,0.2727272727272727,0.1,1
0.18181818181818182,0.2727272727272727,0.18181818181818182,7.3,0.5454545454545454,0.6,0.6363636363636364,0,0.36363636363636365,0.5454545454545454,0,1,-1.1,0.2727272727272727,0.95,1
0.18181818181818182,0.09090909090909091,0.18181818181818182,14.4,0.36363636363636365,17.1,0.09090909090909091,1.1,0.09090909090909091,0.09090909090909091,0.2,0.48,0.8,0.36363636363636365,0.8,0
0.18181818181818182,0.2727272727272727,0.5454545454545454,1.4,0.5454545454545454,2,0.6363636363636364,-4.9,0.2727272727272727,0.5454545454545454,0,1,-1,0.36363636363636365,0.1,0
0.09090909090909091,0.09090909090909091,0.5454545454545454,52.6,0.5454545454545454,74.5,0.6363636363636364,0.3,0.36363636363636365,0.5454545454545454,0,1,-1.1,0.18181818181818182,0.8,1
0.09090909090909091,0.09090909090909091,0.2727272727272727,3.2,0.36363636363636365,0.1,0.6363636363636364,-1.9,0.2727272727272727,0.5454545454545454,0.5,0.92,-0.6,0.09090909090909091,0.6,1
0.09090909090909091,0.09090909090909091,0.5454545454545454,68.8,0.36363636363636365,83.3,0.2727272727272727,0.4,0.36363636363636365,0.5454545454545454,0,1,-1.2,0.36363636363636365,0,0
