Statistic,Value
Mean,0.540954055321
Std,0.0542441331096
Max,0.669047619048
Min,0.353968253968
Var,0.00294242597681
