AAWt,AAMt,Sstruct,SaccW,ShbondsW,SaccM,ShbondsM,yDDG,Result,Positiontype,ProteinPropens,Positionaccept,MOSST,SectorSuperficie,Functionalrelevancefunction,Clinical
0.09090909090909091,0.09090909090909091,0.09090909090909091,82.8,0.18181818181818182,74.3,0.2727272727272727,-0.7,0.18181818181818182,0.36363636363636365,0.8,0.64,-0.2,0.18181818181818182,0.1,0
0.09090909090909091,0.18181818181818182,0.36363636363636365,0,0.8181818181818182,0,0.6363636363636364,1.9,0.18181818181818182,0.2727272727272727,0.7,0.25,1.1,0.2727272727272727,0,1
0.09090909090909091,0.18181818181818182,0.09090909090909091,57.7,0.8181818181818182,87.8,0.2727272727272727,-1.2,0.2727272727272727,0.36363636363636365,0.7,0.79,0.1,0.09090909090909091,0.35,0
0.09090909090909091,0.09090909090909091,0.36363636363636365,40.5,0.8181818181818182,73.3,0.6363636363636364,-2.7,0.2727272727272727,0.2727272727272727,0.3,0.44,-0.3,0.2727272727272727,0.6,0
0.18181818181818182,0.09090909090909091,0.36363636363636365,0,0.8181818181818182,4.1,0.6363636363636364,-2.5,0.2727272727272727,0.2727272727272727,0,1,-0.8,0.18181818181818182,0.15,0
0.18181818181818182,0.2727272727272727,0.36363636363636365,15.5,0.8181818181818182,12.6,0.6363636363636364,-3.5,0.2727272727272727,0.2727272727272727,0.3,0.17,-0.1,0.18181818181818182,0.1,1
0.18181818181818182,0.09090909090909091,0.09090909090909091,39.9,0.8181818181818182,26.9,0.2727272727272727,-0.3,0.09090909090909091,0.36363636363636365,0.4,0.56,0.6,0.09090909090909091,0,1
0.18181818181818182,0.2727272727272727,0.36363636363636365,33.4,0.8181818181818182,37.9,0.6363636363636364,-0.8,0.18181818181818182,0.2727272727272727,0,1,-1,0.09090909090909091,0.35,1
0.18181818181818182,0.18181818181818182,0.36363636363636365,37,0.8181818181818182,48.6,0.6363636363636364,1.7,0.18181818181818182,0.09090909090909091,0.2,0.89,-0.4,0.2727272727272727,0,1
0.09090909090909091,0.2727272727272727,0.36363636363636365,50.8,0.8181818181818182,23.9,0.6363636363636364,-1.8,0.2727272727272727,0.36363636363636365,1,0.63,-0.3,0.09090909090909091,0.25,0
0.18181818181818182,0.18181818181818182,0.36363636363636365,50.3,0.18181818181818182,55,0.09090909090909091,-1.6,0.2727272727272727,0.2727272727272727,0,1,-1.1,0.18181818181818182,0.1,0
