AAWt,AAMt,Sstruct,SaccW,ShbondsW,SaccM,ShbondsM,yDDG,Result,Positiontype,ProteinPropens,Positionaccept,MOSST,SectorSuperficie,Functionalrelevancefunction,Clinical
0.003049243646132034,0.006098487292264068,0.003049243646132034,0.811098809871121,0.006098487292264068,0.5842350825988977,0.009147730938396102,-0.017075764418339388,0.006098487292264068,0.009147730938396102,0.008537882209169694,0.010367428396848915,0.0,0.003049243646132034,0.003049243646132034,1
0.002740169327937219,0.005480338655874438,0.005480338655874438,0.6302389454255604,0.005480338655874438,0.7760159536718203,0.008220507983811656,-0.014248880505273539,0.005480338655874438,0.008220507983811656,0.009864609580573988,0.003397809966642151,0.0010960677311748876,0.002740169327937219,0.003836237059112106,1
0.08814079927708411,0.08814079927708411,0.17628159855416822,0.17628159855416822,0.17628159855416822,0.5288447956625046,0.2644223978312523,0.493588475951671,0.08814079927708411,0.08814079927708411,0.0,0.35256319710833645,-0.3878195168191701,0.08814079927708411,0.0,0
0.002316668692920718,0.002316668692920718,0.002316668692920718,0.6088205324995647,0.004633337385841436,0.7932273604560537,0.002316668692920718,0.002780002431504861,0.002316668692920718,0.006950006078762154,0.0037066699086731486,0.001297334468035602,-0.0009266674771682871,0.002316668692920718,0.0013900012157524305,1
