Statistic,Value
Mean,0.791475940843
Std,0.221274849422
Max,1.0
Min,0.0
Var,0.0489625589866
