Statistic,Value
Mean,0.22289680017
Std,0.0760417953006
Max,0.461538461538
Min,0.0
Var,0.00578235463253
