AAWt,AAMt,Sstruct,SaccW,ShbondsW,SaccM,ShbondsM,yDDG,Result,Positiontype,ProteinPropens,Positionaccept,MOSST,SectorSuperficie,Functionalrelevancefunction,Clinical
0.18181818181818182,0.09090909090909091,0.18181818181818182,93.3,0.8181818181818182,99.2,0.09090909090909091,0.1,0.36363636363636365,0.2727272727272727,0,1,-1,0.45454545454545453,0.3,1
0.18181818181818182,0.09090909090909091,0.18181818181818182,11.1,0.8181818181818182,46.4,0.09090909090909091,-0.4,0.36363636363636365,0.5454545454545454,0.5,0.91,-0.8,0.2727272727272727,0.5,0
0.18181818181818182,0.18181818181818182,0.36363636363636365,0.2,0.8181818181818182,4.6,0.8181818181818182,-5.1,0.2727272727272727,0.5454545454545454,0.6,0.89,-0.5,0.2727272727272727,0.1,1
0.18181818181818182,0.09090909090909091,0.18181818181818182,1.4,0.8181818181818182,2.3,0.8181818181818182,-3.1,0.2727272727272727,0.2727272727272727,0,1,-0.9,0.45454545454545453,0.1,0
0.18181818181818182,0.09090909090909091,0.18181818181818182,3.9,0.09090909090909091,2.4,0.8181818181818182,1.4,0.09090909090909091,0.5454545454545454,0.5,0.88,-0.7,0.45454545454545453,0.5,0
0.09090909090909091,0.09090909090909091,0.36363636363636365,40.5,0.8181818181818182,29.7,0.8181818181818182,-3.3,0.2727272727272727,0.18181818181818182,0.3,0.44,-0.3,0.2727272727272727,0.6,0
0.18181818181818182,0.09090909090909091,0.09090909090909091,83.7,0.8181818181818182,89.9,0.8181818181818182,-1,0.2727272727272727,0.18181818181818182,0.7,0.47,-0.1,0.2727272727272727,0.25,1
0.18181818181818182,0.09090909090909091,0.18181818181818182,61,0.8181818181818182,89.4,0.8181818181818182,0,0.36363636363636365,0.5454545454545454,0.1,0.76,-0.1,0.45454545454545453,0.2,0
0.18181818181818182,0.09090909090909091,0.36363636363636365,0.2,0.8181818181818182,0.3,0.8181818181818182,-0.8,0.2727272727272727,0.5454545454545454,0.6,0.89,0.3,0.2727272727272727,0.1,0
0.18181818181818182,0.09090909090909091,0.18181818181818182,55.9,0.8181818181818182,66.1,0.8181818181818182,-0.9,0.2727272727272727,0.5454545454545454,-0.1,0.2,0.4,0.2727272727272727,0,1
0.18181818181818182,0.18181818181818182,0.36363636363636365,12.1,0.09090909090909091,10.6,0.8181818181818182,0.4,0.36363636363636365,0.2727272727272727,0.3,0.97,-0.9,0.45454545454545453,0.6,0
