Statistic,Value
Mean,0.256717827627
Std,0.108464839275
Max,0.571428571429
Min,0.0
Var,0.0117646213589
