algorithm,desc,actualScore,new score
SVC,linear,0.564516129032,0.40243902439
SVC,rbf,0.564516129032,0.390243902439
SVC,sigmoid,0.564516129032,0.40243902439
