AAWt,AAMt,Sstruct,SaccW,ShbondsW,SaccM,ShbondsM,yDDG,Result,Positiontype,ProteinPropens,Positionaccept,MOSST,SectorSuperficie,Functionalrelevancefunction,Clinical
0.00821442754593,0.0246432826378,0.0164288550919,0.391006751186,0.0492865652756,0.868264991605,0.0410721377297,-0.281754864825,0.0246432826378,0.0410721377297,0.0172502978465,0.0557759630369,-0.0517508935394,0.0164288550919,0.0115001985643,0
0.00592757995964,0.00592757995964,0.0177827398789,0.717829933112,0.00592757995964,0.676336873395,0.0118551599193,0.141076403039,0.00592757995964,0.0296378997982,0.0,0.0414930597175,-0.0539409776327,0.00592757995964,0.0352691007598,1
0.0687988349429,0.0687988349429,0.206396504829,0.0,0.412793009657,0.0,0.343994174714,0.33711429122,0.137597669886,0.343994174714,0.0,0.4815918446,-0.33711429122,0.0687988349429,0.2407959223,0
0.00151710577919,0.00455131733756,0.00303421155838,0.687097207394,0.00910263467513,0.726390247075,0.00303421155838,-0.0031859221363,0.00303421155838,0.00303421155838,0.00743381831802,0.00562846244079,0.00212394809086,0.00303421155838,0.00106197404543,1
0.0190358730918,0.0571076192753,0.0571076192753,0.0,0.114215238551,0.692905780541,0.0951793654589,-0.666255558212,0.0571076192753,0.0951793654589,0.0,0.133251111642,-0.119926000478,0.0190358730918,0.0466378890749,1
0.00627647815666,0.00627647815666,0.00627647815666,0.294366825547,0.03765886894,0.940216427868,0.0313823907833,-0.153773714838,0.01882943447,0.0125529563133,0.0307547429676,0.0342695707354,-0.00439353470966,0.00627647815666,0.0219676735483,1
0.0217906687483,0.0217906687483,0.0217906687483,0.0,0.13074401249,0.91520808743,0.108953343742,0.244055489981,0.0217906687483,0.108953343742,0.0,0.152534681238,-0.152534681238,0.0217906687483,0.114401010929,0
