AAWt,AAMt,Sstruct,SaccW,ShbondsW,SaccM,ShbondsM,yDDG,Result,Positiontype,ProteinPropens,Positionaccept,MOSST,SectorSuperficie,Functionalrelevancefunction,Clinical
0.142857142857,0.428571428571,0.285714285714,6.8,0.857142857143,15.1,0.714285714286,-4.9,0.428571428571,0.714285714286,0.3,0.97,-0.9,0.285714285714,0.2,0
0.142857142857,0.142857142857,0.428571428571,17.3,0.142857142857,16.3,0.285714285714,3.4,0.142857142857,0.714285714286,0,1,-1.3,0.142857142857,0.85,1
0.142857142857,0.142857142857,0.428571428571,0,0.857142857143,0,0.714285714286,0.7,0.285714285714,0.714285714286,0,1,-0.7,0.142857142857,0.5,0
0.142857142857,0.428571428571,0.285714285714,64.7,0.857142857143,68.4,0.285714285714,-0.3,0.285714285714,0.285714285714,0.7,0.53,0.2,0.285714285714,0.1,1
0.142857142857,0.428571428571,0.428571428571,0,0.857142857143,5.2,0.714285714286,-5,0.428571428571,0.714285714286,0,1,-0.9,0.142857142857,0.35,1
0.142857142857,0.142857142857,0.142857142857,6.7,0.857142857143,21.4,0.714285714286,-3.5,0.428571428571,0.285714285714,0.7,0.78,-0.1,0.142857142857,0.5,1
0.142857142857,0.142857142857,0.142857142857,0,0.857142857143,6,0.714285714286,1.6,0.142857142857,0.714285714286,0,1,-1,0.142857142857,0.75,0
