Metric,Score
accuracy,0.571428571429
recall,0.571428571429
precision,0.571428571429
