AAWt,AAMt,Sstruct,SaccW,ShbondsW,SaccM,ShbondsM,yDDG,Result,Positiontype,ProteinPropens,Positionaccept,MOSST,SectorSuperficie,Functionalrelevancefunction,Clinical
0.0023165878796989866,0.004633175759397973,0.004633175759397973,0.6087992947848937,0.0023165878796989866,0.793199690008933,0.0023165878796989866,0.002779905455638784,0.0023165878796989866,0.009266351518795946,0.003706540607518379,0.0012972892126314327,-0.0009266351518795947,0.004633175759397973,0.001389952727819392,1
0.045070365600494565,0.09014073120098913,0.045070365600494565,0.8833791657696936,0.09014073120098913,0.27042219360296743,0.13521109680148372,-0.09014073120098913,0.045070365600494565,0.18028146240197826,0.12619702368138477,0.13160546755344413,-0.10816887744118696,0.045070365600494565,0.13521109680148372,0
0.0020534609522795347,0.0020534609522795347,0.0041069219045590695,0.5133652380698837,0.0041069219045590695,0.8575252936719338,0.006160382856838604,-0.0295698377128253,0.0020534609522795347,0.008213843809118139,0.005749690666382696,0.004846167847379701,-0.0016427687618236278,0.0041069219045590695,0.0020534609522795347,1
0.0016680107203822434,0.0016680107203822434,0.0016680107203822434,0.7459343941549392,0.0016680107203822434,0.6658698795765916,0.005004032161146731,-0.008006451457834768,0.0016680107203822434,0.0066720428815289735,0.0033360214407644868,0.004136666586547964,0.0026688171526115896,0.0016680107203822434,0.003669623584840936,1
