AAWt,AAMt,Sstruct,SaccW,ShbondsW,SaccM,ShbondsM,yDDG,Result,Positiontype,ProteinPropens,Positionaccept,MOSST,SectorSuperficie,Functionalrelevancefunction,Clinical
0.153846153846,0.230769230769,0.0769230769231,83.7,0.769230769231,89.9,0.923076923077,-1,0.153846153846,0.153846153846,0.7,0.47,-0.1,0.307692307692,0.25,1
0.153846153846,0.0769230769231,0.0769230769231,39.9,0.769230769231,27.5,0.923076923077,2.8,0.230769230769,0.384615384615,0.4,0.56,-0.4,0.0769230769231,0,1
0.153846153846,0.230769230769,0.384615384615,1.2,0.769230769231,3.4,0.923076923077,-0.6,0.153846153846,0.461538461538,0,1,-0.5,0.307692307692,0.1,0
0.153846153846,0.230769230769,0.0769230769231,6.8,0.769230769231,7.8,0.923076923077,-1.1,0.153846153846,0.461538461538,0.3,0.97,-0.7,0.0769230769231,0.2,1
0.0769230769231,0.0769230769231,0.307692307692,0,0.769230769231,4.1,0.923076923077,-2.5,0.153846153846,0.461538461538,0,1,-0.8,0.307692307692,0.15,0
0.153846153846,0.153846153846,0.307692307692,66.5,0.153846153846,53.3,0.923076923077,0.3,0.0769230769231,0.384615384615,0.7,0.85,-0.3,0.307692307692,0.25,1
0.153846153846,0.0769230769231,0.384615384615,12.1,0.153846153846,9.4,0.923076923077,0.7,0.0769230769231,0.461538461538,0.3,0.97,-0.2,0.0769230769231,0.6,1
0.0769230769231,0.0769230769231,0.384615384615,19.6,0.769230769231,26.2,0.923076923077,3.3,0.230769230769,0.384615384615,-0.1,0.6,-0.5,0.307692307692,0.15,0
0.0769230769231,0.230769230769,0.307692307692,0,0.769230769231,0.2,0.923076923077,-1.7,0.153846153846,0.384615384615,0.7,0.78,0.2,0.307692307692,0.1,1
0.0769230769231,0.230769230769,0.307692307692,0,0.769230769231,6,0.923076923077,1.6,0.153846153846,0.461538461538,0,1,-1,0.0769230769231,0.75,0
0.0769230769231,0.230769230769,0.384615384615,74,0.0769230769231,96.2,0.923076923077,1.6,0.153846153846,0.153846153846,0.9,0.76,-0.3,0.307692307692,0.1,1
0.0769230769231,0.153846153846,0.384615384615,45.4,0.769230769231,27.8,0.923076923077,-3,0.153846153846,0.384615384615,0.1,0.57,-0.4,0.307692307692,0.1,1
0.0769230769231,0.0769230769231,0.0769230769231,12.8,0.769230769231,39.6,0.0769230769231,2.7,0.230769230769,0.461538461538,0,1,-0.5,0.0769230769231,0.6,0
