AAWt,AAMt,Sstruct,SaccW,ShbondsW,SaccM,ShbondsM,yDDG,Result,Positiontype,ProteinPropens,Positionaccept,MOSST,SectorSuperficie,Functionalrelevancefunction,Clinical
0.00368495135236,0.00368495135236,0.0257946594665,0.0943347546204,0.00368495135236,0.978723079186,0.0294796108189,-0.170981742749,0.0184247567618,0.0147398054094,0.0147398054094,0.0271212419534,-0.0235836886551,0.00368495135236,0.0176877664913,1
0.00401227846153,0.00401227846153,0.0280859492307,0.388388555076,0.00401227846153,0.918009311998,0.0320982276922,0.0481473415383,0.00401227846153,0.0160491138461,0.00962946830767,0.0311352808615,-0.0224687593846,0.00401227846153,0.0192589366153,1
0.00248182765347,0.00248182765347,0.0173727935743,0.804112159725,0.0148909659208,0.589682250465,0.0198546212278,-0.0655202500516,0.0124091382674,0.00248182765347,0.00595638636833,0.00873603334022,-0.00595638636833,0.00248182765347,0.0119127727367,0
0.0331993309207,0.0331993309207,0.232395316445,0.0265594647366,0.199195985524,0.0796783942097,0.265594647366,-0.823343406834,0.165996654604,0.0995979927621,0.132797323683,0.239035182629,-0.185916253156,0.0331993309207,0.0265594647366,1
0.00230888073461,0.00230888073461,0.00230888073461,0.744383148838,0.0138532844077,0.666804756155,0.0184710458769,0.0110826275261,0.00230888073461,0.00692664220383,0.0110826275261,0.0160698099129,0.00554131376306,0.00230888073461,0.0110826275261,1
0.0330533815128,0.0330533815128,0.115686835295,0.0,0.0991601445385,0.687510335467,0.132213526051,-0.661067630257,0.0826334537821,0.0661067630257,0.0,0.132213526051,-0.118992173446,0.0495800722692,0.046274734118,1
0.0431226808707,0.0215613404353,0.150929383047,0.0,0.129368042612,0.0,0.172490723483,-0.914200834458,0.107806702177,0.0862453617414,0.0,0.172490723483,-0.189739795831,0.064684021306,0.060371753219,1
0.00137004737396,0.00274009474792,0.00959033161772,0.630221792021,0.00822028424376,0.775994832611,0.0109603789917,-0.0142484926892,0.00137004737396,0.00411014212188,0.00986434109251,0.00339771748742,0.00109603789917,0.00411014212188,0.00383613264709,1
