AAWt,AAMt,Sstruct,SaccW,ShbondsW,SaccM,ShbondsM,yDDG,Result,Positiontype,ProteinPropens,Positionaccept,MOSST,SectorSuperficie,Functionalrelevancefunction,Clinical
0.09090909090909091,0.09090909090909091,0.6363636363636364,45.4,0.8181818181818182,41.5,0.2727272727272727,-1.8,0.2727272727272727,0.36363636363636365,0.1,0.57,-0.2,0.36363636363636365,0.1,0
0.2727272727272727,0.09090909090909091,0.6363636363636364,0,0.8181818181818182,0,0.7272727272727273,-1.3,0.2727272727272727,0.2727272727272727,0.7,0.25,-0.1,0.36363636363636365,0,1
0.2727272727272727,0.09090909090909091,0.6363636363636364,0,0.8181818181818182,0,0.7272727272727273,1.9,0.2727272727272727,0.2727272727272727,0.7,0.25,1.1,0.36363636363636365,0,1
0.18181818181818182,0.09090909090909091,0.2727272727272727,40.3,0.8181818181818182,20.5,0.7272727272727273,0.3,0.2727272727272727,0.36363636363636365,0.6,0.87,-0.1,0.18181818181818182,0.6,0
0.09090909090909091,0.18181818181818182,0.6363636363636364,12.1,0.09090909090909091,10.6,0.7272727272727273,0.4,0.2727272727272727,0.36363636363636365,0.3,0.97,-0.9,0.18181818181818182,0.6,0
0.18181818181818182,0.18181818181818182,0.2727272727272727,40.3,0.8181818181818182,60.9,0.7272727272727273,-2.8,0.18181818181818182,0.36363636363636365,0.6,0.87,-0.6,0.18181818181818182,0.6,1
0.2727272727272727,0.18181818181818182,0.6363636363636364,0,0.8181818181818182,0,0.7272727272727273,-1.4,0.2727272727272727,0.2727272727272727,0.7,0.25,-0.1,0.36363636363636365,0,1
0.18181818181818182,0.09090909090909091,0.6363636363636364,45.5,0.09090909090909091,50.6,0.2727272727272727,1.2,0.2727272727272727,0.36363636363636365,0.9,0.69,-0.2,0.09090909090909091,0.1,1
0.18181818181818182,0.09090909090909091,0.6363636363636364,0,0.8181818181818182,0,0.7272727272727273,-0.2,0.2727272727272727,0.36363636363636365,0,1,-0.8,0.09090909090909091,0.5,0
0.09090909090909091,0.09090909090909091,0.09090909090909091,41.8,0.8181818181818182,68.1,0.2727272727272727,1.6,0.2727272727272727,0.36363636363636365,0,0.95,-1,0.09090909090909091,0.1,0
0.09090909090909091,0.18181818181818182,0.2727272727272727,35.5,0.8181818181818182,26.6,0.7272727272727273,-3.7,0.18181818181818182,0.36363636363636365,0.3,0.95,-1,0.18181818181818182,0.1,0
