AAWt,AAMt,Sstruct,SaccW,ShbondsW,SaccM,ShbondsM,yDDG,Result,Positiontype,ProteinPropens,Positionaccept,MOSST,SectorSuperficie,Functionalrelevancefunction,Clinical
0.142857142857,0.142857142857,0.142857142857,64.7,0.714285714286,68.4,0.142857142857,-0.3,0.428571428571,0.428571428571,0.7,0.53,0.2,0.142857142857,0.1,1
0.142857142857,0.142857142857,0.428571428571,0.2,0.714285714286,0.3,0.857142857143,-1.1,0.285714285714,0.428571428571,0.6,0.89,-0.1,0.285714285714,0.1,0
0.285714285714,0.142857142857,0.428571428571,12.1,0.285714285714,9.4,0.857142857143,0.7,0.142857142857,0.285714285714,0.3,0.97,-0.2,0.285714285714,0.6,1
0.285714285714,0.142857142857,0.428571428571,12.1,0.285714285714,10.6,0.857142857143,0.4,0.428571428571,0.285714285714,0.3,0.97,-0.9,0.285714285714,0.6,0
0.142857142857,0.142857142857,0.142857142857,97.4,0.714285714286,89.5,0.857142857143,-1.8,0.285714285714,0.142857142857,0.3,0.77,0,0.142857142857,0,0
0.142857142857,0.142857142857,0.285714285714,84.5,0.714285714286,84.5,0.857142857143,0.3,0.428571428571,0.142857142857,0.9,0.25,0.2,0.142857142857,0.15,1
0.142857142857,0.142857142857,0.285714285714,0,0.714285714286,0.3,0.857142857143,-3.6,0.142857142857,0.428571428571,0.7,0.78,-0.6,0.285714285714,0.1,0
