statistic,value
mean,0.684957122837
max,1.0
min,0.576086956522
var,0.00525344678419
std,0.0724806648989
