statistic,value
mean,0.674097872504
max,0.846153846154
min,0.5
var,0.0044032323892
std,0.0663568563843
