Metric,Score
accuracy,0.545454545455
recall,0.545454545455
precision,0.545454545455
