feature,mean,var,std,min,max
SaccW,0.369696918534,0.0373729233155,0.193320778282,0.0,0.589856414605
SaccM,0.844956997441,0.0314578729934,0.177363674391,0.0,0.989414309847
yDDG,-0.0129328952889,0.0482461952114,0.219650165516,-0.409633864021,0.891243819478
ProteinPropens,0.0134521944832,0.00108588294945,0.0329527381177,0.0,0.270486896146
Positionaccept,0.0535262109058,0.00503190084168,0.0709358924782,0.00484642908379,0.349729673934
MOSST,-0.0331650979928,0.00641990124582,0.0801242862422,-0.384702641328,0.4250508368
Functionalrelevancefunction,0.0196615106976,0.000736526010026,0.0271390126944,0.0,0.16603544306
