AAWt,AAMt,Sstruct,SaccW,ShbondsW,SaccM,ShbondsM,yDDG,Result,Positiontype,ProteinPropens,Positionaccept,MOSST,SectorSuperficie,Functionalrelevancefunction,Clinical
0.09090909090909091,0.09090909090909091,0.45454545454545453,78.1,0.7272727272727273,78.6,0.9090909090909091,-1,0.2727272727272727,0.6363636363636364,-0.1,0.21,0,0.2727272727272727,0,1
0.18181818181818182,0.09090909090909091,0.45454545454545453,26.8,0.7272727272727273,54.1,0.9090909090909091,-2.8,0.45454545454545453,0.2727272727272727,0,1,-1.2,0.09090909090909091,0.1,0
0.2727272727272727,0.18181818181818182,0.2727272727272727,35.5,0.7272727272727273,26.6,0.9090909090909091,-3.7,0.45454545454545453,0.2727272727272727,0.3,0.95,-1,0.2727272727272727,0.1,0
0.2727272727272727,0.18181818181818182,0.18181818181818182,0,0.7272727272727273,0,0.9090909090909091,-1.3,0.2727272727272727,0.09090909090909091,0.7,0.25,-0.1,0.2727272727272727,0,1
0.2727272727272727,0.09090909090909091,0.09090909090909091,3.9,0.2727272727272727,2.6,0.9090909090909091,-1.8,0.2727272727272727,0.6363636363636364,0.5,0.88,0,0.2727272727272727,0.5,1
0.18181818181818182,0.09090909090909091,0.45454545454545453,91.7,0.2727272727272727,64.7,0.9090909090909091,0,0.2727272727272727,0.6363636363636364,0.5,0.9,-0.7,0.2727272727272727,0,0
0.2727272727272727,0.18181818181818182,0.2727272727272727,11.9,0.7272727272727273,17.4,0.9090909090909091,-5.3,0.45454545454545453,0.2727272727272727,0,1,-1,0.09090909090909091,0.1,0
0.18181818181818182,0.09090909090909091,0.45454545454545453,50.8,0.7272727272727273,62.7,0.9090909090909091,0.3,0.2727272727272727,0.6363636363636364,1,0.63,-0.2,0.09090909090909091,0.25,0
0.18181818181818182,0.18181818181818182,0.2727272727272727,40.3,0.7272727272727273,46.6,0.09090909090909091,-2.2,0.45454545454545453,0.6363636363636364,0.6,0.87,-0.6,0.09090909090909091,0.6,0
0.2727272727272727,0.09090909090909091,0.45454545454545453,0,0.7272727272727273,0.3,0.9090909090909091,-3.6,0.45454545454545453,0.6363636363636364,0.7,0.78,-0.6,0.09090909090909091,0.1,0
0.2727272727272727,0.09090909090909091,0.18181818181818182,4.9,0.2727272727272727,1.5,0.9090909090909091,-0.3,0.2727272727272727,0.6363636363636364,0.7,0.73,-0.3,0.2727272727272727,0.75,1
