algorithm,desc,actualScore,new score
SVC,linear,0.695652173913,0.428571428571
SVC,rbf,0.695652173913,0.428571428571
SVC,sigmoid,0.695652173913,0.428571428571
