algorithm,desc,actualScore,new score
SVC,linear,0.695652173913,0.589743589744
SVC,rbf,0.695652173913,0.589743589744
SVC,sigmoid,0.695652173913,0.538461538462
