AAWt,AAMt,Sstruct,SaccW,ShbondsW,SaccM,ShbondsM,yDDG,Result,Positiontype,ProteinPropens,Positionaccept,MOSST,SectorSuperficie,Functionalrelevancefunction,Clinical
0.07354332969358825,0.03677166484679412,0.11031499454038236,0.4118426462840941,0.25740165392755887,0.588346637548706,0.25740165392755887,-0.4118426462840941,0.07354332969358825,0.1838583242339706,0.0,0.294173318774353,-0.17650399126461178,0.07354332969358825,0.0294173318774353,0
0.0009448408680573873,0.0009448408680573873,0.0009448408680573873,0.7362200043903163,0.006613886076401712,0.6765060615290893,0.006613886076401712,-0.013605708500026377,0.0018896817361147746,0.0009448408680573873,0.0022676180833377294,0.005820219747233507,0.0,0.0009448408680573873,0.0,0
0.07940259890547474,0.03970129945273737,0.07940259890547474,0.0,0.2779090961691616,0.7622649494925575,0.2779090961691616,-0.2540883164975192,0.07940259890547474,0.19850649726368685,0.0,0.31761039562189897,-0.15880519781094948,0.03970129945273737,0.11116363846766464,1
0.016276200338758904,0.03255240067751781,0.03255240067751781,0.95053009978352,0.11393340237131233,0.07812576162604275,0.11393340237131233,0.0,0.048828601016276715,0.08138100169379453,0.0,0.13020960271007123,-0.14323056298107836,0.016276200338758904,0.12369912257456767,1
0.0011568260225434802,0.0011568260225434802,0.003470478067630441,0.6367170428079315,0.0011568260225434802,0.7709088614229753,0.0011568260225434802,0.0037018432721391374,0.003470478067630441,0.0057841301127174016,0.0,0.009254608180347842,-0.01110552981641741,0.0023136520450869605,0.0,0
0.005566325165106926,0.002783162582553463,0.005566325165106926,0.6635059596807457,0.01948213807787424,0.7458875721243281,0.01948213807787424,-0.04675713138689818,0.002783162582553463,0.005566325165106926,0.0,0.01803489353494644,-0.0022265300660427706,0.002783162582553463,0.004453060132085541,0
0.004944033884502448,0.004944033884502448,0.004944033884502448,0.6605229269695271,0.017304118595758568,0.749515536890571,0.017304118595758568,-0.015820908430407836,0.004944033884502448,0.01236008471125612,0.0,0.019776135538009793,-0.019776135538009793,0.002472016942251224,0.006921647438303427,1
0.0023088253484317167,0.0023088253484317167,0.0069264760452951496,0.7443652923343853,0.016161777439022015,0.6667887606270798,0.016161777439022015,0.011082361672472238,0.0069264760452951496,0.004617650696863433,0.011082361672472238,0.016069424425084747,0.005541180836236119,0.0023088253484317167,0.011082361672472238,1
