AAWt,AAMt,Sstruct,SaccW,ShbondsW,SaccM,ShbondsM,yDDG,Result,Positiontype,ProteinPropens,Positionaccept,MOSST,SectorSuperficie,Functionalrelevancefunction,Clinical
0.0769230769231,0.153846153846,0.230769230769,52.4,0.153846153846,29.7,0.769230769231,-2.3,0.384615384615,0.615384615385,0.2,0.91,-0.8,0.307692307692,0.6,0
0.0769230769231,0.153846153846,0.384615384615,0,0.538461538462,0,0.769230769231,-2.4,0.384615384615,0.615384615385,0.7,0.78,-0.5,0.153846153846,0.1,1
0.0769230769231,0.153846153846,0.0769230769231,96.5,0.307692307692,95.3,0.230769230769,0.3,0.384615384615,0.615384615385,0.4,0.6,0.2,0.307692307692,0.3,0
0.0769230769231,0.0769230769231,0.230769230769,68.8,0.307692307692,71.8,0.769230769231,-2.4,0.384615384615,0.307692307692,0,1,-1.1,0.307692307692,0,0
0.0769230769231,0.153846153846,0.384615384615,7.3,0.538461538462,0.6,0.769230769231,0,0.384615384615,0.307692307692,0,1,-1.1,0.307692307692,0.95,1
0.0769230769231,0.230769230769,0.384615384615,66.5,0.153846153846,47.9,0.769230769231,-1.4,0.0769230769231,0.615384615385,0.7,0.85,0,0.307692307692,0.25,1
0.0769230769231,0.0769230769231,0.230769230769,40.3,0.538461538462,39.7,0.769230769231,0.2,0.384615384615,0.615384615385,0.6,0.87,0,0.0769230769231,0.6,0
0.153846153846,0.0769230769231,0.230769230769,19.6,0.538461538462,26.2,0.769230769231,3.3,0.0769230769231,0.615384615385,-0.1,0.6,-0.5,0.153846153846,0.15,0
0.0769230769231,0.153846153846,0.230769230769,0,0.538461538462,0,0.769230769231,-5.3,0.384615384615,0.307692307692,0,1,-1.1,0.0769230769231,0.35,1
0.153846153846,0.230769230769,0.0769230769231,61,0.538461538462,89.4,0.769230769231,0,0.384615384615,0.615384615385,0.1,0.76,-0.1,0.307692307692,0.2,0
0.0769230769231,0.153846153846,0.384615384615,75.7,0.307692307692,90.9,0.230769230769,-0.6,0.0769230769231,0.615384615385,0.1,0.72,-0.2,0.0769230769231,0.1,1
0.0769230769231,0.0769230769231,0.384615384615,45.9,0.307692307692,58.7,0.230769230769,-0.1,0.384615384615,0.0769230769231,1,0.57,0.4,0.307692307692,0.1,0
0.0769230769231,0.230769230769,0.230769230769,1.2,0.538461538462,0.8,0.769230769231,-5,0.384615384615,0.307692307692,0,1,-0.9,0.307692307692,0.1,0
