AAWt,AAMt,Sstruct,SaccW,ShbondsW,SaccM,ShbondsM,yDDG,Result,Positiontype,ProteinPropens,Positionaccept,MOSST,SectorSuperficie,Functionalrelevancefunction,Clinical
0.003638079530812342,0.003638079530812342,0.007276159061624684,0.5166072933753525,0.010914238592437026,0.8556763056470628,0.003638079530812342,-0.016007549935574305,0.007276159061624684,0.003638079530812342,0.00436569543697481,0.013824702217086898,-0.011641854498599495,0.007276159061624684,0.0014552318123249369,0
0.03967984046547146,0.07935968093094292,0.03967984046547146,0.7777248731232407,0.03967984046547146,0.4920300217718461,0.07935968093094292,-0.2856948513513945,0.07935968093094292,0.07935968093094292,0.11110355330332009,0.11586513415917665,0.0,0.03967984046547146,0.11903952139641438,0
0.002055872501636576,0.004111745003273152,0.002055872501636576,0.6883061135479257,0.006167617504909728,0.725311818577384,0.002055872501636576,-0.0024670470019638913,0.004111745003273152,0.002055872501636576,0.0057564430045824126,0.0038650403030767626,0.0024670470019638913,0.002055872501636576,0.002055872501636576,1
0.013143232373871676,0.013143232373871676,0.026286464747743352,0.35223862761976094,0.03942969712161503,0.9305408520701147,0.026286464747743352,-0.01577187884864601,0.026286464747743352,0.026286464747743352,0.036801050646840694,0.041006885006479636,-0.026286464747743352,0.026286464747743352,0.026286464747743352,1
