AAWt,AAMt,Sstruct,SaccW,ShbondsW,SaccM,ShbondsM,yDDG,Result,Positiontype,ProteinPropens,Positionaccept,MOSST,SectorSuperficie,Functionalrelevancefunction,Clinical
0.00749082374325,0.00749082374325,0.00749082374325,0.704137431866,0.0149816474865,0.707133761363,0.029963294973,-0.0239706359784,0.00749082374325,0.00749082374325,0.0,0.029963294973,-0.029963294973,0.00749082374325,0.0179779769838,0
0.00556574318066,0.00556574318066,0.0111314863613,0.663436587134,0.0111314863613,0.745809586208,0.0222629727226,-0.0467522427175,0.0111314863613,0.0111314863613,0.0,0.0180330079053,-0.00222629727226,0.00556574318066,0.00445259454453,0
0.01564412686,0.01564412686,0.01564412686,0.244048379016,0.0312882537199,0.951162913086,0.0625765074399,-0.150183617856,0.0312882537199,0.0312882537199,0.0312882537199,0.0550673265471,-0.018772952232,0.01564412686,0.0312882537199,0
0.00205942404967,0.00205942404967,0.00411884809935,0.609589518703,0.00411884809935,0.792466374314,0.00823769619869,0.0131803139179,0.00205942404967,0.00205942404967,0.00741392657882,0.00626064911101,-0.00247130885961,0.00205942404967,0.000823769619869,1
