AAWt,AAMt,Sstruct,SaccW,ShbondsW,SaccM,ShbondsM,yDDG,Result,Positiontype,ProteinPropens,Positionaccept,MOSST,SectorSuperficie,Functionalrelevancefunction,Clinical
0.0016771977909,0.0016771977909,0.0033543955818,0.615867028818,0.0016771977909,0.787612082606,0.0033543955818,-0.00134175823272,0.0067087911636,0.0016771977909,0.0134175823272,0.0076480219265,0.00536703293088,0.0050315933727,0.00134175823272,0
0.0115177567054,0.0057588783527,0.0172766350581,0.589709143317,0.0403121484689,0.801635866696,0.0057588783527,-0.055285232186,0.0057588783527,0.0115177567054,0.0,0.0460710268216,-0.0368568214573,0.0057588783527,0.027642616093,0
0.00460763686145,0.00230381843073,0.00460763686145,0.764867719001,0.0161267290151,0.643226105859,0.0115190921536,0.0184305474458,0.00460763686145,0.00230381843073,0.0165874927012,0.00479194233591,0.0092152737229,0.00691145529218,0.0,1
0.00718903173936,0.00718903173936,0.00359451586968,0.526237123321,0.0251616110877,0.848305745244,0.0179725793484,0.0230049015659,0.00718903173936,0.0143780634787,0.0143780634787,0.0244427079138,-0.0143780634787,0.00718903173936,0.0230049015659,0
0.00265492155573,0.00132746077787,0.00132746077787,0.687093698624,0.00929222544507,0.726386537649,0.00265492155573,-0.00318590586688,0.00530984311147,0.00530984311147,0.00743378035605,0.00562843369816,0.00212393724459,0.00132746077787,0.00106196862229,1
0.0311636889799,0.0623273779599,0.0311636889799,0.299171414207,0.21814582286,0.847652340254,0.1558184449,-0.149585707104,0.0311636889799,0.0623273779599,0.0,0.24930951184,-0.12465475592,0.0934910669398,0.024930951184,0
0.0065720419324,0.0065720419324,0.0197161257972,0.352261447577,0.0460042935268,0.930601137628,0.032860209662,-0.0157729006378,0.0262881677296,0.0262881677296,0.0368034348215,0.0410095416582,-0.0262881677296,0.0131440838648,0.0262881677296,1
0.00230885611804,0.00230885611804,0.00692656835411,0.744375212455,0.0161619928263,0.666797646889,0.0115442805902,0.0110825093666,0.00923542447215,0.00923542447215,0.0110825093666,0.0160696385815,0.00554125468329,0.00230885611804,0.0110825093666,1
