AAWt,AAMt,Sstruct,SaccW,ShbondsW,SaccM,ShbondsM,yDDG,Result,Positiontype,ProteinPropens,Positionaccept,MOSST,SectorSuperficie,Functionalrelevancefunction,Clinical
0.1164998031154991,0.1164998031154991,0.2329996062309982,0.0,0.34949940934649726,0.0,0.34949940934649726,0.32619944872339746,0.2329996062309982,0.34949940934649726,0.0,0.4659992124619964,-0.32619944872339746,0.1164998031154991,0.2329996062309982,0
0.0040898350749426,0.0040898350749426,0.0081796701498852,0.6052955910915048,0.0122695052248278,0.7950639385688415,0.0122695052248278,0.027810878509609678,0.0040898350749426,0.0040898350749426,0.00327186805995408,0.014559812866795656,-0.00654373611990816,0.0040898350749426,0.0,1
0.0025127817346693036,0.0025127817346693036,0.005025563469338607,0.6915175333809924,0.0025127817346693036,0.721670914197024,0.007538345204007911,-0.024122704652825316,0.0025127817346693036,0.007538345204007911,0.0,0.010051126938677215,-0.011056239632544937,0.005025563469338607,0.0,0
0.001802529456057453,0.001802529456057453,0.003605058912114906,0.6727039930006415,0.005407588368172359,0.7397580887659787,0.001802529456057453,0.0007210117824229812,0.003605058912114906,0.005407588368172359,0.0,0.007210117824229812,-0.007931129606652794,0.003605058912114906,0.002163035347268944,1
