AAWt,AAMt,Sstruct,SaccW,ShbondsW,SaccM,ShbondsM,yDDG,Result,Positiontype,ProteinPropens,Positionaccept,MOSST,SectorSuperficie,Functionalrelevancefunction,Clinical
0.038517006424419166,0.038517006424419166,0.038517006424419166,0.0,0.07703401284883833,0.7549333259186157,0.07703401284883833,-0.6162721027907067,0.038517006424419166,0.038517006424419166,0.138661223127909,0.07241197207790803,-0.046220407709302996,0.038517006424419166,0.05392380899418683,0
0.01114038524538591,0.01114038524538591,0.02228077049077182,0.6416861901342285,0.02228077049077182,0.7620023507843964,0.01114038524538591,0.04901769507969801,0.01114038524538591,0.01114038524538591,0.008912308196308729,0.021389539671140947,0.035649232785234915,0.02228077049077182,0.035649232785234915,0
0.002934855566283784,0.002934855566283784,0.002934855566283784,0.8076722518412973,0.005869711132567568,0.5893189977097838,0.002934855566283784,-0.004695768906054054,0.002934855566283784,0.002934855566283784,0.0,0.011739422265135135,-0.009391537812108108,0.005869711132567568,0.0,0
0.0017258252051291373,0.0017258252051291373,0.0034516504102582745,0.7717890317337502,0.0034516504102582745,0.6357940055695741,0.0034516504102582745,-0.0034516504102582745,0.0017258252051291373,0.0017258252051291373,0.0034516504102582745,0.00428004650872026,-0.0006903300820516549,0.0017258252051291373,0.0037968154512841024,0
