AAWt,AAMt,Sstruct,SaccW,ShbondsW,SaccM,ShbondsM,yDDG,Result,Positiontype,ProteinPropens,Positionaccept,MOSST,SectorSuperficie,Functionalrelevancefunction,Clinical
0.0769230769231,0.0769230769231,0.0769230769231,25.3,0.769230769231,40.3,0.230769230769,0.1,0.384615384615,0.461538461538,0.3,0.97,-1,0.0769230769231,0.25,0
0.0769230769231,0.153846153846,0.307692307692,20.1,0.769230769231,24.2,0.538461538462,-4,0.230769230769,0.384615384615,0.2,0.59,-0.1,0.153846153846,0.1,1
0.153846153846,0.0769230769231,0.307692307692,44.8,0.0769230769231,29.5,0.538461538462,-2.4,0.230769230769,0.0769230769231,0.8,0.28,-0.1,0.307692307692,0.15,0
0.153846153846,0.0769230769231,0.0769230769231,41.8,0.769230769231,68.1,0.230769230769,1.6,0.0769230769231,0.461538461538,0,0.95,-1,0.0769230769231,0.1,0
0.230769230769,0.0769230769231,0.384615384615,55.9,0.769230769231,66.1,0.538461538462,-0.9,0.0769230769231,0.384615384615,-0.1,0.2,0.4,0.153846153846,0,1
0.153846153846,0.0769230769231,0.153846153846,6.7,0.769230769231,30.5,0.230769230769,0.5,0.384615384615,0.384615384615,0.7,0.78,0.1,0.153846153846,0.5,0
0.0769230769231,0.153846153846,0.384615384615,75.7,0.153846153846,81.1,0.230769230769,0.1,0.384615384615,0.384615384615,0.1,0.72,0,0.0769230769231,0.1,1
0.0769230769231,0.153846153846,0.384615384615,14.4,0.153846153846,20.5,0.230769230769,-3.1,0.230769230769,0.0769230769231,0.2,0.48,-0.2,0.153846153846,0.8,0
0.230769230769,0.153846153846,0.307692307692,0.5,0.769230769231,1.2,0.538461538462,-0.4,0.384615384615,0.461538461538,0,1,-0.8,0.307692307692,0,0
0.153846153846,0.0769230769231,0.153846153846,12.8,0.769230769231,17.4,0.230769230769,-1.2,0.153846153846,0.461538461538,0,1,-0.8,0.0769230769231,0.6,0
0.230769230769,0.153846153846,0.307692307692,0.5,0.769230769231,4,0.538461538462,3,0.0769230769231,0.461538461538,0,1,-1,0.307692307692,0,0
0.0769230769231,0.153846153846,0.384615384615,111.8,0.769230769231,99.8,0.538461538462,-1.2,0.153846153846,0.384615384615,0.5,0.62,0.4,0.0769230769231,0.55,1
0.0769230769231,0.0769230769231,0.384615384615,18.8,0.769230769231,43.1,0.538461538462,-0.4,0.384615384615,0.461538461538,0,1,-0.9,0.307692307692,0.1,1
