AAWt,AAMt,Sstruct,SaccW,ShbondsW,SaccM,ShbondsM,yDDG,Result,Positiontype,ProteinPropens,Positionaccept,MOSST,SectorSuperficie,Functionalrelevancefunction,Clinical
0.14531783325525177,0.07265891662762589,0.14531783325525177,0.0,0.4359534997657553,0.0,0.5086124163933813,-0.406889933114705,0.14531783325525177,0.21797674988287766,0.15258372491801436,0.48826791973764594,0.0,0.07265891662762589,0.050861241639338126,0
0.006312795180787557,0.0031563975903937786,0.009469192771181337,0.890419760250085,0.018938385542362674,0.45294305422150727,0.02209478313275645,0.006628434939826936,0.006312795180787557,0.012625590361575114,0.013256869879653872,0.019222461325498114,-0.0022094783132756454,0.006312795180787557,0.013256869879653872,0
0.005341897345998536,0.005341897345998536,0.010683794691997072,0.7516049565819941,0.032051384075991216,0.6469037686004228,0.037393281421989756,-0.11217984426596926,0.016025692037995608,0.021367589383994145,0.007478656284397951,0.022062036038973953,-0.011217984426596925,0.005341897345998536,0.0037393281421989753,1
0.0062703058559408185,0.012540611711881637,0.018810917567822456,0.29407734464362445,0.03762183513564491,0.9392918172199347,0.04389214099158573,-0.15362249347055007,0.018810917567822456,0.025081223423763274,0.030724498694110012,0.034235869973436875,-0.0043892140991585735,0.012540611711881637,0.021946070495792867,1
0.008558246709797941,0.008558246709797941,0.008558246709797941,0.7039157918808807,0.025674740129393823,0.70691117822931,0.029953863484292798,-0.02396309078743424,0.008558246709797941,0.012837370064696912,0.0,0.029953863484292798,-0.029953863484292798,0.008558246709797941,0.017972318090575676,0
0.01250024903087927,0.006250124515439635,0.018750373546318904,0.428758541759159,0.03750074709263781,0.8881426936439721,0.043750871608077446,-0.14000278914584782,0.018750373546318904,0.018750373546318904,0.0,0.043750871608077446,-0.035000697286461956,0.006250124515439635,0.0043750871608077445,0
0.0012727653819970897,0.0012727653819970897,0.0025455307639941794,0.816988098703932,0.0012727653819970897,0.5764354415064821,0.008909357673979629,0.0,0.0025455307639941794,0.005091061527988359,0.004454678836989814,0.008018421906581667,-0.00623655037178574,0.0025455307639941794,0.0,0
