Metric,Score
accuracy,0.666666666667
recall,0.166666666667
precision,0.166666666667
