Metric,Score
accuracy,0.606060606061
recall,0.212121212121
precision,0.212121212121
