AAWt,AAMt,Sstruct,SaccW,ShbondsW,SaccM,ShbondsM,yDDG,Result,Positiontype,ProteinPropens,Positionaccept,MOSST,SectorSuperficie,Functionalrelevancefunction,Clinical
0.2727272727272727,0.18181818181818182,0.45454545454545453,13.7,0.9090909090909091,10.8,0.9090909090909091,0.2,0.36363636363636365,0.18181818181818182,0.1,0.25,0.2,0.2727272727272727,0.35,0
0.09090909090909091,0.09090909090909091,0.18181818181818182,6.7,0.9090909090909091,17.7,0.9090909090909091,-0.3,0.36363636363636365,0.18181818181818182,0.7,0.78,-0.5,0.2727272727272727,0.5,1
0.18181818181818182,0.18181818181818182,0.2727272727272727,0,0.9090909090909091,0,0.9090909090909091,0.3,0.36363636363636365,0.5454545454545454,0,1,-0.9,0.09090909090909091,0.75,1
0.09090909090909091,0.2727272727272727,0.2727272727272727,25.4,0.9090909090909091,36.1,0.9090909090909091,-1,0.6363636363636364,0.5454545454545454,0,1,-0.5,0.09090909090909091,0,0
0.09090909090909091,0.09090909090909091,0.09090909090909091,38.7,0.9090909090909091,56.6,0.09090909090909091,-1.7,0.6363636363636364,0.5454545454545454,0,1,-1.1,0.2727272727272727,0.1,1
0.09090909090909091,0.09090909090909091,0.45454545454545453,3.2,0.09090909090909091,0.1,0.9090909090909091,-1.9,0.6363636363636364,0.5454545454545454,0.5,0.92,-0.6,0.09090909090909091,0.6,1
0.2727272727272727,0.18181818181818182,0.45454545454545453,0,0.9090909090909091,0.9,0.9090909090909091,-0.4,0.36363636363636365,0.09090909090909091,0.9,0.47,0.6,0.2727272727272727,0.35,1
0.09090909090909091,0.2727272727272727,0.45454545454545453,57.5,0.9090909090909091,70.8,0.9090909090909091,-1.3,0.6363636363636364,0.18181818181818182,0.9,0.31,0.1,0.2727272727272727,0.35,1
0.09090909090909091,0.09090909090909091,0.2727272727272727,7.3,0.9090909090909091,16.2,0.9090909090909091,-1.3,0.6363636363636364,0.5454545454545454,0,1,-1.1,0.18181818181818182,0.95,0
0.2727272727272727,0.2727272727272727,0.18181818181818182,93.3,0.9090909090909091,96.3,0.9090909090909091,-1,0.6363636363636364,0.5454545454545454,0,1,-1,0.2727272727272727,0.3,1
0.18181818181818182,0.18181818181818182,0.45454545454545453,0,0.9090909090909091,0,0.9090909090909091,-1.4,0.6363636363636364,0.18181818181818182,0.7,0.25,-0.1,0.18181818181818182,0,1
