AAWt,AAMt,Sstruct,SaccW,ShbondsW,SaccM,ShbondsM,yDDG,Result,Positiontype,ProteinPropens,Positionaccept,MOSST,SectorSuperficie,Functionalrelevancefunction,Clinical
0.18181818181818182,0.09090909090909091,0.36363636363636365,40.3,0.9090909090909091,20.5,0.8181818181818182,0.3,0.45454545454545453,0.5454545454545454,0.6,0.87,-0.1,0.18181818181818182,0.6,0
0.09090909090909091,0.2727272727272727,0.36363636363636365,30.2,0.09090909090909091,12,0.8181818181818182,-2.6,0.2727272727272727,0.5454545454545454,0.2,0.9,-0.8,0.45454545454545453,0.1,0
0.09090909090909091,0.09090909090909091,0.36363636363636365,21.2,0.9090909090909091,25.6,0.8181818181818182,0.8,0.09090909090909091,0.5454545454545454,0,0.83,-0.6,0.09090909090909091,0.25,0
0.2727272727272727,0.2727272727272727,0.36363636363636365,11.1,0.9090909090909091,16.5,0.8181818181818182,0.2,0.45454545454545453,0.5454545454545454,0.5,0.91,-0.3,0.45454545454545453,0.5,0
0.2727272727272727,0.09090909090909091,0.09090909090909091,0.2,0.9090909090909091,34.1,0.8181818181818182,-4.7,0.2727272727272727,0.09090909090909091,0.5,0.91,-0.7,0.45454545454545453,0.1,0
0.2727272727272727,0.09090909090909091,0.36363636363636365,93.3,0.9090909090909091,99.2,0.18181818181818182,0.1,0.45454545454545453,0.2727272727272727,0,1,-1,0.18181818181818182,0.3,1
0.18181818181818182,0.18181818181818182,0.36363636363636365,40.3,0.9090909090909091,39.7,0.8181818181818182,0.2,0.45454545454545453,0.5454545454545454,0.6,0.87,0,0.18181818181818182,0.6,0
0.2727272727272727,0.09090909090909091,0.36363636363636365,11.1,0.9090909090909091,23.1,0.8181818181818182,-0.4,0.45454545454545453,0.5454545454545454,0.5,0.91,0,0.45454545454545453,0.5,1
0.2727272727272727,0.18181818181818182,0.09090909090909091,0,0.9090909090909091,0,0.8181818181818182,1.9,0.09090909090909091,0.09090909090909091,0.7,0.25,1.1,0.45454545454545453,0,1
0.2727272727272727,0.2727272727272727,0.36363636363636365,35.5,0.9090909090909091,26.6,0.8181818181818182,-3.7,0.2727272727272727,0.2727272727272727,0.3,0.95,-1,0.18181818181818182,0.1,0
0.09090909090909091,0.09090909090909091,0.09090909090909091,7.7,0.9090909090909091,9,0.18181818181818182,-2,0.09090909090909091,0.2727272727272727,0,1,-1,0.09090909090909091,0.1,0
