AAWt,AAMt,Sstruct,SaccW,ShbondsW,SaccM,ShbondsM,yDDG,Result,Positiontype,ProteinPropens,Positionaccept,MOSST,Functionalrelevancefunction,Clinical
0.217025459166,0.0542563647914,0.217025459166,0.69448146933,0.217025459166,0.0,0.162769094374,-0.455753464248,0.108512729583,0.217025459166,0.108512729583,0.199663422432,-0.108512729583,0.130215275499,1
0.0294488359996,0.00736220899991,0.0294488359996,0.0942362751988,0.0294488359996,0.977701355187,0.0220866269997,-0.170803248798,0.0147244179998,0.0294488359996,0.0147244179998,0.0270929291197,-0.0235590687997,0.0176693015998,1
0.221599880648,0.055399970162,0.221599880648,0.709119618074,0.221599880648,0.0221599880648,0.166199910486,-0.421039773231,0.055399970162,0.221599880648,0.110799940324,0.203871890196,-0.132959928389,0.132959928389,1
0.238271575685,0.0595678939214,0.238271575685,0.762469042193,0.238271575685,0.0476543151371,0.0595678939214,0.285925890823,0.0595678939214,0.238271575685,0.119135787843,0.219209849631,-0.119135787843,0.142962945411,0
