AAWt,AAMt,Sstruct,SaccW,ShbondsW,SaccM,ShbondsM,yDDG,Result,Positiontype,ProteinPropens,Positionaccept,MOSST,SectorSuperficie,Functionalrelevancefunction,Clinical
0.0038522441805727177,0.0019261220902863588,0.0038522441805727177,0.7188287640948691,0.007704488361145435,0.6949448501753183,0.007704488361145435,-0.0038522441805727177,0.0019261220902863588,0.0038522441805727177,0.0,0.007704488361145435,-0.00847493719725998,0.0038522441805727177,0.0023113465083436304,0
0.009511285131153275,0.009511285131153275,0.01902257026230655,0.25490244151490776,0.0380451405246131,0.9625420552727114,0.0380451405246131,0.04565416862953572,0.009511285131153275,0.009511285131153275,0.026631598367229167,0.029675209609198217,-0.02282708431476786,0.01902257026230655,0.01902257026230655,1
0.01449873524277123,0.007249367621385615,0.007249367621385615,0.005799494097108493,0.02899747048554246,0.9888137435569979,0.02899747048554246,-0.13628811128204957,0.01449873524277123,0.007249367621385615,0.01449873524277123,0.02638769814184364,-0.020298229339879723,0.007249367621385615,0.0028997470485542464,0
0.042310634125649456,0.042310634125649456,0.042310634125649456,0.0,0.16924253650259782,0.38925783395597496,0.16924253650259782,-0.8462126825129891,0.08462126825129891,0.08462126825129891,0.0,0.16924253650259782,-0.15231828285233803,0.042310634125649456,0.042310634125649456,0
