AAWt,AAMt,Sstruct,SaccW,ShbondsW,SaccM,ShbondsM,yDDG,Result,Positiontype,ProteinPropens,Positionaccept,MOSST,SectorSuperficie,Functionalrelevancefunction,Clinical
0.09090909090909091,0.18181818181818182,0.36363636363636365,7.3,0.8181818181818182,16.2,0.8181818181818182,-1.3,0.2727272727272727,0.2727272727272727,0,1,-1.1,0.36363636363636365,0.95,0
0.18181818181818182,0.18181818181818182,0.18181818181818182,6.8,0.8181818181818182,15.1,0.8181818181818182,-4.9,0.45454545454545453,0.2727272727272727,0.3,0.97,-0.9,0.09090909090909091,0.2,0
0.09090909090909091,0.18181818181818182,0.36363636363636365,50.8,0.8181818181818182,23.9,0.8181818181818182,-1.8,0.2727272727272727,0.36363636363636365,1,0.63,-0.3,0.09090909090909091,0.25,0
0.18181818181818182,0.18181818181818182,0.36363636363636365,57.5,0.8181818181818182,70.8,0.8181818181818182,-1.3,0.2727272727272727,0.36363636363636365,0.9,0.31,0.1,0.18181818181818182,0.35,1
0.18181818181818182,0.18181818181818182,0.36363636363636365,0,0.8181818181818182,0.2,0.8181818181818182,0,0.18181818181818182,0.36363636363636365,0.7,0.78,0,0.09090909090909091,0.1,0
0.18181818181818182,0.09090909090909091,0.36363636363636365,40.5,0.8181818181818182,73.3,0.8181818181818182,-2.7,0.45454545454545453,0.09090909090909091,0.3,0.44,-0.3,0.36363636363636365,0.6,0
0.18181818181818182,0.18181818181818182,0.09090909090909091,52.4,0.09090909090909091,29.7,0.8181818181818182,-2.3,0.45454545454545453,0.36363636363636365,0.2,0.91,-0.8,0.18181818181818182,0.6,0
0.09090909090909091,0.18181818181818182,0.36363636363636365,0,0.8181818181818182,2.4,0.8181818181818182,-0.8,0.09090909090909091,0.2727272727272727,0,1,-0.5,0.18181818181818182,0.35,1
0.18181818181818182,0.18181818181818182,0.18181818181818182,0.2,0.8181818181818182,9,0.8181818181818182,-3.6,0.45454545454545453,0.18181818181818182,0.5,0.91,-0.6,0.36363636363636365,0.1,0
0.09090909090909091,0.09090909090909091,0.36363636363636365,37,0.8181818181818182,69.9,0.09090909090909091,-0.4,0.18181818181818182,0.09090909090909091,0.2,0.89,-0.2,0.36363636363636365,0,0
0.09090909090909091,0.09090909090909091,0.36363636363636365,14.4,0.09090909090909091,20.5,0.09090909090909091,-3.1,0.45454545454545453,0.18181818181818182,0.2,0.48,-0.2,0.18181818181818182,0.8,0
