AAWt,AAMt,Sstruct,SaccW,ShbondsW,SaccM,ShbondsM,yDDG,Result,Positiontype,ProteinPropens,Positionaccept,MOSST,SectorSuperficie,Functionalrelevancefunction,Clinical
0.0017854719152426385,0.0017854719152426385,0.0017854719152426385,0.7099036335004731,0.0017854719152426385,0.7041901233716966,0.005356415745727916,-0.003570943830485277,0.005356415745727916,0.005356415745727916,-0.0007141887660970554,0.0050707402392890935,-0.0007141887660970554,0.003570943830485277,0.0014283775321941108,0
0.002316618960706492,0.002316618960706492,0.002316618960706492,0.6088074628736662,0.004633237921412984,0.7932103321459029,0.002316618960706492,0.0027799427528477907,0.006949856882119477,0.006949856882119477,0.003706590337130388,0.0012973066179956358,-0.000926647584282597,0.002316618960706492,0.0013899713764238954,1
0.0026548092818407362,0.0026548092818407362,0.0026548092818407362,0.6870646421403827,0.0026548092818407362,0.7263558195116255,0.00796442784552221,-0.0031857711382088836,0.00796442784552221,0.00796442784552221,0.007433465989154062,0.005628195677502361,0.0021238474254725893,0.0053096185636814725,0.0010619237127362947,1
0.0028553609406842847,0.0028553609406842847,0.0028553609406842847,0.7081295132897026,0.0057107218813685695,0.7058452245371551,0.008566082822052856,0.006852866257642283,0.0028553609406842847,0.0028553609406842847,0.0034264331288211417,0.007652367321033884,0.006852866257642283,0.0028553609406842847,0.003997505316957998,1
