AAWt,AAMt,Sstruct,SaccW,ShbondsW,SaccM,ShbondsM,yDDG,Result,Positiontype,ProteinPropens,Positionaccept,MOSST,SectorSuperficie,Functionalrelevancefunction,Clinical
0.0545642170393,0.0545642170393,0.0545642170393,0.30555961542,0.163692651118,0.501990796762,0.218256868157,-0.676596291287,0.109128434079,0.109128434079,0.0,0.218256868157,-0.196431181341,0.0545642170393,0.0218256868157,0
0.00750886565774,0.00750886565774,0.00750886565774,0.636751807776,0.0225265969732,0.768907843352,0.0300354626309,0.0240283701048,0.00750886565774,0.00750886565774,0.0,0.0249294339837,-0.0180212775786,0.00750886565774,0.00750886565774,0
0.00384381828751,0.00384381828751,0.00768763657501,0.688812237121,0.00384381828751,0.724175365366,0.01537527315,-0.02152538241,0.00384381828751,0.00384381828751,0.01230021852,0.00430507648201,0.00922516389002,0.00384381828751,0.0023062909725,1
0.0453329464938,0.0453329464938,0.0906658929877,0.0543995357926,0.135998839482,0.0,0.181331785975,-0.924792108474,0.0906658929877,0.0906658929877,0.0543995357926,0.172265196677,-0.163198607378,0.0453329464938,0.0181331785975,1
