AAWt,AAMt,Sstruct,SaccW,ShbondsW,SaccM,ShbondsM,yDDG,Result,Positiontype,ProteinPropens,Positionaccept,MOSST,SectorSuperficie,Functionalrelevancefunction,Clinical
0.18181818181818182,0.2727272727272727,0.2727272727272727,4.2,0.6363636363636364,13.7,0.9090909090909091,-6.5,0.36363636363636365,0.36363636363636365,1,0.95,-0.9,0.09090909090909091,0.1,0
0.18181818181818182,0.18181818181818182,0.2727272727272727,74,0.2727272727272727,96.2,0.9090909090909091,1.6,0.2727272727272727,0.2727272727272727,0.9,0.76,-0.3,0.2727272727272727,0.1,1
0.18181818181818182,0.2727272727272727,0.2727272727272727,93.3,0.6363636363636364,90.2,0.9090909090909091,-0.5,0.09090909090909091,0.36363636363636365,0,1,-1.1,0.36363636363636365,0.3,0
0.09090909090909091,0.18181818181818182,0.2727272727272727,38.7,0.6363636363636364,42.4,0.9090909090909091,0,0.2727272727272727,0.36363636363636365,0,1,-0.6,0.36363636363636365,0.1,0
0.18181818181818182,0.09090909090909091,0.2727272727272727,40.5,0.6363636363636364,73.3,0.9090909090909091,-2.7,0.36363636363636365,0.2727272727272727,0.3,0.44,-0.3,0.2727272727272727,0.6,0
0.09090909090909091,0.09090909090909091,0.2727272727272727,3.9,0.2727272727272727,2.4,0.9090909090909091,1.4,0.2727272727272727,0.36363636363636365,0.5,0.88,-0.7,0.36363636363636365,0.5,0
0.18181818181818182,0.18181818181818182,0.18181818181818182,7.3,0.6363636363636364,12.6,0.9090909090909091,1.4,0.2727272727272727,0.36363636363636365,0,1,-1,0.2727272727272727,0.95,0
0.18181818181818182,0.2727272727272727,0.2727272727272727,52.4,0.09090909090909091,29.7,0.9090909090909091,-2.3,0.36363636363636365,0.36363636363636365,0.2,0.91,-0.8,0.36363636363636365,0.6,0
0.09090909090909091,0.09090909090909091,0.2727272727272727,65.1,0.2727272727272727,64.1,0.09090909090909091,-0.4,0.2727272727272727,0.36363636363636365,0.1,0.8,0,0.18181818181818182,0.5,1
0.09090909090909091,0.09090909090909091,0.2727272727272727,0.2,0.6363636363636364,0.5,0.9090909090909091,-5.1,0.36363636363636365,0.36363636363636365,0.6,0.89,-0.6,0.09090909090909091,0.1,0
0.09090909090909091,0.18181818181818182,0.18181818181818182,84.5,0.6363636363636364,84.5,0.9090909090909091,0.3,0.2727272727272727,0.2727272727272727,0.9,0.25,0.2,0.18181818181818182,0.15,1
