Statistic,Value
Mean,3.70126582278
Std,3.01504638883
Max,11.0
Min,0.0
Var,9.09050472681
