AAWt,AAMt,Sstruct,SaccW,ShbondsW,SaccM,ShbondsM,yDDG,Result,Positiontype,ProteinPropens,Positionaccept,MOSST,SectorSuperficie,Functionalrelevancefunction,Clinical
0.18181818181818182,0.09090909090909091,0.2727272727272727,0,0.9090909090909091,0,0.6363636363636364,-1.4,0.18181818181818182,0.09090909090909091,0.7,0.25,-0.1,0.2727272727272727,0,1
0.09090909090909091,0.09090909090909091,0.36363636363636365,46.3,0.9090909090909091,11.8,0.6363636363636364,0.1,0.36363636363636365,0.6363636363636364,0,1,-1.2,0.2727272727272727,0.35,0
0.09090909090909091,0.09090909090909091,0.09090909090909091,63.3,0.09090909090909091,98.4,0.36363636363636365,0.7,0.09090909090909091,0.6363636363636364,0,1,-0.5,0.09090909090909091,1,1
0.09090909090909091,0.18181818181818182,0.18181818181818182,64.7,0.9090909090909091,68.4,0.36363636363636365,-0.3,0.36363636363636365,0.2727272727272727,0.7,0.53,0.2,0.2727272727272727,0.1,1
0.09090909090909091,0.18181818181818182,0.36363636363636365,78.1,0.9090909090909091,78.6,0.6363636363636364,-1,0.18181818181818182,0.2727272727272727,-0.1,0.21,0,0.2727272727272727,0,1
0.18181818181818182,0.09090909090909091,0.2727272727272727,29.8,0.9090909090909091,33.5,0.6363636363636364,-2.1,0.18181818181818182,0.2727272727272727,0,0.81,-0.1,0.2727272727272727,0.2,0
0.09090909090909091,0.09090909090909091,0.36363636363636365,26.8,0.9090909090909091,40.7,0.6363636363636364,0,0.36363636363636365,0.6363636363636364,0,1,-1.2,0.09090909090909091,0.1,0
0.18181818181818182,0.18181818181818182,0.36363636363636365,0,0.9090909090909091,6,0.6363636363636364,1.6,0.18181818181818182,0.6363636363636364,0,1,-1,0.18181818181818182,0.75,0
0.18181818181818182,0.18181818181818182,0.2727272727272727,0,0.9090909090909091,5.2,0.6363636363636364,-5,0.18181818181818182,0.6363636363636364,0,1,-0.9,0.09090909090909091,0.35,1
0.09090909090909091,0.09090909090909091,0.18181818181818182,6.8,0.9090909090909091,8.6,0.36363636363636365,0.5,0.36363636363636365,0.6363636363636364,0.3,0.97,-0.6,0.2727272727272727,0.2,0
0.09090909090909091,0.09090909090909091,0.09090909090909091,41.8,0.9090909090909091,68.1,0.36363636363636365,1.6,0.18181818181818182,0.6363636363636364,0,0.95,-1,0.18181818181818182,0.1,0
