AAWt,AAMt,Sstruct,SaccW,ShbondsW,SaccM,ShbondsM,yDDG,Result,Positiontype,ProteinPropens,Positionaccept,MOSST,SectorSuperficie,Functionalrelevancefunction,Clinical
0.18181818181818182,0.18181818181818182,0.36363636363636365,23.5,0.6363636363636364,34.7,0.7272727272727273,-1.1,0.2727272727272727,0.2727272727272727,0,1,-0.8,0.09090909090909091,0.6,1
0.18181818181818182,0.18181818181818182,0.2727272727272727,6.7,0.6363636363636364,21.4,0.7272727272727273,-3.5,0.18181818181818182,0.6363636363636364,0.7,0.78,-0.1,0.36363636363636365,0.5,1
0.18181818181818182,0.18181818181818182,0.2727272727272727,52.4,0.18181818181818182,29.7,0.7272727272727273,-2.3,0.18181818181818182,0.6363636363636364,0.2,0.91,-0.8,0.36363636363636365,0.6,0
0.18181818181818182,0.09090909090909091,0.09090909090909091,82.8,0.18181818181818182,74.3,0.18181818181818182,-0.7,0.18181818181818182,0.6363636363636364,0.8,0.64,-0.2,0.09090909090909091,0.1,0
0.18181818181818182,0.18181818181818182,0.36363636363636365,0,0.6363636363636364,0.2,0.7272727272727273,-1.7,0.2727272727272727,0.6363636363636364,0.7,0.78,0.2,0.2727272727272727,0.1,1
0.18181818181818182,0.18181818181818182,0.09090909090909091,83.7,0.6363636363636364,89.9,0.7272727272727273,-1,0.18181818181818182,0.09090909090909091,0.7,0.47,-0.1,0.2727272727272727,0.25,1
0.09090909090909091,0.09090909090909091,0.09090909090909091,1.2,0.6363636363636364,4.4,0.7272727272727273,-0.4,0.2727272727272727,0.2727272727272727,0,1,-0.3,0.18181818181818182,0.1,0
0.18181818181818182,0.09090909090909091,0.36363636363636365,6,0.6363636363636364,15.4,0.7272727272727273,-1.4,0.2727272727272727,0.6363636363636364,0.5,0.61,-0.3,0.2727272727272727,0.6,0
0.09090909090909091,0.09090909090909091,0.36363636363636365,66.5,0.18181818181818182,53.3,0.7272727272727273,0.3,0.2727272727272727,0.6363636363636364,0.7,0.85,-0.3,0.18181818181818182,0.25,1
0.09090909090909091,0.18181818181818182,0.2727272727272727,68.8,0.18181818181818182,83.3,0.18181818181818182,0.4,0.2727272727272727,0.2727272727272727,0,1,-1.2,0.36363636363636365,0,0
0.18181818181818182,0.09090909090909091,0.09090909090909091,18.3,0.6363636363636364,27.8,0.09090909090909091,0.9,0.09090909090909091,0.6363636363636364,0.5,0.85,-0.7,0.36363636363636365,0.8,1
