AAWt,AAMt,Sstruct,SaccW,ShbondsW,SaccM,ShbondsM,yDDG,Result,Positiontype,ProteinPropens,Positionaccept,MOSST,SectorSuperficie,Functionalrelevancefunction,Clinical
0.0769230769231,0.153846153846,0.384615384615,12.1,0.0769230769231,10.6,0.769230769231,0.4,0.384615384615,0.461538461538,0.3,0.97,-0.9,0.0769230769231,0.6,0
0.153846153846,0.153846153846,0.384615384615,0.3,0.538461538462,18,0.769230769231,-5.2,0.0769230769231,0.461538461538,0.3,0.95,-0.7,0.0769230769231,0.1,0
0.153846153846,0.153846153846,0.0769230769231,76.9,0.538461538462,43.2,0.769230769231,-1.9,0.153846153846,0.461538461538,0,1,-1,0.153846153846,0.3,1
0.0769230769231,0.0769230769231,0.538461538462,67.5,0.384615384615,32.5,0.0769230769231,-0.3,0.384615384615,0.153846153846,0.7,0.87,0.1,0.0769230769231,0.25,0
0.230769230769,0.153846153846,0.538461538462,50.3,0.384615384615,35,0.769230769231,0.1,0.384615384615,0.461538461538,0,1,-1,0.0769230769231,0.1,1
0.153846153846,0.0769230769231,0.538461538462,59.5,0.538461538462,67.4,0.769230769231,0,0.384615384615,0.153846153846,0.9,0.56,0.4,0.230769230769,0.1,1
0.153846153846,0.153846153846,0.538461538462,23.5,0.538461538462,23.6,0.769230769231,-0.8,0.153846153846,0.461538461538,0,1,-1,0.153846153846,0.6,0
0.0769230769231,0.153846153846,0.538461538462,75.7,0.384615384615,90.9,0.153846153846,-0.6,0.153846153846,0.384615384615,0.1,0.72,-0.2,0.0769230769231,0.1,1
0.230769230769,0.153846153846,0.538461538462,16.3,0.538461538462,43.3,0.769230769231,1.6,0.153846153846,0.384615384615,0.8,0.74,-0.3,0.230769230769,0.65,1
0.0769230769231,0.153846153846,0.384615384615,4.9,0.384615384615,3.1,0.769230769231,-1.8,0.153846153846,0.384615384615,0.7,0.73,0,0.0769230769231,0.75,0
0.153846153846,0.0769230769231,0.384615384615,0.5,0.538461538462,1.2,0.769230769231,-0.4,0.384615384615,0.461538461538,0,1,-0.8,0.230769230769,0,0
0.153846153846,0.0769230769231,0.538461538462,21.2,0.538461538462,25.6,0.769230769231,0.8,0.0769230769231,0.384615384615,0,0.83,-0.6,0.153846153846,0.25,0
0.230769230769,0.0769230769231,0.384615384615,45.5,0.384615384615,50.6,0.153846153846,1.2,0.153846153846,0.384615384615,0.9,0.69,-0.2,0.153846153846,0.1,1
