AAWt,AAMt,Sstruct,SaccW,ShbondsW,SaccM,ShbondsM,yDDG,Result,Positiontype,ProteinPropens,Positionaccept,MOSST,SectorSuperficie,Functionalrelevancefunction,Clinical
0.272727272727,0.181818181818,0.181818181818,6.7,0.727272727273,25.3,0.818181818182,1.2,0.272727272727,0.454545454545,0.7,0.78,-0.6,0.363636363636,0.5,1
0.0909090909091,0.0909090909091,0.454545454545,7.3,0.727272727273,12.6,0.818181818182,1.4,0.272727272727,0.545454545455,0,1,-1,0.0909090909091,0.95,0
0.0909090909091,0.181818181818,0.454545454545,0,0.727272727273,5.5,0.818181818182,-1.5,0.272727272727,0.545454545455,0,1,-0.6,0.181818181818,0.15,1
0.181818181818,0.0909090909091,0.454545454545,26.8,0.727272727273,40.7,0.818181818182,0,0.181818181818,0.545454545455,0,1,-1.2,0.0909090909091,0.1,0
0.272727272727,0.272727272727,0.0909090909091,82.8,0.272727272727,74.3,0.181818181818,-0.7,0.181818181818,0.454545454545,0.8,0.64,-0.2,0.0909090909091,0.1,0
0.181818181818,0.181818181818,0.181818181818,93.3,0.727272727273,92.8,0.818181818182,-0.6,0.181818181818,0.545454545455,0,1,-0.3,0.363636363636,0.3,0
0.0909090909091,0.0909090909091,0.0909090909091,3.9,0.272727272727,15.2,0.818181818182,-2.4,0.0909090909091,0.454545454545,0.5,0.88,-0.3,0.363636363636,0.5,0
0.181818181818,0.181818181818,0.454545454545,111.8,0.727272727273,99.8,0.818181818182,-1.2,0.272727272727,0.454545454545,0.5,0.62,0.4,0.0909090909091,0.55,1
0.272727272727,0.272727272727,0.0909090909091,96.5,0.272727272727,95.3,0.181818181818,0.3,0.181818181818,0.454545454545,0.4,0.6,0.2,0.363636363636,0.3,0
0.0909090909091,0.272727272727,0.0909090909091,0.5,0.727272727273,1.5,0.818181818182,1.4,0.272727272727,0.545454545455,0,1,-1.1,0.181818181818,0,0
0.181818181818,0.0909090909091,0.454545454545,23.5,0.727272727273,34.7,0.818181818182,-1.1,0.272727272727,0.545454545455,0,1,-0.8,0.0909090909091,0.6,1
