AAWt,AAMt,Sstruct,SaccW,ShbondsW,SaccM,ShbondsM,yDDG,Result,Positiontype,ProteinPropens,Positionaccept,MOSST,SectorSuperficie,Functionalrelevancefunction,Clinical
0.230769230769,0.0769230769231,0.153846153846,1.4,0.769230769231,2.3,0.923076923077,-3.1,0.230769230769,0.384615384615,0,1,-0.9,0.153846153846,0.1,0
0.153846153846,0.0769230769231,0.538461538462,21.2,0.769230769231,25.6,0.923076923077,0.8,0.0769230769231,0.461538461538,0,0.83,-0.6,0.0769230769231,0.25,0
0.0769230769231,0.230769230769,0.230769230769,44.8,0.153846153846,47.1,0.923076923077,-1.4,0.153846153846,0.0769230769231,0.8,0.28,0.6,0.230769230769,0.15,1
0.0769230769231,0.0769230769231,0.230769230769,0.3,0.769230769231,0,0.923076923077,-5.1,0.230769230769,0.384615384615,0.3,0.95,-0.9,0.0769230769231,0.1,1
0.153846153846,0.0769230769231,0.538461538462,74.6,0.769230769231,70.3,0.0769230769231,1.1,0.0769230769231,0.461538461538,0,0.79,-0.3,0.307692307692,0.35,1
0.230769230769,0.230769230769,0.538461538462,0,0.769230769231,0,0.923076923077,-2.4,0.230769230769,0.461538461538,0.7,0.78,-0.5,0.230769230769,0.1,1
0.230769230769,0.0769230769231,0.153846153846,93.3,0.769230769231,96.3,0.923076923077,-1,0.153846153846,0.384615384615,0,1,-1,0.153846153846,0.3,1
0.153846153846,0.230769230769,0.230769230769,4.9,0.0769230769231,1.5,0.923076923077,-0.3,0.230769230769,0.461538461538,0.7,0.73,-0.3,0.307692307692,0.75,1
0.153846153846,0.0769230769231,0.538461538462,11.1,0.769230769231,23.1,0.923076923077,-0.4,0.230769230769,0.461538461538,0.5,0.91,0,0.307692307692,0.5,1
0.153846153846,0.0769230769231,0.538461538462,62,0.153846153846,37.2,0.923076923077,-0.7,0.230769230769,0.0769230769231,0.3,0.67,-0.4,0.0769230769231,0.35,0
0.153846153846,0.0769230769231,0.538461538462,55.9,0.769230769231,66.1,0.923076923077,-0.9,0.230769230769,0.461538461538,-0.1,0.2,0.4,0.307692307692,0,1
0.0769230769231,0.0769230769231,0.0769230769231,6.8,0.769230769231,6.3,0.923076923077,-0.7,0.230769230769,0.384615384615,0.3,0.97,-0.3,0.0769230769231,0.2,1
0.0769230769231,0.0769230769231,0.538461538462,18.8,0.769230769231,43.1,0.923076923077,-0.4,0.230769230769,0.384615384615,0,1,-0.9,0.230769230769,0.1,1
