AAWt,AAMt,Sstruct,SaccW,ShbondsW,SaccM,ShbondsM,yDDG,Result,Positiontype,ProteinPropens,Positionaccept,MOSST,SectorSuperficie,Functionalrelevancefunction,Clinical
0.153846153846,0.153846153846,0.0769230769231,96.5,0.230769230769,68,0.692307692308,-8.7,0.461538461538,0.384615384615,0.4,0.6,-0.1,0.153846153846,0.3,0
0.0769230769231,0.153846153846,0.384615384615,0,0.692307692308,4.1,0.692307692308,-2.5,0.461538461538,0.461538461538,0,1,-0.8,0.230769230769,0.15,0
0.153846153846,0.153846153846,0.384615384615,74.6,0.692307692308,70.3,0.230769230769,1.1,0.153846153846,0.384615384615,0,0.79,-0.3,0.153846153846,0.35,1
0.153846153846,0.0769230769231,0.0769230769231,40.3,0.692307692308,46.6,0.0769230769231,-2.2,0.461538461538,0.384615384615,0.6,0.87,-0.6,0.0769230769231,0.6,0
0.0769230769231,0.153846153846,0.0769230769231,6.8,0.692307692308,8.6,0.230769230769,0.5,0.230769230769,0.461538461538,0.3,0.97,-0.6,0.0769230769231,0.2,0
0.153846153846,0.0769230769231,0.384615384615,59.5,0.692307692308,67.4,0.692307692308,0,0.230769230769,0.153846153846,0.9,0.56,0.4,0.230769230769,0.1,1
0.153846153846,0.153846153846,0.230769230769,44.8,0.0769230769231,29.5,0.692307692308,-2.4,0.461538461538,0.153846153846,0.8,0.28,-0.1,0.230769230769,0.15,0
0.153846153846,0.0769230769231,0.0769230769231,3.9,0.230769230769,3.5,0.692307692308,-0.9,0.153846153846,0.384615384615,0.5,0.88,-0.4,0.153846153846,0.5,0
0.0769230769231,0.0769230769231,0.384615384615,55.9,0.692307692308,66.1,0.692307692308,-0.9,0.153846153846,0.384615384615,-0.1,0.2,0.4,0.153846153846,0,1
0.0769230769231,0.153846153846,0.230769230769,0,0.692307692308,0,0.692307692308,-0.2,0.230769230769,0.461538461538,0,1,-0.8,0.0769230769231,0.5,0
0.153846153846,0.153846153846,0.0769230769231,41.8,0.692307692308,68.1,0.230769230769,1.6,0.153846153846,0.461538461538,0,0.95,-1,0.153846153846,0.1,0
0.0769230769231,0.0769230769231,0.230769230769,3.2,0.230769230769,33.2,0.692307692308,-5.8,0.461538461538,0.461538461538,0.5,0.92,-0.8,0.0769230769231,0.6,1
0.153846153846,0.153846153846,0.384615384615,0,0.692307692308,10,0.692307692308,-3.3,0.461538461538,0.461538461538,0,1,-0.5,0.153846153846,0.75,0
