AAWt,AAMt,Sstruct,SaccW,ShbondsW,SaccM,ShbondsM,yDDG,Result,Positiontype,ProteinPropens,Positionaccept,MOSST,SectorSuperficie,Functionalrelevancefunction,Clinical
0.122962179576,0.040987393192,0.163949572768,0.0,0.368886538728,0.0,0.368886538728,-0.40987393192,0.122962179576,0.286911752344,0.0,0.40987393192,-0.450861325112,0.163949572768,0.143455876172,1
0.00898606443362,0.00299535481121,0.00599070962241,0.703908380634,0.0269581933009,0.706903735445,0.0269581933009,-0.0239628384897,0.00898606443362,0.0209674836784,0.0,0.0299535481121,-0.0299535481121,0.00299535481121,0.0179721288672,0
0.001005119548,0.001005119548,0.002010239096,0.691522249024,0.001005119548,0.721675835464,0.009046075932,-0.024122869152,0.006030717288,0.007035836836,0.0,0.01005119548,-0.011056315028,0.001005119548,0.0,0
0.00242543943009,0.00485087886019,0.00242543943009,0.613636175814,0.0218289548709,0.785842375351,0.0218289548709,-0.0606359857524,0.0145526365806,0.0169780760107,0.00727631829028,0.0235267624719,0.0,0.00970175772038,0.00606359857524,0
0.0131222246354,0.00874814975696,0.00874814975696,0.428659338091,0.0393666739063,0.887937200331,0.0393666739063,-0.139970396111,0.0262444492709,0.0306185241493,0.0,0.0437407487848,-0.0349925990278,0.00437407487848,0.00437407487848,0
0.0112182805446,0.00747885369641,0.0149577073928,0.751624796489,0.0336548416339,0.64692084474,0.0336548416339,-0.112182805446,0.0224365610892,0.00747885369641,0.00747885369641,0.0220626184044,-0.0112182805446,0.00747885369641,0.00373942684821,1
0.0105514294345,0.0105514294345,0.0105514294345,0.717497201544,0.0949628649103,0.664740054372,0.0949628649103,-0.0738600060413,0.0316542883034,0.0738600060413,0.0316542883034,0.102348865514,-0.0316542883034,0.0105514294345,0.0211028588689,1
0.0302362517266,0.0201575011511,0.0403150023022,0.0,0.0907087551799,0.937323803526,0.0100787505755,-0.302362517266,0.0604725034533,0.0100787505755,0.0907087551799,0.0473701277051,-0.0403150023022,0.0403150023022,0.0352756270144,0
0.0584067823298,0.0194689274433,0.077875709773,0.0,0.175220346989,0.350440693979,0.175220346989,-0.83716388006,0.11681356466,0.136282492103,0.0,0.194689274433,-0.155751419546,0.077875709773,0.0681412460514,1
0.00247415777164,0.00247415777164,0.00494831554328,0.274631512652,0.0222674199448,0.959973215397,0.0222674199448,0.0272157354881,0.00247415777164,0.00494831554328,0.0123707888582,0.0225148357219,-0.0197932621731,0.00494831554328,0.0123707888582,1
