AAWt,AAMt,Sstruct,SaccW,ShbondsW,SaccM,ShbondsM,yDDG,Result,Positiontype,ProteinPropens,Positionaccept,MOSST,SectorSuperficie,Functionalrelevancefunction,Clinical
0.0034929257674,0.0034929257674,0.0104787773022,0.732117240848,0.00698585153481,0.679024769183,0.00698585153481,-0.0461066201297,0.00698585153481,0.00698585153481,0.00279434061392,0.0127142497934,-0.0111773624557,0.0104787773022,0.00838302184177,0
0.0103697363866,0.0103697363866,0.0103697363866,0.59729681587,0.0103697363866,0.792247859938,0.0207394727733,-0.107845258421,0.0207394727733,0.0103697363866,0.0082957891093,0.0199098938623,-0.00414789455465,0.0311092091599,0.0331831564372,0
0.00192620427236,0.00192620427236,0.00577861281707,0.718859434443,0.00192620427236,0.694974501466,0.00385240854471,-0.00385240854471,0.00192620427236,0.00192620427236,0.0,0.00770481708942,-0.00847529879836,0.00577861281707,0.00231144512683,0
0.00231663139346,0.00231663139346,0.00694989418038,0.608810730201,0.00463326278692,0.793214589121,0.00463326278692,0.00277995767215,0.00231663139346,0.00463326278692,0.00370661022954,0.00129731358034,-0.000926652557384,0.00231663139346,0.00138997883608,1
