AAWt,AAMt,Sstruct,SaccW,ShbondsW,SaccM,ShbondsM,yDDG,Result,Positiontype,ProteinPropens,Positionaccept,MOSST,SectorSuperficie,Functionalrelevancefunction,Clinical
0.045244440985114945,0.045244440985114945,0.09048888197022989,0.0,0.09048888197022989,0.0,0.18097776394045978,-0.9229865960963448,0.13573332295534485,0.09048888197022989,0.05429332918213793,0.1737386533828414,-0.18097776394045978,0.045244440985114945,0.01809777639404598,1
0.0034929044598255785,0.0034929044598255785,0.006985808919651157,0.7321127747794411,0.0034929044598255785,0.6790206269900925,0.013971617839302314,-0.04610633886969763,0.010478713379476735,0.006985808919651157,0.0027943235678604627,0.012714172233765106,-0.01117729427144185,0.0034929044598255785,0.008382970703581388,0
0.04576736209619576,0.04576736209619576,0.09153472419239152,0.897040297085437,0.04576736209619576,0.27460417257717457,0.18306944838478303,-0.05492083451543491,0.04576736209619576,0.09153472419239152,0.12814861386934812,0.13364069732089162,-0.05492083451543491,0.04576736209619576,0.13730208628858728,1
0.011447073638919997,0.011447073638919997,0.022894147277839994,0.5448807052125919,0.022894147277839994,0.7967163252688317,0.04578829455567999,-0.24267796114510395,0.03434122091675999,0.022894147277839994,0.0,0.04578829455567999,-0.04578829455567999,0.011447073638919997,0.0045788294555679995,0
