Statistic,Value
Mean,0.263183905167
Std,0.0416374416029
Max,0.454545454545
Min,0.0909090909091
Var,0.00173367654323
