Statistic,Value
Mean,0.402341597796
Std,0.102164494585
Max,0.75
Min,0.1
Var,0.0104375839537
