Statistic,Value
Mean,0.388194444444
Std,0.0879918933906
Max,0.65
Min,0.25
Var,0.00774257330247
