AAWt,AAMt,Sstruct,SaccW,ShbondsW,SaccM,ShbondsM,yDDG,Result,Positiontype,ProteinPropens,Positionaccept,MOSST,SectorSuperficie,Functionalrelevancefunction,Clinical
0.0053809343652238325,0.0053809343652238325,0.010761868730447665,0.3938843955343846,0.010761868730447665,0.9169112158341411,0.0161428030956715,-0.045199848667880196,0.010761868730447665,0.0161428030956715,0.010761868730447665,0.018295176841761032,-0.017218989968716264,0.010761868730447665,0.017218989968716264,0
0.0040617344570936815,0.0040617344570936815,0.008123468914187363,0.7376109774082126,0.008123468914187363,0.6742479198775512,0.0040617344570936815,-0.029244488091074508,0.0040617344570936815,0.012185203371281044,0.0016246937828374728,0.009260754562173594,-0.0032493875656749455,0.0040617344570936815,0.0016246937828374728,0
0.004654294510583324,0.004654294510583324,0.009308589021166647,0.8340495762965315,0.004654294510583324,0.5492067522488322,0.013962883531749971,-0.0446812273015999,0.009308589021166647,0.004654294510583324,0.014893742433866637,0.005212809851853323,-0.0018617178042333296,0.004654294510583324,0.002792576706349994,0
0.048500826014901605,0.048500826014901605,0.09700165202980321,0.756612885832465,0.048500826014901605,0.46560792974305537,0.1455024780447048,0.27160462568344895,0.048500826014901605,0.1455024780447048,0.09700165202980321,0.17072290757245365,-0.13580231284172448,0.09700165202980321,0.09700165202980321,0
