AAWt,AAMt,Sstruct,SaccW,ShbondsW,SaccM,ShbondsM,yDDG,Result,Positiontype,ProteinPropens,Positionaccept,MOSST,SectorSuperficie,Functionalrelevancefunction,Clinical
0.18181818181818182,0.2727272727272727,0.36363636363636365,0.5,0.8181818181818182,1.2,0.5454545454545454,-0.4,0.45454545454545453,0.45454545454545453,0,1,-0.8,0.2727272727272727,0,0
0.09090909090909091,0.2727272727272727,0.2727272727272727,93.3,0.8181818181818182,99.2,0.18181818181818182,0.1,0.45454545454545453,0.45454545454545453,0,1,-1,0.18181818181818182,0.3,1
0.18181818181818182,0.09090909090909091,0.09090909090909091,39.9,0.8181818181818182,26.9,0.2727272727272727,-0.3,0.45454545454545453,0.45454545454545453,0.4,0.56,0.6,0.09090909090909091,0,1
0.09090909090909091,0.18181818181818182,0.09090909090909091,83.7,0.8181818181818182,89.9,0.5454545454545454,-1,0.2727272727272727,0.09090909090909091,0.7,0.47,-0.1,0.2727272727272727,0.25,1
0.18181818181818182,0.09090909090909091,0.36363636363636365,0.2,0.8181818181818182,0.3,0.5454545454545454,-0.8,0.2727272727272727,0.45454545454545453,0.6,0.89,0.3,0.2727272727272727,0.1,0
0.09090909090909091,0.2727272727272727,0.36363636363636365,17.3,0.18181818181818182,27.7,0.2727272727272727,-2.5,0.09090909090909091,0.45454545454545453,0,1,-0.8,0.09090909090909091,0.85,0
0.18181818181818182,0.18181818181818182,0.36363636363636365,0,0.8181818181818182,0,0.5454545454545454,2.5,0.09090909090909091,0.45454545454545453,0,1,-0.3,0.09090909090909091,0.5,1
0.18181818181818182,0.09090909090909091,0.2727272727272727,40.3,0.8181818181818182,20.5,0.5454545454545454,0.3,0.45454545454545453,0.45454545454545453,0.6,0.87,-0.1,0.09090909090909091,0.6,0
0.18181818181818182,0.09090909090909091,0.09090909090909091,61,0.8181818181818182,93.7,0.5454545454545454,0.3,0.45454545454545453,0.45454545454545453,0.1,0.76,0.7,0.18181818181818182,0.2,1
0.09090909090909091,0.09090909090909091,0.09090909090909091,82.8,0.18181818181818182,74.3,0.2727272727272727,-0.7,0.2727272727272727,0.45454545454545453,0.8,0.64,-0.2,0.09090909090909091,0.1,0
0.09090909090909091,0.09090909090909091,0.2727272727272727,12.8,0.8181818181818182,17.4,0.18181818181818182,-1.2,0.09090909090909091,0.45454545454545453,0,1,-0.8,0.09090909090909091,0.6,0
