Statistic,Value
Mean,2.34046193328
Std,1.60423310603
Max,6.0
Min,0.0
Var,2.57356385847
