AAWt,AAMt,Sstruct,SaccW,ShbondsW,SaccM,ShbondsM,yDDG,Result,Positiontype,ProteinPropens,Positionaccept,MOSST,SectorSuperficie,Functionalrelevancefunction,Clinical
0.038125750906,0.038125750906,0.0762515018119,0.0,0.114377252718,0.915018021743,0.114377252718,0.244004805798,0.038125750906,0.0762515018119,0.0,0.152503003624,-0.152503003624,0.038125750906,0.114377252718,0
0.00225333854609,0.00225333854609,0.00450667709219,0.682310911758,0.00225333854609,0.730983024353,0.00225333854609,0.000901335418438,0.00225333854609,0.00450667709219,0.000901335418438,0.00648961501275,0.0,0.00225333854609,0.000901335418438,1
0.0069480306288,0.0138960612576,0.0138960612576,0.391868927464,0.0208440918864,0.917140043001,0.0208440918864,-0.0472466082758,0.0069480306288,0.0138960612576,0.0194544857606,0.0236233041379,-0.0138960612576,0.0138960612576,0.0138960612576,1
0.0447930859145,0.0895861718291,0.0895861718291,0.21500681239,0.134379257744,0.143337874926,0.134379257744,-0.895861718291,0.0447930859145,0.0895861718291,0.0,0.179172343658,-0.161255109292,0.0895861718291,0.0179172343658,0
