Statistic,Value
Mean,0.472984528833
Std,0.0758839778938
Max,0.693333333333
Min,0.24
Var,0.00575837810099
