AAWt,AAMt,Sstruct,SaccW,ShbondsW,SaccM,ShbondsM,yDDG,Result,Positiontype,ProteinPropens,Positionaccept,MOSST,SectorSuperficie,Functionalrelevancefunction,Clinical
0.142857142857,0.285714285714,0.571428571429,40.5,0.857142857143,73.3,1.0,-2.7,0.428571428571,0.285714285714,0.3,0.44,-0.3,0.285714285714,0.6,0
0.142857142857,0.142857142857,0.571428571429,19.6,0.857142857143,26.2,1.0,3.3,0.142857142857,0.428571428571,-0.1,0.6,-0.5,0.428571428571,0.15,0
0.142857142857,0.142857142857,0.142857142857,11.9,0.857142857143,15.2,1.0,-2.3,0.428571428571,0.285714285714,0,1,-1.2,0.142857142857,0.1,1
0.142857142857,0.142857142857,0.571428571429,74,0.142857142857,87.1,1.0,0.2,0.142857142857,0.285714285714,0.9,0.76,-0.3,0.285714285714,0.1,1
0.142857142857,0.285714285714,0.571428571429,0.2,0.857142857143,4.6,1.0,-5.1,0.428571428571,0.428571428571,0.6,0.89,-0.5,0.428571428571,0.1,1
0.142857142857,0.142857142857,0.142857142857,6,0.857142857143,4.7,1.0,0.5,0.142857142857,0.428571428571,0.5,0.61,-0.3,0.428571428571,0.6,1
0.142857142857,0.142857142857,0.142857142857,6.8,0.857142857143,7.8,1.0,-1.1,0.142857142857,0.285714285714,0.3,0.97,-0.7,0.142857142857,0.2,1
