algorithm,desc,actualScore,new score
auto,minkowski-uniform KNN: 4,0.727272727273,0.362068965517
auto,euclidean-uniform KNN: 4,0.727272727273,0.362068965517
ball_tree,minkowski-uniform KNN: 4,0.727272727273,0.362068965517
ball_tree,euclidean-uniform KNN: 4,0.727272727273,0.362068965517
kd_tree,minkowski-uniform KNN: 4,0.727272727273,0.362068965517
kd_tree,euclidean-uniform KNN: 4,0.727272727273,0.362068965517
brute,minkowski-uniform KNN: 4,0.727272727273,0.362068965517
brute,euclidean-uniform KNN: 4,0.727272727273,0.362068965517
