algorithm,desc,actualScore,new score
auto,minkowski-uniform KNN: 4,0.727272727273,0.444444444444
auto,euclidean-uniform KNN: 4,0.727272727273,0.444444444444
ball_tree,minkowski-uniform KNN: 4,0.727272727273,0.444444444444
ball_tree,euclidean-uniform KNN: 4,0.727272727273,0.444444444444
kd_tree,minkowski-uniform KNN: 4,0.727272727273,0.444444444444
kd_tree,euclidean-uniform KNN: 4,0.727272727273,0.444444444444
brute,minkowski-uniform KNN: 4,0.727272727273,0.444444444444
brute,euclidean-uniform KNN: 4,0.727272727273,0.444444444444
