algorithm,desc,actualScore,new score
Naive Bayes,gini - 50,0.818181818182,0.454545454545
RandomForestClassifier,gini - 100,0.818181818182,0.454545454545
RandomForestClassifier,gini - 150,0.818181818182,0.636363636364
RandomForestClassifier,gini - 200,0.818181818182,0.545454545455
RandomForestClassifier,gini - 250,0.818181818182,0.545454545455
RandomForestClassifier,gini - 500,0.818181818182,0.545454545455
RandomForestClassifier,gini - 750,0.818181818182,0.545454545455
RandomForestClassifier,gini - 1000,0.818181818182,0.636363636364
RandomForestClassifier,gini - 1500,0.818181818182,0.636363636364
