AAWt,AAMt,Sstruct,SaccW,ShbondsW,SaccM,ShbondsM,yDDG,Result,Positiontype,ProteinPropens,Positionaccept,MOSST,SectorSuperficie,Functionalrelevancefunction,Clinical
0.0462789409800111,0.0462789409800111,0.0462789409800111,0.0,0.2313947049000555,0.0,0.3239525868600777,0.8098814671501943,0.0462789409800111,0.1851157639200444,0.0,0.3239525868600777,-0.09718577605802331,0.0462789409800111,0.16197629343003886,1
0.028955245336738468,0.014477622668369234,0.028955245336738468,0.02026867173571693,0.07238811334184618,0.9120902281072618,0.10134335867858464,-0.3648360912429047,0.043432868005107705,0.014477622668369234,0.05067167933929232,0.09222245639751203,-0.06080601520715079,0.014477622668369234,0.010134335867858465,0
0.027551215159280478,0.027551215159280478,0.055102430318560956,0.0,0.1377560757964024,0.7907198750713498,0.19285850611496336,-0.4821462652874084,0.08265364547784143,0.11020486063712191,0.0,0.19285850611496336,-0.1542868048919707,0.027551215159280478,0.028928775917244503,0
0.00323762399547224,0.00323762399547224,0.00323762399547224,0.8714064983813534,0.0080940599886806,0.4895287481154027,0.01133168398415284,-0.021530199569890395,0.00323762399547224,0.00647524799094448,0.0,0.01133168398415284,-0.01133168398415284,0.00161881199773612,0.0033995051952458518,1
0.0023689540330040517,0.004737908066008103,0.004737908066008103,0.8689323393058862,0.0023689540330040517,0.4925055434615424,0.016582678231028363,-0.038140159931365235,0.0071068620990121555,0.004737908066008103,0.003316535646205673,0.015090237190235811,-0.013266142584822692,0.004737908066008103,0.009949606938617017,0
0.0012727808457264902,0.0012727808457264902,0.0025455616914529804,0.8169980248718341,0.0012727808457264902,0.5764424450295275,0.008909465920085433,0.0,0.0012727808457264902,0.0025455616914529804,0.004454732960042717,0.00801851932807689,-0.006236626144059803,0.0025455616914529804,0.0,0
0.013504029868064626,0.013504029868064626,0.027008059736129252,0.6427918217198763,0.06752014934032313,0.7373200307963286,0.09452820907645239,-0.10398102998409764,0.027008059736129252,0.054016119472258504,0.028358462722935716,0.09169236280415881,-0.06616974635351666,0.013504029868064626,0.01890564181529048,1
