AAWt,AAMt,Sstruct,SaccW,ShbondsW,SaccM,ShbondsM,yDDG,Result,Positiontype,ProteinPropens,Positionaccept,MOSST,SectorSuperficie,Functionalrelevancefunction,Clinical
0.142857142857,0.142857142857,0.285714285714,25.4,0.714285714286,38.2,0.428571428571,0.8,0.285714285714,0.571428571429,0,1,-1.3,0.142857142857,0,1
0.428571428571,0.142857142857,0.142857142857,41.8,0.714285714286,68.1,0.285714285714,1.6,0.142857142857,0.571428571429,0,0.95,-1,0.142857142857,0.1,0
0.142857142857,0.142857142857,0.285714285714,46.3,0.714285714286,15.3,0.428571428571,-0.2,0.428571428571,0.571428571429,0,1,-1,0.285714285714,0.35,1
0.428571428571,0.285714285714,0.142857142857,18.3,0.714285714286,27.8,0.285714285714,0.9,0.285714285714,0.428571428571,0.5,0.85,-0.7,0.285714285714,0.8,1
0.142857142857,0.142857142857,0.285714285714,52.6,0.714285714286,74.5,0.428571428571,0.3,0.428571428571,0.571428571429,0,1,-1.1,0.142857142857,0.8,1
0.142857142857,0.285714285714,0.142857142857,4.9,0.142857142857,3,0.285714285714,2.1,0.142857142857,0.428571428571,0.7,0.73,-0.2,0.285714285714,0.75,0
0.428571428571,0.142857142857,0.285714285714,52.4,0.142857142857,48,0.285714285714,-0.2,0.428571428571,0.428571428571,0.2,0.91,-0.7,0.285714285714,0.6,0
