AAWt,AAMt,Sstruct,SaccW,ShbondsW,SaccM,ShbondsM,yDDG,Result,Positiontype,ProteinPropens,Positionaccept,MOSST,SectorSuperficie,Functionalrelevancefunction,Clinical
0.00799335883247,0.0119900382487,0.00799335883247,0.21422201671,0.0239800764974,0.975189777561,0.00399667941624,0.0159867176649,0.0119900382487,0.0199833970812,0.0223814047309,0.0249392795573,0.00319734353299,0.00799335883247,0.0159867176649,0
0.0335236547163,0.0335236547163,0.0335236547163,0.0,0.100570964149,0.6972920181,0.100570964149,-0.670473094327,0.0670473094327,0.0335236547163,0.0,0.134094618865,-0.120685156979,0.0167618273582,0.0469331166029,1
0.00104592291325,0.00104592291325,0.00313776873976,0.707043889359,0.00627553747952,0.707043889359,0.00627553747952,0.00251021499181,0.00313776873976,0.00104592291325,0.00753064497542,0.00209184582651,0.0016734766612,0.00209184582651,0.0012551074959,1
0.00935075342813,0.00935075342813,0.00935075342813,0.751800575621,0.0280522602844,0.647072137226,0.0280522602844,-0.112209041138,0.0187015068563,0.0233768835703,0.0074806027425,0.0220677780904,-0.0112209041138,0.00935075342813,0.00374030137125,1
0.0026137189779,0.00784115693371,0.00784115693371,0.968121509415,0.0156823138674,0.246735071514,0.0156823138674,0.00209097518232,0.00784115693371,0.00522743795581,0.0,0.0209097518232,-0.0250917021879,0.00522743795581,0.00731841313813,0
0.00127019197865,0.00127019197865,0.0025403839573,0.635095989325,0.0025403839573,0.772276723019,0.00127019197865,-0.00812922866336,0.00127019197865,0.00635095989325,0.00711307508044,0.00599530613923,0.00406461433168,0.0025403839573,0.0025403839573,1
0.0412190649013,0.123657194704,0.123657194704,0.0,0.247314389408,0.0,0.247314389408,-0.791406046105,0.164876259605,0.206095324507,0.230826763447,0.257206964984,-0.164876259605,0.0412190649013,0.032975251921,1
0.00211183135134,0.00105591567567,0.00105591567567,0.815166901619,0.00211183135134,0.574418127566,0.00633549405403,-0.0734917310268,0.00422366270269,0.00527957837836,0.00337893016215,0.00506839524323,-0.000844732540538,0.00211183135134,0.00253419762161,0
