algorithm,desc,actualScore,new score
auto,minkowski-distance KNN: 3,0.722222222222,0.384615384615
auto,euclidean-distance KNN: 3,0.722222222222,0.384615384615
ball_tree,minkowski-distance KNN: 3,0.722222222222,0.384615384615
ball_tree,euclidean-distance KNN: 3,0.722222222222,0.384615384615
kd_tree,minkowski-distance KNN: 3,0.722222222222,0.384615384615
kd_tree,euclidean-distance KNN: 3,0.722222222222,0.384615384615
brute,minkowski-distance KNN: 3,0.722222222222,0.384615384615
brute,euclidean-distance KNN: 3,0.722222222222,0.384615384615
