feature,mean,var,std,min,max
SaccW,27.7328125,879.422595215,29.6550601958,0.0,111.8
SaccM,31.868359375,982.657084808,31.3473616882,0.0,128.5
yDDG,-1.08828125,4.1640814209,2.04060810076,-8.7,3.9
ProteinPropens,0.30546875,0.0979388427734,0.312951821809,-0.1,1.0
Positionaccept,0.831953125,0.0439141540527,0.209557042479,0.14,1.0
MOSST,-0.499609375,0.239023284912,0.488900076613,-1.3,1.1
Functionalrelevancefunction,0.334765625,0.0723265075684,0.268935880032,0.0,1.0
