AAWt,AAMt,Sstruct,SaccW,ShbondsW,SaccM,ShbondsM,yDDG,Result,Positiontype,ProteinPropens,Positionaccept,MOSST,SectorSuperficie,Functionalrelevancefunction,Clinical
0.2857142857142857,0.14285714285714285,0.42857142857142855,0,0.7142857142857143,0.9,0.8571428571428571,-0.4,0.2857142857142857,0.14285714285714285,0.9,0.47,0.6,0.2857142857142857,0.35,1
0.2857142857142857,0.2857142857142857,0.14285714285714285,23.5,0.7142857142857143,34.7,0.8571428571428571,-1.1,0.14285714285714285,0.2857142857142857,0,1,-0.8,0.14285714285714285,0.6,1
0.14285714285714285,0.2857142857142857,0.2857142857142857,65.1,0.14285714285714285,64.1,0.14285714285714285,-0.4,0.2857142857142857,0.2857142857142857,0.1,0.8,0,0.14285714285714285,0.5,1
0.2857142857142857,0.14285714285714285,0.42857142857142855,44.8,0.14285714285714285,29.5,0.8571428571428571,-2.4,0.2857142857142857,0.2857142857142857,0.8,0.28,-0.1,0.2857142857142857,0.15,0
0.14285714285714285,0.14285714285714285,0.14285714285714285,83.7,0.7142857142857143,89.9,0.8571428571428571,-1,0.14285714285714285,0.2857142857142857,0.7,0.47,-0.1,0.2857142857142857,0.25,1
0.14285714285714285,0.14285714285714285,0.42857142857142855,0,0.7142857142857143,2.3,0.8571428571428571,-5,0.2857142857142857,0.2857142857142857,0,1,-0.9,0.2857142857142857,0.25,0
0.2857142857142857,0.14285714285714285,0.2857142857142857,6.7,0.7142857142857143,25.3,0.8571428571428571,1.2,0.14285714285714285,0.2857142857142857,0.7,0.78,-0.6,0.14285714285714285,0.5,1
