AAWt,AAMt,Sstruct,SaccW,ShbondsW,SaccM,ShbondsM,yDDG,Result,Positiontype,ProteinPropens,Positionaccept,MOSST,SectorSuperficie,Functionalrelevancefunction,Clinical
0.36363636363636365,0.09090909090909091,0.5454545454545454,0,0.8181818181818182,0,0.9090909090909091,2.5,0.09090909090909091,0.5454545454545454,0,1,-0.3,0.2727272727272727,0.5,1
0.09090909090909091,0.45454545454545453,0.5454545454545454,20.1,0.8181818181818182,17.3,0.9090909090909091,-3,0.36363636363636365,0.2727272727272727,0.2,0.59,-0.3,0.36363636363636365,0.1,1
0.36363636363636365,0.45454545454545453,0.18181818181818182,66.5,0.09090909090909091,47.9,0.9090909090909091,-1.4,0.2727272727272727,0.2727272727272727,0.7,0.85,0,0.36363636363636365,0.25,1
0.36363636363636365,0.09090909090909091,0.5454545454545454,0,0.8181818181818182,0,0.9090909090909091,-1.3,0.2727272727272727,0.5454545454545454,0,1,-1.1,0.2727272727272727,0.5,1
0.09090909090909091,0.09090909090909091,0.5454545454545454,40.5,0.8181818181818182,73.3,0.9090909090909091,-2.7,0.36363636363636365,0.18181818181818182,0.3,0.44,-0.3,0.36363636363636365,0.6,0
0.09090909090909091,0.09090909090909091,0.5454545454545454,0,0.8181818181818182,0,0.9090909090909091,1.9,0.09090909090909091,0.18181818181818182,0.7,0.25,1.1,0.36363636363636365,0,1
0.09090909090909091,0.45454545454545453,0.18181818181818182,25.4,0.8181818181818182,36.1,0.9090909090909091,-1,0.2727272727272727,0.5454545454545454,0,1,-0.5,0.18181818181818182,0,0
0.09090909090909091,0.09090909090909091,0.18181818181818182,82.8,0.09090909090909091,74.3,0.09090909090909091,-0.7,0.09090909090909091,0.2727272727272727,0.8,0.64,-0.2,0.18181818181818182,0.1,0
0.09090909090909091,0.09090909090909091,0.09090909090909091,9.8,0.8181818181818182,20.3,0.9090909090909091,-3.2,0.36363636363636365,0.5454545454545454,0,1,-0.8,0.18181818181818182,0.1,0
0.09090909090909091,0.45454545454545453,0.18181818181818182,6.8,0.8181818181818182,15.1,0.9090909090909091,-4.9,0.36363636363636365,0.5454545454545454,0.3,0.97,-0.9,0.18181818181818182,0.2,0
0.36363636363636365,0.45454545454545453,0.5454545454545454,0,0.8181818181818182,0,0.9090909090909091,-0.2,0.09090909090909091,0.5454545454545454,0,1,-0.8,0.2727272727272727,0.5,0
