AAWt,AAMt,Sstruct,SaccW,ShbondsW,SaccM,ShbondsM,yDDG,Result,Positiontype,ProteinPropens,Positionaccept,MOSST,SectorSuperficie,Functionalrelevancefunction,Clinical
0.14285714285714285,0.14285714285714285,0.42857142857142855,67.5,0.2857142857142857,32.5,0.14285714285714285,-0.3,0.2857142857142857,0.14285714285714285,0.7,0.87,0.1,0.14285714285714285,0.25,0
0.14285714285714285,0.14285714285714285,0.42857142857142855,21.2,0.7142857142857143,25.6,0.7142857142857143,0.8,0.14285714285714285,0.7142857142857143,0,0.83,-0.6,0.14285714285714285,0.25,0
0.2857142857142857,0.14285714285714285,0.42857142857142855,40.3,0.7142857142857143,20.5,0.7142857142857143,0.3,0.2857142857142857,0.7142857142857143,0.6,0.87,-0.1,0.2857142857142857,0.6,0
0.14285714285714285,0.14285714285714285,0.42857142857142855,93.3,0.7142857142857143,92.8,0.7142857142857143,-0.6,0.14285714285714285,0.14285714285714285,0,1,-0.3,0.14285714285714285,0.3,0
0.14285714285714285,0.2857142857142857,0.14285714285714285,4.9,0.2857142857142857,12.7,0.7142857142857143,-1.4,0.14285714285714285,0.7142857142857143,0.7,0.73,0.2,0.2857142857142857,0.75,1
0.14285714285714285,0.14285714285714285,0.42857142857142855,74.6,0.7142857142857143,70.3,0.14285714285714285,1.1,0.14285714285714285,0.7142857142857143,0,0.79,-0.3,0.2857142857142857,0.35,1
0.2857142857142857,0.2857142857142857,0.42857142857142855,40.3,0.7142857142857143,60.9,0.7142857142857143,-2.8,0.14285714285714285,0.7142857142857143,0.6,0.87,-0.6,0.2857142857142857,0.6,1
