AAWt,AAMt,Sstruct,SaccW,ShbondsW,SaccM,ShbondsM,yDDG,Result,Positiontype,ProteinPropens,Positionaccept,MOSST,SectorSuperficie,Functionalrelevancefunction,Clinical
0.142857142857,0.142857142857,0.428571428571,50.8,1.0,62.7,0.857142857143,0.3,0.285714285714,0.428571428571,1,0.63,-0.2,0.142857142857,0.25,0
0.142857142857,0.142857142857,0.285714285714,37.1,1.0,41.4,0.142857142857,-0.6,0.428571428571,0.428571428571,0.6,0.85,0.3,0.142857142857,0.6,1
0.285714285714,0.142857142857,0.142857142857,38.7,1.0,42.4,0.857142857143,0,0.285714285714,0.571428571429,0,1,-0.6,0.285714285714,0.1,0
0.142857142857,0.142857142857,0.428571428571,7.3,1.0,12.6,0.857142857143,1.4,0.142857142857,0.571428571429,0,1,-1,0.285714285714,0.95,0
0.285714285714,0.285714285714,0.285714285714,93.3,1.0,90.2,0.857142857143,-0.5,0.428571428571,0.571428571429,0,1,-1.1,0.285714285714,0.3,0
0.285714285714,0.142857142857,0.142857142857,20.1,1.0,17.3,0.857142857143,-3,0.142857142857,0.428571428571,0.2,0.59,-0.3,0.285714285714,0.1,1
0.285714285714,0.285714285714,0.428571428571,23.5,1.0,23.6,0.857142857143,-0.8,0.428571428571,0.571428571429,0,1,-1,0.142857142857,0.6,0
