AAWt,AAMt,Sstruct,SaccW,ShbondsW,SaccM,ShbondsM,yDDG,Result,Positiontype,ProteinPropens,Positionaccept,MOSST,SectorSuperficie,Functionalrelevancefunction,Clinical
0.142857142857,0.142857142857,0.571428571429,59.5,0.857142857143,67.4,1.0,0,0.285714285714,0.285714285714,0.9,0.56,0.4,0.428571428571,0.1,1
0.428571428571,0.285714285714,0.571428571429,66.5,0.142857142857,47.9,1.0,-1.4,0.285714285714,0.285714285714,0.7,0.85,0,0.285714285714,0.25,1
0.428571428571,0.142857142857,0.428571428571,0,0.857142857143,0,1.0,-1.3,0.285714285714,0.428571428571,0,1,-1.1,0.142857142857,0.5,1
0.285714285714,0.285714285714,0.571428571429,0,0.857142857143,0,1.0,1.9,0.428571428571,0.428571428571,0,1,-1.3,0.142857142857,0.75,0
0.285714285714,0.285714285714,0.428571428571,0,0.857142857143,0,1.0,1.9,0.428571428571,0.285714285714,0.7,0.25,1.1,0.285714285714,0,1
0.142857142857,0.285714285714,0.428571428571,0.5,0.857142857143,0.7,1.0,-0.2,0.285714285714,0.428571428571,0,1,-0.8,0.428571428571,0,0
0.428571428571,0.142857142857,0.571428571429,16.3,0.857142857143,43.3,1.0,1.6,0.428571428571,0.285714285714,0.8,0.74,-0.3,0.428571428571,0.65,1
