AAWt,AAMt,Sstruct,SaccW,ShbondsW,SaccM,ShbondsM,yDDG,Result,Positiontype,ProteinPropens,Positionaccept,MOSST,SectorSuperficie,Functionalrelevancefunction,Clinical
0.047232361212,0.023616180606,0.047232361212,0.736824834907,0.070848541818,0.491216556605,0.141697083636,-0.340073000726,0.047232361212,0.141697083636,0.094464722424,0.166257911466,0.0,0.047232361212,0.094464722424,1
0.044675795603,0.0223378978015,0.044675795603,0.696942411407,0.0670136934046,0.625461138443,0.134027386809,-0.160832864171,0.0670136934046,0.134027386809,0.0893515912061,0.157258800523,-0.0714812729649,0.044675795603,0.0893515912061,0
0.0132836244396,0.0132836244396,0.0132836244396,0.722629169512,0.0398508733187,0.669494671754,0.0797017466373,-0.0743882968615,0.0398508733187,0.0265672488791,0.0318806986549,0.103080925651,-0.0318806986549,0.0132836244396,0.0212537991033,1
0.0381168870289,0.0381168870289,0.0190584435144,0.0152467548115,0.0571753305433,0.747090985766,0.114350661087,-0.609870192462,0.0190584435144,0.114350661087,0.0762337740577,0.137220793304,-0.106727283681,0.0190584435144,0.0152467548115,0
0.00749229532618,0.00749229532618,0.0112384429893,0.704275760661,0.0112384429893,0.707272678792,0.0224768859785,-0.0239753450438,0.0112384429893,0.00749229532618,0.0,0.0299691813047,-0.0299691813047,0.00374614766309,0.0179815087828,0
0.00115835066571,0.00231670133143,0.00115835066571,0.608829109899,0.00231670133143,0.793238535881,0.00231670133143,0.00278004159771,0.00231670133143,0.00695010399428,0.00370672213028,0.0012973527456,-0.000926680532571,0.00115835066571,0.00139002079886,1
0.00112666069209,0.00225332138418,0.00337998207628,0.682305715131,0.00337998207628,0.730977457029,0.00225332138418,0.000901328553674,0.00225332138418,0.00675996415255,0.000901328553674,0.00648956558645,0.0,0.00112666069209,0.000901328553674,1
0.00152469270681,0.00152469270681,0.00457407812044,0.811136520025,0.00304938541363,0.584262245251,0.00914815624089,-0.0170765583163,0.00304938541363,0.00914815624089,0.00853827915816,0.0103679104063,0.0,0.00152469270681,0.00304938541363,1
