AAWt,AAMt,Sstruct,SaccW,ShbondsW,SaccM,ShbondsM,yDDG,Result,Positiontype,ProteinPropens,Positionaccept,MOSST,SectorSuperficie,Functionalrelevancefunction,Clinical
0.007786915171486408,0.015573830342972815,0.03114766068594563,0.5855760208957779,0.03114766068594563,0.8067244117659917,0.03114766068594563,0.021803362480161938,0.007786915171486408,0.02336074551445922,0.0,0.03114766068594563,-0.021803362480161938,0.02336074551445922,0.003114766068594563,0
0.04045169755470028,0.04045169755470028,0.16180679021880112,0.0,0.16180679021880112,0.8899373462034061,0.16180679021880112,-0.24271018532820168,0.04045169755470028,0.12135509266410084,0.0,0.16180679021880112,-0.09708407413128067,0.12135509266410084,0.02427101853282017,1
0.0027797532885581243,0.0055595065771162485,0.011119013154232497,0.6615812826768336,0.011119013154232497,0.7494214865952704,0.011119013154232497,0.0,0.0055595065771162485,0.0027797532885581243,0.010007111838809249,0.006226647366370199,0.004447605261692999,0.008339259865674372,0.0011119013154232498,1
0.005120261251733361,0.005120261251733361,0.020481045006933443,0.9482723838210183,0.020481045006933443,0.31335998860608166,0.020481045006933443,-0.0040962090013866885,0.010240522503466722,0.015360783755200082,0.0,0.020481045006933443,-0.020481045006933443,0.005120261251733361,0.007168365752426705,1
