AAWt,AAMt,Sstruct,SaccW,ShbondsW,SaccM,ShbondsM,yDDG,Result,Positiontype,ProteinPropens,Positionaccept,MOSST,SectorSuperficie,Functionalrelevancefunction,Clinical
0.09090909090909091,0.09090909090909091,0.2727272727272727,52.4,0.18181818181818182,48,0.2727272727272727,-0.2,0.2727272727272727,0.2727272727272727,0.2,0.91,-0.7,0.18181818181818182,0.6,0
0.09090909090909091,0.09090909090909091,0.2727272727272727,0,0.8181818181818182,0,0.6363636363636364,2.5,0.09090909090909091,0.45454545454545453,0,1,-0.3,0.09090909090909091,0.5,1
0.09090909090909091,0.18181818181818182,0.2727272727272727,37,0.8181818181818182,69.9,0.2727272727272727,-0.4,0.2727272727272727,0.09090909090909091,0.2,0.89,-0.2,0.2727272727272727,0,0
0.2727272727272727,0.09090909090909091,0.2727272727272727,93.3,0.8181818181818182,92.8,0.6363636363636364,-0.6,0.09090909090909091,0.45454545454545453,0,1,-0.3,0.18181818181818182,0.3,0
0.2727272727272727,0.09090909090909091,0.36363636363636365,23.5,0.8181818181818182,34.7,0.6363636363636364,-1.1,0.18181818181818182,0.45454545454545453,0,1,-0.8,0.09090909090909091,0.6,1
0.18181818181818182,0.18181818181818182,0.36363636363636365,0,0.8181818181818182,0,0.6363636363636364,1.9,0.18181818181818182,0.45454545454545453,0,1,-1.3,0.18181818181818182,0.75,0
0.09090909090909091,0.09090909090909091,0.2727272727272727,46.6,0.18181818181818182,81,0.09090909090909091,-1.3,0.18181818181818182,0.2727272727272727,0.6,0.9,0.3,0.18181818181818182,0.35,1
0.09090909090909091,0.18181818181818182,0.36363636363636365,24.3,0.8181818181818182,14.2,0.6363636363636364,1.5,0.18181818181818182,0.09090909090909091,0,0.41,0.7,0.09090909090909091,0,1
0.2727272727272727,0.09090909090909091,0.09090909090909091,0.2,0.8181818181818182,34.1,0.6363636363636364,-4.7,0.18181818181818182,0.09090909090909091,0.5,0.91,-0.7,0.2727272727272727,0.1,0
0.18181818181818182,0.09090909090909091,0.36363636363636365,11.1,0.8181818181818182,46.4,0.2727272727272727,-0.4,0.2727272727272727,0.2727272727272727,0.5,0.91,-0.8,0.2727272727272727,0.5,0
0.09090909090909091,0.18181818181818182,0.2727272727272727,0,0.8181818181818182,0,0.6363636363636364,-5.1,0.18181818181818182,0.45454545454545453,0.3,0.96,-1,0.09090909090909091,0.1,1
