AAWt,AAMt,Sstruct,SaccW,ShbondsW,SaccM,ShbondsM,yDDG,Result,Positiontype,ProteinPropens,Positionaccept,MOSST,SectorSuperficie,Functionalrelevancefunction,Clinical
0.18181818181818182,0.09090909090909091,0.09090909090909091,0.2,0.6363636363636364,9,0.7272727272727273,-3.6,0.45454545454545453,0.09090909090909091,0.5,0.91,-0.6,0.09090909090909091,0.1,0
0.09090909090909091,0.09090909090909091,0.36363636363636365,0,0.6363636363636364,10,0.7272727272727273,-3.3,0.45454545454545453,0.5454545454545454,0,1,-0.5,0.09090909090909091,0.75,0
0.18181818181818182,0.09090909090909091,0.36363636363636365,20.4,0.6363636363636364,47.5,0.7272727272727273,0.3,0.09090909090909091,0.09090909090909091,0.6,0.84,0,0.18181818181818182,0.1,0
0.18181818181818182,0.18181818181818182,0.18181818181818182,0,0.6363636363636364,0,0.7272727272727273,-3.4,0.45454545454545453,0.5454545454545454,0.3,0.96,-1,0.09090909090909091,0.35,1
0.09090909090909091,0.18181818181818182,0.36363636363636365,52.4,0.09090909090909091,29.7,0.7272727272727273,-2.3,0.45454545454545453,0.2727272727272727,0.2,0.91,-0.8,0.09090909090909091,0.6,0
0.09090909090909091,0.09090909090909091,0.36363636363636365,52.6,0.6363636363636364,81.8,0.09090909090909091,-1.5,0.09090909090909091,0.5454545454545454,0,1,-1.3,0.09090909090909091,0.8,1
0.18181818181818182,0.18181818181818182,0.36363636363636365,62.5,0.2727272727272727,76,0.18181818181818182,-0.8,0.18181818181818182,0.2727272727272727,0.7,0.59,0.4,0.18181818181818182,0.25,1
0.09090909090909091,0.09090909090909091,0.36363636363636365,50.3,0.2727272727272727,72.2,0.7272727272727273,-2.4,0.45454545454545453,0.5454545454545454,0,1,-0.7,0.18181818181818182,0.1,0
0.09090909090909091,0.09090909090909091,0.18181818181818182,0.5,0.6363636363636364,4,0.7272727272727273,3,0.09090909090909091,0.5454545454545454,0,1,-1,0.18181818181818182,0,0
0.18181818181818182,0.09090909090909091,0.36363636363636365,18.8,0.6363636363636364,25.9,0.7272727272727273,0.7,0.09090909090909091,0.5454545454545454,0,1,-0.7,0.18181818181818182,0.1,0
0.18181818181818182,0.18181818181818182,0.36363636363636365,62.5,0.2727272727272727,76,0.18181818181818182,-0.8,0.18181818181818182,0.2727272727272727,0.7,0.59,0.4,0.18181818181818182,0.25,1
