AAWt,AAMt,Sstruct,SaccW,ShbondsW,SaccM,ShbondsM,yDDG,Result,Positiontype,ProteinPropens,Positionaccept,MOSST,SectorSuperficie,Functionalrelevancefunction,Clinical
0.181818181818,0.0909090909091,0.454545454545,0,0.818181818182,16.9,0.727272727273,-3.2,0.454545454545,0.181818181818,0.9,0.47,-0.2,0.272727272727,0.35,1
0.0909090909091,0.0909090909091,0.454545454545,0.3,0.818181818182,18,0.727272727273,-5.2,0.454545454545,0.545454545455,0.3,0.95,-0.7,0.181818181818,0.1,0
0.181818181818,0.181818181818,0.454545454545,0,0.818181818182,4.9,0.727272727273,-4,0.454545454545,0.181818181818,0.9,0.47,-0.3,0.272727272727,0.35,0
0.363636363636,0.181818181818,0.363636363636,11.1,0.818181818182,28.8,0.181818181818,-0.7,0.181818181818,0.181818181818,0.5,0.91,-0.7,0.272727272727,0.5,1
0.363636363636,0.181818181818,0.0909090909091,3.9,0.181818181818,1.9,0.727272727273,-1.9,0.181818181818,0.181818181818,0.5,0.88,-0.8,0.181818181818,0.5,0
0.0909090909091,0.181818181818,0.0909090909091,68.8,0.181818181818,83.3,0.0909090909091,0.4,0.0909090909091,0.545454545455,0,1,-1.2,0.181818181818,0,0
0.363636363636,0.181818181818,0.454545454545,0,0.818181818182,0,0.727272727273,-1.4,0.181818181818,0.0909090909091,0.7,0.25,-0.1,0.272727272727,0,1
0.0909090909091,0.0909090909091,0.363636363636,25.4,0.818181818182,38.2,0.727272727273,0.8,0.0909090909091,0.545454545455,0,1,-1.3,0.0909090909091,0,1
0.0909090909091,0.181818181818,0.363636363636,7.3,0.818181818182,1.7,0.181818181818,-2.3,0.454545454545,0.545454545455,0,1,-0.3,0.272727272727,0.95,1
0.363636363636,0.0909090909091,0.363636363636,0,0.818181818182,10,0.727272727273,-3.3,0.454545454545,0.545454545455,0,1,-0.5,0.181818181818,0.75,0
0.0909090909091,0.0909090909091,0.454545454545,0,0.818181818182,2.4,0.727272727273,-0.8,0.181818181818,0.545454545455,0,1,-0.5,0.272727272727,0.35,1
