Statistic,Value
Mean,0.133989074898
Std,0.0833414556431
Max,0.333333333333
Min,0.0
Var,0.00694579822872
