AAWt,AAMt,Sstruct,SaccW,ShbondsW,SaccM,ShbondsM,yDDG,Result,Positiontype,ProteinPropens,Positionaccept,MOSST,SectorSuperficie,Functionalrelevancefunction,Clinical
0.0023039835224080677,0.004607967044816135,0.0069119505672242025,0.7649225294394784,0.011519917612040338,0.6432721994563324,0.011519917612040338,0.01843186817926454,0.0023039835224080677,0.0023039835224080677,0.016588681361338085,0.00479228572660878,0.00921593408963227,0.004607967044816135,0.0,1
0.0876889402941094,0.0876889402941094,0.1315334104411641,0.0,0.2192223507352735,0.0,0.2192223507352735,0.6664359462352314,0.0438444701470547,0.1315334104411641,0.0,0.3507557611764376,-0.45598248952936893,0.0876889402941094,0.2630668208823282,0
0.007789874978697617,0.0025966249928992056,0.0025966249928992056,0.8288426977334264,0.012983124964496029,0.5587936984719091,0.0025966249928992056,-0.006231899982958094,0.0025966249928992056,0.010386499971596823,0.008309199977277458,0.011632879968188443,0.012463799965916188,0.0025966249928992056,0.0,1
0.06877533548229676,0.06877533548229676,0.2063260064468903,0.11004053677167484,0.34387667741148387,0.16506080515751223,0.34387667741148387,-0.4401621470866994,0.13755067096459353,0.27510134192918706,0.33012161031502446,0.489680388633953,0.16506080515751223,0.06877533548229676,0.05502026838583742,0
0.001337350849761209,0.004012052549283628,0.001337350849761209,0.49856439679097875,0.001337350849761209,0.8666033506452635,0.002674701699522418,-0.013908448837516576,0.004012052549283628,0.005349403399044836,0.006419284078853804,0.009628926118280706,0.003209642039426902,0.002674701699522418,0.003744582379331385,1
0.1577636857168767,0.1577636857168767,0.1577636857168767,0.0,0.2629394761947945,0.0,0.2629394761947945,-0.5469141104851726,0.1577636857168767,0.1577636857168767,0.0,0.42070316191167123,-0.46277347810283836,0.052587895238958904,0.21035158095583562,1
0.04602695616090693,0.023013478080453464,0.06904043424136039,0.9021283407537758,0.04602695616090693,0.27616173696544155,0.11506739040226732,-0.09205391232181385,0.04602695616090693,0.09205391232181385,0.12887547725053938,0.13439871198984824,-0.11046469478617663,0.04602695616090693,0.13808086848272078,0
0.005028818924694168,0.005028818924694168,0.005028818924694168,0.6745322450989777,0.0033525459497961117,0.7375601089551446,0.0033525459497961117,-0.021456294078695117,0.005028818924694168,0.005028818924694168,0.0,0.013410183799184447,-0.014751202179102894,0.0016762729748980559,0.0013410183799184448,0
