AAWt,AAMt,Sstruct,SaccW,ShbondsW,SaccM,ShbondsM,yDDG,Result,Positiontype,ProteinPropens,Positionaccept,MOSST,SectorSuperficie,Functionalrelevancefunction,Clinical
0.230769230769,0.153846153846,0.307692307692,40.3,0.769230769231,20.5,0.615384615385,0.3,0.384615384615,0.538461538462,0.6,0.87,-0.1,0.153846153846,0.6,0
0.230769230769,0.0769230769231,0.307692307692,11.1,0.769230769231,16.5,0.615384615385,0.2,0.384615384615,0.538461538462,0.5,0.91,-0.3,0.153846153846,0.5,0
0.0769230769231,0.0769230769231,0.230769230769,0,0.769230769231,0,0.615384615385,-1,0.230769230769,0.384615384615,0,1,-1.1,0.0769230769231,0.35,1
0.153846153846,0.153846153846,0.0769230769231,82.8,0.153846153846,74.3,0.307692307692,-0.7,0.230769230769,0.538461538462,0.8,0.64,-0.2,0.0769230769231,0.1,0
0.153846153846,0.153846153846,0.307692307692,0,0.769230769231,0.2,0.615384615385,0,0.384615384615,0.538461538462,0.7,0.78,0,0.230769230769,0.1,0
0.230769230769,0.153846153846,0.307692307692,11.1,0.769230769231,46.4,0.307692307692,-0.4,0.384615384615,0.538461538462,0.5,0.91,-0.8,0.153846153846,0.5,0
0.0769230769231,0.153846153846,0.307692307692,21.2,0.769230769231,25.6,0.615384615385,0.8,0.0769230769231,0.538461538462,0,0.83,-0.6,0.0769230769231,0.25,0
0.230769230769,0.153846153846,0.0769230769231,3.9,0.153846153846,1.9,0.615384615385,-1.9,0.230769230769,0.538461538462,0.5,0.88,-0.8,0.153846153846,0.5,0
0.0769230769231,0.153846153846,0.307692307692,12.8,0.769230769231,39.6,0.307692307692,2.7,0.0769230769231,0.384615384615,0,1,-0.5,0.0769230769231,0.6,0
0.153846153846,0.153846153846,0.230769230769,44.8,0.0769230769231,47.1,0.615384615385,-1.4,0.230769230769,0.0769230769231,0.8,0.28,0.6,0.230769230769,0.15,1
0.230769230769,0.153846153846,0.230769230769,0,0.769230769231,0,0.615384615385,-0.8,0.230769230769,0.384615384615,0.3,0.96,0,0.230769230769,0.1,0
0.230769230769,0.0769230769231,0.307692307692,52.6,0.769230769231,81.8,0.307692307692,-1.5,0.230769230769,0.384615384615,0,1,-1.3,0.153846153846,0.8,1
0.153846153846,0.153846153846,0.307692307692,93.3,0.769230769231,99.2,0.0769230769231,0.1,0.384615384615,0.384615384615,0,1,-1,0.153846153846,0.3,1
