Statistic,Value
Mean,0.453890975874
Std,0.145411446933
Max,0.818181818182
Min,0.0
Var,0.0211444888992
