AAWt,AAMt,Sstruct,SaccW,ShbondsW,SaccM,ShbondsM,yDDG,Result,Positiontype,ProteinPropens,Positionaccept,MOSST,SectorSuperficie,Functionalrelevancefunction,Clinical
0.0765435645374,0.0765435645374,0.153087129075,0.0918522774449,0.30617425815,0.12246970326,0.229630693612,-0.826670497004,0.0765435645374,0.0765435645374,0.0918522774449,0.290865545242,0.0,0.0765435645374,0.030617425815,1
0.00514741346849,0.00514741346849,0.00514741346849,0.821527189571,0.020589653874,0.566215481534,0.0154422404055,0.0576510308471,0.00514741346849,0.010294826937,0.00823586154958,0.0115302061694,-0.00823586154958,0.00514741346849,0.0,1
0.00444817014897,0.00444817014897,0.00444817014897,0.903868174272,0.0177926805959,0.425245066242,0.0133445104469,-0.0320268250726,0.00444817014897,0.00889634029795,0.0177926805959,0.0112093887754,-0.00533780417877,0.00444817014897,0.00444817014897,0
0.00316033980299,0.00316033980299,0.00632067960598,0.467730290843,0.012641359212,0.883631008916,0.00316033980299,-0.00505654368479,0.00316033980299,0.00316033980299,0.00252827184239,0.0112508096987,-0.00252827184239,0.00316033980299,0.0,0
