Statistic,Value
Mean,2.89452708907
Std,0.986820115688
Max,6.0
Min,0.0
Var,0.973813940726
