Metric,Score
accuracy,0.545454545455
recall,0.181818181818
precision,0.181818181818
