Statistic,Value
Mean,2.84577594123
Std,0.381633636654
Max,3.0
Min,1.4
Var,0.145644232626
