AAWt,AAMt,Sstruct,SaccW,ShbondsW,SaccM,ShbondsM,yDDG,Result,Positiontype,ProteinPropens,Positionaccept,MOSST,SectorSuperficie,Functionalrelevancefunction,Clinical
0.0442988801291,0.0442988801291,0.132896640387,0.093027648271,0.310092160903,0.124036864361,0.221494400645,-0.837248834439,0.0442988801291,0.0885977602581,0.093027648271,0.294587552858,0.0,0.0442988801291,0.0310092160903,1
0.00294145706233,0.00294145706233,0.00294145706233,0.82154895751,0.0205901994363,0.566230484499,0.0147072853117,0.0576525584217,0.00588291412467,0.0117658282493,0.00823607977454,0.0115305116843,-0.00823607977454,0.00294145706233,0.0,1
0.00254186180803,0.00254186180803,0.00508372361606,0.903886058935,0.0177930326562,0.425253480483,0.0127093090401,-0.0320274587812,0.00254186180803,0.0101674472321,0.0177930326562,0.0112096105734,-0.00533790979686,0.00254186180803,0.00444825816405,0
0.00180594563822,0.00180594563822,0.00541783691466,0.467739920299,0.0126416194675,0.883649200781,0.00180594563822,-0.00505664778702,0.00180594563822,0.00180594563822,0.00252832389351,0.0112510413261,-0.00252832389351,0.00361189127644,0.0,0
0.00428382482533,0.00428382482533,0.00428382482533,0.548757960125,0.0299867737773,0.833632311009,0.00428382482533,0.0269880963996,0.00428382482533,0.0171352993013,0.0149933868887,0.0254887577107,-0.0209907416441,0.00428382482533,0.0239894190218,1
0.00433838489319,0.00433838489319,0.0130151546796,0.595226407346,0.0303686942523,0.795659789411,0.021691924466,0.100216691033,0.00867676978638,0.0173535395728,-0.00303686942523,0.0182212165514,-0.0151843471262,0.00433838489319,0.00455530413785,0
0.00298825812854,0.00298825812854,0.00597651625708,0.96849445946,0.0209178068998,0.242646560037,0.0149412906427,0.0376520524196,0.00298825812854,0.00597651625708,0.0,0.0209178068998,-0.0209178068998,0.00597651625708,0.00732123241492,1
