AAWt,AAMt,Sstruct,SaccW,ShbondsW,SaccM,ShbondsM,yDDG,Result,Positiontype,ProteinPropens,Positionaccept,MOSST,SectorSuperficie,Functionalrelevancefunction,Clinical
0.142857142857,0.142857142857,0.428571428571,0.3,1.0,0.4,0.714285714286,-2.7,0.142857142857,0.285714285714,0.3,0.95,0,0.142857142857,0.1,1
0.142857142857,0.142857142857,0.142857142857,39.9,1.0,27.5,0.714285714286,2.8,0.285714285714,0.571428571429,0.4,0.56,-0.4,0.142857142857,0,1
0.142857142857,0.142857142857,0.285714285714,50.8,1.0,23.9,0.714285714286,-1.8,0.142857142857,0.571428571429,1,0.63,-0.3,0.142857142857,0.25,0
0.142857142857,0.142857142857,0.428571428571,37,1.0,69.9,0.142857142857,-0.4,0.142857142857,0.142857142857,0.2,0.89,-0.2,0.285714285714,0,0
0.142857142857,0.142857142857,0.142857142857,18.3,1.0,27.8,0.142857142857,0.9,0.142857142857,0.571428571429,0.5,0.85,-0.7,0.142857142857,0.8,1
0.142857142857,0.142857142857,0.428571428571,19.6,1.0,26.2,0.714285714286,3.3,0.285714285714,0.571428571429,-0.1,0.6,-0.5,0.142857142857,0.15,0
0.142857142857,0.142857142857,0.285714285714,46.3,1.0,11.6,0.714285714286,1.8,0.142857142857,0.285714285714,0,1,-1,0.285714285714,0.35,1
