AAWt,AAMt,Sstruct,SaccW,ShbondsW,SaccM,ShbondsM,yDDG,Result,Positiontype,ProteinPropens,Positionaccept,MOSST,SectorSuperficie,Functionalrelevancefunction,Clinical
0.09090909090909091,0.2727272727272727,0.36363636363636365,0,0.8181818181818182,0,0.9090909090909091,1.9,0.2727272727272727,0.45454545454545453,0,1,-1.3,0.09090909090909091,0.75,0
0.18181818181818182,0.09090909090909091,0.2727272727272727,0,0.8181818181818182,0,0.9090909090909091,2.5,0.09090909090909091,0.45454545454545453,0,1,-0.3,0.09090909090909091,0.5,1
0.18181818181818182,0.36363636363636365,0.18181818181818182,96.5,0.18181818181818182,68,0.9090909090909091,-8.7,0.36363636363636365,0.36363636363636365,0.4,0.6,-0.1,0.18181818181818182,0.3,0
0.09090909090909091,0.2727272727272727,0.18181818181818182,25.3,0.8181818181818182,15.7,0.9090909090909091,-1.4,0.09090909090909091,0.45454545454545453,0.3,0.97,-0.7,0.18181818181818182,0.25,1
0.18181818181818182,0.09090909090909091,0.09090909090909091,39.9,0.8181818181818182,26.9,0.09090909090909091,-0.3,0.18181818181818182,0.36363636363636365,0.4,0.56,0.6,0.09090909090909091,0,1
0.09090909090909091,0.36363636363636365,0.2727272727272727,0,0.8181818181818182,0,0.9090909090909091,-3.4,0.36363636363636365,0.45454545454545453,0.3,0.96,-1,0.18181818181818182,0.35,1
0.09090909090909091,0.2727272727272727,0.36363636363636365,24.3,0.8181818181818182,14.2,0.9090909090909091,1.5,0.2727272727272727,0.18181818181818182,0,0.41,0.7,0.09090909090909091,0,1
0.09090909090909091,0.36363636363636365,0.36363636363636365,30.2,0.18181818181818182,12,0.9090909090909091,-2.6,0.36363636363636365,0.36363636363636365,0.2,0.9,-0.8,0.18181818181818182,0.1,0
0.09090909090909091,0.36363636363636365,0.2727272727272727,15.5,0.8181818181818182,12.6,0.9090909090909091,-3.5,0.36363636363636365,0.18181818181818182,0.3,0.17,-0.1,0.09090909090909091,0.1,1
0.09090909090909091,0.09090909090909091,0.36363636363636365,46.3,0.8181818181818182,11.8,0.9090909090909091,0.1,0.18181818181818182,0.45454545454545453,0,1,-1.2,0.18181818181818182,0.35,0
0.18181818181818182,0.09090909090909091,0.09090909090909091,6.7,0.8181818181818182,25.3,0.9090909090909091,1.2,0.2727272727272727,0.36363636363636365,0.7,0.78,-0.6,0.18181818181818182,0.5,1
