AAWt,AAMt,Sstruct,SaccW,ShbondsW,SaccM,ShbondsM,yDDG,Result,Positiontype,ProteinPropens,Positionaccept,MOSST,SectorSuperficie,Functionalrelevancefunction,Clinical
0.18181818181818182,0.09090909090909091,0.5454545454545454,26.8,0.8181818181818182,28.9,0.09090909090909091,-2.1,0.45454545454545453,0.45454545454545453,0,1,-1.3,0.09090909090909091,0.1,0
0.09090909090909091,0.09090909090909091,0.5454545454545454,18.8,0.8181818181818182,25.9,0.9090909090909091,0.7,0.2727272727272727,0.45454545454545453,0,1,-0.7,0.18181818181818182,0.1,0
0.09090909090909091,0.2727272727272727,0.18181818181818182,12.1,0.09090909090909091,10.6,0.9090909090909091,0.4,0.09090909090909091,0.45454545454545453,0.3,0.97,-0.9,0.36363636363636365,0.6,0
0.18181818181818182,0.09090909090909091,0.5454545454545454,0,0.8181818181818182,0.2,0.9090909090909091,-1.7,0.18181818181818182,0.5454545454545454,0.7,0.78,0.2,0.18181818181818182,0.1,1
0.09090909090909091,0.18181818181818182,0.09090909090909091,18.3,0.8181818181818182,29.5,0.9090909090909091,0.8,0.2727272727272727,0.5454545454545454,0.5,0.85,-0.5,0.36363636363636365,0.8,0
0.18181818181818182,0.09090909090909091,0.5454545454545454,0,0.8181818181818182,10,0.9090909090909091,-3.3,0.45454545454545453,0.45454545454545453,0,1,-0.5,0.09090909090909091,0.75,0
0.09090909090909091,0.18181818181818182,0.5454545454545454,21.2,0.8181818181818182,25.6,0.9090909090909091,0.8,0.2727272727272727,0.5454545454545454,0,0.83,-0.6,0.18181818181818182,0.25,0
0.18181818181818182,0.2727272727272727,0.5454545454545454,111.8,0.8181818181818182,128.5,0.9090909090909091,-3,0.45454545454545453,0.5454545454545454,0.5,0.62,-0.3,0.18181818181818182,0.55,0
0.18181818181818182,0.2727272727272727,0.18181818181818182,4.9,0.09090909090909091,12.7,0.9090909090909091,-1.4,0.18181818181818182,0.5454545454545454,0.7,0.73,0.2,0.09090909090909091,0.75,1
0.18181818181818182,0.18181818181818182,0.18181818181818182,35.5,0.8181818181818182,26.6,0.9090909090909091,-3.7,0.45454545454545453,0.45454545454545453,0.3,0.95,-1,0.36363636363636365,0.1,0
0.09090909090909091,0.18181818181818182,0.18181818181818182,6.7,0.8181818181818182,21.4,0.9090909090909091,-3.5,0.45454545454545453,0.5454545454545454,0.7,0.78,-0.1,0.36363636363636365,0.5,1
