AAWt,AAMt,Sstruct,SaccW,ShbondsW,SaccM,ShbondsM,yDDG,Result,Positiontype,ProteinPropens,Positionaccept,MOSST,SectorSuperficie,Functionalrelevancefunction,Clinical
0.00395733129353,0.00395733129353,0.0118719938806,0.569855706268,0.00791466258706,0.811252915173,0.00791466258706,-0.122677270099,0.0118719938806,0.00395733129353,0.00791466258706,0.0189951902089,-0.00791466258706,0.0118719938806,0.0316586503482,0
0.00389332627073,0.00389332627073,0.0116799788122,0.432159216051,0.0311466101658,0.899358368538,0.0272532838951,-0.0155733050829,0.00778665254146,0.0116799788122,0.0194666313536,0.0354292690636,0.0,0.00778665254146,0.0194666313536,1
0.00223709790103,0.000745699300343,0.00149139860069,0.69573744722,0.00596559440275,0.718108426231,0.0052198951024,-0.00745699300343,0.00149139860069,0.00447419580206,0.0,0.00745699300343,-0.00745699300343,0.00223709790103,0.00223709790103,1
0.045585546203,0.0303903641353,0.0759759103384,0.0151951820677,0.121561456541,0.744563921316,0.106366274474,-0.607807282707,0.045585546203,0.045585546203,0.0759759103384,0.136756638609,-0.106366274474,0.0303903641353,0.0151951820677,0
0.00227953851676,0.000759846172252,0.0015196923445,0.708936478711,0.00607876937801,0.70513724785,0.00531892320576,-0.00455907703351,0.0015196923445,0.00455907703351,0.0,0.00759846172252,-0.00227953851676,0.00227953851676,0.00227953851676,0
0.0253313967376,0.0506627934753,0.126656983688,0.0,0.202651173901,0.0,0.177319777163,-0.86126748908,0.0759941902129,0.151988380426,0.0759941902129,0.243181408681,-0.253313967376,0.0253313967376,0.0886598885817,1
0.0492664639082,0.0492664639082,0.246332319541,0.0,0.394131711266,0.0,0.0492664639082,0.295598783449,0.0492664639082,0.295598783449,0.0,0.492664639082,-0.54193110299,0.0492664639082,0.246332319541,0
0.00090135537291,0.00090135537291,0.00270406611873,0.682326017293,0.00180271074582,0.73099920743,0.00180271074582,0.00090135537291,0.00180271074582,0.00270406611873,0.00090135537291,0.00648975868495,0.0,0.00090135537291,0.00090135537291,1
0.021266970503,0.021266970503,0.106334852515,0.255203646035,0.170135764024,0.808144879112,0.148868793521,-0.36153849855,0.0425339410059,0.127601823018,0.0,0.21266970503,-0.148868793521,0.0425339410059,0.021266970503,1
0.053440034913,0.053440034913,0.267200174565,0.0,0.427520279304,0.0,0.374080244391,-0.427520279304,0.106880069826,0.320640209478,0.160320104739,0.513024335165,0.0,0.106880069826,0.053440034913,0
