statistic,value
mean,0.7076
max,0.96
min,0.52
var,0.00667824
std,0.0817204992643
