statistic,value
mean,0.7064
max,0.96
min,0.52
var,0.00624704
std,0.0790382186034
