statistic,value
mean,0.7068
max,0.96
min,0.52
var,0.00630576
std,0.0794088156315
