statistic,value
mean,0.7076
max,0.96
min,0.52
var,0.00645424
std,0.0803382847713
