AAWt,AAMt,Sstruct,SaccW,ShbondsW,SaccM,ShbondsM,yDDG,Result,Positiontype,ProteinPropens,Positionaccept,MOSST,SectorSuperficie,Functionalrelevancefunction,Clinical
0.00192201918805,0.00384403837611,0.00576605756416,0.688851676999,0.00384403837611,0.724216830059,0.0134541343164,-0.0215266149062,0.00192201918805,0.00384403837611,0.0123009228035,0.00430532298124,0.00922569210266,0.00192201918805,0.00230642302567,1
0.00132751224299,0.00132751224299,0.00132751224299,0.687120336972,0.00663756121496,0.726414699365,0.00132751224299,-0.00318602938318,0.00398253672898,0.00398253672898,0.00743406856075,0.00562865191028,0.00212401958879,0.00132751224299,0.00106200979439,1
0.00109358017835,0.00328074053504,0.00328074053504,0.647399465582,0.00109358017835,0.762006668272,0.00765506124843,0.00174972828536,0.00328074053504,0.00218716035669,0.0078737772841,0.00664896748435,-0.00262459242803,0.00218716035669,0.000874864142678,1
0.0125176745255,0.0187765117882,0.025035349051,0.555784748932,0.0312941863137,0.826166518682,0.0438118608392,0.0100141396204,0.0187765117882,0.0187765117882,0.025035349051,0.0455643352728,-0.0150212094306,0.0125176745255,0.025035349051,0
0.00172838785471,0.00518516356412,0.00691355141882,0.857280375934,0.00345677570941,0.51436822556,0.0120987149829,-0.00967897198635,0.00172838785471,0.00172838785471,0.00414813085129,0.00926415890122,-0.00553084113506,0.00172838785471,0.00483948599318,0
0.000733731192195,0.000733731192195,0.00293492476878,0.656249178299,0.00366865596097,0.754275665576,0.00513611834536,-0.0176095486127,0.00220119357658,0.00220119357658,0.00293492476878,0.00363930671329,-0.00176095486127,0.000733731192195,0.00322841724566,0
0.00723389471577,0.0144677894315,0.0217016841473,0.0,0.0361694735788,0.978022565572,0.0506372630104,-0.185187704724,0.0217016841473,0.00723389471577,0.0520840419535,0.0271994441313,-0.0115742315452,0.00723389471577,0.0202549052042,1
0.023377889894,0.011688944947,0.046755779788,0.0,0.058444724735,0.935115595761,0.0818226146291,-0.308588146601,0.035066834841,0.011688944947,0.0,0.0935115595761,-0.046755779788,0.011688944947,0.0701336696821,0
