Metric,Score
accuracy,0.714285714286
recall,0.285714285714
precision,0.142857142857
