Statistic,Value
Mean,0.498904538341
Std,0.183461613295
Max,0.9
Min,0.0
Var,0.0336581635527
