AAWt,AAMt,Sstruct,SaccW,ShbondsW,SaccM,ShbondsM,yDDG,Result,Positiontype,ProteinPropens,Positionaccept,MOSST,SectorSuperficie,Functionalrelevancefunction,Clinical
0.0909090909091,0.181818181818,0.0909090909091,25.3,0.909090909091,15.7,0.818181818182,-1.4,0.181818181818,0.545454545455,0.3,0.97,-0.7,0.0909090909091,0.25,1
0.0909090909091,0.181818181818,0.181818181818,65.1,0.0909090909091,64.1,0.0909090909091,-0.4,0.363636363636,0.363636363636,0.1,0.8,0,0.0909090909091,0.5,1
0.272727272727,0.181818181818,0.272727272727,0.2,0.909090909091,0.3,0.818181818182,-1.1,0.181818181818,0.363636363636,0.6,0.89,-0.1,0.181818181818,0.1,0
0.0909090909091,0.181818181818,0.272727272727,0,0.909090909091,0,0.818181818182,0,0.363636363636,0.545454545455,0,1,-1.3,0.0909090909091,0.5,1
0.0909090909091,0.181818181818,0.181818181818,1.4,0.909090909091,2,0.818181818182,-3.3,0.272727272727,0.545454545455,0,1,-0.8,0.181818181818,0.1,1
0.181818181818,0.181818181818,0.363636363636,0,0.909090909091,0,0.818181818182,1.9,0.0909090909091,0.545454545455,0,1,-1.3,0.181818181818,0.75,0
0.0909090909091,0.181818181818,0.272727272727,45.4,0.909090909091,27.8,0.818181818182,-3,0.272727272727,0.363636363636,0.1,0.57,-0.4,0.0909090909091,0.1,1
0.181818181818,0.0909090909091,0.363636363636,0,0.909090909091,10,0.818181818182,-3.3,0.272727272727,0.545454545455,0,1,-0.5,0.181818181818,0.75,0
0.272727272727,0.0909090909091,0.363636363636,59.5,0.909090909091,67.4,0.818181818182,0,0.363636363636,0.0909090909091,0.9,0.56,0.4,0.181818181818,0.1,1
0.0909090909091,0.0909090909091,0.0909090909091,18.3,0.909090909091,27.8,0.0909090909091,0.9,0.0909090909091,0.363636363636,0.5,0.85,-0.7,0.181818181818,0.8,1
0.272727272727,0.181818181818,0.363636363636,26.8,0.909090909091,40.7,0.818181818182,0,0.363636363636,0.545454545455,0,1,-1.2,0.0909090909091,0.1,0
