AAWt,AAMt,Sstruct,SaccW,ShbondsW,SaccM,ShbondsM,yDDG,Result,Positiontype,ProteinPropens,Positionaccept,MOSST,SectorSuperficie,Functionalrelevancefunction,Clinical
0.14285714285714285,0.14285714285714285,0.5714285714285714,12.1,0.14285714285714285,10.6,0.8571428571428571,0.4,0.5714285714285714,0.2857142857142857,0.3,0.97,-0.9,0.2857142857142857,0.6,0
0.14285714285714285,0.14285714285714285,0.42857142857142855,14.4,0.2857142857142857,20.5,0.14285714285714285,-3.1,0.14285714285714285,0.14285714285714285,0.2,0.48,-0.2,0.2857142857142857,0.8,0
0.14285714285714285,0.14285714285714285,0.5714285714285714,17.3,0.2857142857142857,0.3,0.8571428571428571,-1.1,0.14285714285714285,0.2857142857142857,0,1,-0.7,0.2857142857142857,0.85,0
0.14285714285714285,0.2857142857142857,0.5714285714285714,29.8,0.5714285714285714,30.4,0.8571428571428571,-0.2,0.5714285714285714,0.2857142857142857,0,0.81,0.3,0.14285714285714285,0.2,0
0.14285714285714285,0.14285714285714285,0.42857142857142855,59.5,0.5714285714285714,67.4,0.8571428571428571,0,0.5714285714285714,0.14285714285714285,0.9,0.56,0.4,0.14285714285714285,0.1,1
0.14285714285714285,0.2857142857142857,0.5714285714285714,0,0.5714285714285714,0.9,0.8571428571428571,-0.4,0.5714285714285714,0.14285714285714285,0.9,0.47,0.6,0.14285714285714285,0.35,1
0.14285714285714285,0.14285714285714285,0.42857142857142855,11.1,0.5714285714285714,38.8,0.8571428571428571,1.1,0.14285714285714285,0.2857142857142857,0.5,0.91,-0.8,0.2857142857142857,0.5,1
