AAWt,AAMt,Sstruct,SaccW,ShbondsW,SaccM,ShbondsM,yDDG,Result,Positiontype,ProteinPropens,Positionaccept,MOSST,SectorSuperficie,Functionalrelevancefunction,Clinical
0.14285714285714285,0.14285714285714285,0.5714285714285714,4.9,0.14285714285714285,2.1,0.8571428571428571,2.5,0.14285714285714285,0.7142857142857143,0.7,0.73,-0.4,0.42857142857142855,0.75,1
0.14285714285714285,0.2857142857142857,0.5714285714285714,0.2,0.8571428571428571,0.5,0.8571428571428571,-5.1,0.42857142857142855,0.7142857142857143,0.6,0.89,-0.6,0.14285714285714285,0.1,0
0.14285714285714285,0.14285714285714285,0.14285714285714285,64.7,0.8571428571428571,68.4,0.14285714285714285,-0.3,0.14285714285714285,0.7142857142857143,0.7,0.53,0.2,0.14285714285714285,0.1,1
0.14285714285714285,0.14285714285714285,0.5714285714285714,0,0.8571428571428571,0,0.8571428571428571,-1,0.14285714285714285,0.2857142857142857,0,1,-1.1,0.14285714285714285,0.35,1
0.14285714285714285,0.2857142857142857,0.5714285714285714,45.4,0.8571428571428571,27.8,0.8571428571428571,-3,0.42857142857142855,0.7142857142857143,0.1,0.57,-0.4,0.42857142857142855,0.1,1
0.14285714285714285,0.14285714285714285,0.14285714285714285,11.9,0.8571428571428571,17.4,0.8571428571428571,-5.3,0.42857142857142855,0.2857142857142857,0,1,-1,0.14285714285714285,0.1,0
0.14285714285714285,0.14285714285714285,0.14285714285714285,78.1,0.8571428571428571,78.6,0.8571428571428571,-1,0.14285714285714285,0.7142857142857143,-0.1,0.21,0,0.42857142857142855,0,1
