Statistic,Value
Mean,27.1224426079
Std,5.37318611439
Max,32.0
Min,7.0
Var,28.8711290199
