AAWt,AAMt,Sstruct,SaccW,ShbondsW,SaccM,ShbondsM,yDDG,Result,Positiontype,ProteinPropens,Positionaccept,MOSST,SectorSuperficie,Functionalrelevancefunction,Clinical
0.00165821105878,0.00331642211756,0.00497463317633,0.8689025948,0.00331642211756,0.492488684457,0.014923899529,-0.0381388543519,0.00663284423511,0.0116074774114,0.00331642211756,0.0150897206349,-0.0132656884702,0.00663284423511,0.00994926635267,0
0.0331162139851,0.0662324279702,0.0993486419553,0.0,0.198697283911,0.0,0.298045925866,-0.794789135642,0.13246485594,0.231813497896,0.231813497896,0.258306469084,-0.165581069925,0.0662324279702,0.0331162139851,1
0.00073728992534,0.00147457985068,0.00073728992534,0.711484777953,0.00147457985068,0.702637298849,0.00073728992534,0.00221186977602,0.00294915970136,0.00516102947738,0.00294915970136,0.00442373955204,0.00147457985068,0.00294915970136,0.00221186977602,0
0.00100513833412,0.00100513833412,0.00301541500236,0.691535173874,0.00201027666824,0.721689323897,0.00904624500707,-0.0241233200189,0.00402055333648,0.00301541500236,0.0,0.0100513833412,-0.0110565216753,0.00402055333648,0.0,0
0.0130898013728,0.0261796027455,0.0392694041183,0.955555500212,0.0785388082366,0.0785388082366,0.117808212355,0.0,0.0523592054911,0.0392694041183,0.0,0.130898013728,-0.1439878151,0.0261796027455,0.124353113041,1
0.00121974577232,0.00243949154463,0.00365923731695,0.811130938591,0.00243949154463,0.58425822494,0.0109777119509,-0.0170764408124,0.00121974577232,0.00853822040622,0.00853822040622,0.0103678390647,0.0,0.00243949154463,0.00304936443079,1
0.00176676324725,0.00176676324725,0.00530028974175,0.712005588642,0.0106005794835,0.701405009158,0.0159008692253,0.0035335264945,0.007067052989,0.0123673427308,0.0106005794835,0.0153708402511,0.0,0.00176676324725,0.0106005794835,0
0.00607475653089,0.00303737826545,0.00607475653089,0.595326140027,0.0182242695927,0.795793105547,0.027336404389,0.10023348276,0.00303737826545,0.0212616478581,-0.00303737826545,0.0182242695927,-0.0151868913272,0.00607475653089,0.00455606739817,0
0.0177018878964,0.0177018878964,0.0354037757928,0.0,0.106211327378,0.0,0.159316991067,-0.938200058508,0.0708075515855,0.0531056636891,0.0,0.177018878964,-0.19472076686,0.0177018878964,0.0619566076373,1
0.00184773234475,0.00184773234475,0.000923866172376,0.563558365149,0.00554319703426,0.825936358104,0.00831479555138,0.0,0.0036954646895,0.00646706320663,0.000923866172376,0.00702138291006,-0.000923866172376,0.0036954646895,0.00184773234475,0
