AAWt,AAMt,Sstruct,SaccW,ShbondsW,SaccM,ShbondsM,yDDG,Result,Positiontype,ProteinPropens,Positionaccept,MOSST,SectorSuperficie,Functionalrelevancefunction,Clinical
0.00149155334171,0.00298310668342,0.00596621336683,0.483263282714,0.00894932005025,0.874646879578,0.0119324267337,-0.0322175521809,0.00447466002513,0.00298310668342,0.0035797280201,0.00525026776281,-0.0035797280201,0.00298310668342,0.0071594560402,0
0.00379593496288,0.00379593496288,0.0151837398515,0.595202602179,0.0227756097773,0.795627968219,0.030367479703,0.10021268302,0.00379593496288,0.0151837398515,-0.0030367479703,0.0182204878218,-0.0151837398515,0.0113878048886,0.00455512195545,0
0.00639373120135,0.00639373120135,0.00639373120135,0.608683210369,0.0383623872081,0.777477714085,0.0511498496108,-0.117644654105,0.0191811936041,0.0127874624027,0.0,0.0511498496108,-0.061379819533,0.00639373120135,0.00511498496108,1
0.00109357429315,0.00109357429315,0.00437429717261,0.647395981546,0.0021871485863,0.762002567468,0.00874859434521,0.00174971886904,0.00109357429315,0.0021871485863,0.00787373491069,0.00664893170236,-0.00262457830356,0.0021871485863,0.000874859434521,1
0.0174959596871,0.0349919193743,0.0699838387486,0.0279935354994,0.104975758123,0.643851316487,0.139967677497,-0.713835155235,0.0524878790614,0.0699838387486,0.0839806064983,0.124571232972,-0.0699838387486,0.0524878790614,0.0139967677497,1
0.0159487921177,0.0159487921177,0.0159487921177,0.765542021652,0.0956927527065,0.599674583627,0.127590336942,0.063795168471,0.0159487921177,0.063795168471,0.063795168471,0.0778301055346,-0.0382771010826,0.0478463763532,0.0765542021652,1
0.0118324905019,0.0118324905019,0.0118324905019,0.643687483305,0.0709949430115,0.73834740732,0.0946599240154,-0.104125916417,0.0236649810038,0.0236649810038,0.0283979772046,0.0918201262949,-0.0662619468108,0.0118324905019,0.0189319848031,1
0.0236557939849,0.0236557939849,0.0236557939849,0.73806077233,0.0473115879699,0.492040514886,0.189246351879,-0.340643433383,0.0473115879699,0.0946231759397,0.0946231759397,0.166536789654,0.0,0.0236557939849,0.0946231759397,1
