Statistic,Value
Mean,0.382531298905
Std,0.129078116359
Max,0.6875
Min,0.0625
Var,0.0166611601228
