AAWt,AAMt,Sstruct,SaccW,ShbondsW,SaccM,ShbondsM,yDDG,Result,Positiontype,ProteinPropens,Positionaccept,MOSST,SectorSuperficie,Functionalrelevancefunction,Clinical
0.122560063941,0.122560063941,0.122560063941,0.0,0.122560063941,0.0735360383643,0.183840095911,-0.882432460372,0.0612800319703,0.122560063941,0.171584089517,0.191193699747,-0.147072076729,0.122560063941,0.0245120127881,0
0.00768769336782,0.00384384668391,0.00384384668391,0.688817325757,0.00768769336782,0.724180715249,0.0115315400517,-0.0215255414299,0.00384384668391,0.00384384668391,0.0123003093885,0.00430510828598,0.00922523204139,0.00768769336782,0.00230630801035,1
0.00463332495244,0.00463332495244,0.00231666247622,0.60881889875,0.00463332495244,0.793225231857,0.00231666247622,0.00277999497146,0.00231666247622,0.00463332495244,0.00370665996195,0.00129733098668,-0.000926664990488,0.00231666247622,0.00138999748573,1
0.00988927648409,0.00494463824204,0.00988927648409,0.660603669137,0.00988927648409,0.749607157494,0.0148339147261,-0.0158228423745,0.00494463824204,0.00494463824204,0.0,0.0197785529682,-0.0197785529682,0.00494463824204,0.00692249353886,1
