Statistic,Value
Mean,11.5864978903
Std,3.6041916486
Max,15.0
Min,0.0
Var,12.9901974399
