AAWt,AAMt,Sstruct,SaccW,ShbondsW,SaccM,ShbondsM,yDDG,Result,Positiontype,ProteinPropens,Positionaccept,MOSST,SectorSuperficie,Functionalrelevancefunction,Clinical
0.0109780236161,0.0109780236161,0.0164670354241,0.29421103291,0.0274450590401,0.939718821534,0.0274450590401,-0.153692330625,0.0329340708482,0.0274450590401,0.0307384661249,0.0342514336821,-0.00439120944642,0.0164670354241,0.0219560472321,1
0.037842968686,0.037842968686,0.056764453029,0.0151371874744,0.0946074217151,0.741722186246,0.0946074217151,-0.605487498976,0.113528906058,0.0946074217151,0.075685937372,0.13623468727,-0.105960312321,0.037842968686,0.0151371874744,0
0.0551838060615,0.0275919030307,0.0827757090922,0.309029313944,0.137959515154,0.507691015765,0.137959515154,-0.684279195162,0.165551418184,0.0827757090922,0.0,0.220735224246,-0.198661701821,0.0827757090922,0.0220735224246,0
0.00171674467268,0.00171674467268,0.000858372336339,0.767728217622,0.0042918616817,0.640689111844,0.00257511700902,-0.00274679147629,0.000858372336339,0.0042918616817,0.00343348934536,0.00425752678824,-0.00274679147629,0.000858372336339,0.00377683827989,1
0.00381004719563,0.00381004719563,0.0114301415869,0.527310531875,0.0114301415869,0.844306458551,0.0114301415869,-0.0762009439126,0.0228602831738,0.0114301415869,0.0,0.030480377565,-0.024384302052,0.00381004719563,0.0259083209303,0
0.0457315882954,0.0457315882954,0.0685973824431,0.0365852706363,0.114328970738,0.0914631765908,0.114328970738,-0.932924401226,0.137194764886,0.114328970738,0.109755811909,0.162804454332,-0.109755811909,0.0457315882954,0.0182926353182,0
0.00224699549,0.001123497745,0.001123497745,0.744204906289,0.003370493235,0.667807059629,0.003370493235,-0.00629158737201,0.001123497745,0.005617488725,0.00719038556801,0.0057523084544,-0.001797596392,0.001123497745,0.000898798196001,0
0.00125641169183,0.00125641169183,0.00376923507548,0.691528995181,0.00376923507548,0.721682875785,0.00628205845913,-0.0241231044831,0.00753847015096,0.00376923507548,0.0,0.0100512935346,-0.0110564228881,0.00376923507548,0.0,0
