AAWt,AAMt,Sstruct,SaccW,ShbondsW,SaccM,ShbondsM,yDDG,Result,Positiontype,ProteinPropens,Positionaccept,MOSST,SectorSuperficie,Functionalrelevancefunction,Clinical
0.153846153846,0.153846153846,0.307692307692,12.1,0.153846153846,28.6,0.615384615385,1.5,0.230769230769,0.538461538462,0.3,0.97,-0.7,0.230769230769,0.6,1
0.153846153846,0.153846153846,0.230769230769,6,0.769230769231,5.7,0.615384615385,2.9,0.230769230769,0.461538461538,0.5,0.61,-0.4,0.0769230769231,0.6,0
0.307692307692,0.0769230769231,0.230769230769,39.9,0.769230769231,26.9,0.384615384615,-0.3,0.307692307692,0.461538461538,0.4,0.56,0.6,0.230769230769,0,1
0.0769230769231,0.153846153846,0.307692307692,17.3,0.0769230769231,27.7,0.384615384615,-2.5,0.153846153846,0.538461538462,0,1,-0.8,0.153846153846,0.85,0
0.0769230769231,0.0769230769231,0.230769230769,11.1,0.769230769231,38.8,0.615384615385,1.1,0.230769230769,0.461538461538,0.5,0.91,-0.8,0.153846153846,0.5,1
0.307692307692,0.0769230769231,0.307692307692,0,0.769230769231,0,0.615384615385,-0.2,0.307692307692,0.538461538462,0,1,-0.8,0.153846153846,0.5,0
0.230769230769,0.153846153846,0.230769230769,12.8,0.769230769231,39.6,0.384615384615,2.7,0.230769230769,0.538461538462,0,1,-0.5,0.0769230769231,0.6,0
0.230769230769,0.153846153846,0.230769230769,41.8,0.769230769231,68.1,0.384615384615,1.6,0.230769230769,0.538461538462,0,0.95,-1,0.0769230769231,0.1,0
0.307692307692,0.0769230769231,0.230769230769,39.9,0.769230769231,27.5,0.615384615385,2.8,0.230769230769,0.461538461538,0.4,0.56,-0.4,0.230769230769,0,1
0.0769230769231,0.153846153846,0.230769230769,6.7,0.769230769231,38.3,0.615384615385,-2.2,0.153846153846,0.461538461538,0.7,0.78,-0.5,0.230769230769,0.5,0
0.0769230769231,0.0769230769231,0.230769230769,26.8,0.769230769231,40.7,0.615384615385,0,0.307692307692,0.538461538462,0,1,-1.2,0.230769230769,0.1,0
0.230769230769,0.0769230769231,0.230769230769,52.4,0.153846153846,48,0.384615384615,-0.2,0.307692307692,0.461538461538,0.2,0.91,-0.7,0.230769230769,0.6,0
0.307692307692,0.0769230769231,0.307692307692,0,0.769230769231,0,0.615384615385,-1.3,0.0769230769231,0.538461538462,0,1,-1.1,0.153846153846,0.5,1
