AAWt,AAMt,Sstruct,SaccW,ShbondsW,SaccM,ShbondsM,yDDG,Result,Positiontype,ProteinPropens,Positionaccept,MOSST,SectorSuperficie,Functionalrelevancefunction,Clinical
0.272727272727,0.181818181818,0.363636363636,0,0.818181818182,0,0.727272727273,-2.4,0.272727272727,0.454545454545,0.7,0.78,-0.5,0.272727272727,0.1,1
0.272727272727,0.181818181818,0.363636363636,0.1,0.818181818182,0.1,0.727272727273,-3.2,0.272727272727,0.454545454545,0.5,0.9,-0.8,0.272727272727,0.1,0
0.0909090909091,0.181818181818,0.363636363636,50.8,0.818181818182,23.9,0.727272727273,-1.8,0.363636363636,0.454545454545,1,0.63,-0.3,0.181818181818,0.25,0
0.181818181818,0.0909090909091,0.181818181818,40.3,0.818181818182,20.5,0.727272727273,0.3,0.272727272727,0.454545454545,0.6,0.87,-0.1,0.0909090909091,0.6,0
0.181818181818,0.181818181818,0.363636363636,7.3,0.818181818182,1.7,0.181818181818,-2.3,0.272727272727,0.272727272727,0,1,-0.3,0.272727272727,0.95,1
0.0909090909091,0.181818181818,0.363636363636,0,0.818181818182,0,0.727272727273,-1.3,0.363636363636,0.272727272727,0.7,0.25,-0.1,0.272727272727,0,1
0.181818181818,0.0909090909091,0.363636363636,59.5,0.818181818182,54.4,0.727272727273,1,0.0909090909091,0.272727272727,0.9,0.56,0.3,0.272727272727,0.1,0
0.181818181818,0.181818181818,0.363636363636,74,0.181818181818,87.1,0.727272727273,0.2,0.272727272727,0.272727272727,0.9,0.76,-0.3,0.272727272727,0.1,1
0.272727272727,0.0909090909091,0.181818181818,35.5,0.818181818182,58.8,0.181818181818,-1.1,0.363636363636,0.272727272727,0.3,0.95,-0.8,0.0909090909091,0.1,0
0.0909090909091,0.0909090909091,0.0909090909091,99.4,0.181818181818,98.6,0.0909090909091,-0.5,0.272727272727,0.454545454545,-0.1,0.71,-0.1,0.0909090909091,0.2,0
0.0909090909091,0.0909090909091,0.363636363636,0,0.818181818182,0,0.727272727273,-1.3,0.363636363636,0.272727272727,0,1,-1.1,0.181818181818,0.5,1
