AAWt,AAMt,Sstruct,SaccW,ShbondsW,SaccM,ShbondsM,yDDG,Result,Positiontype,ProteinPropens,Positionaccept,MOSST,SectorSuperficie,Functionalrelevancefunction,Clinical
0.006165614668170955,0.0030828073340854775,0.009248422002256432,0.35174831681915303,0.021579651338598342,0.9343989029613082,0.018496844004512864,0.03452744214175735,0.0030828073340854775,0.01233122933634191,0.017263721070878674,0.015968941990562775,-0.006473895401579503,0.009248422002256432,0.014026773370088924,1
0.03495606162787621,0.03495606162787621,0.06991212325575243,0.2936309176741602,0.24469243139513353,0.831954266743454,0.2097363697672573,-0.1468154588370801,0.03495606162787621,0.10486818488362865,0.0,0.24469243139513353,-0.12234621569756676,0.03495606162787621,0.024469243139513354,0
0.03463959734252701,0.03463959734252701,0.10391879202758103,0.0,0.24247718139768906,0.07274315441930672,0.20783758405516206,-0.8729178530316807,0.03463959734252701,0.13855838937010803,0.16973402697838233,0.1891322014901975,-0.14548630883861344,0.10391879202758103,0.02424771813976891,0
0.002638493789924745,0.002638493789924745,0.00527698757984949,0.7443190981377706,0.018469456529473217,0.6667473807139832,0.01583096273954847,0.011081673917683929,0.00527698757984949,0.01055397515969898,0.011081673917683929,0.0160684271806417,0.0055408369588419645,0.002638493789924745,0.011081673917683929,1
0.0034225087044443014,0.0034225087044443014,0.006845017408888603,0.30665677991820944,0.023957560931110112,0.9487194128719605,0.0034225087044443014,0.0646854145139973,0.0034225087044443014,0.010267526113332905,0.0,0.023957560931110112,-0.011978780465555056,0.0034225087044443014,0.014374536558666067,0
0.14052138823648155,0.07026069411824078,0.14052138823648155,0.0,0.4918248588276855,0.0,0.4215641647094447,-0.0983649717655371,0.14052138823648155,0.21078208235472234,0.0,0.4918248588276855,-0.3934598870621484,0.07026069411824078,0.24591242941384275,0
0.008557513279800517,0.008557513279800517,0.025672539839401553,0.35941555775162176,0.059902592958603625,0.9224999315624958,0.051345079678803106,-0.08386363014204506,0.008557513279800517,0.03423005311920207,0.029951296479301812,0.03654058170474821,-0.017970777887581085,0.025672539839401553,0.03594155577516217,0
