AAWt,AAMt,Sstruct,SaccW,ShbondsW,SaccM,ShbondsM,yDDG,Result,Positiontype,ProteinPropens,Positionaccept,MOSST,SectorSuperficie,Functionalrelevancefunction,Clinical
0.00197543830734,0.00197543830734,0.00395087661468,0.857340225386,0.00197543830734,0.514404135232,0.00592631492202,-0.00967964770597,0.00592631492202,0.00197543830734,0.00414842044542,0.00926480566143,-0.00553122726056,0.00197543830734,0.00483982385299,0
0.00256795260876,0.00256795260876,0.00256795260876,0.744192666017,0.00513590521751,0.667796075907,0.00385192891313,-0.00629148389145,0.00385192891313,0.00385192891313,0.00719026730451,0.00575221384361,-0.00179756682613,0.00256795260876,0.000898783413064,0
0.00210653572647,0.00210653572647,0.00105326786323,0.711482441615,0.00421307145294,0.702634991563,0.0031598035897,0.00221186251279,0.00210653572647,0.0031598035897,0.00294915001706,0.00442372502558,0.00147457500853,0.00210653572647,0.00221186251279,0
0.00132207653817,0.00132207653817,0.00264415307634,0.636712060782,0.00528830615267,0.770902829406,0.0039662296145,0.00370181430687,0.00264415307634,0.0039662296145,0.0,0.00925453576717,-0.0111054429206,0.00264415307634,0.0,0
0.00145163174867,0.00145163174867,0.00290326349733,0.635088890042,0.00580652699467,0.772268090291,0.00145163174867,-0.00812913779253,0.004354895246,0.004354895246,0.00711299556847,0.00599523912199,0.00406456889627,0.00145163174867,0.00254035556017,1
0.0261279017376,0.0261279017376,0.0522558034752,0.0,0.0522558034752,0.896187029599,0.0783837052128,0.292632499461,0.0261279017376,0.0783837052128,0.0,0.182895312163,-0.237763905812,0.0261279017376,0.0274342968245,0
0.00823668905265,0.00823668905265,0.0164733781053,0.392066398906,0.0164733781053,0.870618032865,0.024710067158,-0.282518434506,0.00823668905265,0.024710067158,0.0172970470106,0.0559271186675,-0.0518911410317,0.0164733781053,0.0115313646737,0
