AAWt,AAMt,Sstruct,SaccW,ShbondsW,SaccM,ShbondsM,yDDG,Result,Positiontype,ProteinPropens,Positionaccept,MOSST,SectorSuperficie,Functionalrelevancefunction,Clinical
0.18181818181818182,0.18181818181818182,0.09090909090909091,83.7,0.9090909090909091,89.9,1.0,-1,0.09090909090909091,0.09090909090909091,0.7,0.47,-0.1,0.18181818181818182,0.25,1
0.09090909090909091,0.09090909090909091,0.45454545454545453,0.5,0.9090909090909091,1.2,1.0,-0.4,0.2727272727272727,0.6363636363636364,0,1,-0.8,0.18181818181818182,0,0
0.18181818181818182,0.09090909090909091,0.2727272727272727,11.1,0.9090909090909091,38.8,1.0,1.1,0.09090909090909091,0.2727272727272727,0.5,0.91,-0.8,0.2727272727272727,0.5,1
0.18181818181818182,0.09090909090909091,0.2727272727272727,0,0.9090909090909091,10,1.0,-3.3,0.36363636363636365,0.6363636363636364,0,1,-0.5,0.18181818181818182,0.75,0
0.18181818181818182,0.18181818181818182,0.09090909090909091,6.8,0.9090909090909091,6,1.0,-2.2,0.36363636363636365,0.6363636363636364,0.3,0.97,-0.4,0.09090909090909091,0.2,0
0.18181818181818182,0.09090909090909091,0.45454545454545453,12.1,0.09090909090909091,9.4,1.0,0.7,0.09090909090909091,0.6363636363636364,0.3,0.97,-0.2,0.09090909090909091,0.6,1
0.09090909090909091,0.09090909090909091,0.2727272727272727,46.3,0.9090909090909091,11.8,1.0,0.1,0.2727272727272727,0.6363636363636364,0,1,-1.2,0.2727272727272727,0.35,0
0.18181818181818182,0.18181818181818182,0.45454545454545453,57.5,0.9090909090909091,70.8,1.0,-1.3,0.09090909090909091,0.2727272727272727,0.9,0.31,0.1,0.09090909090909091,0.35,1
0.09090909090909091,0.09090909090909091,0.45454545454545453,0,0.9090909090909091,0,1.0,0.7,0.2727272727272727,0.6363636363636364,0,1,-0.7,0.09090909090909091,0.5,0
0.09090909090909091,0.09090909090909091,0.09090909090909091,4.2,0.9090909090909091,13.7,1.0,-6.5,0.36363636363636365,0.6363636363636364,1,0.95,-0.9,0.18181818181818182,0.1,0
0.09090909090909091,0.18181818181818182,0.45454545454545453,20.1,0.9090909090909091,17.3,1.0,-3,0.36363636363636365,0.2727272727272727,0.2,0.59,-0.3,0.2727272727272727,0.1,1
