Statistic,Value
Mean,13.5939210285
Std,2.8115679898
Max,17.0
Min,7.0
Var,7.90491456126
