AAWt,AAMt,Sstruct,SaccW,ShbondsW,SaccM,ShbondsM,yDDG,Result,Positiontype,ProteinPropens,Positionaccept,MOSST,SectorSuperficie,Functionalrelevancefunction,Clinical
0.0109828227758,0.0219656455516,0.0109828227758,0.294339650391,0.0329484683274,0.940129629607,0.0329484683274,-0.153759518861,0.0109828227758,0.0109828227758,0.0307519037722,0.0342664070605,-0.00439312911031,0.0109828227758,0.0219656455516,1
0.0792155313156,0.0792155313156,0.158431062631,0.0,0.237646593947,0.760469100629,0.237646593947,-0.25348970021,0.0792155313156,0.237646593947,0.0,0.316862125262,-0.158431062631,0.0792155313156,0.110901743842,1
0.0653968670294,0.0653968670294,0.130793734059,0.837079897976,0.0653968670294,0.0523174936235,0.0653968670294,0.313904961741,0.0653968670294,0.196190601088,0.130793734059,0.240660470668,-0.130793734059,0.0653968670294,0.156952480871,0
0.11593472394,0.23186944788,0.11593472394,0.0,0.34780417182,0.0,0.34780417182,0.139121668728,0.11593472394,0.34780417182,0.0,0.46373889576,-0.417365006184,0.11593472394,0.34780417182,1
