statistic,value
mean,0.679083243715
max,0.85
min,0.535714285714
var,0.00406558682849
std,0.0637619543967
