statistic,value
mean,0.686935086613
max,0.857142857143
min,0.558823529412
var,0.00451244021399
std,0.0671746992102
