statistic,value
mean,0.678622686337
max,0.863636363636
min,0.518518518519
var,0.00357598444236
std,0.0597995354694
