statistic,value
mean,0.678797262623
max,0.826086956522
min,0.541666666667
var,0.00307044012933
std,0.0554115523093
