AAWt,AAMt,Sstruct,SaccW,ShbondsW,SaccM,ShbondsM,yDDG,Result,Positiontype,ProteinPropens,Positionaccept,MOSST,SectorSuperficie,Functionalrelevancefunction,Clinical
0.09090909090909091,0.18181818181818182,0.45454545454545453,0,0.7272727272727273,6,0.7272727272727273,1.6,0.18181818181818182,0.8181818181818182,0,1,-1,0.09090909090909091,0.75,0
0.2727272727272727,0.09090909090909091,0.18181818181818182,52.6,0.7272727272727273,81.8,0.18181818181818182,-1.5,0.09090909090909091,0.8181818181818182,0,1,-1.3,0.09090909090909091,0.8,1
0.18181818181818182,0.09090909090909091,0.18181818181818182,25.3,0.7272727272727273,56.7,0.09090909090909091,1.2,0.18181818181818182,0.8181818181818182,0.3,0.97,-0.7,0.18181818181818182,0.25,0
0.09090909090909091,0.09090909090909091,0.18181818181818182,0,0.7272727272727273,0,0.7272727272727273,-1,0.2727272727272727,0.8181818181818182,0,1,-1.1,0.18181818181818182,0.35,1
0.09090909090909091,0.09090909090909091,0.45454545454545453,33.4,0.7272727272727273,37.9,0.7272727272727273,-0.8,0.2727272727272727,0.8181818181818182,0,1,-1,0.09090909090909091,0.35,1
0.09090909090909091,0.09090909090909091,0.45454545454545453,50.3,0.2727272727272727,35,0.7272727272727273,0.1,0.18181818181818182,0.8181818181818182,0,1,-1,0.18181818181818182,0.1,1
0.18181818181818182,0.09090909090909091,0.45454545454545453,0,0.7272727272727273,4.1,0.7272727272727273,-2.5,0.2727272727272727,0.8181818181818182,0,1,-0.8,0.18181818181818182,0.15,0
0.2727272727272727,0.18181818181818182,0.18181818181818182,0.2,0.7272727272727273,0.3,0.7272727272727273,-0.8,0.2727272727272727,0.18181818181818182,0.6,0.89,0.3,0.18181818181818182,0.1,0
0.09090909090909091,0.09090909090909091,0.18181818181818182,99.4,0.2727272727272727,98.6,0.18181818181818182,-0.5,0.18181818181818182,0.18181818181818182,-0.1,0.71,-0.1,0.18181818181818182,0.2,0
0.09090909090909091,0.09090909090909091,0.18181818181818182,68.8,0.2727272727272727,71.8,0.7272727272727273,-2.4,0.2727272727272727,0.8181818181818182,0,1,-1.1,0.09090909090909091,0,0
0.2727272727272727,0.09090909090909091,0.45454545454545453,26.8,0.7272727272727273,54.1,0.7272727272727273,-2.8,0.2727272727272727,0.8181818181818182,0,1,-1.2,0.09090909090909091,0.1,0
