AAWt,AAMt,Sstruct,SaccW,ShbondsW,SaccM,ShbondsM,yDDG,Result,Positiontype,ProteinPropens,Positionaccept,MOSST,SectorSuperficie,Functionalrelevancefunction,Clinical
0.428571428571,0.142857142857,0.285714285714,3.9,0.428571428571,2.4,0.571428571429,1.4,0.142857142857,0.571428571429,0.5,0.88,-0.7,0.285714285714,0.5,0
0.142857142857,0.142857142857,0.571428571429,29.8,0.571428571429,33.5,0.571428571429,-2.1,0.142857142857,0.571428571429,0,0.81,-0.1,0.142857142857,0.2,0
0.428571428571,0.142857142857,0.285714285714,3.9,0.428571428571,2.6,0.571428571429,-1.8,0.285714285714,0.571428571429,0.5,0.88,0,0.285714285714,0.5,1
0.428571428571,0.142857142857,0.571428571429,0,0.571428571429,0,0.571428571429,-1.4,0.285714285714,0.142857142857,0.7,0.25,-0.1,0.285714285714,0,1
0.142857142857,0.142857142857,0.571428571429,37,0.571428571429,69.9,0.285714285714,-0.4,0.142857142857,0.142857142857,0.2,0.89,-0.2,0.285714285714,0,0
0.142857142857,0.142857142857,0.142857142857,62.5,0.428571428571,76,0.142857142857,-0.8,0.142857142857,0.571428571429,0.7,0.59,0.4,0.142857142857,0.25,1
0.142857142857,0.142857142857,0.571428571429,0,0.571428571429,0,0.285714285714,0.6,0.142857142857,0.142857142857,0,1,-1.1,0.142857142857,0.5,0
