algoritmo,description,validation,accuracy,recall,precision,neg_log_loss,f1,ftwo_scorer
gini,DecisionTreeClassifier splitter:best,CV=10,0.574324786325,0.512179487179,0.554343989344,-14.4315359883,0.526824262694,0.516963417431
gini,DecisionTreeClassifier splitter:random,CV=10,0.535994301994,0.527564102564,0.523418759603,-16.0289616381,0.519064938685,0.522649391677
entropy,DecisionTreeClassifier splitter:best,CV=10,0.570655270655,0.570512820513,0.550045542693,-14.8290416032,0.551544053648,0.560713411249
entropy,DecisionTreeClassifier splitter:random,CV=10,0.55015954416,0.503205128205,0.498271168116,-15.1415435644,0.482301855636,0.4908930832
