algoritmo,description,validation,accuracy,recall,precision,neg_log_loss,f1,ftwo_scorer,tn,fp,fn,tp
GaussianNB,Naive Bayes algoritmo,5,0.44125188537,0.369333333333,0.371512113617,-1.73250552428,0.331011859605,0.348386034256,68,67,76,45
BernoulliNB,Naive Bayes algoritmo,5,0.574132730015,0.329333333333,0.622352941176,-0.688800004823,0.417267041901,0.358412599121,107,28,81,40
