Statistic,Value
Mean,0.516862509767
Std,0.0228410087502
Max,0.605720797721
Min,0.457082621083
Var,0.000521711680729
