AAWt,AAMt,Sstruct,SaccW,ShbondsW,SaccM,ShbondsM,yDDG,Result,Positiontype,ProteinPropens,Positionaccept,MOSST,SectorSuperficie,Functionalrelevancefunction,Clinical
0.03515433870644209,0.03515433870644209,0.07030867741288419,0.0,0.10546301611932628,0.30935818061669046,0.14061735482576837,-0.9140128063674944,0.03515433870644209,0.03515433870644209,0.09843214837803785,0.10968153676409934,-0.07030867741288419,0.03515433870644209,0.014061735482576838,0
0.0052280980271631056,0.0052280980271631056,0.010456196054326211,0.9682437546306072,0.015684294081489317,0.2425837484603681,0.020912392108652422,0.037642305795574364,0.010456196054326211,0.010456196054326211,0.0,0.020912392108652422,-0.020912392108652422,0.015684294081489317,0.0073193372380283474,1
0.05012798976946382,0.05012798976946382,0.10025597953892763,0.2406143508934263,0.15038396930839146,0.8822526199425633,0.20051195907785527,-0.08020478363114211,0.05012798976946382,0.10025597953892763,0.0,0.20051195907785527,-0.06015358772335658,0.15038396930839146,0.020051195907785528,0
0.0020593891126191102,0.0020593891126191102,0.0041187782252382205,0.6095791773352566,0.0020593891126191102,0.7924529305358335,0.008237556450476441,0.013180090320762306,0.0041187782252382205,0.0020593891126191102,0.0074138008054287965,0.006260542902362095,-0.002471266935142932,0.00617816733785733,0.0008237556450476441,1
