AAWt,AAMt,Sstruct,SaccW,ShbondsW,SaccM,ShbondsM,yDDG,Result,Positiontype,ProteinPropens,Positionaccept,MOSST,SectorSuperficie,Functionalrelevancefunction,Clinical
0.2727272727272727,0.09090909090909091,0.45454545454545453,40.3,0.8181818181818182,20.5,0.7272727272727273,0.3,0.2727272727272727,0.36363636363636365,0.6,0.87,-0.1,0.18181818181818182,0.6,0
0.36363636363636365,0.09090909090909091,0.45454545454545453,11.9,0.8181818181818182,15.2,0.7272727272727273,-2.3,0.2727272727272727,0.45454545454545453,0,1,-1.2,0.09090909090909091,0.1,1
0.36363636363636365,0.09090909090909091,0.45454545454545453,93.3,0.8181818181818182,102.6,0.2727272727272727,0.1,0.2727272727272727,0.45454545454545453,0,1,-1.1,0.2727272727272727,0.3,1
0.36363636363636365,0.09090909090909091,0.45454545454545453,93.3,0.8181818181818182,96.3,0.7272727272727273,-1,0.18181818181818182,0.45454545454545453,0,1,-1,0.2727272727272727,0.3,1
0.2727272727272727,0.09090909090909091,0.45454545454545453,0.2,0.8181818181818182,0.3,0.7272727272727273,-0.8,0.18181818181818182,0.36363636363636365,0.6,0.89,0.3,0.09090909090909091,0.1,0
0.09090909090909091,0.18181818181818182,0.45454545454545453,37,0.8181818181818182,69.9,0.2727272727272727,-0.4,0.2727272727272727,0.09090909090909091,0.2,0.89,-0.2,0.18181818181818182,0,0
0.09090909090909091,0.18181818181818182,0.45454545454545453,40.5,0.8181818181818182,29.7,0.7272727272727273,-3.3,0.2727272727272727,0.09090909090909091,0.3,0.44,-0.3,0.18181818181818182,0.6,0
0.2727272727272727,0.18181818181818182,0.45454545454545453,0.3,0.8181818181818182,0,0.7272727272727273,-5.1,0.2727272727272727,0.45454545454545453,0.3,0.95,-0.9,0.09090909090909091,0.1,1
0.09090909090909091,0.09090909090909091,0.45454545454545453,45.5,0.18181818181818182,50.6,0.2727272727272727,1.2,0.09090909090909091,0.36363636363636365,0.9,0.69,-0.2,0.09090909090909091,0.1,1
0.09090909090909091,0.09090909090909091,0.09090909090909091,3.9,0.18181818181818182,3.5,0.7272727272727273,-0.9,0.18181818181818182,0.36363636363636365,0.5,0.88,-0.4,0.2727272727272727,0.5,0
0.36363636363636365,0.18181818181818182,0.45454545454545453,76.9,0.8181818181818182,43.2,0.7272727272727273,-1.9,0.18181818181818182,0.45454545454545453,0,1,-1,0.18181818181818182,0.3,1
