AAWt,AAMt,Sstruct,SaccW,ShbondsW,SaccM,ShbondsM,yDDG,Result,Positiontype,ProteinPropens,Positionaccept,MOSST,SectorSuperficie,Functionalrelevancefunction,Clinical
0.0350405127322,0.0116801709107,0.046720683643,0.0,0.0700810254645,0.93441367286,0.0584008545537,-0.308356512044,0.0233603418215,0.0584008545537,0.0,0.093441367286,-0.046720683643,0.0116801709107,0.0700810254645,0
0.0654391966252,0.13087839325,0.196317589876,0.0,0.392635179751,0.0,0.327195983126,-0.1047027146,0.196317589876,0.327195983126,0.0,0.523513573002,-0.418810858401,0.0654391966252,0.261756786501,0
0.022532583141,0.045065166282,0.067597749423,0.216312798154,0.135195498846,0.144208532102,0.112662915705,-0.90130332564,0.045065166282,0.112662915705,0.0,0.180260665128,-0.162234598615,0.090130332564,0.0180260665128,0
0.00256280952239,0.00256280952239,0.0102512380896,0.5494663616,0.0153768571343,0.83445078049,0.0128140476119,0.0,0.00768842856717,0.0128140476119,0.0,0.0205024761791,-0.0246029714149,0.00256280952239,0.00205024761791,0
0.0593866670691,0.0395911113794,0.0593866670691,0.775985783036,0.0395911113794,0.475093336553,0.0197955556897,0.332565335587,0.0197955556897,0.0593866670691,0.110855111862,0.115606045228,-0.0316728891035,0.0791822227588,0.118773334138,0
0.0145946581537,0.00486488605122,0.0194595442049,0.432001881349,0.0291893163073,0.899030942266,0.0243244302561,-0.0155676353639,0.0145946581537,0.0145946581537,0.0194595442049,0.0354163704529,0.0,0.0194595442049,0.0194595442049,1
0.00121925656391,0.00243851312782,0.00487702625564,0.727652317341,0.00731553938346,0.685709891543,0.00243851312782,0.0107294577624,0.00121925656391,0.00365776969173,0.0,0.00770570148391,-0.00292621575338,0.00487702625564,0.00341391837895,1
0.0010682284451,0.0010682284451,0.0010682284451,0.540950884598,0.0021364568902,0.840909431981,0.0021364568902,0.00598207929255,0.0010682284451,0.00534114222549,0.0,0.00854582756078,-0.00427291378039,0.0010682284451,0.00854582756078,1
