Statistic,Value
Mean,0.540012885453
Std,0.0532528222546
Max,0.846774193548
Min,0.379193548387
Var,0.00283586307808
