Statistic,Value
Mean,0.672283195849
Std,0.103606820513
Max,0.766233766234
Min,0.414772727273
Var,0.0107343732568
