AAWt,AAMt,Sstruct,SaccW,ShbondsW,SaccM,ShbondsM,yDDG,Result,Positiontype,ProteinPropens,Positionaccept,MOSST,SectorSuperficie,Functionalrelevancefunction,Clinical
0.0909090909091,0.0909090909091,0.454545454545,59.5,0.727272727273,67.4,0.909090909091,0,0.272727272727,0.181818181818,0.9,0.56,0.4,0.363636363636,0.1,1
0.272727272727,0.272727272727,0.454545454545,66.5,0.0909090909091,47.9,0.909090909091,-1.4,0.181818181818,0.454545454545,0.7,0.85,0,0.181818181818,0.25,1
0.272727272727,0.0909090909091,0.272727272727,0,0.727272727273,0,0.909090909091,-1.3,0.181818181818,0.363636363636,0,1,-1.1,0.0909090909091,0.5,1
0.181818181818,0.181818181818,0.454545454545,0,0.727272727273,0,0.909090909091,1.9,0.272727272727,0.363636363636,0,1,-1.3,0.0909090909091,0.75,0
0.181818181818,0.181818181818,0.272727272727,0,0.727272727273,0,0.909090909091,1.9,0.272727272727,0.181818181818,0.7,0.25,1.1,0.181818181818,0,1
0.0909090909091,0.272727272727,0.272727272727,0.5,0.727272727273,0.7,0.909090909091,-0.2,0.272727272727,0.363636363636,0,1,-0.8,0.363636363636,0,0
0.272727272727,0.0909090909091,0.454545454545,16.3,0.727272727273,43.3,0.909090909091,1.6,0.272727272727,0.454545454545,0.8,0.74,-0.3,0.363636363636,0.65,1
0.0909090909091,0.0909090909091,0.0909090909091,62.5,0.181818181818,104.4,0.909090909091,-3.6,0.272727272727,0.454545454545,0.7,0.59,-0.2,0.0909090909091,0.25,1
0.0909090909091,0.272727272727,0.454545454545,0,0.727272727273,4.1,0.909090909091,-2.5,0.272727272727,0.363636363636,0,1,-0.8,0.363636363636,0.15,0
0.0909090909091,0.0909090909091,0.0909090909091,18.3,0.727272727273,12.9,0.909090909091,-3.5,0.272727272727,0.454545454545,0.5,0.85,-0.8,0.181818181818,0.8,0
0.0909090909091,0.0909090909091,0.0909090909091,96.5,0.181818181818,95.3,0.0909090909091,0.3,0.272727272727,0.454545454545,0.4,0.6,0.2,0.181818181818,0.3,0
