algorithm,desc,actualScore,new score
auto,minkowski-distance KNN: 3,0.722222222222,0.363636363636
auto,euclidean-distance KNN: 3,0.722222222222,0.363636363636
ball_tree,minkowski-distance KNN: 3,0.722222222222,0.363636363636
ball_tree,euclidean-distance KNN: 3,0.722222222222,0.363636363636
kd_tree,minkowski-distance KNN: 3,0.722222222222,0.363636363636
kd_tree,euclidean-distance KNN: 3,0.722222222222,0.363636363636
brute,minkowski-distance KNN: 3,0.722222222222,0.363636363636
brute,euclidean-distance KNN: 3,0.722222222222,0.363636363636
