AAWt,AAMt,Sstruct,SaccW,ShbondsW,SaccM,ShbondsM,yDDG,Result,Positiontype,ProteinPropens,Positionaccept,MOSST,SectorSuperficie,Functionalrelevancefunction,Clinical
0.002136410570906142,0.002136410570906142,0.004272821141812284,0.540939156553435,0.006409231712718425,0.8408912007086574,0.002136410570906142,0.005981949598537197,0.002136410570906142,0.002136410570906142,0.0,0.008545642283624567,-0.004272821141812284,0.002136410570906142,0.008545642283624567,1
0.015623913687516434,0.015623913687516434,0.031247827375032868,0.6937017677257297,0.015623913687516434,0.7062008986757429,0.0468717410625493,0.08749391665009203,0.015623913687516434,0.0468717410625493,0.031247827375032868,0.05687104582255982,-0.024998261900026297,0.015623913687516434,0.031247827375032868,1
0.0020534825997034958,0.0020534825997034958,0.0041069651994069915,0.513370649925874,0.006160447799110488,0.8575343336361799,0.006160447799110488,-0.02957014943573034,0.0020534825997034958,0.006160447799110488,0.005749751279169788,0.00484621893530025,-0.0016427860797627969,0.0020534825997034958,0.0020534825997034958,1
0.0022272903719921674,0.0022272903719921674,0.004454580743984335,0.816970108446727,0.006681871115976502,0.5764227482715729,0.006681871115976502,0.0,0.0022272903719921674,0.006681871115976502,0.004454580743984335,0.008018245339171802,-0.006236413041578068,0.0022272903719921674,0.0,0
