Statistic,Value
Mean,0.222593769866
Std,0.075923792481
Max,0.461538461538
Min,0.0
Var,0.00576442226469
