AAWt,AAMt,Sstruct,SaccW,ShbondsW,SaccM,ShbondsM,yDDG,Result,Positiontype,ProteinPropens,Positionaccept,MOSST,SectorSuperficie,Functionalrelevancefunction,Clinical
0.023172995355,0.023172995355,0.0463459907099,0.0,0.0926919814198,0.926919814198,0.0926919814198,-0.305883538686,0.0463459907099,0.0926919814198,0.0,0.0926919814198,-0.0463459907099,0.023172995355,0.0695189860649,0
0.103762134394,0.207524268788,0.207524268788,0.0,0.415048537576,0.0,0.415048537576,-0.0830097075153,0.207524268788,0.415048537576,0.0,0.415048537576,-0.332038830061,0.103762134394,0.207524268788,0
0.0436685386315,0.087337077263,0.087337077263,0.209608985431,0.174674154526,0.139739323621,0.174674154526,-0.87337077263,0.087337077263,0.174674154526,0.0,0.174674154526,-0.157206739073,0.0436685386315,0.0174674154526,0
0.00512356671137,0.00512356671137,0.0102471334227,0.549246351459,0.0204942668455,0.834116660611,0.0204942668455,0.0,0.0102471334227,0.0204942668455,0.0,0.0204942668455,-0.0245931202146,0.00512356671137,0.00204942668455,0
