algorithm,desc,actualScore,new score
SVC,linear,0.695652173913,0.454545454545
SVC,rbf,0.695652173913,0.454545454545
SVC,sigmoid,0.695652173913,0.454545454545
