AAWt,AAMt,Sstruct,SaccW,ShbondsW,SaccM,ShbondsM,yDDG,Result,Positiontype,ProteinPropens,Positionaccept,MOSST,SectorSuperficie,Functionalrelevancefunction,Clinical
0.0909090909091,0.272727272727,0.181818181818,6.8,0.818181818182,15.1,0.727272727273,-4.9,0.272727272727,0.636363636364,0.3,0.97,-0.9,0.181818181818,0.2,0
0.0909090909091,0.0909090909091,0.454545454545,17.3,0.181818181818,16.3,0.272727272727,3.4,0.0909090909091,0.636363636364,0,1,-1.3,0.0909090909091,0.85,1
0.181818181818,0.0909090909091,0.454545454545,0,0.818181818182,0,0.727272727273,0.7,0.272727272727,0.636363636364,0,1,-0.7,0.0909090909091,0.5,0
0.0909090909091,0.272727272727,0.181818181818,64.7,0.818181818182,68.4,0.272727272727,-0.3,0.272727272727,0.363636363636,0.7,0.53,0.2,0.181818181818,0.1,1
0.0909090909091,0.272727272727,0.454545454545,0,0.818181818182,5.2,0.727272727273,-5,0.272727272727,0.636363636364,0,1,-0.9,0.0909090909091,0.35,1
0.0909090909091,0.0909090909091,0.181818181818,6.7,0.818181818182,21.4,0.727272727273,-3.5,0.272727272727,0.363636363636,0.7,0.78,-0.1,0.0909090909091,0.5,1
0.0909090909091,0.0909090909091,0.181818181818,0,0.818181818182,6,0.727272727273,1.6,0.272727272727,0.636363636364,0,1,-1,0.0909090909091,0.75,0
0.0909090909091,0.0909090909091,0.454545454545,0.5,0.818181818182,1.5,0.727272727273,1.4,0.272727272727,0.636363636364,0,1,-1.1,0.272727272727,0,0
0.181818181818,0.0909090909091,0.181818181818,16.3,0.818181818182,43.3,0.727272727273,1.6,0.272727272727,0.363636363636,0.8,0.74,-0.3,0.272727272727,0.65,1
0.0909090909091,0.0909090909091,0.181818181818,63.3,0.181818181818,97.8,0.272727272727,-0.4,0.272727272727,0.636363636364,0,1,-0.3,0.0909090909091,1,1
0.0909090909091,0.0909090909091,0.454545454545,0.2,0.818181818182,0.3,0.727272727273,-1.1,0.0909090909091,0.363636363636,0.6,0.89,-0.1,0.272727272727,0.1,0
