Statistic,Value
Mean,0.227830054177
Std,0.248346180774
Max,1.0
Min,0.0
Var,0.0616758255049
