AAWt,AAMt,Sstruct,SaccW,ShbondsW,SaccM,ShbondsM,yDDG,Result,Positiontype,ProteinPropens,Positionaccept,MOSST,SectorSuperficie,Functionalrelevancefunction,Clinical
0.00222636210231,0.00445272420461,0.0133581726138,0.663455906487,0.0155845347161,0.745831304272,0.0222636210231,-0.0467536041484,0.00445272420461,0.00667908630692,0.0,0.0180335330287,-0.00222636210231,0.00445272420461,0.00445272420461,0
0.00153750278137,0.00153750278137,0.00922501668821,0.688801246053,0.0046125083441,0.724163810024,0.0153750278137,-0.0215250389392,0.00615001112547,0.00307500556274,0.0123000222509,0.00430500778783,0.00922501668821,0.0046125083441,0.00230625417205,1
0.0045259410859,0.00678891162885,0.0045259410859,0.574794517909,0.0158407938006,0.816932366005,0.0226297054295,-0.0226297054295,0.0090518821718,0.0113148527147,0.0,0.0226297054295,-0.0113148527147,0.0045259410859,0.0,0
0.0910031510387,0.136504726558,0.273009453116,0.227507877597,0.318511028635,0.318511028635,0.455015755193,-0.0910031510387,0.136504726558,0.227507877597,0.0,0.455015755193,-0.364012604155,0.136504726558,0.0,0
0.0941763218696,0.0941763218696,0.282528965609,0.0,0.329617126544,0.0,0.470881609348,0.329617126544,0.141264482804,0.235440804674,0.0,0.470881609348,-0.329617126544,0.0470881609348,0.235440804674,0
0.00243948791522,0.00365923187282,0.00243948791522,0.81112973181,0.00365923187282,0.584257355694,0.0121974395761,-0.0170764154065,0.00487897583043,0.00365923187282,0.00853820770326,0.0103678236397,0.0,0.00243948791522,0.00304935989402,1
0.0464613993525,0.0464613993525,0.278768396115,0.0,0.325229795467,0.0,0.464613993525,-0.650459590935,0.18584559741,0.0929227987049,0.325229795467,0.116153498381,-0.0464613993525,0.0929227987049,0.0,1
0.049494641196,0.049494641196,0.296967847176,0.0989892823919,0.346462488372,0.148483923588,0.49494641196,-0.395957129568,0.049494641196,0.148483923588,0.296967847176,0.440502306644,0.148483923588,0.148483923588,0.049494641196,0
0.00437742621107,0.00437742621107,0.00437742621107,0.428987768685,0.0306419834775,0.888617520848,0.0437742621107,-0.140077638754,0.00875485242215,0.0218871310554,0.0,0.0437742621107,-0.0350194096886,0.00875485242215,0.00437742621107,0
0.00224975436835,0.00224975436835,0.00224975436835,0.623181960034,0.00674926310506,0.780664765819,0.0224975436835,0.00899901747342,0.00674926310506,0.0112487718418,0.0,0.0224975436835,-0.0292468067886,0.00449950873671,0.00224975436835,1
