AAWt,AAMt,Sstruct,SaccW,ShbondsW,SaccM,ShbondsM,yDDG,Result,Positiontype,ProteinPropens,Positionaccept,MOSST,SectorSuperficie,Functionalrelevancefunction,Clinical
0.0909090909091,0.0909090909091,0.363636363636,9.8,0.636363636364,17.2,0.0909090909091,-3.4,0.363636363636,0.272727272727,0,1,-0.9,0.0909090909091,0.1,0
0.0909090909091,0.0909090909091,0.272727272727,45.4,0.636363636364,41.5,0.363636363636,-1.8,0.181818181818,0.727272727273,0.1,0.57,-0.2,0.272727272727,0.1,0
0.0909090909091,0.0909090909091,0.363636363636,63.3,0.272727272727,97.8,0.363636363636,-0.4,0.272727272727,0.272727272727,0,1,-0.3,0.0909090909091,1,1
0.0909090909091,0.0909090909091,0.0909090909091,99.4,0.272727272727,98.6,0.363636363636,-0.5,0.272727272727,0.727272727273,-0.1,0.71,-0.1,0.0909090909091,0.2,0
0.0909090909091,0.0909090909091,0.272727272727,4.9,0.272727272727,3.1,0.545454545455,-1.8,0.181818181818,0.727272727273,0.7,0.73,0,0.272727272727,0.75,0
0.0909090909091,0.0909090909091,0.272727272727,0.3,0.636363636364,18,0.545454545455,-5.2,0.363636363636,0.272727272727,0.3,0.95,-0.7,0.0909090909091,0.1,0
0.0909090909091,0.0909090909091,0.0909090909091,61,0.636363636364,89.4,0.545454545455,0,0.272727272727,0.727272727273,0.1,0.76,-0.1,0.272727272727,0.2,1
0.0909090909091,0.0909090909091,0.181818181818,16.3,0.636363636364,30.7,0.545454545455,1,0.0909090909091,0.727272727273,0.8,0.74,-0.4,0.0909090909091,0.65,1
0.181818181818,0.0909090909091,0.181818181818,74.6,0.636363636364,70.3,0.363636363636,1.1,0.0909090909091,0.727272727273,0,0.79,-0.3,0.272727272727,0.35,1
0.0909090909091,0.181818181818,0.363636363636,6.7,0.636363636364,21.4,0.545454545455,-3.5,0.363636363636,0.727272727273,0.7,0.78,-0.1,0.272727272727,0.5,1
0.181818181818,0.181818181818,0.363636363636,52.4,0.0909090909091,29.7,0.545454545455,-2.3,0.363636363636,0.727272727273,0.2,0.91,-0.8,0.272727272727,0.6,0
