AAWt,AAMt,Sstruct,SaccW,ShbondsW,SaccM,ShbondsM,yDDG,Result,Positiontype,ProteinPropens,Positionaccept,MOSST,SectorSuperficie,Functionalrelevancefunction,Clinical
0.09090909090909091,0.09090909090909091,0.5454545454545454,14.4,0.36363636363636365,20.5,0.2727272727272727,-3.1,0.2727272727272727,0.09090909090909091,0.2,0.48,-0.2,0.2727272727272727,0.8,0
0.09090909090909091,0.2727272727272727,0.5454545454545454,25.4,0.6363636363636364,38.2,0.7272727272727273,0.8,0.2727272727272727,0.5454545454545454,0,1,-1.3,0.18181818181818182,0,1
0.18181818181818182,0.09090909090909091,0.5454545454545454,0,0.6363636363636364,4.9,0.7272727272727273,1.6,0.18181818181818182,0.5454545454545454,0,1,-1.3,0.18181818181818182,0.15,0
0.09090909090909091,0.09090909090909091,0.18181818181818182,3.2,0.36363636363636365,33.2,0.7272727272727273,-5.8,0.2727272727272727,0.5454545454545454,0.5,0.92,-0.8,0.09090909090909091,0.6,1
0.09090909090909091,0.2727272727272727,0.09090909090909091,18.3,0.6363636363636364,29.5,0.7272727272727273,0.8,0.2727272727272727,0.18181818181818182,0.5,0.85,-0.5,0.2727272727272727,0.8,0
0.09090909090909091,0.09090909090909091,0.09090909090909091,1.4,0.6363636363636364,2.3,0.7272727272727273,-3.1,0.2727272727272727,0.5454545454545454,0,1,-0.9,0.2727272727272727,0.1,0
0.18181818181818182,0.09090909090909091,0.18181818181818182,74,0.36363636363636365,87.1,0.7272727272727273,0.2,0.18181818181818182,0.18181818181818182,0.9,0.76,-0.3,0.09090909090909091,0.1,1
0.18181818181818182,0.09090909090909091,0.09090909090909091,25.3,0.6363636363636364,56.7,0.2727272727272727,1.2,0.18181818181818182,0.5454545454545454,0.3,0.97,-0.7,0.09090909090909091,0.25,0
0.18181818181818182,0.09090909090909091,0.5454545454545454,67.5,0.36363636363636365,32.5,0.2727272727272727,-0.3,0.18181818181818182,0.18181818181818182,0.7,0.87,0.1,0.18181818181818182,0.25,0
0.09090909090909091,0.2727272727272727,0.5454545454545454,111.8,0.6363636363636364,99.8,0.7272727272727273,-1.2,0.09090909090909091,0.18181818181818182,0.5,0.62,0.4,0.09090909090909091,0.55,1
0.09090909090909091,0.09090909090909091,0.5454545454545454,18.8,0.6363636363636364,25.9,0.7272727272727273,0.7,0.2727272727272727,0.5454545454545454,0,1,-0.7,0.18181818181818182,0.1,0
