AAWt,AAMt,Sstruct,SaccW,ShbondsW,SaccM,ShbondsM,yDDG,Result,Positiontype,ProteinPropens,Positionaccept,MOSST,SectorSuperficie,Functionalrelevancefunction,Clinical
0.18181818181818182,0.09090909090909091,0.45454545454545453,111.8,0.8181818181818182,93.3,0.18181818181818182,-0.4,0.36363636363636365,0.45454545454545453,0.5,0.62,-0.4,0.09090909090909091,0.55,1
0.2727272727272727,0.18181818181818182,0.45454545454545453,20.4,0.8181818181818182,47.5,0.7272727272727273,0.3,0.36363636363636365,0.18181818181818182,0.6,0.84,0,0.09090909090909091,0.1,0
0.09090909090909091,0.09090909090909091,0.18181818181818182,42.5,0.8181818181818182,55.3,0.7272727272727273,0.7,0.18181818181818182,0.45454545454545453,0.5,0.93,-0.6,0.18181818181818182,0.1,0
0.2727272727272727,0.09090909090909091,0.09090909090909091,0,0.8181818181818182,0.9,0.7272727272727273,-0.4,0.36363636363636365,0.18181818181818182,0.9,0.47,0.6,0.09090909090909091,0.35,1
0.09090909090909091,0.09090909090909091,0.45454545454545453,14.4,0.18181818181818182,17.1,0.09090909090909091,1.1,0.18181818181818182,0.09090909090909091,0.2,0.48,0.8,0.09090909090909091,0.8,0
0.18181818181818182,0.09090909090909091,0.18181818181818182,83.7,0.8181818181818182,89.9,0.7272727272727273,-1,0.09090909090909091,0.09090909090909091,0.7,0.47,-0.1,0.18181818181818182,0.25,1
0.18181818181818182,0.18181818181818182,0.45454545454545453,6,0.8181818181818182,4.7,0.7272727272727273,0.5,0.18181818181818182,0.45454545454545453,0.5,0.61,-0.3,0.18181818181818182,0.6,1
0.09090909090909091,0.09090909090909091,0.45454545454545453,11.1,0.8181818181818182,11.3,0.7272727272727273,1.4,0.18181818181818182,0.45454545454545453,0.5,0.91,-0.4,0.18181818181818182,0.5,1
0.18181818181818182,0.18181818181818182,0.2727272727272727,40.3,0.8181818181818182,20.5,0.7272727272727273,0.3,0.36363636363636365,0.45454545454545453,0.6,0.87,-0.1,0.09090909090909091,0.6,0
0.09090909090909091,0.18181818181818182,0.2727272727272727,63.3,0.18181818181818182,105,0.18181818181818182,-1.6,0.09090909090909091,0.18181818181818182,0,1,-1.2,0.18181818181818182,1,1
0.2727272727272727,0.09090909090909091,0.2727272727272727,11.9,0.8181818181818182,17.4,0.7272727272727273,-5.3,0.09090909090909091,0.18181818181818182,0,1,-1,0.18181818181818182,0.1,0
