AAWt,AAMt,Sstruct,SaccW,ShbondsW,SaccM,ShbondsM,yDDG,Result,Positiontype,ProteinPropens,Positionaccept,MOSST,SectorSuperficie,Functionalrelevancefunction,Clinical
0.0769230769231,0.153846153846,0.0769230769231,25.3,0.923076923077,15.7,0.769230769231,-1.4,0.153846153846,0.538461538462,0.3,0.97,-0.7,0.153846153846,0.25,1
0.0769230769231,0.230769230769,0.153846153846,65.1,0.0769230769231,64.1,0.153846153846,-0.4,0.307692307692,0.307692307692,0.1,0.8,0,0.0769230769231,0.5,1
0.307692307692,0.153846153846,0.307692307692,0.2,0.923076923077,0.3,0.769230769231,-1.1,0.153846153846,0.307692307692,0.6,0.89,-0.1,0.153846153846,0.1,0
0.0769230769231,0.153846153846,0.307692307692,0,0.923076923077,0,0.769230769231,0,0.307692307692,0.538461538462,0,1,-1.3,0.0769230769231,0.5,1
0.153846153846,0.230769230769,0.153846153846,1.4,0.923076923077,2,0.769230769231,-3.3,0.384615384615,0.538461538462,0,1,-0.8,0.153846153846,0.1,1
0.153846153846,0.153846153846,0.384615384615,0,0.923076923077,0,0.769230769231,1.9,0.0769230769231,0.538461538462,0,1,-1.3,0.153846153846,0.75,0
0.0769230769231,0.153846153846,0.307692307692,45.4,0.923076923077,27.8,0.769230769231,-3,0.384615384615,0.307692307692,0.1,0.57,-0.4,0.0769230769231,0.1,1
0.153846153846,0.0769230769231,0.384615384615,0,0.923076923077,10,0.769230769231,-3.3,0.384615384615,0.538461538462,0,1,-0.5,0.153846153846,0.75,0
0.307692307692,0.0769230769231,0.384615384615,59.5,0.923076923077,67.4,0.769230769231,0,0.307692307692,0.0769230769231,0.9,0.56,0.4,0.153846153846,0.1,1
0.0769230769231,0.0769230769231,0.0769230769231,18.3,0.923076923077,27.8,0.0769230769231,0.9,0.0769230769231,0.307692307692,0.5,0.85,-0.7,0.153846153846,0.8,1
0.307692307692,0.153846153846,0.384615384615,26.8,0.923076923077,40.7,0.769230769231,0,0.307692307692,0.538461538462,0,1,-1.2,0.153846153846,0.1,0
0.307692307692,0.0769230769231,0.384615384615,26.8,0.923076923077,54.1,0.769230769231,-2.8,0.384615384615,0.538461538462,0,1,-1.2,0.153846153846,0.1,0
0.153846153846,0.230769230769,0.307692307692,0,0.923076923077,9.3,0.153846153846,-3,0.384615384615,0.0769230769231,0.9,0.47,-0.4,0.153846153846,0.35,0
