Statistic,Value
Mean,2.34932126697
Std,1.1601068725
Max,4.0
Min,0.0
Var,1.34584795561
