AAWt,AAMt,Sstruct,SaccW,ShbondsW,SaccM,ShbondsM,yDDG,Result,Positiontype,ProteinPropens,Positionaccept,MOSST,SectorSuperficie,Functionalrelevancefunction,Clinical
0.056753277688481873,0.028376638844240937,0.028376638844240937,0.7746822404477777,0.08512991653272281,0.3774092966284045,0.11350655537696375,-0.3774092966284045,0.11350655537696375,0.028376638844240937,0.09931823595484329,0.17480009528052418,-0.15890917752774927,0.028376638844240937,0.09931823595484329,0
0.005226450994206367,0.010452901988412734,0.02090580397682547,0.6329232153983911,0.0156793529826191,0.768288296148336,0.02090580397682547,-0.05487773543916686,0.02090580397682547,0.02613225497103184,0.0,0.03658515695944457,-0.03658515695944457,0.010452901988412734,0.031097383415527886,1
0.0038313639826511913,0.0019156819913255956,0.0019156819913255956,0.6745116291457421,0.0057470459739767865,0.7375375666603543,0.0019156819913255956,-0.021455638302846674,0.0076627279653023826,0.009578409956627978,0.0,0.01340977393927917,-0.014750751333207088,0.0019156819913255956,0.0013409773939279171,0
0.15597492548998676,0.15597492548998676,0.3119498509799735,0.0,0.3119498509799735,0.0,0.3119498509799735,-0.436729791371963,0.07798746274499338,0.3899373137249669,0.1637736717644861,0.5240757496463555,0.0,0.07798746274499338,0.054591223921495374,0
0.111411968587562,0.055705984293781,0.222823937175124,0.0,0.222823937175124,0.0,0.222823937175124,0.7408895911072872,0.055705984293781,0.055705984293781,0.2729593230395269,0.09748547251411675,0.42893607906211373,0.111411968587562,0.0,1
0.0029367865754566817,0.0014683932877283408,0.0014683932877283408,0.5406624085415751,0.005873573150913363,0.8408019965532479,0.0029367865754566817,-0.015418129521147579,0.005873573150913363,0.007341966438641705,0.0,0.010278753014098386,-0.013362378918327903,0.0014683932877283408,0.008223002411278709,1
0.1392857631423362,0.0696428815711681,0.2785715262846724,0.0,0.2785715262846724,0.0,0.1392857631423362,0.292500102598906,0.0696428815711681,0.3482144078558405,0.0,0.4875001709981767,-0.5362501880979945,0.0696428815711681,0.24375008549908836,0
