AAWt,AAMt,Sstruct,SaccW,ShbondsW,SaccM,ShbondsM,yDDG,Result,Positiontype,ProteinPropens,Positionaccept,MOSST,SectorSuperficie,Functionalrelevancefunction,Clinical
0.230769230769,0.307692307692,0.615384615385,17.3,0.230769230769,0.3,0.769230769231,-1.1,0.384615384615,0.769230769231,0,1,-0.7,0.384615384615,0.85,0
0.230769230769,0.153846153846,0.615384615385,17.3,0.230769230769,16.3,0.153846153846,3.4,0.0769230769231,0.769230769231,0,1,-1.3,0.384615384615,0.85,1
0.0769230769231,0.153846153846,0.615384615385,15.5,0.769230769231,12.6,0.769230769231,-3.5,0.384615384615,0.153846153846,0.3,0.17,-0.1,0.0769230769231,0.1,1
0.153846153846,0.307692307692,0.615384615385,1.2,0.769230769231,0.8,0.769230769231,-5,0.384615384615,0.769230769231,0,1,-0.9,0.384615384615,0.1,0
0.0769230769231,0.153846153846,0.153846153846,41.5,0.769230769231,34.9,0.769230769231,1,0.0769230769231,0.153846153846,0.9,0.26,0.5,0.384615384615,0,1
0.153846153846,0.153846153846,0.615384615385,0,0.769230769231,0,0.769230769231,-3.4,0.384615384615,0.769230769231,0.3,0.96,-1,0.230769230769,0.35,1
0.153846153846,0.153846153846,0.153846153846,97.4,0.769230769231,89.5,0.769230769231,-1.8,0.384615384615,0.0769230769231,0.3,0.77,0,0.0769230769231,0,0
0.230769230769,0.153846153846,0.615384615385,3.2,0.230769230769,0.2,0.153846153846,1.2,0.0769230769231,0.769230769231,0.5,0.92,-0.5,0.0769230769231,0.6,0
0.0769230769231,0.0769230769231,0.0769230769231,12.8,0.769230769231,17.4,0.0769230769231,-1.2,0.384615384615,0.769230769231,0,1,-0.8,0.0769230769231,0.6,0
0.153846153846,0.307692307692,0.153846153846,25.3,0.769230769231,32.4,0.769230769231,-2.5,0.384615384615,0.769230769231,0.3,0.97,0,0.230769230769,0.25,0
0.0769230769231,0.307692307692,0.153846153846,25.4,0.769230769231,36.1,0.769230769231,-1,0.384615384615,0.769230769231,0,1,-0.5,0.0769230769231,0,0
0.153846153846,0.0769230769231,0.615384615385,1.2,0.769230769231,3.8,0.769230769231,-1.7,0.384615384615,0.769230769231,0,1,-0.7,0.384615384615,0.1,1
0.153846153846,0.0769230769231,0.615384615385,0,0.769230769231,0,0.769230769231,-2.9,0.384615384615,0.769230769231,0.3,0.96,-0.8,0.230769230769,0.35,1
