AAWt,AAMt,Sstruct,SaccW,ShbondsW,SaccM,ShbondsM,yDDG,Result,Positiontype,ProteinPropens,Positionaccept,MOSST,SectorSuperficie,Functionalrelevancefunction,Clinical
0.0909090909091,0.0909090909091,0.181818181818,25.4,0.727272727273,38.2,0.909090909091,0.8,0.0909090909091,0.545454545455,0,1,-1.3,0.0909090909091,0,1
0.272727272727,0.0909090909091,0.636363636364,0,0.727272727273,2.4,0.909090909091,-0.8,0.0909090909091,0.545454545455,0,1,-0.5,0.181818181818,0.35,1
0.181818181818,0.0909090909091,0.0909090909091,12.8,0.727272727273,39.6,0.0909090909091,2.7,0.181818181818,0.545454545455,0,1,-0.5,0.0909090909091,0.6,0
0.272727272727,0.0909090909091,0.181818181818,7.3,0.727272727273,14.4,0.909090909091,-2.2,0.454545454545,0.545454545455,0,1,-0.9,0.545454545455,0.95,0
0.272727272727,0.272727272727,0.636363636364,74,0.272727272727,87.1,0.909090909091,0.2,0.0909090909091,0.272727272727,0.9,0.76,-0.3,0.545454545455,0.1,1
0.0909090909091,0.0909090909091,0.636363636364,4.9,0.272727272727,2.1,0.909090909091,2.5,0.181818181818,0.181818181818,0.7,0.73,-0.4,0.545454545455,0.75,1
0.272727272727,0.0909090909091,0.636363636364,20.1,0.727272727273,24.2,0.909090909091,-4,0.454545454545,0.181818181818,0.2,0.59,-0.1,0.545454545455,0.1,1
0.0909090909091,0.272727272727,0.0909090909091,4.2,0.727272727273,13.7,0.909090909091,-6.5,0.454545454545,0.545454545455,1,0.95,-0.9,0.0909090909091,0.1,0
0.272727272727,0.0909090909091,0.636363636364,74,0.272727272727,96.2,0.909090909091,1.6,0.0909090909091,0.272727272727,0.9,0.76,-0.3,0.545454545455,0.1,1
0.272727272727,0.0909090909091,0.636363636364,0,0.727272727273,5.2,0.909090909091,-5,0.454545454545,0.545454545455,0,1,-0.9,0.181818181818,0.35,1
0.181818181818,0.272727272727,0.636363636364,40.5,0.727272727273,29.7,0.909090909091,-3.3,0.454545454545,0.272727272727,0.3,0.44,-0.3,0.545454545455,0.6,0
