AAWt,AAMt,Sstruct,SaccW,ShbondsW,SaccM,ShbondsM,yDDG,Result,Positiontype,ProteinPropens,Positionaccept,MOSST,SectorSuperficie,Functionalrelevancefunction,Clinical
0.2857142857142857,0.2857142857142857,0.5714285714285714,0,0.5714285714285714,0,1.0,2.5,0.14285714285714285,0.2857142857142857,0,1,-0.3,0.2857142857142857,0.5,1
0.42857142857142855,0.14285714285714285,0.14285714285714285,3.9,0.42857142857142855,3.5,1.0,-0.9,0.2857142857142857,0.7142857142857143,0.5,0.88,-0.4,0.14285714285714285,0.5,0
0.2857142857142857,0.2857142857142857,0.2857142857142857,0,0.5714285714285714,0,1.0,-2.4,0.14285714285714285,0.7142857142857143,0.7,0.78,-0.5,0.2857142857142857,0.1,1
0.42857142857142855,0.14285714285714285,0.5714285714285714,4.9,0.42857142857142855,1.5,1.0,-0.5,0.2857142857142857,0.7142857142857143,0.7,0.73,-0.6,0.2857142857142857,0.75,0
0.2857142857142857,0.2857142857142857,0.2857142857142857,0,0.5714285714285714,0.2,1.0,-1.7,0.14285714285714285,0.7142857142857143,0.7,0.78,0.2,0.2857142857142857,0.1,1
0.2857142857142857,0.14285714285714285,0.5714285714285714,0,0.5714285714285714,0,1.0,-0.2,0.2857142857142857,0.2857142857142857,0,1,-0.8,0.2857142857142857,0.5,0
0.42857142857142855,0.2857142857142857,0.5714285714285714,4.9,0.42857142857142855,1.5,1.0,-0.3,0.2857142857142857,0.7142857142857143,0.7,0.73,-0.3,0.2857142857142857,0.75,1
