AAWt,AAMt,Sstruct,SaccW,ShbondsW,SaccM,ShbondsM,yDDG,Result,Positiontype,ProteinPropens,Positionaccept,MOSST,SectorSuperficie,Functionalrelevancefunction,Clinical
0.09090909090909091,0.09090909090909091,0.45454545454545453,7.3,0.6363636363636364,0.6,0.7272727272727273,0,0.45454545454545453,0.6363636363636364,0,1,-1.1,0.45454545454545453,0.95,1
0.18181818181818182,0.18181818181818182,0.36363636363636365,3.2,0.36363636363636365,0.2,0.18181818181818182,1.2,0.09090909090909091,0.6363636363636364,0.5,0.92,-0.5,0.09090909090909091,0.6,0
0.09090909090909091,0.09090909090909091,0.45454545454545453,18.8,0.6363636363636364,43.1,0.7272727272727273,-0.4,0.45454545454545453,0.6363636363636364,0,1,-0.9,0.09090909090909091,0.1,1
0.09090909090909091,0.18181818181818182,0.09090909090909091,18.3,0.6363636363636364,27.8,0.09090909090909091,0.9,0.09090909090909091,0.36363636363636365,0.5,0.85,-0.7,0.18181818181818182,0.8,1
0.09090909090909091,0.09090909090909091,0.45454545454545453,46.3,0.6363636363636364,11.8,0.7272727272727273,0.1,0.45454545454545453,0.6363636363636364,0,1,-1.2,0.45454545454545453,0.35,0
0.09090909090909091,0.09090909090909091,0.09090909090909091,93.3,0.6363636363636364,92.8,0.7272727272727273,-0.6,0.18181818181818182,0.6363636363636364,0,1,-0.3,0.18181818181818182,0.3,0
0.18181818181818182,0.09090909090909091,0.36363636363636365,17.3,0.36363636363636365,0.3,0.7272727272727273,-1.1,0.09090909090909091,0.6363636363636364,0,1,-0.7,0.45454545454545453,0.85,0
0.18181818181818182,0.09090909090909091,0.36363636363636365,4.9,0.36363636363636365,1.5,0.7272727272727273,-0.5,0.18181818181818182,0.36363636363636365,0.7,0.73,-0.6,0.45454545454545453,0.75,0
0.09090909090909091,0.09090909090909091,0.36363636363636365,29.8,0.6363636363636364,33.5,0.7272727272727273,-2.1,0.09090909090909091,0.36363636363636365,0,0.81,-0.1,0.18181818181818182,0.2,0
0.09090909090909091,0.09090909090909091,0.45454545454545453,50.3,0.36363636363636365,35,0.7272727272727273,0.1,0.45454545454545453,0.6363636363636364,0,1,-1,0.18181818181818182,0.1,1
0.18181818181818182,0.09090909090909091,0.45454545454545453,11.1,0.6363636363636364,46.4,0.18181818181818182,-0.4,0.45454545454545453,0.36363636363636365,0.5,0.91,-0.8,0.45454545454545453,0.5,0
