AAWt,AAMt,Sstruct,SaccW,ShbondsW,SaccM,ShbondsM,yDDG,Result,Positiontype,ProteinPropens,Positionaccept,MOSST,SectorSuperficie,Functionalrelevancefunction,Clinical
0.09090909090909091,0.09090909090909091,0.18181818181818182,61,0.7272727272727273,89.4,0.8181818181818182,0,0.18181818181818182,0.6363636363636364,0.1,0.76,-0.1,0.45454545454545453,0.2,1
0.09090909090909091,0.09090909090909091,0.2727272727272727,0,0.7272727272727273,0,0.8181818181818182,-5.1,0.45454545454545453,0.2727272727272727,0.3,0.96,-1,0.18181818181818182,0.1,1
0.36363636363636365,0.18181818181818182,0.2727272727272727,0,0.7272727272727273,0.3,0.8181818181818182,-3.6,0.45454545454545453,0.6363636363636364,0.7,0.78,-0.6,0.18181818181818182,0.1,0
0.18181818181818182,0.09090909090909091,0.18181818181818182,18.3,0.7272727272727273,27.8,0.18181818181818182,0.9,0.09090909090909091,0.6363636363636364,0.5,0.85,-0.7,0.45454545454545453,0.8,1
0.09090909090909091,0.09090909090909091,0.2727272727272727,4.9,0.18181818181818182,3.1,0.8181818181818182,-1.8,0.2727272727272727,0.6363636363636364,0.7,0.73,0,0.09090909090909091,0.75,0
0.36363636363636365,0.18181818181818182,0.18181818181818182,93.3,0.7272727272727273,99.2,0.18181818181818182,0.1,0.18181818181818182,0.2727272727272727,0,1,-1,0.45454545454545453,0.3,1
0.09090909090909091,0.2727272727272727,0.2727272727272727,50.8,0.7272727272727273,23.9,0.8181818181818182,-1.8,0.2727272727272727,0.6363636363636364,1,0.63,-0.3,0.09090909090909091,0.25,0
0.36363636363636365,0.09090909090909091,0.2727272727272727,23.5,0.7272727272727273,38.4,0.8181818181818182,-1.6,0.2727272727272727,0.2727272727272727,0,1,-0.9,0.09090909090909091,0.6,0
0.18181818181818182,0.09090909090909091,0.18181818181818182,52.4,0.09090909090909091,48.6,0.8181818181818182,-3.3,0.45454545454545453,0.6363636363636364,0.2,0.91,-0.8,0.45454545454545453,0.6,0
0.36363636363636365,0.2727272727272727,0.2727272727272727,0,0.7272727272727273,4.9,0.8181818181818182,-4,0.45454545454545453,0.09090909090909091,0.9,0.47,-0.3,0.09090909090909091,0.35,0
0.09090909090909091,0.2727272727272727,0.09090909090909091,96.5,0.18181818181818182,68,0.8181818181818182,-8.7,0.45454545454545453,0.6363636363636364,0.4,0.6,-0.1,0.45454545454545453,0.3,0
