Statistic,Value
Mean,0.448827004219
Std,0.11286592863
Max,0.82
Min,0.0
Var,0.0127387178456
