AAWt,AAMt,Sstruct,SaccW,ShbondsW,SaccM,ShbondsM,yDDG,Result,Positiontype,ProteinPropens,Positionaccept,MOSST,SectorSuperficie,Functionalrelevancefunction,Clinical
0.14285714285714285,0.14285714285714285,0.2857142857142857,68.8,0.2857142857142857,83.3,0.2857142857142857,0.4,0.42857142857142855,0.2857142857142857,0,1,-1.2,0.42857142857142855,0,0
0.14285714285714285,0.14285714285714285,0.2857142857142857,6.7,0.7142857142857143,17.7,0.5714285714285714,-0.3,0.42857142857142855,0.2857142857142857,0.7,0.78,-0.5,0.42857142857142855,0.5,1
0.2857142857142857,0.2857142857142857,0.42857142857142855,24.3,0.7142857142857143,14.2,0.5714285714285714,1.5,0.2857142857142857,0.2857142857142857,0,0.41,0.7,0.14285714285714285,0,1
0.14285714285714285,0.14285714285714285,0.42857142857142855,14.4,0.2857142857142857,20.5,0.14285714285714285,-3.1,0.14285714285714285,0.14285714285714285,0.2,0.48,-0.2,0.42857142857142855,0.8,0
0.2857142857142857,0.14285714285714285,0.42857142857142855,11.1,0.7142857142857143,46.4,0.2857142857142857,-0.4,0.42857142857142855,0.2857142857142857,0.5,0.91,-0.8,0.2857142857142857,0.5,0
0.2857142857142857,0.2857142857142857,0.2857142857142857,0,0.7142857142857143,0,0.5714285714285714,1.9,0.2857142857142857,0.2857142857142857,0.7,0.25,1.1,0.2857142857142857,0,1
0.2857142857142857,0.14285714285714285,0.2857142857142857,0.5,0.7142857142857143,4,0.5714285714285714,3,0.14285714285714285,0.2857142857142857,0,1,-1,0.14285714285714285,0,0
