AAWt,AAMt,Sstruct,SaccW,ShbondsW,SaccM,ShbondsM,yDDG,Result,Positiontype,ProteinPropens,Positionaccept,MOSST,SectorSuperficie,Functionalrelevancefunction,Clinical
0.0013220904034231843,0.0013220904034231843,0.0026441808068463687,0.6367187382886056,0.0026441808068463687,0.7709109142360588,0.0026441808068463687,0.0037018531295849163,0.003966271210269553,0.0026441808068463687,0.0,0.009254632823962291,-0.011105559388754748,0.003966271210269553,0.0,0
0.00751591855893529,0.00751591855893529,0.01503183711787058,0.3524965804140652,0.03757959279467646,0.9312223094520825,0.03006367423574116,-0.01578342897376411,0.02254775567680587,0.01503183711787058,0.036828000938782926,0.04103691533178669,-0.02630571495627352,0.02254775567680587,0.02630571495627352,1
0.010124296252772499,0.010124296252772499,0.015186444379158748,0.8610713962983011,0.02531074063193125,0.5031775237627932,0.020248592505544998,0.05315255532705562,0.010124296252772499,0.010124296252772499,0.0,0.014528365122728535,0.02480452581929262,0.005062148126386249,0.0,1
0.005652573516886505,0.005652573516886505,0.016957720550659517,0.5697794105021597,0.01130514703377301,0.8111442996732136,0.005652573516886505,-0.12266084531643717,0.005652573516886505,0.005652573516886505,0.007913602923641109,0.018992647016738657,-0.007913602923641109,0.016957720550659517,0.031654411694564434,0
0.005984253816881392,0.002992126908440696,0.008976380725322086,0.23248826078584206,0.014960634542203479,0.971842819861538,0.005984253816881392,-0.008377955343633949,0.008976380725322086,0.005984253816881392,0.010472444179542436,0.019059848406767232,-0.016755910687267898,0.005984253816881392,0.010472444179542436,0
0.11038904456342391,0.11038904456342391,0.11038904456342391,0.0,0.27597261140855983,0.0,0.22077808912684782,0.7340871463467691,0.11038904456342391,0.11038904456342391,0.2704531591803886,0.09659041399299594,0.42499782156918214,0.11038904456342391,0.0,1
0.05362007375111091,0.026810036875555453,0.05362007375111091,0.09383512906444409,0.13405018437777727,0.7506810325155527,0.10724014750222181,0.5630107743866646,0.026810036875555453,0.05362007375111091,0.0,0.18767025812888818,-0.18767025812888818,0.026810036875555453,0.0,0
