AAWt,AAMt,Sstruct,SaccW,ShbondsW,SaccM,ShbondsM,yDDG,Result,Positiontype,ProteinPropens,Positionaccept,MOSST,SectorSuperficie,Functionalrelevancefunction,Clinical
0.42857142857142855,0.14285714285714285,0.14285714285714285,11.1,0.42857142857142855,46.4,0.2857142857142857,-0.4,0.42857142857142855,0.7142857142857143,0.5,0.91,-0.8,0.2857142857142857,0.5,0
0.42857142857142855,0.14285714285714285,0.2857142857142857,3.9,0.5714285714285714,2.4,0.7142857142857143,1.4,0.14285714285714285,0.7142857142857143,0.5,0.88,-0.7,0.42857142857142855,0.5,0
0.14285714285714285,0.14285714285714285,0.14285714285714285,1.2,0.42857142857142855,0.8,0.7142857142857143,-5,0.2857142857142857,0.2857142857142857,0,1,-0.9,0.2857142857142857,0.1,0
0.14285714285714285,0.14285714285714285,0.14285714285714285,96.5,0.5714285714285714,68,0.7142857142857143,-8.7,0.2857142857142857,0.7142857142857143,0.4,0.6,-0.1,0.42857142857142855,0.3,0
0.42857142857142855,0.2857142857142857,0.2857142857142857,3.9,0.5714285714285714,1.9,0.7142857142857143,-1.9,0.14285714285714285,0.7142857142857143,0.5,0.88,-0.8,0.42857142857142855,0.5,0
0.14285714285714285,0.2857142857142857,0.2857142857142857,63.3,0.5714285714285714,97.8,0.2857142857142857,-0.4,0.42857142857142855,0.2857142857142857,0,1,-0.3,0.14285714285714285,1,1
0.14285714285714285,0.14285714285714285,0.2857142857142857,40.3,0.42857142857142855,39.7,0.7142857142857143,0.2,0.42857142857142855,0.7142857142857143,0.6,0.87,0,0.14285714285714285,0.6,0
