AAWt,AAMt,Sstruct,SaccW,ShbondsW,SaccM,ShbondsM,yDDG,Result,Positiontype,ProteinPropens,Positionaccept,MOSST,SectorSuperficie,Functionalrelevancefunction,Clinical
0.008976300362449566,0.002992100120816522,0.002992100120816522,0.23248617938744376,0.008976300362449566,0.9718341192412063,0.005984200241633044,-0.008377880338286263,0.008976300362449566,0.01496050060408261,0.010472350422857827,0.019059677769601248,-0.016755760676572525,0.005984200241633044,0.010472350422857827,0
0.08320421019636326,0.02773473673212109,0.05546947346424218,0.7571583127869057,0.11093894692848436,0.4659435770996343,0.13867368366060545,0.27180041997478666,0.02773473673212109,0.13867368366060545,0.09707157856242382,0.17084597826986592,-0.13590020998739333,0.08320421019636326,0.09707157856242382,0
0.026125605569980538,0.026125605569980538,0.026125605569980538,0.21945508678783654,0.07837681670994162,0.14630339119189104,0.1306280278499027,-0.9143961949493189,0.052251211139961076,0.052251211139961076,0.0,0.18287923898986377,-0.1645913150908774,0.052251211139961076,0.01828792389898638,0
0.0012067499397951803,0.0012067499397951803,0.0012067499397951803,0.8151595843316444,0.004826999759180721,0.5744129713425059,0.006033749698975902,-0.07349107133352648,0.0024134998795903606,0.006033749698975902,0.003378899831426505,0.005068349747139758,-0.0008447249578566263,0.003620249819385541,0.002534174873569879,0
0.0836607545000205,0.055773836333347,0.055773836333347,0.7613128659501865,0.111547672666694,0.37089601161675756,0.1394345908333675,-0.37089601161675756,0.0278869181666735,0.1394345908333675,0.09760421358335726,0.17178341590670876,-0.1561667417333716,0.0836607545000205,0.09760421358335726,0
0.0012261237915201734,0.0024522475830403468,0.0024522475830403468,0.5432954520225888,0.0049044951660806935,0.8394043476747107,0.0024522475830403468,-0.0034331466162564857,0.00367837137456052,0.0024522475830403468,0.0,0.008582866540641214,-0.002574859962192364,0.0012261237915201734,0.008582866540641214,1
0.0025241087771832086,0.0025241087771832086,0.005048217554366417,0.7120510860433831,0.007572326331549625,0.7014498291792137,0.012620543885916043,0.003533752288056492,0.007572326331549625,0.012620543885916043,0.010601256864169475,0.01537182245304574,0.0,0.0025241087771832086,0.010601256864169475,0
