AAWt,AAMt,Sstruct,SaccW,ShbondsW,SaccM,ShbondsM,yDDG,Result,Positiontype,ProteinPropens,Positionaccept,MOSST,SectorSuperficie,Functionalrelevancefunction,Clinical
0.230769230769,0.153846153846,0.615384615385,0,0.615384615385,0,0.692307692308,-1.3,0.0769230769231,0.307692307692,0,1,-1.1,0.153846153846,0.5,1
0.153846153846,0.230769230769,0.615384615385,0,0.615384615385,16.9,0.692307692308,-3.2,0.461538461538,0.153846153846,0.9,0.47,-0.2,0.153846153846,0.35,1
0.153846153846,0.384615384615,0.615384615385,40.5,0.615384615385,29.7,0.692307692308,-3.3,0.461538461538,0.153846153846,0.3,0.44,-0.3,0.153846153846,0.6,0
0.153846153846,0.230769230769,0.0769230769231,82.8,0.307692307692,74.3,0.307692307692,-0.7,0.0769230769231,0.384615384615,0.8,0.64,-0.2,0.0769230769231,0.1,0
0.153846153846,0.384615384615,0.230769230769,52.4,0.0769230769231,29.7,0.692307692308,-2.3,0.461538461538,0.384615384615,0.2,0.91,-0.8,0.153846153846,0.6,0
0.153846153846,0.384615384615,0.230769230769,6.7,0.615384615385,21.4,0.692307692308,-3.5,0.461538461538,0.384615384615,0.7,0.78,-0.1,0.153846153846,0.5,1
0.0769230769231,0.0769230769231,0.230769230769,63.3,0.307692307692,97.8,0.307692307692,-0.4,0.153846153846,0.307692307692,0,1,-0.3,0.0769230769231,1,1
0.153846153846,0.384615384615,0.615384615385,0,0.615384615385,4.9,0.692307692308,-4,0.461538461538,0.153846153846,0.9,0.47,-0.3,0.153846153846,0.35,0
0.0769230769231,0.0769230769231,0.615384615385,0.3,0.615384615385,18,0.692307692308,-5.2,0.461538461538,0.307692307692,0.3,0.95,-0.7,0.0769230769231,0.1,0
0.0769230769231,0.0769230769231,0.0769230769231,21.2,0.615384615385,25.6,0.692307692308,0.8,0.153846153846,0.384615384615,0,0.83,-0.6,0.153846153846,0.25,0
0.230769230769,0.153846153846,0.615384615385,45.5,0.307692307692,50.6,0.307692307692,1.2,0.0769230769231,0.384615384615,0.9,0.69,-0.2,0.153846153846,0.1,1
0.230769230769,0.230769230769,0.615384615385,0,0.615384615385,0,0.307692307692,0.6,0.153846153846,0.307692307692,0,1,-1.1,0.153846153846,0.5,0
0.0769230769231,0.384615384615,0.615384615385,74,0.307692307692,87.1,0.692307692308,0.2,0.153846153846,0.153846153846,0.9,0.76,-0.3,0.153846153846,0.1,1
