AAWt,AAMt,Sstruct,SaccW,ShbondsW,SaccM,ShbondsM,yDDG,Result,Positiontype,ProteinPropens,Positionaccept,MOSST,SectorSuperficie,Functionalrelevancefunction,Clinical
0.285714285714,0.285714285714,0.428571428571,20.4,0.857142857143,47.5,0.857142857143,0.3,0.285714285714,0.142857142857,0.6,0.84,0,0.142857142857,0.1,0
0.285714285714,0.285714285714,0.142857142857,93.3,0.857142857143,96.3,0.857142857143,-1,0.285714285714,0.428571428571,0,1,-1,0.285714285714,0.3,1
0.285714285714,0.142857142857,0.285714285714,0.3,0.857142857143,0,0.857142857143,-5.1,0.428571428571,0.428571428571,0.3,0.95,-0.9,0.142857142857,0.1,1
0.285714285714,0.285714285714,0.285714285714,0.2,0.857142857143,0.3,0.857142857143,-1.1,0.285714285714,0.428571428571,0.6,0.89,-0.1,0.285714285714,0.1,0
0.285714285714,0.142857142857,0.142857142857,3.9,0.142857142857,15.2,0.857142857143,-2.4,0.428571428571,0.428571428571,0.5,0.88,-0.3,0.285714285714,0.5,0
0.285714285714,0.142857142857,0.428571428571,11.1,0.857142857143,46.4,0.142857142857,-0.4,0.285714285714,0.428571428571,0.5,0.91,-0.8,0.142857142857,0.5,0
0.142857142857,0.285714285714,0.428571428571,0,0.857142857143,4.1,0.857142857143,-2.5,0.428571428571,0.428571428571,0,1,-0.8,0.285714285714,0.15,0
