AAWt,AAMt,Sstruct,SaccW,ShbondsW,SaccM,ShbondsM,yDDG,Result,Positiontype,ProteinPropens,Positionaccept,MOSST,SectorSuperficie,Functionalrelevancefunction,Clinical
0.285714285714,0.142857142857,0.285714285714,74.6,0.857142857143,70.3,0.285714285714,1.1,0.142857142857,0.428571428571,0,0.79,-0.3,0.142857142857,0.35,1
0.142857142857,0.285714285714,0.285714285714,0,0.857142857143,0,0.571428571429,-2.9,0.285714285714,0.571428571429,0.3,0.96,-0.8,0.142857142857,0.35,1
0.142857142857,0.285714285714,0.428571428571,6.7,0.857142857143,17.7,0.571428571429,-0.3,0.285714285714,0.428571428571,0.7,0.78,-0.5,0.285714285714,0.5,1
0.142857142857,0.142857142857,0.285714285714,0,0.857142857143,0,0.571428571429,-1.3,0.285714285714,0.571428571429,0,1,-1.1,0.142857142857,0.5,1
0.142857142857,0.285714285714,0.428571428571,68.8,0.142857142857,71.8,0.571428571429,-2.4,0.285714285714,0.571428571429,0,1,-1.1,0.285714285714,0,0
0.142857142857,0.285714285714,0.285714285714,111.8,0.857142857143,93.3,0.285714285714,-0.4,0.285714285714,0.428571428571,0.5,0.62,-0.4,0.142857142857,0.55,1
0.285714285714,0.142857142857,0.428571428571,12.8,0.857142857143,17.4,0.142857142857,-1.2,0.285714285714,0.571428571429,0,1,-0.8,0.142857142857,0.6,0
