AAWt,AAMt,Sstruct,SaccW,ShbondsW,SaccM,ShbondsM,yDDG,Result,Positiontype,ProteinPropens,Positionaccept,MOSST,SectorSuperficie,Functionalrelevancefunction,Clinical
0.004619172175114648,0.002309586087557324,0.004619172175114648,0.563539005363987,0.006928758262671972,0.8259079849104991,0.009238344350229296,0.0,0.004619172175114648,0.004619172175114648,0.0009238344350229297,0.007021141706174266,-0.0009238344350229297,0.004619172175114648,0.0018476688700458594,1
0.0049442756009260205,0.0049442756009260205,0.0049442756009260205,0.6605552202837164,0.014832826802778061,0.7495521811003847,0.019777102403704082,-0.01582168192296327,0.0049442756009260205,0.0049442756009260205,0.0,0.019777102403704082,-0.019777102403704082,0.0049442756009260205,0.006921985841296429,1
0.003843903478610234,0.003843903478610234,0.003843903478610234,0.6888275033669539,0.003843903478610234,0.7241914153701681,0.015375613914440936,-0.021525859480217308,0.003843903478610234,0.003843903478610234,0.01230049113155275,0.0043051718960434625,0.009225368348664562,0.003843903478610234,0.0023063420871661405,1
0.004471282450755512,0.002235641225377756,0.004471282450755512,0.5454964589921725,0.006706923676133268,0.837918331271583,0.008942564901511024,0.002682769470453307,0.004471282450755512,0.004471282450755512,0.0008942564901511025,0.006796349325148378,0.006259795431057717,0.004471282450755512,0.001788512980302205,1
