AAWt,AAMt,Sstruct,SaccW,ShbondsW,SaccM,ShbondsM,yDDG,Result,Positiontype,ProteinPropens,Positionaccept,MOSST,SectorSuperficie,Functionalrelevancefunction,Clinical
0.00256259914187,0.00256259914187,0.00768779742561,0.549421256017,0.0179381939931,0.834382280593,0.0179381939931,0.0,0.00512519828374,0.0128129957094,0.0,0.020500793135,-0.024600951762,0.00256259914187,0.0020500793135,0
0.00368655359555,0.0073731071911,0.0073731071911,0.0943757720461,0.00368655359555,0.979148634978,0.0258058751688,-0.171056086833,0.0110596607866,0.0184327679777,0.0147462143822,0.0271330344632,-0.0235939430115,0.00368655359555,0.0176954572586,1
0.00565726882934,0.00282863441467,0.00848590324401,0.574778513061,0.0198004409027,0.816909618957,0.0198004409027,-0.0226290753174,0.00565726882934,0.0141431720734,0.0,0.0226290753174,-0.0113145376587,0.00282863441467,0.0,0
0.00725198826835,0.00725198826835,0.00725198826835,0.00580159061468,0.0253819589392,0.989171199803,0.0253819589392,-0.136337379445,0.0108779824025,0.00362599413418,0.0145039765367,0.0263972372968,-0.0203055671514,0.00362599413418,0.00290079530734,0
0.0112605918239,0.0112605918239,0.0225211836477,0.612576195217,0.078824142767,0.774728717481,0.0112605918239,0.0450423672954,0.0225211836477,0.0563029591193,0.0270254203772,0.0873821925531,-0.0540508407545,0.0112605918239,0.0180169469182,0
0.00222418409512,0.00222418409512,0.00667255228536,0.903908416257,0.0155692886658,0.425263998987,0.0155692886658,-0.0320282509697,0.00444836819024,0.00444836819024,0.017793472761,0.0112098878394,-0.00533804182829,0.00222418409512,0.00444836819024,0
0.00759340187987,0.00759340187987,0.00759340187987,0.595322707382,0.0265769065795,0.79578851701,0.0265769065795,0.100232904814,0.00379670093993,0.00759340187987,-0.00303736075195,0.0182241645117,-0.0151868037597,0.00379670093993,0.00455604112792,0
0.0549235036381,0.0549235036381,0.0274617518191,0.307571620373,0.192232262733,0.439388029105,0.192232262733,-0.724990248023,0.0823852554572,0.137308759095,0.0,0.219694014552,-0.175755211642,0.0274617518191,0.0219694014552,1
