Statistic,Value
Mean,4.33651344319
Std,1.3596313413
Max,6.0
Min,0.0
Var,1.84859738425
