AAWt,AAMt,Sstruct,SaccW,ShbondsW,SaccM,ShbondsM,yDDG,Result,Positiontype,ProteinPropens,Positionaccept,MOSST,SectorSuperficie,Functionalrelevancefunction,Clinical
0.0115132653073,0.0115132653073,0.00575663265365,0.391451020448,0.0345397959219,0.869251530701,0.0460530612292,-0.282075000029,0.0230265306146,0.0345397959219,0.017269897961,0.0558393367404,-0.0518096938829,0.00575663265365,0.0115132653073,0
0.00089095283438,0.00089095283438,0.00356381133752,0.817003749126,0.00356381133752,0.576446483844,0.00712762267504,0.0,0.00178190566876,0.00267285850314,0.0044547641719,0.00801857550942,-0.00623666984066,0.00178190566876,0.0,0
0.00324957413542,0.00162478706771,0.00812393533855,0.73765332874,0.00974872240626,0.674286633099,0.00162478706771,-0.0292461672188,0.00487436120313,0.00487436120313,0.00162478706771,0.00926128628594,-0.00324957413542,0.00487436120313,0.00162478706771,0
0.0183446406838,0.0183446406838,0.0917232034192,0.898887393508,0.0733785627354,0.275169610258,0.146757125471,-0.0917232034192,0.0183446406838,0.0550339220515,0.128412484787,0.133915876992,-0.110067844103,0.0550339220515,0.137584805129,0
0.0021249581985,0.0021249581985,0.008499832794,0.399492141318,0.012749749191,0.915856983553,0.016999665588,-0.008499832794,0.004249916397,0.012749749191,0.0,0.021249581985,-0.0191246237865,0.0021249581985,0.0021249581985,1
0.00221774743443,0.00221774743443,0.0088709897377,0.52117064709,0.0133064846066,0.851615014819,0.0177419794754,-0.0354839589508,0.00665324230328,0.0133064846066,0.0,0.0221774743443,-0.0199597269098,0.00221774743443,0.0133064846066,0
0.0342883734872,0.0342883734872,0.085720933718,0.0,0.102865120462,0.394316295103,0.137153493949,-0.85720933718,0.0685767469744,0.102865120462,0.0,0.171441867436,-0.154297680692,0.0171441867436,0.042860466859,0
0.018345535899,0.018345535899,0.0917276794949,0.055036607697,0.110073215394,0.0,0.146764287192,-0.935622330848,0.073382143596,0.110073215394,0.055036607697,0.17428259104,-0.165109823091,0.018345535899,0.018345535899,1
0.00791336146087,0.00395668073043,0.0158267229217,0.569762025182,0.0158267229217,0.811119549739,0.00395668073043,-0.122657102643,0.0158267229217,0.00395668073043,0.00791336146087,0.0189920675061,-0.00791336146087,0.00791336146087,0.0316534458435,0
0.00365912095403,0.00365912095403,0.0182956047701,0.633027925047,0.0146364838161,0.768415400346,0.0292729676322,-0.0548868143104,0.0109773628621,0.0219547257242,0.0,0.0365912095403,-0.0365912095403,0.0109773628621,0.0311025281092,1
