AAWt,AAMt,Sstruct,SaccW,ShbondsW,SaccM,ShbondsM,yDDG,Result,Positiontype,ProteinPropens,Positionaccept,MOSST,SectorSuperficie,Functionalrelevancefunction,Clinical
0.142857142857,0.285714285714,0.285714285714,0,0.857142857143,0,0.857142857143,0,0.428571428571,0.285714285714,0,1,-1.3,0.142857142857,0.5,1
0.285714285714,0.142857142857,0.285714285714,0.2,0.857142857143,0.3,0.857142857143,-1.1,0.142857142857,0.714285714286,0.6,0.89,-0.1,0.142857142857,0.1,0
0.142857142857,0.285714285714,0.142857142857,7.3,0.857142857143,1.7,0.142857142857,-2.3,0.428571428571,0.285714285714,0,1,-0.3,0.142857142857,0.95,1
0.142857142857,0.142857142857,0.428571428571,6.7,0.857142857143,21.4,0.857142857143,-3.5,0.428571428571,0.714285714286,0.7,0.78,-0.1,0.428571428571,0.5,1
0.142857142857,0.142857142857,0.428571428571,52.4,0.142857142857,48.6,0.857142857143,-3.3,0.428571428571,0.714285714286,0.2,0.91,-0.8,0.428571428571,0.6,0
0.142857142857,0.142857142857,0.142857142857,61,0.857142857143,89.4,0.857142857143,0,0.428571428571,0.714285714286,0.1,0.76,-0.1,0.428571428571,0.2,1
0.285714285714,0.142857142857,0.428571428571,40.3,0.857142857143,36.1,0.857142857143,0.6,0.428571428571,0.714285714286,0.6,0.87,0.3,0.142857142857,0.6,1
