AAWt,AAMt,Sstruct,SaccW,ShbondsW,SaccM,ShbondsM,yDDG,Result,Positiontype,ProteinPropens,Positionaccept,MOSST,SectorSuperficie,Functionalrelevancefunction,Clinical
0.0035333355984997635,0.0035333355984997635,0.01060000679549929,0.2745401760034316,0.02120001359099858,0.9596539485525357,0.02120001359099858,0.027206684108448183,0.014133342393999054,0.014133342393999054,0.012366674594749173,0.022507347762443494,-0.01978667935159868,0.017666677992498818,0.012366674594749173,1
0.0013933841413976014,0.0013933841413976014,0.0041801524241928045,0.7276251986378275,0.008360304848385609,0.6856843359817597,0.0013933841413976014,0.010729057888761533,0.005573536565590406,0.005573536565590406,0.0,0.007705414301928737,-0.0029261066969349632,0.006966920706988008,0.0034137911464241235,1
0.057640478012852304,0.028820239006426152,0.11528095602570461,0.24209000765397967,0.1729214340385569,0.8876633613979256,0.1729214340385569,-0.08069666921799323,0.028820239006426152,0.057640478012852304,0.0,0.20174167304498306,-0.06052250191349492,0.14410119503213076,0.02017416730449831,0
0.05956946866633586,0.08935420299950379,0.11913893733267172,0.2501917683986106,0.17870840599900759,0.792273933262267,0.17870840599900759,-0.3544383385646984,0.05956946866633586,0.05956946866633586,0.0,0.20849314033217553,-0.14594519823252286,0.14892367166583967,0.020849314033217554,1
0.06494425296773156,0.06494425296773156,0.2597770118709262,0.0909219541548242,0.38966551780638936,0.13638293123223627,0.38966551780638936,-0.500070747851533,0.1298885059354631,0.2597770118709262,0.27276586246447254,0.40460269598896764,-0.0454609770774121,0.1298885059354631,0.0454609770774121,0
0.0011768005520360603,0.0035304016561081807,0.004707202208144241,0.6095826859546792,0.0011768005520360603,0.792457491741083,0.007060803312216361,0.013180166182803876,0.004707202208144241,0.0011768005520360603,0.00741384347782718,0.0062605789368318406,-0.0024712811592757264,0.005884002760180302,0.0008237603864252423,1
0.0030827780364238054,0.009248334109271417,0.009248334109271417,0.3517449739559562,0.018496668218542834,0.9343900228400555,0.018496668218542834,0.03452711400794663,0.012331112145695221,0.012331112145695221,0.017263557003973314,0.01596879022867531,-0.006473833876489992,0.006165556072847611,0.014026640065728317,1
