Statistic,Value
Mean,40.3164556962
Std,9.58093787477
Max,49.0
Min,8.0
Var,91.7943705603
