AAWt,AAMt,Sstruct,SaccW,ShbondsW,SaccM,ShbondsM,yDDG,Result,Positiontype,ProteinPropens,Positionaccept,MOSST,SectorSuperficie,Functionalrelevancefunction,Clinical
0.001334407314,0.001334407314,0.002001610971,0.745933688526,0.006004832913,0.665869249686,0.006004832913,-0.008006443884,0.002001610971,0.002001610971,0.003336018285,0.0041366626734,0.002668814628,0.000667203657,0.0036696201135,1
0.0147497384971,0.00983315899809,0.0196663179962,0.762069822352,0.0442492154914,0.61948901688,0.0442492154914,-0.172080282467,0.0147497384971,0.00983315899809,0.0147497384971,0.00835818514838,-0.00491657949905,0.0245828974952,0.00491657949905,1
0.00311814093485,0.00311814093485,0.00935442280456,0.586210495753,0.0280632684137,0.807598502127,0.0280632684137,0.021826986544,0.00623628186971,0.0155907046743,0.0,0.0311814093485,-0.021826986544,0.0155907046743,0.00311814093485,0
0.0367483182287,0.0367483182287,0.0734966364575,0.0918707955718,0.165367432029,0.734966364575,0.165367432029,0.551224773431,0.0183741591144,0.0918707955718,0.0,0.183741591144,-0.183741591144,0.0918707955718,0.0,0
0.00673232784923,0.00448821856615,0.00673232784923,0.796658795492,0.0201969835477,0.596933069298,0.0201969835477,-0.0830320434738,0.00673232784923,0.0112205464154,0.00673232784923,0.0213190381892,-0.0224410928308,0.00224410928308,0.00224410928308,0
0.00106990413996,0.00106990413996,0.00320971241988,0.498575329222,0.00106990413996,0.866622353368,0.00106990413996,-0.0139087538195,0.00320971241988,0.00320971241988,0.00641942483976,0.00962913725965,0.00320971241988,0.00106990413996,0.00374466448986,1
0.00184295008439,0.00368590016878,0.00552885025317,0.764824285022,0.0165865507595,0.643189579453,0.0165865507595,0.0184295008439,0.00368590016878,0.00368590016878,0.0165865507595,0.00479167021942,0.00921475042196,0.00184295008439,0.0,1
0.072547625011,0.072547625011,0.145095250022,0.181369062528,0.32646431255,0.072547625011,0.32646431255,0.544107187583,0.0362738125055,0.181369062528,0.0,0.362738125055,-0.471559562572,0.181369062528,0.0,0
0.0153382973066,0.00511276576887,0.0153382973066,0.608419126496,0.0460148919198,0.777140396868,0.0460148919198,-0.117593612684,0.0153382973066,0.0255638288444,0.0,0.0511276576887,-0.0613531892265,0.00511276576887,0.00511276576887,1
0.0915535582178,0.0457767791089,0.183107116436,0.0915535582178,0.41199101198,0.137330337327,0.41199101198,-0.503544570198,0.137330337327,0.137330337327,0.274660674653,0.407413334069,-0.0457767791089,0.228883895544,0.0457767791089,0
