AAWt,AAMt,Sstruct,SaccW,ShbondsW,SaccM,ShbondsM,yDDG,Result,Positiontype,ProteinPropens,Positionaccept,MOSST,SectorSuperficie,Functionalrelevancefunction,Clinical
0.272727272727,0.181818181818,0.272727272727,111.8,0.909090909091,99.8,0.909090909091,-1.2,0.272727272727,0.272727272727,0.5,0.62,0.4,0.0909090909091,0.55,1
0.272727272727,0.181818181818,0.363636363636,15.5,0.909090909091,12.6,0.909090909091,-3.5,0.272727272727,0.181818181818,0.3,0.17,-0.1,0.454545454545,0.1,1
0.0909090909091,0.181818181818,0.272727272727,18.8,0.909090909091,25.9,0.909090909091,0.7,0.181818181818,0.545454545455,0,1,-0.7,0.454545454545,0.1,0
0.181818181818,0.181818181818,0.363636363636,0.5,0.909090909091,4,0.909090909091,3,0.0909090909091,0.545454545455,0,1,-1,0.454545454545,0,0
0.272727272727,0.181818181818,0.363636363636,35.5,0.909090909091,26.6,0.909090909091,-3.7,0.272727272727,0.545454545455,0.3,0.95,-1,0.0909090909091,0.1,0
0.0909090909091,0.0909090909091,0.363636363636,46.6,0.0909090909091,81,0.0909090909091,-1.3,0.272727272727,0.272727272727,0.6,0.9,0.3,0.0909090909091,0.35,1
0.0909090909091,0.181818181818,0.272727272727,41.5,0.909090909091,34.9,0.909090909091,1,0.181818181818,0.181818181818,0.9,0.26,0.5,0.0909090909091,0,1
0.181818181818,0.181818181818,0.363636363636,0.5,0.909090909091,0.2,0.909090909091,1.5,0.0909090909091,0.545454545455,0,1,-1.3,0.454545454545,0,0
0.272727272727,0.0909090909091,0.363636363636,11.9,0.909090909091,15.2,0.909090909091,-2.3,0.272727272727,0.545454545455,0,1,-1.2,0.0909090909091,0.1,1
0.272727272727,0.0909090909091,0.363636363636,0.2,0.909090909091,0.3,0.909090909091,-1.1,0.272727272727,0.272727272727,0.6,0.89,-0.1,0.454545454545,0.1,0
0.272727272727,0.181818181818,0.363636363636,52.6,0.909090909091,74.5,0.909090909091,0.3,0.0909090909091,0.545454545455,0,1,-1.1,0.0909090909091,0.8,1
