AAWt,AAMt,Sstruct,SaccW,ShbondsW,SaccM,ShbondsM,yDDG,Result,Positiontype,ProteinPropens,Positionaccept,MOSST,SectorSuperficie,Functionalrelevancefunction,Clinical
0.00241355260104,0.00241355260104,0.00120677630052,0.815177391001,0.00120677630052,0.574425519047,0.00482710520208,-0.0734926767017,0.00482710520208,0.00362032890156,0.00337897364146,0.00506846046218,-0.000844743410364,0.00120677630052,0.00253423023109,0
0.0278164116829,0.0278164116829,0.0834492350487,0.0,0.139082058414,0.798331015299,0.111265646732,-0.486787204451,0.111265646732,0.0556328233658,0.0,0.19471488178,-0.155771905424,0.0834492350487,0.029207232267,0
0.00139345313122,0.00278690626244,0.00418035939366,0.727661225123,0.0069672656561,0.685718285873,0.00278690626244,0.0107295891104,0.00139345313122,0.00418035939366,0.0,0.00770579581564,-0.00292625157556,0.00139345313122,0.00341396017149,1
0.00463275828819,0.0023163791441,0.0023163791441,0.65345055655,0.0115818957205,0.755602876804,0.0023163791441,-0.0356722388191,0.00926551657639,0.00694913743229,0.00972879240521,0.0141067489875,-0.00972879240521,0.0023163791441,0.00972879240521,0
0.0128925897422,0.0257851794843,0.0128925897422,0.613687271727,0.0644629487108,0.776133902479,0.0257851794843,0.0451240640976,0.0257851794843,0.0257851794843,0.0270744384586,0.0875406843493,-0.0541488769171,0.0128925897422,0.018049625639,0
0.00317739482289,0.00158869741144,0.00476609223433,0.661692471866,0.00794348705722,0.749547438719,0.00635478964577,0.0,0.00317739482289,0.00317739482289,0.0100087936921,0.00622769385286,0.00444835275204,0.00476609223433,0.00111208818801,1
0.00531942654685,0.00531942654685,0.00265971327342,0.834086082546,0.00265971327342,0.549230790962,0.0106388530937,-0.0446831829935,0.0106388530937,0.00531942654685,0.0148943943312,0.00521303801591,-0.0018617992914,0.00797913982027,0.0027926989371,0
