AAWt,AAMt,Sstruct,SaccW,ShbondsW,SaccM,ShbondsM,yDDG,Result,Positiontype,ProteinPropens,Positionaccept,MOSST,SectorSuperficie,Functionalrelevancefunction,Clinical
0.285714285714,0.285714285714,0.142857142857,96.5,0.142857142857,68,0.571428571429,-8.7,0.571428571429,0.428571428571,0.4,0.6,-0.1,0.142857142857,0.3,0
0.142857142857,0.142857142857,0.428571428571,0,0.714285714286,4.1,0.571428571429,-2.5,0.571428571429,0.285714285714,0,1,-0.8,0.428571428571,0.15,0
0.142857142857,0.285714285714,0.428571428571,74.6,0.714285714286,70.3,0.285714285714,1.1,0.142857142857,0.428571428571,0,0.79,-0.3,0.142857142857,0.35,1
0.285714285714,0.142857142857,0.142857142857,40.3,0.714285714286,46.6,0.142857142857,-2.2,0.571428571429,0.428571428571,0.6,0.87,-0.6,0.142857142857,0.6,0
0.142857142857,0.285714285714,0.142857142857,6.8,0.714285714286,8.6,0.285714285714,0.5,0.285714285714,0.285714285714,0.3,0.97,-0.6,0.142857142857,0.2,0
0.285714285714,0.142857142857,0.428571428571,59.5,0.714285714286,67.4,0.571428571429,0,0.285714285714,0.285714285714,0.9,0.56,0.4,0.428571428571,0.1,1
0.285714285714,0.285714285714,0.142857142857,44.8,0.142857142857,29.5,0.571428571429,-2.4,0.571428571429,0.285714285714,0.8,0.28,-0.1,0.428571428571,0.15,0
