AAWt,AAMt,Sstruct,SaccW,ShbondsW,SaccM,ShbondsM,yDDG,Result,Positiontype,ProteinPropens,Positionaccept,MOSST,SectorSuperficie,Functionalrelevancefunction,Clinical
0.142857142857,0.142857142857,0.285714285714,1.4,0.714285714286,2,0.857142857143,-1.4,0.142857142857,0.428571428571,0,1,-0.6,0.142857142857,0.1,0
0.571428571429,0.285714285714,0.285714285714,24.3,0.714285714286,14.2,0.857142857143,1.5,0.285714285714,0.285714285714,0,0.41,0.7,0.142857142857,0,1
0.142857142857,0.285714285714,0.285714285714,65.7,0.142857142857,85.6,0.142857142857,0.3,0.428571428571,0.285714285714,0.4,0.14,-0.1,0.142857142857,0.15,1
0.571428571429,0.285714285714,0.428571428571,0.5,0.714285714286,1.2,0.857142857143,-0.4,0.428571428571,0.428571428571,0,1,-0.8,0.285714285714,0,0
0.142857142857,0.142857142857,0.428571428571,74,0.142857142857,87.1,0.857142857143,0.2,0.428571428571,0.285714285714,0.9,0.76,-0.3,0.285714285714,0.1,1
0.571428571429,0.142857142857,0.428571428571,0.5,0.714285714286,1.5,0.857142857143,1.4,0.285714285714,0.428571428571,0,1,-1.1,0.285714285714,0,0
0.571428571429,0.285714285714,0.285714285714,55.9,0.714285714286,66.1,0.857142857143,-0.9,0.142857142857,0.285714285714,-0.1,0.2,0.4,0.285714285714,0,1
