Element A,Element B,statistic,P-Value,correction Data,response
1,2,5146.0,0.722192662134,4.62962962966e-06,Iguales
1,3,4965.0,0.932818428517,4.62962962966e-06,Iguales
2,1,4854.0,0.722192662134,4.62962962966e-06,Iguales
2,3,4768.5,0.572442062601,4.62962962966e-06,Iguales
3,1,5035.0,0.932818428517,4.62962962966e-06,Iguales
3,2,5231.5,0.572442062601,4.62962962966e-06,Iguales
