Statistic,Value
Mean,0.610940095769
Std,0.0795842077159
Max,0.888888888889
Min,0.194444444444
Var,0.00633364611777
