Metric,Score
accuracy,0.607142857143
recall,0.607142857143
precision,0.607142857143
