AAWt,AAMt,Sstruct,SaccW,ShbondsW,SaccM,ShbondsM,yDDG,Result,Positiontype,ProteinPropens,Positionaccept,MOSST,SectorSuperficie,Functionalrelevancefunction,Clinical
0.153846153846,0.0769230769231,0.538461538462,50.3,0.230769230769,72.2,0.769230769231,-2.4,0.153846153846,0.615384615385,0,1,-0.7,0.153846153846,0.1,0
0.230769230769,0.153846153846,0.0769230769231,0.5,0.692307692308,4,0.769230769231,3,0.0769230769231,0.615384615385,0,1,-1,0.0769230769231,0,0
0.0769230769231,0.153846153846,0.538461538462,46.3,0.692307692308,11.8,0.769230769231,0.1,0.230769230769,0.615384615385,0,1,-1.2,0.153846153846,0.35,0
0.153846153846,0.0769230769231,0.230769230769,52.6,0.692307692308,81.8,0.230769230769,-1.5,0.153846153846,0.615384615385,0,1,-1.3,0.153846153846,0.8,1
0.0769230769231,0.153846153846,0.0769230769231,96.5,0.230769230769,95.3,0.230769230769,0.3,0.230769230769,0.384615384615,0.4,0.6,0.2,0.153846153846,0.3,0
0.153846153846,0.0769230769231,0.538461538462,111.8,0.692307692308,92.1,0.769230769231,-0.5,0.230769230769,0.384615384615,0.5,0.62,-0.1,0.153846153846,0.55,0
0.230769230769,0.0769230769231,0.538461538462,55.9,0.692307692308,66.1,0.769230769231,-0.9,0.230769230769,0.384615384615,-0.1,0.2,0.4,0.153846153846,0,1
0.153846153846,0.0769230769231,0.538461538462,50.3,0.230769230769,35,0.769230769231,0.1,0.230769230769,0.615384615385,0,1,-1,0.153846153846,0.1,1
0.230769230769,0.0769230769231,0.0769230769231,4.2,0.692307692308,13.7,0.769230769231,-6.5,0.153846153846,0.615384615385,1,0.95,-0.9,0.0769230769231,0.1,0
0.0769230769231,0.0769230769231,0.230769230769,47.8,0.0769230769231,67.9,0.230769230769,1.6,0.0769230769231,0.384615384615,0.2,0.92,-0.8,0.0769230769231,0.35,0
0.230769230769,0.0769230769231,0.230769230769,93.3,0.692307692308,92.8,0.769230769231,-0.6,0.230769230769,0.615384615385,0,1,-0.3,0.153846153846,0.3,0
0.230769230769,0.153846153846,0.538461538462,21.2,0.692307692308,25.6,0.769230769231,0.8,0.0769230769231,0.384615384615,0,0.83,-0.6,0.153846153846,0.25,0
0.230769230769,0.0769230769231,0.538461538462,23.5,0.692307692308,34.7,0.769230769231,-1.1,0.153846153846,0.615384615385,0,1,-0.8,0.153846153846,0.6,1
