AAWt,AAMt,Sstruct,SaccW,ShbondsW,SaccM,ShbondsM,yDDG,Result,Positiontype,ProteinPropens,Positionaccept,MOSST,SectorSuperficie,Functionalrelevancefunction,Clinical
0.0022532699008051796,0.0022532699008051796,0.009013079603220718,0.6822901259638083,0.0022532699008051796,0.7309607558212001,0.0022532699008051796,0.0009013079603220718,0.0022532699008051796,0.004506539801610359,0.0009013079603220718,0.006489417314318916,0.0,0.0022532699008051796,0.0009013079603220718,1
0.0028871647212902972,0.0028871647212902972,0.011548658885161189,0.6455700316805104,0.008661494163870891,0.7633663523091545,0.008661494163870891,-0.010393792996645071,0.0028871647212902972,0.0057743294425805945,-0.001154865888516119,0.002309731777032238,0.004619463554064476,0.0057743294425805945,0.0,1
0.005021059811382491,0.005021059811382491,0.020084239245529965,0.9299002770680374,0.015063179434147474,0.3635247303440924,0.015063179434147474,-0.02811793494374195,0.010042119622764982,0.010042119622764982,0.0,0.020084239245529965,-0.026109511019188958,0.010042119622764982,0.0070294837359354875,0
0.051886653916203326,0.051886653916203326,0.2075466156648133,0.0,0.15565996174860997,0.7679224779598093,0.15565996174860997,-0.4150932313296266,0.10377330783240665,0.10377330783240665,0.0,0.2075466156648133,-0.2698106003642573,0.051886653916203326,0.031131992349721995,0
