AAWt,AAMt,Sstruct,SaccW,ShbondsW,SaccM,ShbondsM,yDDG,Result,Positiontype,ProteinPropens,Positionaccept,MOSST,SectorSuperficie,Functionalrelevancefunction,Clinical
0.00544253009634,0.00544253009634,0.016327590289,0.552961057789,0.0108850601927,0.831618598721,0.0108850601927,0.0174160963083,0.0108850601927,0.016327590289,0.0,0.0217701203854,-0.028301156501,0.0108850601927,0.0,1
0.00213639594439,0.00213639594439,0.00213639594439,0.540935453119,0.00427279188878,0.840885443711,0.00213639594439,0.00598190864429,0.00427279188878,0.00640918783316,0.0,0.00854558377755,-0.00427279188878,0.00213639594439,0.00854558377755,1
0.0233555628376,0.0233555628376,0.0700666885129,0.0,0.0467111256753,0.934222513506,0.0467111256753,-0.308293429457,0.0233555628376,0.0700666885129,0.0,0.0934222513506,-0.0467111256753,0.0233555628376,0.0700666885129,0
0.00333621576411,0.00333621576411,0.0100086472923,0.900778256309,0.00667243152821,0.433708049334,0.00333621576411,-0.00400345891693,0.00333621576411,0.00333621576411,0.0093414041395,0.0116100308591,0.00133448630564,0.00667243152821,0.00333621576411,0
