AAWt,AAMt,Sstruct,SaccW,ShbondsW,SaccM,ShbondsM,yDDG,Result,Positiontype,ProteinPropens,Positionaccept,MOSST,SectorSuperficie,Functionalrelevancefunction,Clinical
0.0769230769231,0.153846153846,0.230769230769,64.7,0.769230769231,68.4,0.153846153846,-0.3,0.384615384615,0.384615384615,0.7,0.53,0.2,0.0769230769231,0.1,1
0.0769230769231,0.0769230769231,0.461538461538,0.2,0.769230769231,0.3,0.846153846154,-1.1,0.307692307692,0.384615384615,0.6,0.89,-0.1,0.153846153846,0.1,0
0.153846153846,0.0769230769231,0.461538461538,12.1,0.153846153846,9.4,0.846153846154,0.7,0.0769230769231,0.307692307692,0.3,0.97,-0.2,0.153846153846,0.6,1
0.153846153846,0.0769230769231,0.461538461538,12.1,0.153846153846,10.6,0.846153846154,0.4,0.384615384615,0.307692307692,0.3,0.97,-0.9,0.153846153846,0.6,0
0.0769230769231,0.0769230769231,0.0769230769231,97.4,0.769230769231,89.5,0.846153846154,-1.8,0.307692307692,0.0769230769231,0.3,0.77,0,0.230769230769,0,0
0.0769230769231,0.0769230769231,0.153846153846,84.5,0.769230769231,84.5,0.846153846154,0.3,0.384615384615,0.0769230769231,0.9,0.25,0.2,0.0769230769231,0.15,1
0.230769230769,0.153846153846,0.153846153846,0,0.769230769231,0.3,0.846153846154,-3.6,0.230769230769,0.384615384615,0.7,0.78,-0.6,0.153846153846,0.1,0
0.230769230769,0.0769230769231,0.230769230769,0.2,0.769230769231,9.3,0.846153846154,-6.5,0.230769230769,0.153846153846,0.5,0.91,-0.8,0.230769230769,0.1,1
0.230769230769,0.153846153846,0.230769230769,0.2,0.769230769231,9,0.846153846154,-3.6,0.230769230769,0.153846153846,0.5,0.91,-0.6,0.230769230769,0.1,0
0.0769230769231,0.153846153846,0.0769230769231,57.7,0.769230769231,87.8,0.153846153846,-1.2,0.307692307692,0.384615384615,0.7,0.79,0.1,0.0769230769231,0.35,0
0.0769230769231,0.0769230769231,0.461538461538,4.9,0.0769230769231,1.5,0.846153846154,-0.3,0.384615384615,0.384615384615,0.7,0.73,-0.3,0.230769230769,0.75,1
0.153846153846,0.153846153846,0.461538461538,0,0.769230769231,0,0.846153846154,-1.3,0.307692307692,0.307692307692,0,1,-1.1,0.230769230769,0.5,1
0.153846153846,0.153846153846,0.461538461538,0,0.769230769231,0,0.846153846154,-0.2,0.384615384615,0.307692307692,0,1,-0.8,0.230769230769,0.5,0
