AAWt,AAMt,Sstruct,SaccW,ShbondsW,SaccM,ShbondsM,yDDG,Result,Positiontype,ProteinPropens,Positionaccept,MOSST,SectorSuperficie,Functionalrelevancefunction,Clinical
0.015079913440714071,0.015079913440714071,0.015079913440714071,0.7178038797779898,0.10555939408499851,0.6650241827354906,0.09047948064428443,-0.07389157585949895,0.015079913440714071,0.060319653762856286,0.03166781822549955,0.10239261226244854,-0.03166781822549955,0.015079913440714071,0.0211118788169997,1
0.004724046365228453,0.004724046365228453,0.0023620231826142267,0.443115549058429,0.01653416227829959,0.8944981792560078,0.014172139095685361,-0.04629565437923885,0.009448092730456907,0.009448092730456907,0.0,0.01653416227829959,-0.019840994733959505,0.0023620231826142267,0.001653416227829959,0
0.0617119369774719,0.03085596848873595,0.09256790546620784,0.3023884911896123,0.21599177942115164,0.4967810926686487,0.18513581093241568,-0.6695745162055701,0.1234238739549438,0.1234238739549438,0.0,0.21599177942115164,-0.19439260147903648,0.0617119369774719,0.021599177942115164,0
0.028806464634254757,0.014403232317127378,0.028806464634254757,0.0,0.10082262621989165,0.9376504238449924,0.014403232317127378,-0.30246787865967495,0.05761292926850951,0.014403232317127378,0.09074036359790248,0.047386634323349074,-0.04032905048795666,0.014403232317127378,0.03528791917696208,0
0.003908000064323924,0.003908000064323924,0.005862000096485885,0.5512234090728894,0.013678000225133734,0.8329902137106443,0.01172400019297177,-0.03829840063037445,0.007816000128647848,0.003908000064323924,0.008206800135080239,0.011899860195866347,-0.008206800135080239,0.001954000032161962,0.008206800135080239,1
0.056582123834600484,0.056582123834600484,0.11316424766920097,0.0,0.3960748668422034,0.0,0.3394927430076029,-0.5148973268948644,0.056582123834600484,0.22632849533840194,0.0,0.3960748668422034,-0.43568235352642376,0.056582123834600484,0.1980374334211017,1
0.0075082879898158835,0.0075082879898158835,0.02252486396944765,0.35213870672236497,0.052558015928711184,0.9302768819381879,0.0450497279388953,-0.015767404778613357,0.0075082879898158835,0.015016575979631767,0.03679061115009783,0.040995252424394724,-0.026279007964355592,0.015016575979631767,0.026279007964355592,1
