AAWt,AAMt,Sstruct,SaccW,ShbondsW,SaccM,ShbondsM,yDDG,Result,Positiontype,ProteinPropens,Positionaccept,MOSST,SectorSuperficie,Functionalrelevancefunction,Clinical
0.09090909090909091,0.09090909090909091,0.36363636363636365,0,0.7272727272727273,0,0.6363636363636364,-2.9,0.2727272727272727,0.5454545454545454,0.3,0.96,-0.8,0.2727272727272727,0.35,1
0.18181818181818182,0.09090909090909091,0.09090909090909091,99.4,0.18181818181818182,98.6,0.2727272727272727,-0.5,0.2727272727272727,0.45454545454545453,-0.1,0.71,-0.1,0.09090909090909091,0.2,0
0.09090909090909091,0.09090909090909091,0.18181818181818182,61,0.7272727272727273,89.4,0.6363636363636364,0,0.2727272727272727,0.45454545454545453,0.1,0.76,-0.1,0.2727272727272727,0.2,1
0.09090909090909091,0.09090909090909091,0.18181818181818182,74.6,0.7272727272727273,70.3,0.2727272727272727,1.1,0.18181818181818182,0.45454545454545453,0,0.79,-0.3,0.09090909090909091,0.35,1
0.2727272727272727,0.18181818181818182,0.36363636363636365,0,0.7272727272727273,1.8,0.6363636363636364,-4.3,0.2727272727272727,0.5454545454545454,0,1,-0.8,0.2727272727272727,0.35,1
0.2727272727272727,0.09090909090909091,0.18181818181818182,38.7,0.7272727272727273,56.6,0.09090909090909091,-1.7,0.18181818181818182,0.5454545454545454,0,1,-1.1,0.2727272727272727,0.1,1
0.18181818181818182,0.09090909090909091,0.36363636363636365,0,0.7272727272727273,0,0.6363636363636364,-1.3,0.18181818181818182,0.5454545454545454,0,1,-1.1,0.09090909090909091,0.5,1
0.18181818181818182,0.09090909090909091,0.18181818181818182,35.7,0.09090909090909091,35.4,0.6363636363636364,2.2,0.09090909090909091,0.45454545454545453,0.4,0.76,-0.4,0.09090909090909091,0.25,1
0.2727272727272727,0.18181818181818182,0.36363636363636365,0,0.7272727272727273,1.8,0.6363636363636364,-4.3,0.2727272727272727,0.5454545454545454,0,1,-0.8,0.2727272727272727,0.35,1
0.09090909090909091,0.09090909090909091,0.18181818181818182,68.8,0.18181818181818182,50.2,0.2727272727272727,-0.4,0.2727272727272727,0.5454545454545454,0,1,-0.8,0.2727272727272727,0,0
0.18181818181818182,0.09090909090909091,0.18181818181818182,16.3,0.7272727272727273,43.3,0.6363636363636364,1.6,0.18181818181818182,0.45454545454545453,0.8,0.74,-0.3,0.09090909090909091,0.65,1
