AAWt,AAMt,Sstruct,SaccW,ShbondsW,SaccM,ShbondsM,yDDG,Result,Positiontype,ProteinPropens,Positionaccept,MOSST,SectorSuperficie,Functionalrelevancefunction,Clinical
0.09090909090909091,0.18181818181818182,0.09090909090909091,6.8,0.6363636363636364,8.6,0.2727272727272727,0.5,0.36363636363636365,0.7272727272727273,0.3,0.97,-0.6,0.09090909090909091,0.2,0
0.18181818181818182,0.09090909090909091,0.2727272727272727,93.3,0.6363636363636364,90.2,0.7272727272727273,-0.5,0.18181818181818182,0.7272727272727273,0,1,-1.1,0.36363636363636365,0.3,0
0.09090909090909091,0.18181818181818182,0.45454545454545453,0.5,0.6363636363636364,1.5,0.7272727272727273,1.4,0.09090909090909091,0.7272727272727273,0,1,-1.1,0.2727272727272727,0,0
0.18181818181818182,0.09090909090909091,0.45454545454545453,12.1,0.18181818181818182,10.6,0.7272727272727273,0.4,0.36363636363636365,0.7272727272727273,0.3,0.97,-0.9,0.36363636363636365,0.6,0
0.18181818181818182,0.18181818181818182,0.2727272727272727,11.9,0.6363636363636364,15.2,0.7272727272727273,-2.3,0.18181818181818182,0.7272727272727273,0,1,-1.2,0.09090909090909091,0.1,1
0.09090909090909091,0.18181818181818182,0.45454545454545453,17.3,0.18181818181818182,16.3,0.2727272727272727,3.4,0.18181818181818182,0.7272727272727273,0,1,-1.3,0.09090909090909091,0.85,1
0.18181818181818182,0.09090909090909091,0.18181818181818182,6,0.6363636363636364,5.7,0.7272727272727273,2.9,0.18181818181818182,0.2727272727272727,0.5,0.61,-0.4,0.2727272727272727,0.6,0
0.09090909090909091,0.09090909090909091,0.45454545454545453,0,0.6363636363636364,0,0.7272727272727273,-0.8,0.18181818181818182,0.7272727272727273,0.3,0.96,0,0.2727272727272727,0.1,0
0.09090909090909091,0.09090909090909091,0.2727272727272727,52.4,0.18181818181818182,48,0.2727272727272727,-0.2,0.36363636363636365,0.2727272727272727,0.2,0.91,-0.7,0.36363636363636365,0.6,0
0.09090909090909091,0.09090909090909091,0.18181818181818182,91.7,0.18181818181818182,64.7,0.7272727272727273,0,0.36363636363636365,0.2727272727272727,0.5,0.9,-0.7,0.36363636363636365,0,0
0.09090909090909091,0.09090909090909091,0.45454545454545453,0,0.6363636363636364,5.2,0.7272727272727273,-5,0.18181818181818182,0.7272727272727273,0,1,-0.9,0.09090909090909091,0.35,1
