AAWt,AAMt,Sstruct,SaccW,ShbondsW,SaccM,ShbondsM,yDDG,Result,Positiontype,ProteinPropens,Positionaccept,MOSST,SectorSuperficie,Functionalrelevancefunction,Clinical
0.2857142857142857,0.14285714285714285,0.14285714285714285,0.2,0.7142857142857143,9.3,0.7142857142857143,-6.5,0.2857142857142857,0.14285714285714285,0.5,0.91,-0.8,0.14285714285714285,0.1,1
0.14285714285714285,0.14285714285714285,0.2857142857142857,91.7,0.14285714285714285,64.7,0.7142857142857143,0,0.5714285714285714,0.7142857142857143,0.5,0.9,-0.7,0.42857142857142855,0,0
0.14285714285714285,0.14285714285714285,0.42857142857142855,40.3,0.7142857142857143,39.7,0.7142857142857143,0.2,0.5714285714285714,0.7142857142857143,0.6,0.87,0,0.14285714285714285,0.6,0
0.14285714285714285,0.14285714285714285,0.42857142857142855,52.4,0.14285714285714285,48,0.14285714285714285,-0.2,0.5714285714285714,0.7142857142857143,0.2,0.91,-0.7,0.42857142857142855,0.6,0
0.14285714285714285,0.14285714285714285,0.42857142857142855,37.1,0.7142857142857143,41.4,0.14285714285714285,-0.6,0.14285714285714285,0.7142857142857143,0.6,0.85,0.3,0.14285714285714285,0.6,1
0.14285714285714285,0.14285714285714285,0.14285714285714285,38.7,0.7142857142857143,42.4,0.7142857142857143,0,0.5714285714285714,0.14285714285714285,0,1,-0.6,0.42857142857142855,0.1,0
0.2857142857142857,0.14285714285714285,0.2857142857142857,0,0.7142857142857143,0,0.7142857142857143,-2.4,0.2857142857142857,0.7142857142857143,0.7,0.78,-0.5,0.14285714285714285,0.1,1
