Statistic,Value
Mean,0.535088905585
Std,0.0436929986985
Max,0.57696969697
Min,0.272727272727
Var,0.00190907813526
