AAWt,AAMt,Sstruct,SaccW,ShbondsW,SaccM,ShbondsM,yDDG,Result,Positiontype,ProteinPropens,Positionaccept,MOSST,SectorSuperficie,Functionalrelevancefunction,Clinical
0.0015658364785269632,0.0015658364785269632,0.0031316729570539264,0.6302491826071027,0.010960855349688743,0.776028558757963,0.007829182392634818,-0.014249111954595366,0.0031316729570539264,0.00469750943558089,0.009864769814719869,0.0033978651584035103,0.0010960855349688744,0.0031316729570539264,0.00383629937239106,1
0.0016188310878904526,0.0016188310878904526,0.0016188310878904526,0.8714167746114307,0.01133181761523317,0.48953452097807293,0.008094155439452263,-0.02153045346894302,0.003237662175780905,0.00647532435156181,0.0,0.01133181761523317,-0.01133181761523317,0.0016188310878904526,0.0033995452845699504,1
0.06387983495822744,0.06387983495822744,0.12775966991645488,0.0,0.4471588447075921,0.0,0.3193991747911372,0.0,0.12775966991645488,0.25551933983290975,0.0,0.4471588447075921,-0.5813064981198697,0.06387983495822744,0.22357942235379605,1
0.017845724833411934,0.008922862416705967,0.017845724833411934,0.6933064097780536,0.06246003691694177,0.705798417161442,0.04461431208352983,0.08744405168371847,0.017845724833411934,0.0267685872501179,0.031230018458470885,0.05683863359441701,-0.024984014766776707,0.008922862416705967,0.031230018458470885,1
0.0042839820602532455,0.008567964120506491,0.0042839820602532455,0.5487781019184408,0.02998787442177272,0.8336629089252816,0.0042839820602532455,0.02698908697959545,0.0042839820602532455,0.012851946180759737,0.01499393721088636,0.02548969325850681,-0.020991512095240902,0.0042839820602532455,0.023990299537418176,1
0.04344744690069779,0.021723723450348894,0.04344744690069779,0.0,0.15206606415244225,0.9123963849146536,0.10861861725174447,0.24330570264390763,0.04344744690069779,0.08689489380139558,0.0,0.15206606415244225,-0.15206606415244225,0.021723723450348894,0.1140495481143317,0
0.0029997735565409,0.0059995471130818,0.0029997735565409,0.5312598968633935,0.020998414895786303,0.8462361203001879,0.0029997735565409,0.00209984148957863,0.0059995471130818,0.0119990942261636,0.00629952446873589,0.020368462448912713,-0.020998414895786303,0.0059995471130818,0.005249603723946576,0
