AAWt,AAMt,Sstruct,SaccW,ShbondsW,SaccM,ShbondsM,yDDG,Result,Positiontype,ProteinPropens,Positionaccept,MOSST,SectorSuperficie,Functionalrelevancefunction
0.00748987493236,0.0234058591636,0.0795799211563,0.766963193074,0.0458754839607,0.0,0.183501935843,-0.503319595455,0.0711538118574,0.112348123985,0.119837998918,0.220501918009,-0.119837998918,0.00374493746618,0.143805598701
0.00765410578117,0.0172217380076,0.0813248739249,0.783780431992,0.0468813979097,0.0244931384997,0.187525591639,-0.465369631495,0.0449678714644,0.114811586718,0.122465692499,0.225336874198,-0.146958830998,0.00382705289058,0.146958830998
