AAWt,AAMt,Sstruct,SaccW,ShbondsW,SaccM,ShbondsM,yDDG,Result,Positiontype,ProteinPropens,Positionaccept,MOSST,SectorSuperficie,Functionalrelevancefunction,Clinical
0.14285714285714285,0.14285714285714285,0.42857142857142855,52.4,0.14285714285714285,48,0.2857142857142857,-0.2,0.2857142857142857,0.2857142857142857,0.2,0.91,-0.7,0.2857142857142857,0.6,0
0.14285714285714285,0.14285714285714285,0.2857142857142857,46.3,0.7142857142857143,18.1,0.7142857142857143,-1.4,0.2857142857142857,0.5714285714285714,0,1,-1.3,0.14285714285714285,0.35,0
0.42857142857142855,0.14285714285714285,0.2857142857142857,0,0.7142857142857143,4.9,0.7142857142857143,-4,0.2857142857142857,0.14285714285714285,0.9,0.47,-0.3,0.14285714285714285,0.35,0
0.14285714285714285,0.14285714285714285,0.2857142857142857,25.4,0.7142857142857143,38.2,0.7142857142857143,0.8,0.14285714285714285,0.5714285714285714,0,1,-1.3,0.14285714285714285,0,1
0.42857142857142855,0.14285714285714285,0.42857142857142855,1.4,0.7142857142857143,2,0.7142857142857143,-1.4,0.2857142857142857,0.5714285714285714,0,1,-0.6,0.2857142857142857,0.1,0
0.14285714285714285,0.14285714285714285,0.42857142857142855,63.3,0.14285714285714285,97.8,0.2857142857142857,-0.4,0.2857142857142857,0.5714285714285714,0,1,-0.3,0.14285714285714285,1,1
0.42857142857142855,0.14285714285714285,0.2857142857142857,0.1,0.7142857142857143,0.1,0.7142857142857143,-3.2,0.2857142857142857,0.2857142857142857,0.5,0.9,-0.8,0.14285714285714285,0.1,0
