AAWt,AAMt,Sstruct,SaccW,ShbondsW,SaccM,ShbondsM,yDDG,Result,Positiontype,ProteinPropens,Positionaccept,MOSST,SectorSuperficie,Functionalrelevancefunction,Clinical
0.42857142857142855,0.42857142857142855,0.8571428571428571,46.3,1.0,15.3,0.8571428571428571,-0.2,0.2857142857142857,0.8571428571428571,0,1,-1,0.42857142857142855,0.35,1
0.14285714285714285,0.2857142857142857,0.8571428571428571,0,1.0,6,0.8571428571428571,1.6,0.2857142857142857,0.8571428571428571,0,1,-1,0.14285714285714285,0.75,0
0.42857142857142855,0.42857142857142855,0.14285714285714285,7.7,1.0,9,0.14285714285714285,-2,0.2857142857142857,0.8571428571428571,0,1,-1,0.14285714285714285,0.1,0
0.2857142857142857,0.14285714285714285,0.8571428571428571,25.4,1.0,36.1,0.8571428571428571,-1,0.2857142857142857,0.8571428571428571,0,1,-0.5,0.14285714285714285,0,0
0.2857142857142857,0.2857142857142857,0.8571428571428571,21.2,1.0,25.6,0.8571428571428571,0.8,0.14285714285714285,0.14285714285714285,0,0.83,-0.6,0.14285714285714285,0.25,0
0.42857142857142855,0.42857142857142855,0.8571428571428571,46.3,1.0,15.3,0.8571428571428571,-0.2,0.2857142857142857,0.8571428571428571,0,1,-1,0.42857142857142855,0.35,1
0.14285714285714285,0.14285714285714285,0.8571428571428571,7.3,1.0,12.6,0.8571428571428571,1.4,0.2857142857142857,0.8571428571428571,0,1,-1,0.42857142857142855,0.95,0
