Statistic,Value
Mean,0.207890295359
Std,0.232653929837
Max,1.0
Min,0.0
Var,0.0541278510685
