Statistic,Value
Mean,5.31814345992
Std,3.3303437964
Max,16.0
Min,0.0
Var,11.0911898022
