AAWt,AAMt,Sstruct,SaccW,ShbondsW,SaccM,ShbondsM,yDDG,Result,Positiontype,ProteinPropens,Positionaccept,MOSST,SectorSuperficie,Functionalrelevancefunction,Clinical
0.00251273413837,0.00251273413837,0.00502546827673,0.691504434879,0.00502546827673,0.721657244539,0.0075382024151,-0.0241222477283,0.00502546827673,0.00502546827673,0.0,0.0100509365535,-0.0110560302088,0.0075382024151,0.0,0
0.0741983509748,0.0741983509748,0.14839670195,0.415510765459,0.0741983509748,0.593586807799,0.222595052924,-0.415510765459,0.14839670195,0.14839670195,0.0,0.296793403899,-0.17807604234,0.222595052924,0.0296793403899,0
0.00384401707556,0.00384401707556,0.00384401707556,0.68884785994,0.00384401707556,0.724212817035,0.0115320512267,-0.0215264956231,0.00768803415112,0.00384401707556,0.0123008546418,0.00430529912463,0.00922564098134,0.00384401707556,0.00230641024534,1
0.00988562925473,0.00988562925473,0.00988562925473,0.569412245072,0.0197712585095,0.810621598888,0.00988562925473,-0.122581802759,0.0197712585095,0.00988562925473,0.00790850340378,0.0189804081691,-0.00790850340378,0.0296568877642,0.0316340136151,0
