Statistic,Value
Mean,0.270008795075
Std,0.181628842649
Max,0.666666666667
Min,0.0
Var,0.0329890364819
