AAWt,AAMt,Sstruct,SaccW,ShbondsW,SaccM,ShbondsM,yDDG,Result,Positiontype,ProteinPropens,Positionaccept,MOSST,SectorSuperficie,Functionalrelevancefunction,Clinical
0.0909090909091,0.0909090909091,0.363636363636,41.5,0.818181818182,34.9,0.818181818182,1,0.0909090909091,0.0909090909091,0.9,0.26,0.5,0.454545454545,0,1
0.181818181818,0.0909090909091,0.454545454545,0,0.818181818182,0,0.818181818182,-0.6,0.0909090909091,0.454545454545,0,1,-0.5,0.181818181818,0.25,0
0.181818181818,0.0909090909091,0.454545454545,4.9,0.0909090909091,12.7,0.818181818182,-1.4,0.181818181818,0.454545454545,0.7,0.73,0.2,0.454545454545,0.75,1
0.0909090909091,0.0909090909091,0.454545454545,0,0.818181818182,1.8,0.818181818182,-4.3,0.363636363636,0.454545454545,0,1,-0.8,0.181818181818,0.35,1
0.0909090909091,0.0909090909091,0.181818181818,12.8,0.818181818182,39.6,0.0909090909091,2.7,0.0909090909091,0.454545454545,0,1,-0.5,0.0909090909091,0.6,0
0.181818181818,0.181818181818,0.363636363636,0,0.818181818182,0,0.818181818182,0.3,0.181818181818,0.454545454545,0,1,-0.9,0.0909090909091,0.75,1
0.0909090909091,0.181818181818,0.181818181818,40.3,0.818181818182,46.6,0.0909090909091,-2.2,0.363636363636,0.454545454545,0.6,0.87,-0.6,0.0909090909091,0.6,0
0.0909090909091,0.181818181818,0.363636363636,66.5,0.0909090909091,53.3,0.818181818182,0.3,0.181818181818,0.454545454545,0.7,0.85,-0.3,0.454545454545,0.25,1
0.0909090909091,0.0909090909091,0.454545454545,45.4,0.818181818182,36.8,0.818181818182,-3.6,0.363636363636,0.454545454545,0.1,0.57,-0.3,0.454545454545,0.1,0
0.181818181818,0.0909090909091,0.454545454545,1.2,0.818181818182,3.8,0.818181818182,-1.7,0.181818181818,0.454545454545,0,1,-0.7,0.454545454545,0.1,1
0.0909090909091,0.181818181818,0.363636363636,0,0.818181818182,2.2,0.818181818182,-6.5,0.363636363636,0.454545454545,0.7,0.78,-0.5,0.0909090909091,0.1,0
