AAWt,AAMt,Sstruct,SaccW,ShbondsW,SaccM,ShbondsM,yDDG,Result,Positiontype,ProteinPropens,Positionaccept,MOSST,SectorSuperficie,Functionalrelevancefunction,Clinical
0.001746673336,0.001746673336,0.005240020008,0.732205462451,0.003493346672,0.679106593037,0.006986693344,-0.0461121760704,0.005240020008,0.006986693344,0.0027946773376,0.0127157818861,-0.0111787093504,0.005240020008,0.0083840320128,0
0.00518856582307,0.00518856582307,0.00518856582307,0.597722782818,0.0103771316461,0.792812857765,0.0155656974692,-0.10792216912,0.0155656974692,0.00518856582307,0.00830170531691,0.0199240927606,-0.00415085265846,0.0155656974692,0.0332068212676,0
0.00192624715413,0.000963123577066,0.0028893707312,0.718875437922,0.00385249430827,0.694989973211,0.00385249430827,-0.00385249430827,0.000963123577066,0.00192624715413,0.0,0.00770498861653,-0.00847548747818,0.0028893707312,0.00231149658496,0
0.00115835843703,0.00115835843703,0.00347507531109,0.608833194502,0.00231671687406,0.793243857677,0.00347507531109,0.00278006024887,0.00231671687406,0.00463343374812,0.00370674699849,0.00129736144947,-0.000926686749623,0.00115835843703,0.00139003012443,1
0.0690855560241,0.0345427780121,0.103628334036,0.0276342224097,0.138171112048,0.0276342224097,0.138171112048,-0.884295117109,0.103628334036,0.138171112048,0.138171112048,0.248708001687,-0.221073779277,0.0345427780121,0.0276342224097,0
0.100524091475,0.0502620457375,0.150786137212,0.0,0.20104818295,0.0,0.20104818295,0.763983095209,0.0502620457375,0.0502620457375,0.28146745613,0.100524091475,0.44230600249,0.100524091475,0.0,1
0.00262545755289,0.00525091510578,0.00262545755289,0.531392608705,0.0105018302116,0.846447515052,0.00262545755289,0.00210036604231,0.00525091510578,0.00525091510578,0.00630109812694,0.0203735506104,-0.0210036604231,0.00262545755289,0.00525091510578,0
0.0396066348369,0.0396066348369,0.0594099522553,0.776290042803,0.0396066348369,0.475279618043,0.0594099522553,0.33269573263,0.0198033174184,0.0792132696738,0.110898577543,0.115651373724,-0.0316853078695,0.0396066348369,0.118819904511,0
