AAWt,AAMt,Sstruct,SaccW,ShbondsW,SaccM,ShbondsM,yDDG,Result,Positiontype,ProteinPropens,Positionaccept,MOSST,SectorSuperficie,Functionalrelevancefunction,Clinical
0.0981761387348,0.0490880693674,0.19635227747,0.0,0.343616485572,0.0,0.245440346837,0.294528416204,0.0490880693674,0.294528416204,0.0,0.490880693674,-0.539968763041,0.0490880693674,0.245440346837,0
0.00415144951079,0.0124543485324,0.0124543485324,0.597808729554,0.0124543485324,0.792926856562,0.00830289902159,-0.107937687281,0.00830289902159,0.00415144951079,0.00830289902159,0.0199269576518,-0.00415144951079,0.00415144951079,0.0332115960863,0
0.011475458987,0.00573772949349,0.0229509179739,0.992627202373,0.0172131884805,0.0172131884805,0.0172131884805,-0.0631150244283,0.011475458987,0.0344263769609,0.0,0.0573772949349,-0.0401641064544,0.0229509179739,0.0487707006946,0
0.00609616577831,0.00609616577831,0.0121923315566,0.527318339824,0.00914424866747,0.844318960296,0.0152404144458,-0.0762020722289,0.00609616577831,0.0182884973349,0.0,0.0304808288916,-0.0243846631133,0.0121923315566,0.0259087045578,0
0.00323428509835,0.00970285529506,0.00970285529506,0.359005645917,0.0226399956885,0.931474108326,0.00646857019671,-0.0226399956885,0.00646857019671,0.00970285529506,0.0161714254918,0.029431994395,-0.0226399956885,0.0129371403934,0.0161714254918,1
0.0012509285238,0.0012509285238,0.0025018570476,0.522888122948,0.00875649966659,0.851882324707,0.00625464261899,0.0200148563808,0.0012509285238,0.00750557114279,0.0,0.0118838209761,-0.012509285238,0.0012509285238,0.0012509285238,0
0.000951659320098,0.000951659320098,0.000951659320098,0.549107427696,0.00666161524068,0.835556883046,0.00475829660049,-0.0114199118412,0.0019033186402,0.00285497796029,0.00666161524068,0.00751810862877,0.000951659320098,0.000951659320098,0.00333080762034,0
0.00415442912458,0.00623164368687,0.00415442912458,0.828808610353,0.014540501936,0.558770717256,0.0103860728114,-0.00623164368687,0.00415442912458,0.00623164368687,0.00830885824916,0.0116324015488,0.0124632873737,0.00207721456229,0.0,1
0.0206812958148,0.0206812958148,0.0827251832591,0.248175549777,0.144769070703,0.90997701585,0.0620438874443,-0.0827251832591,0.0413625916296,0.124087774889,0.0,0.206812958148,-0.0620438874443,0.0827251832591,0.0206812958148,0
0.0268777390967,0.0537554781933,0.08063321729,0.0,0.188144173677,0.860087651094,0.08063321729,-0.24189965187,0.0537554781933,0.16126643458,0.0,0.268777390967,-0.215021912773,0.0268777390967,0.040316608645,1
