AAWt,AAMt,Sstruct,SaccW,ShbondsW,SaccM,ShbondsM,yDDG,Result,Positiontype,ProteinPropens,Positionaccept,MOSST,SectorSuperficie,Functionalrelevancefunction,Clinical
0.09090909090909091,0.09090909090909091,0.7272727272727273,13.7,0.8181818181818182,10.8,0.9090909090909091,0.2,0.2727272727272727,0.18181818181818182,0.1,0.25,0.2,0.36363636363636365,0.35,0
0.09090909090909091,0.09090909090909091,0.7272727272727273,0,0.8181818181818182,2.4,0.9090909090909091,-0.8,0.09090909090909091,0.6363636363636364,0,1,-0.5,0.36363636363636365,0.35,1
0.2727272727272727,0.18181818181818182,0.7272727272727273,57.5,0.8181818181818182,70.8,0.9090909090909091,-1.3,0.2727272727272727,0.18181818181818182,0.9,0.31,0.1,0.36363636363636365,0.35,1
0.2727272727272727,0.18181818181818182,0.7272727272727273,57.5,0.8181818181818182,70.8,0.9090909090909091,-1.3,0.2727272727272727,0.18181818181818182,0.9,0.31,0.1,0.36363636363636365,0.35,1
0.09090909090909091,0.2727272727272727,0.18181818181818182,12.8,0.8181818181818182,33.3,0.9090909090909091,-3.5,0.2727272727272727,0.6363636363636364,0,1,-1.2,0.18181818181818182,0.6,0
0.09090909090909091,0.09090909090909091,0.18181818181818182,63.3,0.18181818181818182,98.4,0.09090909090909091,0.7,0.09090909090909091,0.6363636363636364,0,1,-0.5,0.18181818181818182,1,1
0.09090909090909091,0.2727272727272727,0.7272727272727273,3.2,0.18181818181818182,33.2,0.9090909090909091,-5.8,0.2727272727272727,0.6363636363636364,0.5,0.92,-0.8,0.09090909090909091,0.6,1
0.2727272727272727,0.09090909090909091,0.7272727272727273,1.2,0.8181818181818182,4.4,0.9090909090909091,-0.4,0.2727272727272727,0.6363636363636364,0,1,-0.3,0.18181818181818182,0.1,0
0.09090909090909091,0.2727272727272727,0.09090909090909091,26.8,0.8181818181818182,54.1,0.9090909090909091,-2.8,0.2727272727272727,0.6363636363636364,0,1,-1.2,0.09090909090909091,0.1,0
0.09090909090909091,0.09090909090909091,0.7272727272727273,0,0.8181818181818182,0,0.9090909090909091,-1.4,0.2727272727272727,0.18181818181818182,0.7,0.25,-0.1,0.18181818181818182,0,1
0.09090909090909091,0.09090909090909091,0.7272727272727273,0,0.8181818181818182,0,0.9090909090909091,0,0.2727272727272727,0.6363636363636364,0,1,-1.3,0.09090909090909091,0.5,1
