AAWt,AAMt,Sstruct,SaccW,ShbondsW,SaccM,ShbondsM,yDDG,Result,Positiontype,ProteinPropens,Positionaccept,MOSST,SectorSuperficie,Functionalrelevancefunction,Clinical
0.14285714285714285,0.14285714285714285,0.14285714285714285,93.3,0.7142857142857143,92.8,0.7142857142857143,-0.6,0.14285714285714285,0.2857142857142857,0,1,-0.3,0.14285714285714285,0.3,0
0.42857142857142855,0.2857142857142857,0.2857142857142857,99.4,0.2857142857142857,98.6,0.2857142857142857,-0.5,0.42857142857142855,0.7142857142857143,-0.1,0.71,-0.1,0.2857142857142857,0.2,0
0.14285714285714285,0.14285714285714285,0.42857142857142855,78.1,0.7142857142857143,78.6,0.7142857142857143,-1,0.2857142857142857,0.7142857142857143,-0.1,0.21,0,0.42857142857142855,0,1
0.14285714285714285,0.14285714285714285,0.42857142857142855,46.3,0.7142857142857143,15.3,0.7142857142857143,-0.2,0.42857142857142855,0.2857142857142857,0,1,-1,0.42857142857142855,0.35,1
0.42857142857142855,0.2857142857142857,0.2857142857142857,99.4,0.2857142857142857,98.6,0.2857142857142857,-0.5,0.42857142857142855,0.7142857142857143,-0.1,0.71,-0.1,0.2857142857142857,0.2,0
0.14285714285714285,0.14285714285714285,0.14285714285714285,20.1,0.7142857142857143,17.3,0.7142857142857143,-3,0.14285714285714285,0.7142857142857143,0.2,0.59,-0.3,0.42857142857142855,0.1,1
0.42857142857142855,0.14285714285714285,0.42857142857142855,6,0.7142857142857143,15.4,0.7142857142857143,-1.4,0.2857142857142857,0.7142857142857143,0.5,0.61,-0.3,0.14285714285714285,0.6,0
