Statistic,Value
Mean,0.752941176471
Std,0.590691703723
Max,3.0
Min,0.0
Var,0.348916688847
