AAWt,AAMt,Sstruct,SaccW,ShbondsW,SaccM,ShbondsM,yDDG,Result,Positiontype,ProteinPropens,Positionaccept,MOSST,SectorSuperficie,Functionalrelevancefunction,Clinical
0.230769230769,0.153846153846,0.307692307692,0,0.769230769231,0,0.769230769231,-2.4,0.230769230769,0.384615384615,0.7,0.78,-0.5,0.230769230769,0.1,1
0.230769230769,0.153846153846,0.384615384615,0.1,0.769230769231,0.1,0.769230769231,-3.2,0.230769230769,0.384615384615,0.5,0.9,-0.8,0.230769230769,0.1,0
0.0769230769231,0.153846153846,0.307692307692,50.8,0.769230769231,23.9,0.769230769231,-1.8,0.307692307692,0.384615384615,1,0.63,-0.3,0.153846153846,0.25,0
0.153846153846,0.153846153846,0.153846153846,40.3,0.769230769231,20.5,0.769230769231,0.3,0.307692307692,0.384615384615,0.6,0.87,-0.1,0.0769230769231,0.6,0
0.153846153846,0.153846153846,0.307692307692,7.3,0.769230769231,1.7,0.153846153846,-2.3,0.230769230769,0.384615384615,0,1,-0.3,0.230769230769,0.95,1
0.0769230769231,0.153846153846,0.384615384615,0,0.769230769231,0,0.769230769231,-1.3,0.307692307692,0.230769230769,0.7,0.25,-0.1,0.230769230769,0,1
0.153846153846,0.0769230769231,0.307692307692,59.5,0.769230769231,54.4,0.769230769231,1,0.0769230769231,0.230769230769,0.9,0.56,0.3,0.230769230769,0.1,0
0.153846153846,0.153846153846,0.384615384615,74,0.153846153846,87.1,0.769230769231,0.2,0.307692307692,0.230769230769,0.9,0.76,-0.3,0.230769230769,0.1,1
0.230769230769,0.0769230769231,0.153846153846,35.5,0.769230769231,58.8,0.153846153846,-1.1,0.307692307692,0.384615384615,0.3,0.95,-0.8,0.0769230769231,0.1,0
0.0769230769231,0.0769230769231,0.0769230769231,99.4,0.153846153846,98.6,0.0769230769231,-0.5,0.307692307692,0.384615384615,-0.1,0.71,-0.1,0.153846153846,0.2,0
0.0769230769231,0.0769230769231,0.384615384615,0,0.769230769231,0,0.769230769231,-1.3,0.307692307692,0.384615384615,0,1,-1.1,0.153846153846,0.5,1
0.0769230769231,0.153846153846,0.384615384615,0,0.769230769231,2.4,0.769230769231,-0.8,0.0769230769231,0.384615384615,0,1,-0.5,0.0769230769231,0.35,1
0.0769230769231,0.0769230769231,0.0769230769231,27.7,0.0769230769231,34.7,0.769230769231,0.4,0.307692307692,0.384615384615,0,1,-1.3,0.153846153846,0.1,1
