AAWt,AAMt,Sstruct,SaccW,ShbondsW,SaccM,ShbondsM,yDDG,Result,Positiontype,ProteinPropens,Positionaccept,MOSST,SectorSuperficie,Functionalrelevancefunction,Clinical
0.18181818181818182,0.09090909090909091,0.36363636363636365,25.4,0.9090909090909091,38.2,0.8181818181818182,0.8,0.18181818181818182,0.45454545454545453,0,1,-1.3,0.18181818181818182,0,1
0.2727272727272727,0.09090909090909091,0.36363636363636365,50.3,0.09090909090909091,55,0.09090909090909091,-1.6,0.18181818181818182,0.45454545454545453,0,1,-1.1,0.09090909090909091,0.1,0
0.45454545454545453,0.18181818181818182,0.36363636363636365,0.1,0.9090909090909091,4.9,0.8181818181818182,-4,0.36363636363636365,0.2727272727272727,0.5,0.9,-0.7,0.36363636363636365,0.1,0
0.45454545454545453,0.09090909090909091,0.09090909090909091,0.2,0.9090909090909091,34.1,0.8181818181818182,-4.7,0.36363636363636365,0.09090909090909091,0.5,0.91,-0.7,0.09090909090909091,0.1,0
0.2727272727272727,0.09090909090909091,0.36363636363636365,0,0.9090909090909091,0,0.09090909090909091,0.6,0.18181818181818182,0.45454545454545453,0,1,-1.1,0.09090909090909091,0.5,0
0.45454545454545453,0.18181818181818182,0.36363636363636365,15.5,0.9090909090909091,12.6,0.8181818181818182,-3.5,0.36363636363636365,0.09090909090909091,0.3,0.17,-0.1,0.36363636363636365,0.1,1
0.45454545454545453,0.09090909090909091,0.09090909090909091,9.8,0.9090909090909091,20.3,0.8181818181818182,-3.2,0.36363636363636365,0.45454545454545453,0,1,-0.8,0.18181818181818182,0.1,0
0.2727272727272727,0.09090909090909091,0.36363636363636365,16.3,0.9090909090909091,43.3,0.8181818181818182,1.6,0.09090909090909091,0.2727272727272727,0.8,0.74,-0.3,0.36363636363636365,0.65,1
0.18181818181818182,0.09090909090909091,0.09090909090909091,61,0.9090909090909091,93.7,0.8181818181818182,0.3,0.18181818181818182,0.2727272727272727,0.1,0.76,0.7,0.09090909090909091,0.2,1
0.09090909090909091,0.09090909090909091,0.36363636363636365,0,0.9090909090909091,3.7,0.8181818181818182,-2,0.18181818181818182,0.45454545454545453,0,1,-1.3,0.36363636363636365,0.15,0
0.45454545454545453,0.09090909090909091,0.36363636363636365,0,0.9090909090909091,0.9,0.8181818181818182,-0.4,0.18181818181818182,0.09090909090909091,0.9,0.47,0.6,0.09090909090909091,0.35,1
