AAWt,AAMt,Sstruct,SaccW,ShbondsW,SaccM,ShbondsM,yDDG,Result,Positiontype,ProteinPropens,Positionaccept,MOSST,SectorSuperficie,Functionalrelevancefunction,Clinical
0.015162613357269494,0.015162613357269494,0.030325226714538987,0.01592074402513297,0.037906533393173736,0.9552446415079782,0.045487840071808484,-0.2759595631023048,0.022743920035904242,0.037906533393173736,0.01592074402513297,0.050415689412921065,-0.03714840272531026,0.007581306678634747,0.005306914675044324,0
0.0035346376155888167,0.007069275231177633,0.01060391284676645,0.27464134273125107,0.017673188077944085,0.9600075763939225,0.0212078256935329,0.027216709640033893,0.0035346376155888167,0.007069275231177633,0.012371231654560859,0.022515641611300763,-0.019793970647297376,0.0035346376155888167,0.012371231654560859,1
0.001915706597645258,0.001915706597645258,0.005747119792935774,0.6745202930308953,0.003831413195290516,0.7375470400934243,0.001915706597645258,-0.02145591389362689,0.005747119792935774,0.00957853298822629,0.0,0.013409946183516807,-0.014750940801868489,0.001915706597645258,0.0013409946183516807,0
0.05175119053705639,0.025875595268528194,0.10350238107411278,0.0,0.12937797634264098,0.0,0.15525357161116918,-0.9237587510864566,0.07762678580558459,0.12937797634264098,0.05433875006390921,0.17388400020450948,-0.18112916687969738,0.05175119053705639,0.01811291668796974,1
0.03401786404194317,0.06803572808388635,0.1360714561677727,0.7620001545395272,0.06803572808388635,0.023812504829360225,0.20410718425165902,-0.4524375917578442,0.10205359212582951,0.17008932020971587,0.1190625241468011,0.21907504443011405,-0.14287502897616133,0.03401786404194317,0.14287502897616133,1
0.028114605489102527,0.028114605489102527,0.1124584219564101,0.0,0.14057302744551264,0.3542440291626919,0.16868763293461517,-0.8462496252219861,0.08434381646730758,0.14057302744551264,0.0,0.1968022384237177,-0.15744179073897416,0.028114605489102527,0.06888078344830119,1
0.008566928929923614,0.017133857859847227,0.025700786789770842,0.3598110150567918,0.04283464464961807,0.9235149386457656,0.051401573579541684,-0.08395590351325141,0.025700786789770842,0.017133857859847227,0.029984251254732648,0.03658078653077383,-0.01799055075283959,0.017133857859847227,0.03598110150567918,0
