feature,mean,var,std,min,max
SaccW,0.756489982246,0.000328998944824,0.0181383280603,0.732213402171,0.784906311809
SaccM,0.649311697882,0.000622847597527,0.0249569148239,0.602657205666,0.679113956975
yDDG,0.00102076733072,0.000858843120757,0.029306025332,-0.0614659198293,0.0641124686878
ProteinPropens,0.0107931383612,0.000211042888174,0.0145273152432,0.00162479170106,0.0641124686878
Positionaccept,0.0189341901859,0.000519506732313,0.0227926903264,0.00413671352363,0.0782172117992
MOSST,-0.00662357502797,0.000267168501818,0.016345289897,-0.055586704145,0.0114342481795
Functionalrelevancefunction,0.0129694187973,0.000392415021694,0.0198094679811,0.0,0.0769349624254
