Statistic,Value
Mean,6.18180899908
Std,6.39918559272
Max,17.18
Min,0.0
Var,40.94957625
