AAWt,AAMt,Sstruct,SaccW,ShbondsW,SaccM,ShbondsM,yDDG,Result,Positiontype,ProteinPropens,Positionaccept,MOSST,SectorSuperficie,Functionalrelevancefunction,Clinical
0.004133663090076981,0.004133663090076981,0.008267326180153961,0.4431286832562523,0.012400989270230941,0.8945246926926587,0.012400989270230941,-0.04629702660886218,0.008267326180153961,0.012400989270230941,0.0,0.016534652360307923,-0.019841582832369507,0.004133663090076981,0.0016534652360307924,0
0.005122208817330756,0.005122208817330756,0.010244417634661511,0.9486330729696559,0.015366626451992268,0.3134791796206423,0.015366626451992268,-0.004097767053864605,0.005122208817330756,0.015366626451992268,0.0,0.020488835269323023,-0.020488835269323023,0.005122208817330756,0.007171092344263058,1
0.11775304351393315,0.11775304351393315,0.2355060870278663,0.0,0.3532591305417994,0.0,0.11775304351393315,0.28260730443343957,0.11775304351393315,0.3532591305417994,0.0,0.4710121740557326,-0.5181133914613059,0.11775304351393315,0.2355060870278663,0
0.004654294510583324,0.004654294510583324,0.009308589021166647,0.8340495762965315,0.004654294510583324,0.5492067522488322,0.013962883531749971,-0.0446812273015999,0.009308589021166647,0.004654294510583324,0.014893742433866637,0.005212809851853323,-0.0018617178042333296,0.004654294510583324,0.002792576706349994,0
