AAWt,AAMt,Sstruct,SaccW,ShbondsW,SaccM,ShbondsM,yDDG,Result,Positiontype,ProteinPropens,Positionaccept,MOSST,SectorSuperficie,Functionalrelevancefunction,Clinical
0.0285689799067,0.0285689799067,0.0571379598133,0.98848670477,0.0285689799067,0.017141387944,0.04285346986,-0.0628517557947,0.0142844899533,0.04285346986,0.0,0.0571379598133,-0.0399965718693,0.04285346986,0.0485672658413,0
0.0207120589706,0.0103560294853,0.0414241179412,0.716637240384,0.0207120589706,0.675213122442,0.0103560294853,0.140842001,0.0103560294853,0.0310680884559,0.0,0.0414241179412,-0.0538513533236,0.0310680884559,0.0352105002501,1
0.0122911145033,0.0122911145033,0.0491644580132,0.762049099205,0.0245822290066,0.619472170967,0.0368733435099,-0.172075603046,0.0245822290066,0.0122911145033,0.014749337404,0.00835795786225,-0.00491644580132,0.0122911145033,0.00491644580132,1
0.0439205230579,0.0878410461158,0.175682092232,0.210818510678,0.0878410461158,0.140545673785,0.131761569174,-0.878410461158,0.0878410461158,0.131761569174,0.0,0.175682092232,-0.158113883008,0.131761569174,0.0175682092232,0
