AAWt,AAMt,Sstruct,SaccW,ShbondsW,SaccM,ShbondsM,yDDG,Result,Positiontype,ProteinPropens,Positionaccept,MOSST,SectorSuperficie,Functionalrelevancefunction,Clinical
0.09090909090909091,0.09090909090909091,0.09090909090909091,63.3,0.2727272727272727,98.4,0.2727272727272727,0.7,0.18181818181818182,0.5454545454545454,0,1,-0.5,0.09090909090909091,1,1
0.09090909090909091,0.18181818181818182,0.45454545454545453,12.1,0.09090909090909091,28.6,0.7272727272727273,1.5,0.18181818181818182,0.5454545454545454,0.3,0.97,-0.7,0.09090909090909091,0.6,1
0.09090909090909091,0.09090909090909091,0.45454545454545453,3.2,0.2727272727272727,0,0.7272727272727273,-2.1,0.2727272727272727,0.5454545454545454,0.5,0.92,-0.5,0.09090909090909091,0.6,1
0.09090909090909091,0.18181818181818182,0.09090909090909091,42.5,0.6363636363636364,55.3,0.7272727272727273,0.7,0.18181818181818182,0.2727272727272727,0.5,0.93,-0.6,0.45454545454545453,0.1,0
0.09090909090909091,0.09090909090909091,0.45454545454545453,37,0.6363636363636364,69.9,0.2727272727272727,-0.4,0.18181818181818182,0.09090909090909091,0.2,0.89,-0.2,0.45454545454545453,0,0
0.36363636363636365,0.09090909090909091,0.45454545454545453,4.9,0.2727272727272727,2.1,0.7272727272727273,2.5,0.18181818181818182,0.2727272727272727,0.7,0.73,-0.4,0.45454545454545453,0.75,1
0.09090909090909091,0.09090909090909091,0.09090909090909091,0.2,0.6363636363636364,34.1,0.7272727272727273,-4.7,0.2727272727272727,0.09090909090909091,0.5,0.91,-0.7,0.45454545454545453,0.1,0
0.09090909090909091,0.18181818181818182,0.45454545454545453,0,0.6363636363636364,0,0.7272727272727273,2.5,0.18181818181818182,0.5454545454545454,0,1,-0.3,0.09090909090909091,0.5,1
0.36363636363636365,0.18181818181818182,0.2727272727272727,0,0.6363636363636364,6,0.7272727272727273,1.6,0.18181818181818182,0.5454545454545454,0,1,-1,0.18181818181818182,0.75,0
0.36363636363636365,0.18181818181818182,0.2727272727272727,0,0.6363636363636364,10,0.7272727272727273,-3.3,0.2727272727272727,0.5454545454545454,0,1,-0.5,0.18181818181818182,0.75,0
0.36363636363636365,0.18181818181818182,0.2727272727272727,11.1,0.6363636363636364,46.4,0.2727272727272727,-0.4,0.18181818181818182,0.2727272727272727,0.5,0.91,-0.8,0.45454545454545453,0.5,0
