AAWt,AAMt,Sstruct,SaccW,ShbondsW,SaccM,ShbondsM,yDDG,Result,Positiontype,ProteinPropens,Positionaccept,MOSST,SectorSuperficie,Functionalrelevancefunction,Clinical
0.0769230769231,0.307692307692,0.153846153846,6.7,0.692307692308,21.4,0.769230769231,-3.5,0.461538461538,0.384615384615,0.7,0.78,-0.1,0.153846153846,0.5,1
0.153846153846,0.0769230769231,0.0769230769231,39.9,0.692307692308,27.5,0.769230769231,2.8,0.0769230769231,0.384615384615,0.4,0.56,-0.4,0.0769230769231,0,1
0.0769230769231,0.0769230769231,0.461538461538,45.9,0.307692307692,58.7,0.230769230769,-0.1,0.230769230769,0.0769230769231,1,0.57,0.4,0.230769230769,0.1,0
0.0769230769231,0.0769230769231,0.0769230769231,99.4,0.307692307692,98.6,0.230769230769,-0.5,0.230769230769,0.384615384615,-0.1,0.71,-0.1,0.230769230769,0.2,0
0.230769230769,0.153846153846,0.153846153846,0,0.692307692308,9.3,0.230769230769,-3,0.461538461538,0.0769230769231,0.9,0.47,-0.4,0.0769230769231,0.35,0
0.153846153846,0.0769230769231,0.461538461538,0,0.692307692308,4.9,0.769230769231,1.6,0.153846153846,0.384615384615,0,1,-1.3,0.153846153846,0.15,0
0.230769230769,0.307692307692,0.153846153846,1.4,0.692307692308,2,0.769230769231,-4.9,0.461538461538,0.384615384615,0,1,-1,0.153846153846,0.1,0
0.153846153846,0.307692307692,0.461538461538,11.1,0.692307692308,16.5,0.769230769231,0.2,0.230769230769,0.384615384615,0.5,0.91,-0.3,0.230769230769,0.5,0
0.153846153846,0.0769230769231,0.461538461538,50.3,0.307692307692,72.2,0.769230769231,-2.4,0.461538461538,0.384615384615,0,1,-0.7,0.230769230769,0.1,0
0.153846153846,0.153846153846,0.153846153846,4.9,0.307692307692,1.5,0.769230769231,-0.5,0.0769230769231,0.384615384615,0.7,0.73,-0.6,0.230769230769,0.75,0
0.0769230769231,0.0769230769231,0.461538461538,24.3,0.692307692308,14.2,0.769230769231,1.5,0.153846153846,0.0769230769231,0,0.41,0.7,0.230769230769,0,1
0.230769230769,0.307692307692,0.0769230769231,4.2,0.692307692308,13.7,0.769230769231,-6.5,0.461538461538,0.384615384615,1,0.95,-0.9,0.0769230769231,0.1,0
0.153846153846,0.0769230769231,0.461538461538,0,0.692307692308,4.1,0.769230769231,-2.5,0.461538461538,0.384615384615,0,1,-0.8,0.153846153846,0.15,0
