AAWt,AAMt,Sstruct,SaccW,ShbondsW,SaccM,ShbondsM,yDDG,Result,Positiontype,ProteinPropens,Positionaccept,MOSST,SectorSuperficie,Functionalrelevancefunction,Clinical
0.0769230769231,0.153846153846,0.461538461538,46.3,0.538461538462,11.6,0.923076923077,1.8,0.230769230769,0.615384615385,0,1,-1,0.307692307692,0.35,1
0.153846153846,0.230769230769,0.461538461538,0,0.538461538462,3.2,0.923076923077,-0.9,0.230769230769,0.615384615385,0,1,-0.8,0.153846153846,0.15,1
0.153846153846,0.0769230769231,0.461538461538,0,0.538461538462,4.9,0.923076923077,1.6,0.230769230769,0.615384615385,0,1,-1.3,0.153846153846,0.15,0
0.0769230769231,0.153846153846,0.384615384615,0,0.538461538462,2.4,0.923076923077,-0.8,0.230769230769,0.615384615385,0,1,-0.5,0.0769230769231,0.35,1
0.153846153846,0.0769230769231,0.384615384615,0,0.538461538462,0,0.923076923077,0,0.307692307692,0.615384615385,0,1,-1.3,0.0769230769231,0.5,1
0.153846153846,0.0769230769231,0.461538461538,50.3,0.307692307692,55,0.0769230769231,-1.6,0.0769230769231,0.615384615385,0,1,-1.1,0.0769230769231,0.1,0
0.0769230769231,0.0769230769231,0.461538461538,91.7,0.307692307692,64.7,0.923076923077,0,0.307692307692,0.307692307692,0.5,0.9,-0.7,0.230769230769,0,0
0.153846153846,0.153846153846,0.461538461538,11.1,0.538461538462,16.5,0.923076923077,0.2,0.307692307692,0.307692307692,0.5,0.91,-0.3,0.307692307692,0.5,0
0.0769230769231,0.0769230769231,0.384615384615,12.1,0.153846153846,10.6,0.923076923077,0.4,0.307692307692,0.615384615385,0.3,0.97,-0.9,0.230769230769,0.6,0
0.153846153846,0.230769230769,0.384615384615,4.9,0.307692307692,1.5,0.923076923077,-0.5,0.230769230769,0.307692307692,0.7,0.73,-0.6,0.307692307692,0.75,0
0.0769230769231,0.0769230769231,0.384615384615,74,0.307692307692,96.2,0.923076923077,1.6,0.230769230769,0.0769230769231,0.9,0.76,-0.3,0.307692307692,0.1,1
0.0769230769231,0.230769230769,0.153846153846,9.8,0.538461538462,20.3,0.923076923077,-3.2,0.153846153846,0.615384615385,0,1,-0.8,0.0769230769231,0.1,0
0.0769230769231,0.153846153846,0.153846153846,52.4,0.153846153846,29.7,0.923076923077,-2.3,0.153846153846,0.307692307692,0.2,0.91,-0.8,0.230769230769,0.6,0
