Statistic,Value
Mean,0.273336139214
Std,0.169049802464
Max,0.587763808803
Min,0.0
Var,0.0285778357131
