AAWt,AAMt,Sstruct,SaccW,ShbondsW,SaccM,ShbondsM,yDDG,Result,Positiontype,ProteinPropens,Positionaccept,MOSST,SectorSuperficie,Functionalrelevancefunction,Clinical
0.0909090909091,0.0909090909091,0.272727272727,0,0.818181818182,6,0.727272727273,1.6,0.181818181818,0.363636363636,0,1,-1,0.0909090909091,0.75,0
0.0909090909091,0.0909090909091,0.272727272727,75.7,0.181818181818,81.1,0.0909090909091,0.1,0.272727272727,0.181818181818,0.1,0.72,0,0.0909090909091,0.1,1
0.0909090909091,0.181818181818,0.454545454545,14.1,0.818181818182,33,0.727272727273,-1.7,0.0909090909091,0.181818181818,0.7,0.85,-0.5,0.454545454545,0.5,1
0.0909090909091,0.181818181818,0.454545454545,1.2,0.818181818182,0.8,0.727272727273,-5,0.363636363636,0.363636363636,0,1,-0.9,0.454545454545,0.1,0
0.181818181818,0.0909090909091,0.272727272727,20.4,0.818181818182,47.5,0.727272727273,0.3,0.272727272727,0.0909090909091,0.6,0.84,0,0.0909090909091,0.1,0
0.181818181818,0.181818181818,0.0909090909091,0.2,0.818181818182,34.1,0.727272727273,-4.7,0.363636363636,0.0909090909091,0.5,0.91,-0.7,0.454545454545,0.1,0
0.0909090909091,0.0909090909091,0.0909090909091,83.7,0.818181818182,88.2,0.181818181818,-0.3,0.272727272727,0.272727272727,0.7,0.47,0.3,0.0909090909091,0.25,1
0.181818181818,0.181818181818,0.454545454545,40.5,0.818181818182,73.3,0.727272727273,-2.7,0.363636363636,0.272727272727,0.3,0.44,-0.3,0.454545454545,0.6,0
0.0909090909091,0.0909090909091,0.454545454545,74,0.181818181818,96.2,0.727272727273,1.6,0.181818181818,0.272727272727,0.9,0.76,-0.3,0.454545454545,0.1,1
0.0909090909091,0.0909090909091,0.454545454545,0,0.818181818182,0,0.727272727273,-2.2,0.363636363636,0.363636363636,0.3,0.96,-0.4,0.0909090909091,0.35,0
0.181818181818,0.0909090909091,0.0909090909091,12.8,0.818181818182,39.6,0.181818181818,2.7,0.0909090909091,0.363636363636,0,1,-0.5,0.0909090909091,0.6,0
