AAWt,AAMt,Sstruct,SaccW,ShbondsW,SaccM,ShbondsM,yDDG,Result,Positiontype,ProteinPropens,Positionaccept,MOSST,SectorSuperficie,Functionalrelevancefunction,Clinical
0.2727272727272727,0.09090909090909091,0.2727272727272727,0.3,0.9090909090909091,0.4,1.0,-2.7,0.18181818181818182,0.6363636363636364,0.3,0.95,0,0.09090909090909091,0.1,1
0.18181818181818182,0.18181818181818182,0.2727272727272727,38.7,0.9090909090909091,42.4,1.0,0,0.36363636363636365,0.6363636363636364,0,1,-0.6,0.2727272727272727,0.1,0
0.09090909090909091,0.09090909090909091,0.2727272727272727,61,0.9090909090909091,93.7,1.0,0.3,0.36363636363636365,0.2727272727272727,0.1,0.76,0.7,0.2727272727272727,0.2,1
0.2727272727272727,0.09090909090909091,0.45454545454545453,26.8,0.9090909090909091,54.1,1.0,-2.8,0.18181818181818182,0.6363636363636364,0,1,-1.2,0.18181818181818182,0.1,0
0.09090909090909091,0.18181818181818182,0.2727272727272727,14.1,0.9090909090909091,33,1.0,-1.7,0.2727272727272727,0.2727272727272727,0.7,0.85,-0.5,0.09090909090909091,0.5,1
0.18181818181818182,0.09090909090909091,0.45454545454545453,0,0.9090909090909091,3.2,1.0,-0.9,0.18181818181818182,0.6363636363636364,0,1,-0.8,0.18181818181818182,0.15,1
0.18181818181818182,0.09090909090909091,0.45454545454545453,0,0.9090909090909091,3.7,1.0,-2,0.2727272727272727,0.6363636363636364,0,1,-1.3,0.18181818181818182,0.15,0
0.09090909090909091,0.18181818181818182,0.2727272727272727,57.5,0.9090909090909091,70.8,1.0,-1.3,0.2727272727272727,0.2727272727272727,0.9,0.31,0.1,0.09090909090909091,0.35,1
0.09090909090909091,0.09090909090909091,0.45454545454545453,62,0.09090909090909091,37.2,1.0,-0.7,0.18181818181818182,0.09090909090909091,0.3,0.67,-0.4,0.09090909090909091,0.35,0
0.18181818181818182,0.18181818181818182,0.2727272727272727,38.7,0.9090909090909091,42.4,1.0,0,0.36363636363636365,0.6363636363636364,0,1,-0.6,0.2727272727272727,0.1,0
0.2727272727272727,0.09090909090909091,0.45454545454545453,26.8,0.9090909090909091,40.7,1.0,0,0.36363636363636365,0.6363636363636364,0,1,-1.2,0.18181818181818182,0.1,0
