Statistic,Value
Mean,0.517470668259
Std,0.112047230368
Max,0.695238095238
Min,0.0
Var,0.0125545818331
