AAWt,AAMt,Sstruct,SaccW,ShbondsW,SaccM,ShbondsM,yDDG,Result,Positiontype,ProteinPropens,Positionaccept,MOSST,SectorSuperficie,Functionalrelevancefunction,Clinical
0.142857142857,0.142857142857,0.428571428571,0,0.857142857143,6,0.714285714286,1.6,0.142857142857,0.285714285714,0,1,-1,0.142857142857,0.75,0
0.142857142857,0.142857142857,0.428571428571,75.7,0.142857142857,81.1,0.142857142857,0.1,0.428571428571,0.285714285714,0.1,0.72,0,0.142857142857,0.1,1
0.142857142857,0.285714285714,0.285714285714,14.1,0.857142857143,33,0.714285714286,-1.7,0.142857142857,0.285714285714,0.7,0.85,-0.5,0.428571428571,0.5,1
0.142857142857,0.285714285714,0.285714285714,1.2,0.857142857143,0.8,0.714285714286,-5,0.285714285714,0.285714285714,0,1,-0.9,0.428571428571,0.1,0
0.285714285714,0.142857142857,0.428571428571,20.4,0.857142857143,47.5,0.714285714286,0.3,0.428571428571,0.142857142857,0.6,0.84,0,0.142857142857,0.1,0
0.285714285714,0.142857142857,0.142857142857,0.2,0.857142857143,34.1,0.714285714286,-4.7,0.285714285714,0.142857142857,0.5,0.91,-0.7,0.428571428571,0.1,0
0.142857142857,0.142857142857,0.142857142857,83.7,0.857142857143,88.2,0.142857142857,-0.3,0.428571428571,0.142857142857,0.7,0.47,0.3,0.142857142857,0.25,1
