AAWt,AAMt,Sstruct,SaccW,ShbondsW,SaccM,ShbondsM,yDDG,Result,Positiontype,ProteinPropens,Positionaccept,MOSST,SectorSuperficie,Functionalrelevancefunction,Clinical
0.00132749586708,0.00132749586708,0.00265499173415,0.687111860798,0.00796497520245,0.726405738464,0.00132749586708,-0.00318599008098,0.00398248760123,0.00398248760123,0.00743397685562,0.0056285824764,0.00212399338732,0.00132749586708,0.00106199669366,1
0.0604370951293,0.0604370951293,0.181311285388,0.0966993522069,0.362622570776,0.14504902831,0.423059665905,-0.531846437138,0.120874190259,0.181311285388,0.290098056621,0.430312117321,-0.0483496761034,0.120874190259,0.0483496761034,0
0.0162092344643,0.00810461723215,0.0243138516965,0.784526948072,0.0162092344643,0.609467215858,0.0567323206251,0.0453858565001,0.00810461723215,0.0162092344643,0.0194510813572,0.0628918297215,-0.0129673875714,0.0162092344643,0.0389021627143,1
0.0154319988023,0.00771599940117,0.0231479982035,0.746908742033,0.0154319988023,0.654316749219,0.0540119958082,0.0246911980837,0.0231479982035,0.0154319988023,0.0185183985628,0.0598761553531,-0.0555551956884,0.0154319988023,0.0370367971256,0
0.000944846350741,0.000944846350741,0.000944846350741,0.736224276497,0.00566907810444,0.67650998713,0.00661392445518,-0.0136057874507,0.00188969270148,0.000944846350741,0.00226763124178,0.00582025352056,0.0,0.000944846350741,0.0,0
0.00104592005278,0.00104592005278,0.00209184010557,0.707041955682,0.0062755203167,0.707041955682,0.00732144036948,0.00251020812668,0.00313776015835,0.00104592005278,0.00753062438004,0.00209184010557,0.00167347208445,0.00104592005278,0.00125510406334,1
0.0620120726437,0.0310060363218,0.0620120726437,0.0,0.186036217931,0.0744144871724,0.217042254253,-0.892973846069,0.0620120726437,0.0930181089655,0.173633803402,0.193477666648,-0.148828974345,0.0620120726437,0.0248048290575,0
0.0217538902545,0.0108769451273,0.0217538902545,0.0174031122036,0.0652616707635,0.809244717468,0.0761386158908,-0.565601146617,0.0217538902545,0.0108769451273,0.043507780509,0.0791841605264,-0.0696124488144,0.0108769451273,0.0087015561018,1
