AAWt,AAMt,Sstruct,SaccW,ShbondsW,SaccM,ShbondsM,yDDG,Result,Positiontype,ProteinPropens,Positionaccept,MOSST,SectorSuperficie,Functionalrelevancefunction,Clinical
0.09090909090909091,0.18181818181818182,0.45454545454545453,0.3,0.9090909090909091,0.4,1.0,-2.7,0.45454545454545453,0.45454545454545453,0.3,0.95,0,0.09090909090909091,0.1,1
0.09090909090909091,0.09090909090909091,0.09090909090909091,6.7,0.9090909090909091,17.7,1.0,-0.3,0.09090909090909091,0.45454545454545453,0.7,0.78,-0.5,0.09090909090909091,0.5,1
0.09090909090909091,0.18181818181818182,0.36363636363636365,24.3,0.9090909090909091,14.2,1.0,1.5,0.18181818181818182,0.09090909090909091,0,0.41,0.7,0.18181818181818182,0,1
0.09090909090909091,0.09090909090909091,0.45454545454545453,0,0.9090909090909091,0,1.0,-2.2,0.45454545454545453,0.45454545454545453,0.3,0.96,-0.4,0.09090909090909091,0.35,0
0.09090909090909091,0.09090909090909091,0.45454545454545453,20.1,0.9090909090909091,24.2,1.0,-4,0.45454545454545453,0.45454545454545453,0.2,0.59,-0.1,0.09090909090909091,0.1,1
0.09090909090909091,0.09090909090909091,0.09090909090909091,6.8,0.9090909090909091,6.3,1.0,-0.7,0.18181818181818182,0.45454545454545453,0.3,0.97,-0.3,0.18181818181818182,0.2,1
0.09090909090909091,0.09090909090909091,0.36363636363636365,16.3,0.9090909090909091,43.3,1.0,1.6,0.18181818181818182,0.45454545454545453,0.8,0.74,-0.3,0.2727272727272727,0.65,1
0.2727272727272727,0.09090909090909091,0.36363636363636365,0,0.9090909090909091,0,1.0,-2.4,0.45454545454545453,0.45454545454545453,0.7,0.78,-0.5,0.2727272727272727,0.1,1
0.09090909090909091,0.09090909090909091,0.45454545454545453,3.2,0.09090909090909091,0.1,1.0,-1.9,0.09090909090909091,0.45454545454545453,0.5,0.92,-0.6,0.09090909090909091,0.6,1
0.2727272727272727,0.09090909090909091,0.45454545454545453,0.1,0.9090909090909091,0.3,1.0,-3.1,0.45454545454545453,0.45454545454545453,0.5,0.9,-0.7,0.2727272727272727,0.1,1
0.2727272727272727,0.09090909090909091,0.36363636363636365,33.4,0.9090909090909091,37.9,1.0,-0.8,0.18181818181818182,0.45454545454545453,0,1,-1,0.09090909090909091,0.35,1
