AAWt,AAMt,Sstruct,SaccW,ShbondsW,SaccM,ShbondsM,yDDG,Result,Positiontype,ProteinPropens,Positionaccept,MOSST,SectorSuperficie,Functionalrelevancefunction,Clinical
0.14285714285714285,0.14285714285714285,0.5714285714285714,4.9,0.5714285714285714,3,0.14285714285714285,2.1,0.14285714285714285,0.5714285714285714,0.7,0.73,-0.2,0.42857142857142855,0.75,0
0.14285714285714285,0.14285714285714285,0.5714285714285714,20.1,0.42857142857142855,24.2,0.7142857142857143,-4,0.42857142857142855,0.5714285714285714,0.2,0.59,-0.1,0.42857142857142855,0.1,1
0.2857142857142857,0.14285714285714285,0.2857142857142857,96.5,0.5714285714285714,95.3,0.14285714285714285,0.3,0.14285714285714285,0.5714285714285714,0.4,0.6,0.2,0.2857142857142857,0.3,0
0.14285714285714285,0.14285714285714285,0.5714285714285714,1.2,0.42857142857142855,3.4,0.7142857142857143,-0.6,0.14285714285714285,0.42857142857142855,0,1,-0.5,0.42857142857142855,0.1,0
0.2857142857142857,0.2857142857142857,0.2857142857142857,96.5,0.5714285714285714,68,0.7142857142857143,-8.7,0.42857142857142855,0.5714285714285714,0.4,0.6,-0.1,0.2857142857142857,0.3,0
0.14285714285714285,0.14285714285714285,0.5714285714285714,3.2,0.5714285714285714,33.2,0.7142857142857143,-5.8,0.42857142857142855,0.42857142857142855,0.5,0.92,-0.8,0.14285714285714285,0.6,1
0.14285714285714285,0.2857142857142857,0.14285714285714285,76.9,0.42857142857142855,43.2,0.7142857142857143,-1.9,0.14285714285714285,0.42857142857142855,0,1,-1,0.14285714285714285,0.3,1
