AAWt,AAMt,Sstruct,SaccW,ShbondsW,SaccM,ShbondsM,yDDG,Result,Positiontype,ProteinPropens,Positionaccept,MOSST,SectorSuperficie,Functionalrelevancefunction,Clinical
0.285714285714,0.142857142857,0.285714285714,0,0.857142857143,0,1.0,-1,0.428571428571,0.857142857143,0,1,-1.1,0.285714285714,0.35,1
0.285714285714,0.142857142857,0.142857142857,23.5,0.857142857143,23.6,1.0,-0.8,0.428571428571,0.857142857143,0,1,-1,0.142857142857,0.6,0
0.142857142857,0.142857142857,0.285714285714,68.8,0.142857142857,71.8,1.0,-2.4,0.571428571429,0.857142857143,0,1,-1.1,0.142857142857,0,0
0.142857142857,0.285714285714,0.142857142857,25.3,0.857142857143,32.4,1.0,-2.5,0.571428571429,0.857142857143,0.3,0.97,0,0.285714285714,0.25,0
0.285714285714,0.142857142857,0.285714285714,9.8,0.857142857143,20.3,1.0,-3.2,0.571428571429,0.857142857143,0,1,-0.8,0.142857142857,0.1,0
0.285714285714,0.285714285714,0.285714285714,20.1,0.857142857143,17.3,1.0,-3,0.571428571429,0.142857142857,0.2,0.59,-0.3,0.142857142857,0.1,1
0.142857142857,0.142857142857,0.142857142857,6.8,0.857142857143,6.3,1.0,-0.7,0.428571428571,0.857142857143,0.3,0.97,-0.3,0.142857142857,0.2,1
