AAWt,AAMt,Sstruct,SaccW,ShbondsW,SaccM,ShbondsM,yDDG,Result,Positiontype,ProteinPropens,Positionaccept,MOSST,SectorSuperficie,Functionalrelevancefunction,Clinical
0.14285714285714285,0.14285714285714285,0.2857142857142857,26.8,0.8571428571428571,54.1,0.8571428571428571,-2.8,0.2857142857142857,0.7142857142857143,0,1,-1.2,0.14285714285714285,0.1,0
0.14285714285714285,0.2857142857142857,0.42857142857142855,1.2,0.8571428571428571,3.8,0.8571428571428571,-1.7,0.14285714285714285,0.7142857142857143,0,1,-0.7,0.14285714285714285,0.1,1
0.14285714285714285,0.2857142857142857,0.42857142857142855,0,0.8571428571428571,0,0.8571428571428571,2.5,0.14285714285714285,0.7142857142857143,0,1,-0.3,0.14285714285714285,0.5,1
0.14285714285714285,0.14285714285714285,0.14285714285714285,64.7,0.8571428571428571,68.4,0.14285714285714285,-0.3,0.2857142857142857,0.2857142857142857,0.7,0.53,0.2,0.14285714285714285,0.1,1
0.14285714285714285,0.14285714285714285,0.2857142857142857,0,0.8571428571428571,4.9,0.8571428571428571,1.6,0.14285714285714285,0.7142857142857143,0,1,-1.3,0.14285714285714285,0.15,0
0.14285714285714285,0.14285714285714285,0.14285714285714285,61,0.8571428571428571,93.7,0.8571428571428571,0.3,0.2857142857142857,0.2857142857142857,0.1,0.76,0.7,0.14285714285714285,0.2,1
0.14285714285714285,0.14285714285714285,0.42857142857142855,3.2,0.14285714285714285,0,0.8571428571428571,-2.1,0.2857142857142857,0.7142857142857143,0.5,0.92,-0.5,0.14285714285714285,0.6,1
