AAWt,AAMt,Sstruct,SaccW,ShbondsW,SaccM,ShbondsM,yDDG,Result,Positiontype,ProteinPropens,Positionaccept,MOSST,SectorSuperficie,Functionalrelevancefunction,Clinical
0.00230870843515,0.00230870843515,0.00461741687029,0.744327599491,0.016160959046,0.66675499607,0.016160959046,0.0110818004887,0.00230870843515,0.0138522506109,0.0110818004887,0.0160686107086,0.00554090024435,0.00230870843515,0.0110818004887,1
0.00549074726651,0.010981494533,0.00549074726651,0.803845399816,0.0384352308655,0.566645117903,0.0384352308655,-0.153740923462,0.0164722417995,0.032944483599,0.021962989066,0.0373370814122,-0.0351407825056,0.0164722417995,0.0351407825056,0
0.0376480301292,0.0376480301292,0.0188240150646,0.0150592120517,0.131768105452,0.737901390532,0.131768105452,-0.602368482067,0.0564720451938,0.112944090388,0.0752960602584,0.135532908465,-0.105414484362,0.0564720451938,0.0150592120517,0
0.00494601787754,0.00989203575508,0.0148380536326,0.569781259493,0.00494601787754,0.811146931917,0.00494601787754,-0.122661243363,0.0148380536326,0.00494601787754,0.00791362860407,0.0189927086498,-0.00791362860407,0.0148380536326,0.0316545144163,0
0.0317565373846,0.0317565373846,0.0476348060768,0.762156897229,0.111147880846,0.59702290283,0.111147880846,0.0635130747691,0.0317565373846,0.0952696121537,0.0635130747691,0.0774859512183,-0.0381078448615,0.0476348060768,0.0762156897229,1
0.00179147571361,0.00179147571361,0.00179147571361,0.609101742627,0.0125403299953,0.792548855701,0.0125403299953,0.0100322639962,0.00358295142722,0.0107488542817,0.00716590285444,0.0133285793093,-0.00859908342532,0.00179147571361,0.00143318057089,0
0.00186424390991,0.000932121954956,0.00186424390991,0.695735827179,0.00652485368469,0.718106754098,0.00652485368469,-0.00745697563965,0.000932121954956,0.000932121954956,0.0,0.00745697563965,-0.00745697563965,0.00279636586487,0.00223709269189,1
0.0278620330333,0.0139310165166,0.0417930495499,0.668688792799,0.0975171156165,0.635254353159,0.0975171156165,0.323199583186,0.0139310165166,0.0835860990999,0.0557240660666,0.0679833606012,-0.0445792528533,0.0417930495499,0.0668688792799,0
