AAWt,AAMt,Sstruct,SaccW,ShbondsW,SaccM,ShbondsM,yDDG,Result,Positiontype,ProteinPropens,Positionaccept,MOSST,SectorSuperficie,Functionalrelevancefunction,Clinical
0.14285714285714285,0.14285714285714285,0.42857142857142855,11.1,0.8571428571428571,38.8,0.8571428571428571,1.1,0.5714285714285714,0.5714285714285714,0.5,0.91,-0.8,0.7142857142857143,0.5,1
0.14285714285714285,0.14285714285714285,0.42857142857142855,74.6,0.8571428571428571,70.3,0.14285714285714285,1.1,0.5714285714285714,0.5714285714285714,0,0.79,-0.3,0.7142857142857143,0.35,1
0.2857142857142857,0.14285714285714285,0.5714285714285714,1.2,0.8571428571428571,4.4,0.8571428571428571,-0.4,0.14285714285714285,0.2857142857142857,0,1,-0.3,0.7142857142857143,0.1,0
0.2857142857142857,0.42857142857142855,0.5714285714285714,1.2,0.8571428571428571,3.8,0.8571428571428571,-1.7,0.2857142857142857,0.2857142857142857,0,1,-0.7,0.7142857142857143,0.1,1
0.14285714285714285,0.14285714285714285,0.5714285714285714,0.2,0.8571428571428571,0.3,0.8571428571428571,-1.1,0.2857142857142857,0.5714285714285714,0.6,0.89,-0.1,0.2857142857142857,0.1,0
0.14285714285714285,0.42857142857142855,0.5714285714285714,74,0.14285714285714285,96.2,0.8571428571428571,1.6,0.5714285714285714,0.14285714285714285,0.9,0.76,-0.3,0.7142857142857143,0.1,1
0.14285714285714285,0.42857142857142855,0.42857142857142855,16.3,0.8571428571428571,43.3,0.8571428571428571,1.6,0.5714285714285714,0.5714285714285714,0.8,0.74,-0.3,0.2857142857142857,0.65,1
