AAWt,AAMt,Sstruct,SaccW,ShbondsW,SaccM,ShbondsM,yDDG,Result,Positiontype,ProteinPropens,Positionaccept,MOSST,SectorSuperficie,Functionalrelevancefunction,Clinical
0.09090909090909091,0.09090909090909091,0.2727272727272727,99.4,0.09090909090909091,98.6,0.18181818181818182,-0.5,0.2727272727272727,0.45454545454545453,-0.1,0.71,-0.1,0.09090909090909091,0.2,0
0.2727272727272727,0.18181818181818182,0.09090909090909091,93.3,0.9090909090909091,96.3,0.7272727272727273,-1,0.18181818181818182,0.36363636363636365,0,1,-1,0.18181818181818182,0.3,1
0.2727272727272727,0.09090909090909091,0.36363636363636365,0,0.9090909090909091,16.9,0.7272727272727273,-3.2,0.2727272727272727,0.18181818181818182,0.9,0.47,-0.2,0.36363636363636365,0.35,1
0.2727272727272727,0.18181818181818182,0.36363636363636365,0,0.9090909090909091,4.9,0.7272727272727273,-4,0.2727272727272727,0.18181818181818182,0.9,0.47,-0.3,0.36363636363636365,0.35,0
0.09090909090909091,0.09090909090909091,0.09090909090909091,39.9,0.9090909090909091,26.9,0.18181818181818182,-0.3,0.2727272727272727,0.45454545454545453,0.4,0.56,0.6,0.09090909090909091,0,1
0.18181818181818182,0.2727272727272727,0.36363636363636365,0,0.9090909090909091,0,0.7272727272727273,-0.8,0.09090909090909091,0.36363636363636365,0.3,0.96,0,0.09090909090909091,0.1,0
0.18181818181818182,0.2727272727272727,0.09090909090909091,111.8,0.9090909090909091,99.8,0.7272727272727273,-1.2,0.18181818181818182,0.45454545454545453,0.5,0.62,0.4,0.09090909090909091,0.55,1
0.09090909090909091,0.09090909090909091,0.2727272727272727,25.3,0.9090909090909091,56.7,0.09090909090909091,1.2,0.09090909090909091,0.36363636363636365,0.3,0.97,-0.7,0.36363636363636365,0.25,0
0.09090909090909091,0.18181818181818182,0.36363636363636365,0,0.9090909090909091,0,0.7272727272727273,-3.4,0.2727272727272727,0.36363636363636365,0.3,0.96,-1,0.36363636363636365,0.35,1
0.09090909090909091,0.18181818181818182,0.09090909090909091,61,0.9090909090909091,89.4,0.7272727272727273,0,0.2727272727272727,0.45454545454545453,0.1,0.76,-0.1,0.18181818181818182,0.2,0
0.09090909090909091,0.2727272727272727,0.2727272727272727,42.5,0.9090909090909091,55.3,0.7272727272727273,0.7,0.09090909090909091,0.45454545454545453,0.5,0.93,-0.6,0.09090909090909091,0.1,0
