Statistic,Value
Mean,1.43854912764
Std,1.16291001147
Max,4.0
Min,0.0
Var,1.35235969479
