AAWt,AAMt,Sstruct,SaccW,ShbondsW,SaccM,ShbondsM,yDDG,Result,Positiontype,ProteinPropens,Positionaccept,MOSST,SectorSuperficie,Functionalrelevancefunction,Clinical
0.45454545454545453,0.2727272727272727,0.6363636363636364,76.9,0.8181818181818182,43.2,0.8181818181818182,-1.9,0.2727272727272727,0.5454545454545454,0,1,-1,0.36363636363636365,0.3,1
0.45454545454545453,0.18181818181818182,0.2727272727272727,0,0.8181818181818182,0,0.8181818181818182,-2.4,0.45454545454545453,0.45454545454545453,0.7,0.78,-0.5,0.09090909090909091,0.1,1
0.45454545454545453,0.18181818181818182,0.6363636363636364,11.9,0.8181818181818182,15.2,0.8181818181818182,-2.3,0.45454545454545453,0.5454545454545454,0,1,-1.2,0.09090909090909091,0.1,1
0.45454545454545453,0.09090909090909091,0.6363636363636364,9.8,0.8181818181818182,17.2,0.09090909090909091,-3.4,0.45454545454545453,0.5454545454545454,0,1,-0.9,0.18181818181818182,0.1,0
0.09090909090909091,0.09090909090909091,0.6363636363636364,62.5,0.09090909090909091,104.4,0.8181818181818182,-3.6,0.45454545454545453,0.45454545454545453,0.7,0.59,-0.2,0.18181818181818182,0.25,1
0.09090909090909091,0.18181818181818182,0.09090909090909091,1.2,0.8181818181818182,3.4,0.8181818181818182,-0.6,0.18181818181818182,0.5454545454545454,0,1,-0.5,0.18181818181818182,0.1,0
0.18181818181818182,0.09090909090909091,0.6363636363636364,52.6,0.8181818181818182,81.8,0.09090909090909091,-1.5,0.2727272727272727,0.5454545454545454,0,1,-1.3,0.36363636363636365,0.8,1
0.09090909090909091,0.18181818181818182,0.2727272727272727,78.1,0.8181818181818182,78.6,0.8181818181818182,-1,0.2727272727272727,0.45454545454545453,-0.1,0.21,0,0.18181818181818182,0,1
0.09090909090909091,0.2727272727272727,0.6363636363636364,52.4,0.09090909090909091,29.7,0.8181818181818182,-2.3,0.45454545454545453,0.45454545454545453,0.2,0.91,-0.8,0.09090909090909091,0.6,0
0.45454545454545453,0.2727272727272727,0.2727272727272727,23.5,0.8181818181818182,23.6,0.8181818181818182,-0.8,0.18181818181818182,0.5454545454545454,0,1,-1,0.36363636363636365,0.6,0
0.18181818181818182,0.09090909090909091,0.6363636363636364,40.3,0.8181818181818182,20.5,0.8181818181818182,0.3,0.09090909090909091,0.45454545454545453,0.6,0.87,-0.1,0.36363636363636365,0.6,0
