AAWt,AAMt,Sstruct,SaccW,ShbondsW,SaccM,ShbondsM,yDDG,Result,Positiontype,ProteinPropens,Positionaccept,MOSST,SectorSuperficie,Functionalrelevancefunction,Clinical
0.022272479443073367,0.022272479443073367,0.022272479443073367,0.641447407960513,0.011136239721536684,0.7617187969531093,0.011136239721536684,0.04899945477476141,0.022272479443073367,0.011136239721536684,0.008908991777229348,0.021381580265350433,0.035635967108917393,0.022272479443073367,0.035635967108917393,0
0.003517089204721677,0.003517089204721677,0.003517089204721677,0.7371818973096634,0.003517089204721677,0.675281127306562,0.007034178409443354,-0.0028136713637773414,0.007034178409443354,0.003517089204721677,0.0028136713637773414,0.012802204705186903,-0.009847849773220695,0.007034178409443354,0.008441014091332024,0
0.022512621412065323,0.045025242824130646,0.022512621412065323,0.6123433024081767,0.045025242824130646,0.7744341765750471,0.045025242824130646,0.045025242824130646,0.045025242824130646,0.045025242824130646,0.027015145694478385,0.08734897107881345,-0.05403029138895677,0.022512621412065323,0.01801009712965226,0
0.010459770377507784,0.005229885188753892,0.010459770377507784,0.9685747369572207,0.010459770377507784,0.24266667275818057,0.005229885188753892,0.03765517335902802,0.010459770377507784,0.010459770377507784,0.0,0.020919540755015568,-0.020919540755015568,0.005229885188753892,0.007321839264255448,1
