Statistic,Value
Mean,0.513263952658
Std,0.107585171884
Max,0.777777777778
Min,0.0
Var,0.0115745692094
