Statistic,Value
Mean,0.504243827161
Std,0.119131779461
Max,0.722222222222
Min,0.277777777778
Var,0.0141923808776
