AAWt,AAMt,Sstruct,SaccW,ShbondsW,SaccM,ShbondsM,yDDG,Result,Positiontype,ProteinPropens,Positionaccept,MOSST,SectorSuperficie,Functionalrelevancefunction,Clinical
0.00131979321945,0.00131979321945,0.00131979321945,0.563551704706,0.00923855253617,0.825926596734,0.00923855253617,0.0,0.00395937965836,0.00263958643891,0.000923855253617,0.00702129992749,-0.000923855253617,0.00131979321945,0.00184771050723,1
0.00729749927664,0.0145949985533,0.00729749927664,0.607881689744,0.0510824949365,0.776453923035,0.0510824949365,-0.117489738354,0.0218924978299,0.0364874963832,0.0,0.0510824949365,-0.0612989939238,0.00729749927664,0.00510824949365,1
0.00535535719424,0.00535535719424,0.0107107143885,0.850966258164,0.0187437501798,0.521076254999,0.0187437501798,-0.0562312505395,0.00803303579136,0.00535535719424,0.00187437501798,0.0106839376025,-0.00749750007193,0.00535535719424,0.00187437501798,1
0.0579226137942,0.115845227588,0.231690455177,0.0,0.40545829656,0.0,0.40545829656,0.0,0.173767841383,0.289613068971,0.0,0.40545829656,-0.527095785527,0.0579226137942,0.20272914828,1
0.0348153011999,0.0348153011999,0.1392612048,0.0,0.243707108399,0.0,0.243707108399,-0.828604168558,0.1044459036,0.174076506,0.0731121325198,0.233958824063,-0.243707108399,0.0696306023998,0.0852974879398,1
0.0662335175374,0.0662335175374,0.264934070149,0.0,0.463634622762,0.0,0.463634622762,-0.278180773657,0.0662335175374,0.331167587687,0.0,0.463634622762,-0.231817311381,0.132467035075,0.11590865569,0
0.00597255465929,0.00597255465929,0.00298627732965,0.967852482538,0.0209039413075,0.246666507429,0.0209039413075,0.00209039413075,0.00895883198894,0.0149313866482,0.0,0.0209039413075,-0.025084729569,0.00597255465929,0.00731637945763,0
