AAWt,AAMt,Sstruct,SaccW,ShbondsW,SaccM,ShbondsM,yDDG,Result,Positiontype,ProteinPropens,Positionaccept,MOSST,SectorSuperficie,Functionalrelevancefunction,Clinical
0.142857142857,0.142857142857,0.142857142857,61,1.0,89.4,1.0,0,0.428571428571,0.285714285714,0.1,0.76,-0.1,0.142857142857,0.2,1
0.142857142857,0.285714285714,0.142857142857,11.9,1.0,15.2,1.0,-2.3,0.428571428571,0.714285714286,0,1,-1.2,0.142857142857,0.1,1
0.285714285714,0.285714285714,0.571428571429,45.4,1.0,27.8,1.0,-3,0.428571428571,0.285714285714,0.1,0.57,-0.4,0.285714285714,0.1,1
0.142857142857,0.285714285714,0.571428571429,0,1.0,0,1.0,0,0.428571428571,0.714285714286,0,1,-1.3,0.142857142857,0.5,1
0.142857142857,0.142857142857,0.571428571429,0,1.0,0,1.0,-3.4,0.428571428571,0.714285714286,0.3,0.96,-1,0.285714285714,0.35,1
0.142857142857,0.142857142857,0.571428571429,0,1.0,0,1.0,-0.6,0.142857142857,0.714285714286,0,1,-0.5,0.285714285714,0.25,0
0.285714285714,0.285714285714,0.142857142857,46.3,1.0,11.8,1.0,0.1,0.428571428571,0.714285714286,0,1,-1.2,0.285714285714,0.35,0
