AAWt,AAMt,Sstruct,SaccW,ShbondsW,SaccM,ShbondsM,yDDG,Result,Positiontype,ProteinPropens,Positionaccept,MOSST,SectorSuperficie,Functionalrelevancefunction,Clinical
0.36363636363636365,0.18181818181818182,0.45454545454545453,0,0.9090909090909091,2.4,0.5454545454545454,-0.8,0.09090909090909091,0.45454545454545453,0,1,-0.5,0.09090909090909091,0.35,1
0.09090909090909091,0.18181818181818182,0.09090909090909091,64.7,0.9090909090909091,68.4,0.2727272727272727,-0.3,0.36363636363636365,0.45454545454545453,0.7,0.53,0.2,0.2727272727272727,0.1,1
0.09090909090909091,0.18181818181818182,0.45454545454545453,0,0.9090909090909091,0,0.2727272727272727,0.6,0.09090909090909091,0.45454545454545453,0,1,-1.1,0.09090909090909091,0.5,0
0.36363636363636365,0.09090909090909091,0.45454545454545453,29.8,0.9090909090909091,30.4,0.5454545454545454,-0.2,0.36363636363636365,0.45454545454545453,0,0.81,0.3,0.2727272727272727,0.2,0
0.09090909090909091,0.18181818181818182,0.36363636363636365,40.3,0.9090909090909091,20.5,0.5454545454545454,0.3,0.36363636363636365,0.45454545454545453,0.6,0.87,-0.1,0.09090909090909091,0.6,0
0.09090909090909091,0.09090909090909091,0.36363636363636365,12.8,0.9090909090909091,39.6,0.2727272727272727,2.7,0.09090909090909091,0.45454545454545453,0,1,-0.5,0.18181818181818182,0.6,0
0.09090909090909091,0.09090909090909091,0.09090909090909091,14.4,0.09090909090909091,17.1,0.18181818181818182,1.1,0.09090909090909091,0.09090909090909091,0.2,0.48,0.8,0.18181818181818182,0.8,0
0.36363636363636365,0.09090909090909091,0.45454545454545453,29.8,0.9090909090909091,33.5,0.5454545454545454,-2.1,0.2727272727272727,0.45454545454545453,0,0.81,-0.1,0.2727272727272727,0.2,0
0.18181818181818182,0.09090909090909091,0.36363636363636365,93.3,0.9090909090909091,99.2,0.18181818181818182,0.1,0.36363636363636365,0.45454545454545453,0,1,-1,0.18181818181818182,0.3,1
0.36363636363636365,0.18181818181818182,0.45454545454545453,20.1,0.9090909090909091,17.3,0.5454545454545454,-3,0.2727272727272727,0.45454545454545453,0.2,0.59,-0.3,0.09090909090909091,0.1,1
0.18181818181818182,0.18181818181818182,0.36363636363636365,11.9,0.9090909090909091,15.2,0.5454545454545454,-2.3,0.2727272727272727,0.45454545454545453,0,1,-1.2,0.18181818181818182,0.1,1
