statistic,value
mean,0.746190476191
max,1.0
min,0.571428571429
var,0.0080297052154
std,0.0896086224389
