statistic,value
mean,0.748571428572
max,1.0
min,0.571428571429
var,0.00821224489794
std,0.0906214372979
