statistic,value
mean,0.748095238095
max,1.0
min,0.571428571429
var,0.0079498866213
std,0.0891621367022
