statistic,value
mean,0.745714285715
max,1.0
min,0.571428571429
var,0.0080371882086
std,0.0896503664722
