Metric,Score
accuracy,0.547378917379
recall,0.438461538462
precision,0.478293789544
neg_log_loss,-1.74036964237
f1,0.369064876982
