AAWt,AAMt,Sstruct,SaccW,ShbondsW,SaccM,ShbondsM,yDDG,Result,Positiontype,ProteinPropens,Positionaccept,MOSST,SectorSuperficie,Functionalrelevancefunction,Clinical
0.285714285714,0.142857142857,0.571428571429,0,0.714285714286,16.9,0.714285714286,-3.2,0.428571428571,0.285714285714,0.9,0.47,-0.2,0.285714285714,0.35,1
0.142857142857,0.142857142857,0.571428571429,0.3,0.714285714286,18,0.714285714286,-5.2,0.428571428571,0.285714285714,0.3,0.95,-0.7,0.142857142857,0.1,0
0.285714285714,0.285714285714,0.571428571429,0,0.714285714286,4.9,0.714285714286,-4,0.428571428571,0.285714285714,0.9,0.47,-0.3,0.285714285714,0.35,0
0.428571428571,0.142857142857,0.142857142857,11.1,0.714285714286,28.8,0.142857142857,-0.7,0.142857142857,0.285714285714,0.5,0.91,-0.7,0.285714285714,0.5,1
0.428571428571,0.285714285714,0.142857142857,3.9,0.285714285714,1.9,0.714285714286,-1.9,0.285714285714,0.285714285714,0.5,0.88,-0.8,0.285714285714,0.5,0
0.142857142857,0.285714285714,0.142857142857,68.8,0.285714285714,83.3,0.142857142857,0.4,0.142857142857,0.285714285714,0,1,-1.2,0.285714285714,0,0
0.428571428571,0.285714285714,0.571428571429,0,0.714285714286,0,0.714285714286,-1.4,0.285714285714,0.142857142857,0.7,0.25,-0.1,0.285714285714,0,1
