AAWt,AAMt,Sstruct,SaccW,ShbondsW,SaccM,ShbondsM,yDDG,Result,Positiontype,ProteinPropens,Positionaccept,MOSST,SectorSuperficie,Functionalrelevancefunction,Clinical
0.2857142857142857,0.14285714285714285,0.14285714285714285,18.3,0.42857142857142855,12.9,0.5714285714285714,-3.5,0.5714285714285714,0.2857142857142857,0.5,0.85,-0.8,0.2857142857142857,0.8,0
0.14285714285714285,0.14285714285714285,0.2857142857142857,63.3,0.42857142857142855,98.4,0.42857142857142855,0.7,0.14285714285714285,0.5714285714285714,0,1,-0.5,0.14285714285714285,1,1
0.14285714285714285,0.14285714285714285,0.14285714285714285,0,0.42857142857142855,16.9,0.5714285714285714,-3.2,0.5714285714285714,0.14285714285714285,0.9,0.47,-0.2,0.14285714285714285,0.35,1
0.2857142857142857,0.2857142857142857,0.2857142857142857,50.3,0.42857142857142855,72.2,0.5714285714285714,-2.4,0.5714285714285714,0.5714285714285714,0,1,-0.7,0.42857142857142855,0.1,0
0.2857142857142857,0.2857142857142857,0.2857142857142857,50.3,0.42857142857142855,72.2,0.5714285714285714,-2.4,0.5714285714285714,0.5714285714285714,0,1,-0.7,0.42857142857142855,0.1,0
0.14285714285714285,0.14285714285714285,0.14285714285714285,6.8,0.42857142857142855,8.6,0.42857142857142855,0.5,0.2857142857142857,0.5714285714285714,0.3,0.97,-0.6,0.42857142857142855,0.2,0
0.2857142857142857,0.14285714285714285,0.2857142857142857,52.4,0.14285714285714285,48,0.42857142857142855,-0.2,0.2857142857142857,0.2857142857142857,0.2,0.91,-0.7,0.2857142857142857,0.6,0
