AAWt,AAMt,Sstruct,SaccW,ShbondsW,SaccM,ShbondsM,yDDG,Result,Positiontype,ProteinPropens,Positionaccept,MOSST,SectorSuperficie,Functionalrelevancefunction,Clinical
0.00224998783604,0.00224998783604,0.00224998783604,0.623246630582,0.00224998783604,0.780745779105,0.0179999026883,0.00899995134414,0.00449997567207,0.0134999270162,0.0,0.0224998783604,-0.0292498418685,0.00224998783604,0.00224998783604,1
0.00411843276401,0.00411843276401,0.00205921638201,0.82162733642,0.016473731056,0.566284505051,0.016473731056,0.0576580586961,0.00205921638201,0.00823686552802,0.00823686552802,0.0115316117392,-0.00823686552802,0.00205921638201,0.0,1
0.0997509336108,0.0498754668054,0.149626400416,0.0,0.399003734443,0.0,0.0498754668054,0.299252800832,0.0997509336108,0.299252800832,0.0,0.498754668054,-0.548630134859,0.0498754668054,0.249377334027,0
0.0124214018809,0.0248428037618,0.0496856075236,0.906762337305,0.0993712150471,0.211163831975,0.0124214018809,-0.28569224326,0.0372642056427,0.0745284112853,0.0,0.124214018809,-0.0372642056427,0.0248428037618,0.118003317868,1
0.0548890191093,0.0365926794062,0.0548890191093,0.0548890191093,0.146370717625,0.0,0.146370717625,-0.933113324858,0.0548890191093,0.109778038219,0.0548890191093,0.173815227179,-0.164667057328,0.0182963397031,0.0182963397031,1
0.00207095632086,0.000690318773619,0.00276127509447,0.771776388906,0.00552255018895,0.635783590503,0.00552255018895,-0.00345159386809,0.00138063754724,0.00276127509447,0.00345159386809,0.00427997639644,-0.000690318773619,0.000690318773619,0.0037967532549,0
0.00217720810114,0.00217720810114,0.00870883240455,0.553010857689,0.0174176648091,0.831693494635,0.0174176648091,0.0174176648091,0.00435441620228,0.0130632486068,0.0,0.0217720810114,-0.0283037053148,0.00217720810114,0.0,1
0.018416050114,0.036832100228,0.0552481503421,0.902386455587,0.018416050114,0.27624075171,0.147328400912,-0.0920802505701,0.036832100228,0.0736642004561,0.128912350798,0.134437165832,-0.110496300684,0.036832100228,0.138120375855,0
0.0247929142853,0.0495858285705,0.099171657141,0.0,0.198343314282,0.0743787428558,0.198343314282,-0.892544914269,0.0743787428558,0.099171657141,0.173550399997,0.193384731425,-0.148757485712,0.0247929142853,0.0247929142853,0
0.00328861580419,0.00219241053613,0.00109620526806,0.576603971001,0.0087696421445,0.816672924707,0.0087696421445,0.00328861580419,0.00219241053613,0.00657723160838,0.0,0.0109620526806,-0.0120582579487,0.00109620526806,0.0087696421445,1
