AAWt,AAMt,Sstruct,SaccW,ShbondsW,SaccM,ShbondsM,yDDG,Result,Positiontype,ProteinPropens,Positionaccept,MOSST,SectorSuperficie,Functionalrelevancefunction,Clinical
0.04664382052113853,0.04664382052113853,0.023321910260569265,0.634355959087484,0.0699657307817078,0.7369723642339888,0.09328764104227706,-0.1399314615634156,0.04664382052113853,0.04664382052113853,0.02798629231268312,0.09048901181100875,-0.04664382052113853,0.023321910260569265,0.018657528208455416,1
0.015661384629891775,0.015661384629891775,0.015661384629891775,0.2443176002263117,0.015661384629891775,0.9522121854974199,0.0626455385195671,-0.15034929244696105,0.015661384629891775,0.015661384629891775,0.03132276925978355,0.05512807389721905,-0.01879366155587013,0.015661384629891775,0.03132276925978355,0
0.1043536653212034,0.0521768326606017,0.1043536653212034,0.25044879677088816,0.1565304979818051,0.7930878564411458,0.2087073306424068,-0.35480246209209154,0.1043536653212034,0.1043536653212034,0.0,0.2087073306424068,-0.14609513144968475,0.0521768326606017,0.02087073306424068,1
0.11415763138428137,0.22831526276856273,0.22831526276856273,0.0,0.3424728941528441,0.41096747298341296,0.45663052553712546,-0.1826522102148502,0.11415763138428137,0.11415763138428137,0.41096747298341296,0.21461634700244897,0.2739783153222753,0.11415763138428137,0.1598206839379939,1
