AAWt,AAMt,Sstruct,SaccW,ShbondsW,SaccM,ShbondsM,yDDG,Result,Positiontype,ProteinPropens,Positionaccept,MOSST,SectorSuperficie,Functionalrelevancefunction,Clinical
0.09090909090909091,0.09090909090909091,0.09090909090909091,82.8,0.09090909090909091,74.3,0.09090909090909091,-0.7,0.2727272727272727,0.45454545454545453,0.8,0.64,-0.2,0.2727272727272727,0.1,0
0.09090909090909091,0.18181818181818182,0.2727272727272727,20.4,0.9090909090909091,47.5,0.9090909090909091,0.3,0.18181818181818182,0.18181818181818182,0.6,0.84,0,0.2727272727272727,0.1,0
0.18181818181818182,0.18181818181818182,0.45454545454545453,0.2,0.9090909090909091,0.3,0.9090909090909091,-0.8,0.2727272727272727,0.45454545454545453,0.6,0.89,0.3,0.18181818181818182,0.1,0
0.18181818181818182,0.09090909090909091,0.09090909090909091,39.9,0.9090909090909091,27.5,0.9090909090909091,2.8,0.09090909090909091,0.45454545454545453,0.4,0.56,-0.4,0.09090909090909091,0,1
0.09090909090909091,0.09090909090909091,0.2727272727272727,41.5,0.9090909090909091,34.9,0.9090909090909091,1,0.18181818181818182,0.09090909090909091,0.9,0.26,0.5,0.09090909090909091,0,1
0.09090909090909091,0.09090909090909091,0.2727272727272727,0,0.9090909090909091,0.1,0.9090909090909091,-1.5,0.18181818181818182,0.18181818181818182,-0.1,0.64,-0.5,0.2727272727272727,0.1,1
0.18181818181818182,0.09090909090909091,0.45454545454545453,0,0.9090909090909091,0,0.9090909090909091,-1,0.2727272727272727,0.2727272727272727,0,1,-1.1,0.18181818181818182,0.35,1
0.09090909090909091,0.18181818181818182,0.09090909090909091,18.3,0.9090909090909091,29.5,0.9090909090909091,0.8,0.18181818181818182,0.45454545454545453,0.5,0.85,-0.5,0.09090909090909091,0.8,0
0.18181818181818182,0.18181818181818182,0.45454545454545453,0,0.9090909090909091,0,0.9090909090909091,0.7,0.18181818181818182,0.2727272727272727,0,1,-0.7,0.09090909090909091,0.5,0
0.18181818181818182,0.18181818181818182,0.45454545454545453,0.2,0.9090909090909091,0.3,0.9090909090909091,-1.1,0.18181818181818182,0.45454545454545453,0.6,0.89,-0.1,0.18181818181818182,0.1,0
0.18181818181818182,0.18181818181818182,0.45454545454545453,0,0.9090909090909091,1.8,0.9090909090909091,-4.3,0.09090909090909091,0.2727272727272727,0,1,-0.8,0.18181818181818182,0.35,1
