AAWt,AAMt,Sstruct,SaccW,ShbondsW,SaccM,ShbondsM,yDDG,Result,Positiontype,ProteinPropens,Positionaccept,MOSST,SectorSuperficie,Functionalrelevancefunction,Clinical
0.5384615384615384,0.23076923076923078,0.23076923076923078,11.9,1.0,17.4,0.8461538461538461,-5.3,0.6153846153846154,0.5384615384615384,0,1,-1,0.07692307692307693,0.1,0
0.5384615384615384,0.15384615384615385,0.23076923076923078,1.4,1.0,2.3,0.8461538461538461,-3.1,0.6153846153846154,0.5384615384615384,0,1,-0.9,0.15384615384615385,0.1,0
0.5384615384615384,0.23076923076923078,0.3076923076923077,23.5,1.0,23.6,0.8461538461538461,-0.8,0.23076923076923078,0.5384615384615384,0,1,-1,0.07692307692307693,0.6,0
0.15384615384615385,0.15384615384615385,0.15384615384615385,0,1.0,2.3,0.8461538461538461,-5,0.6153846153846154,0.5384615384615384,0,1,-0.9,0.07692307692307693,0.25,0
0.5384615384615384,0.07692307692307693,0.3076923076923077,0,1.0,0.3,0.8461538461538461,-3.6,0.6153846153846154,0.23076923076923078,0.7,0.78,-0.6,0.15384615384615385,0.1,0
0.5384615384615384,0.07692307692307693,0.15384615384615385,0.2,1.0,34.1,0.8461538461538461,-4.7,0.6153846153846154,0.07692307692307693,0.5,0.91,-0.7,0.23076923076923078,0.1,0
0.15384615384615385,0.15384615384615385,0.15384615384615385,6.8,1.0,15.1,0.8461538461538461,-4.9,0.6153846153846154,0.5384615384615384,0.3,0.97,-0.9,0.07692307692307693,0.2,0
0.5384615384615384,0.23076923076923078,0.07692307692307693,4.2,1.0,13.7,0.8461538461538461,-6.5,0.6153846153846154,0.5384615384615384,1,0.95,-0.9,0.07692307692307693,0.1,0
0.15384615384615385,0.15384615384615385,0.3076923076923077,11.1,1.0,28.8,0.07692307692307693,-0.7,0.23076923076923078,0.23076923076923078,0.5,0.91,-0.7,0.23076923076923078,0.5,1
0.07692307692307693,0.15384615384615385,0.3076923076923077,111.8,1.0,93.3,0.07692307692307693,-0.4,0.07692307692307693,0.23076923076923078,0.5,0.62,-0.4,0.07692307692307693,0.55,1
0.07692307692307693,0.07692307692307693,0.07692307692307693,83.7,1.0,89.9,0.8461538461538461,-1,0.23076923076923078,0.15384615384615385,0.7,0.47,-0.1,0.15384615384615385,0.25,1
0.15384615384615385,0.07692307692307693,0.15384615384615385,0,1.0,0,0.8461538461538461,1.9,0.07692307692307693,0.15384615384615385,0.7,0.25,1.1,0.23076923076923078,0,1
0.5384615384615384,0.15384615384615385,0.23076923076923078,1.4,1.0,2.3,0.8461538461538461,-3.1,0.6153846153846154,0.5384615384615384,0,1,-0.9,0.15384615384615385,0.1,0
