statistic,value
mean,0.718421052632
max,1.0
min,0.526315789474
var,0.00827562326872
std,0.0909704527235
