statistic,value
mean,0.717894736842
max,1.0
min,0.473684210526
var,0.00817285318562
std,0.0904038339099
