statistic,value
mean,0.72052631579
max,1.0
min,0.526315789474
var,0.00801634349033
std,0.0895340353738
