statistic,value
mean,0.716842105263
max,1.0
min,0.473684210526
var,0.00840886426595
std,0.0916998596834
