statistic,value
mean,0.717894736842
max,1.0
min,0.526315789474
var,0.00800664819946
std,0.0894798759469
