statistic,value
mean,0.717894736842
max,1.0
min,0.473684210526
var,0.00789584487537
std,0.0888585666966
