AAWt,AAMt,Sstruct,SaccW,ShbondsW,SaccM,ShbondsM,yDDG,Result,Positiontype,ProteinPropens,Positionaccept,MOSST,SectorSuperficie,Functionalrelevancefunction,Clinical
0.18181818181818182,0.09090909090909091,0.18181818181818182,45.9,0.5454545454545454,58.7,0.2727272727272727,-0.1,0.2727272727272727,0.09090909090909091,1,0.57,0.4,0.2727272727272727,0.1,0
0.09090909090909091,0.09090909090909091,0.36363636363636365,52.4,0.09090909090909091,29.7,0.7272727272727273,-2.3,0.2727272727272727,0.36363636363636365,0.2,0.91,-0.8,0.18181818181818182,0.6,0
0.18181818181818182,0.09090909090909091,0.36363636363636365,4.9,0.5454545454545454,1.5,0.7272727272727273,-0.3,0.2727272727272727,0.36363636363636365,0.7,0.73,-0.3,0.2727272727272727,0.75,1
0.18181818181818182,0.2727272727272727,0.36363636363636365,17.3,0.5454545454545454,0.3,0.7272727272727273,-1.1,0.36363636363636365,0.5454545454545454,0,1,-0.7,0.2727272727272727,0.85,0
0.18181818181818182,0.09090909090909091,0.36363636363636365,62.5,0.5454545454545454,104.4,0.7272727272727273,-3.6,0.2727272727272727,0.36363636363636365,0.7,0.59,-0.2,0.09090909090909091,0.25,1
0.18181818181818182,0.09090909090909091,0.36363636363636365,3.2,0.5454545454545454,0.1,0.7272727272727273,-1.9,0.36363636363636365,0.5454545454545454,0.5,0.92,-0.6,0.09090909090909091,0.6,1
0.09090909090909091,0.2727272727272727,0.36363636363636365,0,0.36363636363636365,2.3,0.7272727272727273,-5,0.2727272727272727,0.5454545454545454,0,1,-0.9,0.09090909090909091,0.25,0
0.09090909090909091,0.09090909090909091,0.36363636363636365,63.3,0.5454545454545454,105,0.2727272727272727,-1.6,0.36363636363636365,0.5454545454545454,0,1,-1.2,0.09090909090909091,1,1
0.18181818181818182,0.09090909090909091,0.18181818181818182,0,0.36363636363636365,0,0.7272727272727273,1.9,0.09090909090909091,0.5454545454545454,0,1,-1.3,0.09090909090909091,0.75,0
0.09090909090909091,0.2727272727272727,0.09090909090909091,61,0.36363636363636365,89.4,0.7272727272727273,0,0.2727272727272727,0.36363636363636365,0.1,0.76,-0.1,0.18181818181818182,0.2,0
0.09090909090909091,0.09090909090909091,0.36363636363636365,52.6,0.36363636363636365,81.8,0.2727272727272727,-1.5,0.36363636363636365,0.5454545454545454,0,1,-1.3,0.09090909090909091,0.8,1
