AAWt,AAMt,Sstruct,SaccW,ShbondsW,SaccM,ShbondsM,yDDG,Result,Positiontype,ProteinPropens,Positionaccept,MOSST,SectorSuperficie,Functionalrelevancefunction,Clinical
0.09090909090909091,0.09090909090909091,0.45454545454545453,46.3,1.0,18.1,0.9090909090909091,-1.4,0.2727272727272727,0.36363636363636365,0,1,-1.3,0.18181818181818182,0.35,0
0.09090909090909091,0.18181818181818182,0.45454545454545453,23.5,1.0,23.6,0.9090909090909091,-0.8,0.2727272727272727,0.36363636363636365,0,1,-1,0.09090909090909091,0.6,0
0.09090909090909091,0.18181818181818182,0.18181818181818182,61,1.0,89.4,0.9090909090909091,0,0.18181818181818182,0.5454545454545454,0.1,0.76,-0.1,0.18181818181818182,0.2,0
0.18181818181818182,0.18181818181818182,0.18181818181818182,57.5,1.0,70.8,0.9090909090909091,-1.3,0.2727272727272727,0.5454545454545454,0.9,0.31,0.1,0.09090909090909091,0.35,1
0.18181818181818182,0.2727272727272727,0.09090909090909091,6.8,1.0,6,0.9090909090909091,-2.2,0.18181818181818182,0.36363636363636365,0.3,0.97,-0.4,0.09090909090909091,0.2,0
0.09090909090909091,0.18181818181818182,0.18181818181818182,18.3,1.0,12.9,0.9090909090909091,-3.5,0.18181818181818182,0.5454545454545454,0.5,0.85,-0.8,0.18181818181818182,0.8,0
0.18181818181818182,0.18181818181818182,0.45454545454545453,26.8,1.0,40.7,0.9090909090909091,0,0.18181818181818182,0.36363636363636365,0,1,-1.2,0.09090909090909091,0.1,0
0.09090909090909091,0.09090909090909091,0.45454545454545453,11.1,1.0,28.8,0.09090909090909091,-0.7,0.2727272727272727,0.5454545454545454,0.5,0.91,-0.7,0.18181818181818182,0.5,1
0.09090909090909091,0.2727272727272727,0.09090909090909091,83.7,1.0,89.9,0.9090909090909091,-1,0.2727272727272727,0.09090909090909091,0.7,0.47,-0.1,0.2727272727272727,0.25,1
0.09090909090909091,0.2727272727272727,0.45454545454545453,16.3,1.0,43.3,0.9090909090909091,1.6,0.09090909090909091,0.5454545454545454,0.8,0.74,-0.3,0.2727272727272727,0.65,1
0.18181818181818182,0.18181818181818182,0.18181818181818182,0.2,1.0,0.3,0.9090909090909091,-1.1,0.2727272727272727,0.5454545454545454,0.6,0.89,-0.1,0.2727272727272727,0.1,0
