AAWt,AAMt,Sstruct,SaccW,ShbondsW,SaccM,ShbondsM,yDDG,Result,Positiontype,ProteinPropens,Positionaccept,MOSST,SectorSuperficie,Functionalrelevancefunction,Clinical
0.09090909090909091,0.09090909090909091,0.6363636363636364,59.5,0.6363636363636364,67.4,0.7272727272727273,0,0.5454545454545454,0.09090909090909091,0.9,0.56,0.4,0.09090909090909091,0.1,1
0.09090909090909091,0.09090909090909091,0.6363636363636364,50.3,0.2727272727272727,72.2,0.7272727272727273,-2.4,0.09090909090909091,0.36363636363636365,0,1,-0.7,0.45454545454545453,0.1,0
0.09090909090909091,0.09090909090909091,0.6363636363636364,0,0.6363636363636364,0,0.7272727272727273,1.9,0.18181818181818182,0.36363636363636365,0,1,-1.3,0.09090909090909091,0.75,0
0.09090909090909091,0.09090909090909091,0.6363636363636364,0,0.6363636363636364,0.1,0.7272727272727273,-1.5,0.18181818181818182,0.18181818181818182,-0.1,0.64,-0.5,0.45454545454545453,0.1,1
0.09090909090909091,0.09090909090909091,0.09090909090909091,68.8,0.2727272727272727,50.2,0.18181818181818182,-0.4,0.5454545454545454,0.36363636363636365,0,1,-0.8,0.2727272727272727,0,0
0.09090909090909091,0.09090909090909091,0.18181818181818182,29.8,0.6363636363636364,30.4,0.7272727272727273,-0.2,0.5454545454545454,0.2727272727272727,0,0.81,0.3,0.45454545454545453,0.2,0
0.09090909090909091,0.09090909090909091,0.6363636363636364,14.4,0.2727272727272727,17.1,0.09090909090909091,1.1,0.18181818181818182,0.09090909090909091,0.2,0.48,0.8,0.2727272727272727,0.8,0
0.18181818181818182,0.09090909090909091,0.09090909090909091,64.7,0.6363636363636364,68.4,0.18181818181818182,-0.3,0.5454545454545454,0.2727272727272727,0.7,0.53,0.2,0.45454545454545453,0.1,1
0.18181818181818182,0.09090909090909091,0.6363636363636364,50.8,0.6363636363636364,23.9,0.7272727272727273,-1.8,0.18181818181818182,0.2727272727272727,1,0.63,-0.3,0.09090909090909091,0.25,0
0.09090909090909091,0.09090909090909091,0.18181818181818182,12.1,0.09090909090909091,10.6,0.7272727272727273,0.4,0.5454545454545454,0.36363636363636365,0.3,0.97,-0.9,0.2727272727272727,0.6,0
0.09090909090909091,0.09090909090909091,0.6363636363636364,20.4,0.6363636363636364,47.5,0.7272727272727273,0.3,0.5454545454545454,0.18181818181818182,0.6,0.84,0,0.45454545454545453,0.1,0
