AAWt,AAMt,Sstruct,SaccW,ShbondsW,SaccM,ShbondsM,yDDG,Result,Positiontype,ProteinPropens,Positionaccept,MOSST,SectorSuperficie,Functionalrelevancefunction,Clinical
0.00549596911312,0.00549596911312,0.00549596911312,0.804609878161,0.0384717837918,0.567184012474,0.0274798455656,-0.153887135167,0.00549596911312,0.0219838764525,0.0219838764525,0.0373725899692,-0.035174202324,0.00549596911312,0.035174202324,0
0.0034746653674,0.0034746653674,0.0069493307348,0.391942253443,0.0243226575718,0.917311656994,0.017373326837,-0.0472554489966,0.0034746653674,0.0138986614696,0.0194581260574,0.0236277244983,-0.0138986614696,0.0138986614696,0.0138986614696,1
0.000892769399552,0.000892769399552,0.000892769399552,0.709930226524,0.000892769399552,0.704216502367,0.00267830819866,-0.00357107759821,0.00357107759821,0.00357107759821,-0.000714215519642,0.00507093018946,-0.000714215519642,0.000892769399552,0.00142843103928,0
0.00259625741045,0.0051925148209,0.00259625741045,0.828725365416,0.0181738018732,0.558714594729,0.00778877223135,-0.00623101778508,0.0103850296418,0.0103850296418,0.00830802371344,0.0116312331988,0.0124620355702,0.00259625741045,0.0,1
0.00261360292364,0.00261360292364,0.00784080877091,0.968078522915,0.0182952204655,0.246724115991,0.0130680146182,0.00209088233891,0.0104544116946,0.00522720584728,0.0,0.0209088233891,-0.0250905880669,0.0104544116946,0.00731808818619,0
0.00272176898159,0.00272176898159,0.00816530694478,0.55306345706,0.0190523828712,0.831772600775,0.013608844908,0.0174193214822,0.00544353796319,0.00544353796319,0.0,0.0217741518528,-0.0283063974086,0.00272176898159,0.0,1
0.00230376340805,0.00230376340805,0.00691129022415,0.764849451473,0.0161263438564,0.643210743528,0.0115188170403,0.0184301072644,0.0046075268161,0.00230376340805,0.016587096538,0.00479182788875,0.0092150536322,0.0092150536322,0.0,1
0.00158017779272,0.00316035558545,0.00316035558545,0.467732626646,0.0110612445491,0.883635421691,0.00474053337817,-0.00505656893672,0.0063207111709,0.00158017779272,0.00252828446836,0.0112508658842,-0.00252828446836,0.0063207111709,0.0,0
