AAWt,AAMt,Sstruct,SaccW,ShbondsW,SaccM,ShbondsM,yDDG,Result,Positiontype,ProteinPropens,Positionaccept,MOSST,SectorSuperficie,Functionalrelevancefunction,Clinical
0.00345649692734,0.010369490782,0.00345649692734,0.857211237981,0.00345649692734,0.514326742789,0.0138259877094,-0.00967819139656,0.00345649692734,0.00345649692734,0.00414779631281,0.00926341176528,-0.00553039508375,0.00691299385468,0.00483909569828,0
0.0109709191865,0.0329127575596,0.0109709191865,0.294020634199,0.0329127575596,0.939110682366,0.0438836767461,-0.153592868611,0.021941838373,0.021941838373,0.0307185737223,0.0342292678619,-0.00438836767461,0.0109709191865,0.021941838373,1
0.121374955357,0.121374955357,0.242749910714,0.0,0.36412486607,0.0,0.485499821427,-0.0970999642854,0.121374955357,0.121374955357,0.0,0.485499821427,-0.388399857142,0.242749910714,0.242749910714,0
0.0374429429848,0.112328828954,0.0748858859696,0.0149771771939,0.112328828954,0.733881682502,0.149771771939,-0.599087087757,0.0748858859696,0.0748858859696,0.0748858859696,0.134794594745,-0.104840240357,0.0374429429848,0.0149771771939,0
