AAWt,AAMt,Sstruct,SaccW,ShbondsW,SaccM,ShbondsM,yDDG,Result,Positiontype,ProteinPropens,Positionaccept,MOSST,SectorSuperficie,Functionalrelevancefunction,Clinical
0.09090909090909091,0.18181818181818182,0.09090909090909091,6.8,0.8181818181818182,8.6,0.2727272727272727,0.5,0.5454545454545454,0.5454545454545454,0.3,0.97,-0.6,0.2727272727272727,0.2,0
0.09090909090909091,0.09090909090909091,0.6363636363636364,50.3,0.18181818181818182,55,0.09090909090909091,-1.6,0.2727272727272727,0.5454545454545454,0,1,-1.1,0.2727272727272727,0.1,0
0.09090909090909091,0.2727272727272727,0.6363636363636364,11.1,0.8181818181818182,38.8,0.6363636363636364,1.1,0.09090909090909091,0.18181818181818182,0.5,0.91,-0.8,0.18181818181818182,0.5,1
0.36363636363636365,0.18181818181818182,0.6363636363636364,26.8,0.8181818181818182,40.7,0.6363636363636364,0,0.5454545454545454,0.5454545454545454,0,1,-1.2,0.09090909090909091,0.1,0
0.36363636363636365,0.18181818181818182,0.6363636363636364,59.5,0.8181818181818182,67.4,0.6363636363636364,0,0.5454545454545454,0.18181818181818182,0.9,0.56,0.4,0.2727272727272727,0.1,1
0.09090909090909091,0.09090909090909091,0.09090909090909091,63.3,0.18181818181818182,105,0.2727272727272727,-1.6,0.2727272727272727,0.5454545454545454,0,1,-1.2,0.09090909090909091,1,1
0.36363636363636365,0.18181818181818182,0.6363636363636364,59.5,0.8181818181818182,67.4,0.6363636363636364,0,0.5454545454545454,0.18181818181818182,0.9,0.56,0.4,0.2727272727272727,0.1,1
0.09090909090909091,0.18181818181818182,0.09090909090909091,25.3,0.8181818181818182,40.3,0.2727272727272727,0.1,0.5454545454545454,0.5454545454545454,0.3,0.97,-1,0.09090909090909091,0.25,0
0.09090909090909091,0.2727272727272727,0.6363636363636364,78.1,0.8181818181818182,78.6,0.6363636363636364,-1,0.2727272727272727,0.18181818181818182,-0.1,0.21,0,0.18181818181818182,0,1
0.09090909090909091,0.18181818181818182,0.6363636363636364,20.4,0.8181818181818182,47.5,0.6363636363636364,0.3,0.5454545454545454,0.09090909090909091,0.6,0.84,0,0.2727272727272727,0.1,0
0.36363636363636365,0.2727272727272727,0.09090909090909091,0,0.8181818181818182,0,0.6363636363636364,-0.8,0.09090909090909091,0.5454545454545454,0.3,0.96,0,0.2727272727272727,0.1,0
