AAWt,AAMt,Sstruct,SaccW,ShbondsW,SaccM,ShbondsM,yDDG,Result,Positiontype,ProteinPropens,Positionaccept,MOSST,SectorSuperficie,Functionalrelevancefunction,Clinical
0.18181818181818182,0.09090909090909091,0.36363636363636365,0,0.8181818181818182,0.2,0.7272727272727273,0,0.18181818181818182,0.36363636363636365,0.7,0.78,0,0.18181818181818182,0.1,0
0.18181818181818182,0.36363636363636365,0.2727272727272727,0,0.8181818181818182,0,0.7272727272727273,-5.1,0.5454545454545454,0.45454545454545453,0.3,0.96,-1,0.18181818181818182,0.1,1
0.18181818181818182,0.36363636363636365,0.2727272727272727,52.6,0.8181818181818182,81.8,0.09090909090909091,-1.5,0.2727272727272727,0.45454545454545453,0,1,-1.3,0.09090909090909091,0.8,1
0.2727272727272727,0.09090909090909091,0.36363636363636365,14.4,0.09090909090909091,20.5,0.18181818181818182,-3.1,0.5454545454545454,0.18181818181818182,0.2,0.48,-0.2,0.18181818181818182,0.8,0
0.18181818181818182,0.09090909090909091,0.09090909090909091,0.2,0.8181818181818182,9,0.7272727272727273,-3.6,0.5454545454545454,0.18181818181818182,0.5,0.91,-0.6,0.2727272727272727,0.1,0
0.09090909090909091,0.09090909090909091,0.2727272727272727,46.6,0.09090909090909091,81,0.18181818181818182,-1.3,0.2727272727272727,0.36363636363636365,0.6,0.9,0.3,0.09090909090909091,0.35,1
0.09090909090909091,0.09090909090909091,0.2727272727272727,6.7,0.8181818181818182,21.4,0.7272727272727273,-3.5,0.5454545454545454,0.36363636363636365,0.7,0.78,-0.1,0.18181818181818182,0.5,1
0.09090909090909091,0.09090909090909091,0.36363636363636365,25.4,0.8181818181818182,36.1,0.7272727272727273,-1,0.2727272727272727,0.45454545454545453,0,1,-0.5,0.09090909090909091,0,0
0.2727272727272727,0.09090909090909091,0.36363636363636365,46.3,0.8181818181818182,11.8,0.7272727272727273,0.1,0.18181818181818182,0.45454545454545453,0,1,-1.2,0.2727272727272727,0.35,0
0.09090909090909091,0.36363636363636365,0.2727272727272727,0,0.8181818181818182,0,0.7272727272727273,-2.9,0.5454545454545454,0.45454545454545453,0.3,0.96,-0.8,0.09090909090909091,0.35,1
0.2727272727272727,0.36363636363636365,0.2727272727272727,45.4,0.8181818181818182,27.8,0.7272727272727273,-3,0.5454545454545454,0.36363636363636365,0.1,0.57,-0.4,0.2727272727272727,0.1,1
