statistic,value
mean,0.669027029358
max,0.857142857143
min,0.546762589928
var,0.00412429656377
std,0.0642206864162
