statistic,value
mean,0.671810451712
max,0.857142857143
min,0.555555555556
var,0.00395170044555
std,0.0628625520127
