Statistic,Value
Mean,0.402011019284
Std,0.0727478529453
Max,0.65
Min,0.25
Var,0.00529225010814
