AAWt,AAMt,Sstruct,SaccW,ShbondsW,SaccM,ShbondsM,yDDG,Result,Positiontype,ProteinPropens,Positionaccept,MOSST,SectorSuperficie,Functionalrelevancefunction,Clinical
0.00771508079578,0.0154301615916,0.0154301615916,0.746819821031,0.00771508079578,0.654238851482,0.0462904847747,0.0246882585465,0.0308603231831,0.0385754039789,0.0185161939099,0.0598690269752,-0.0555485817296,0.00771508079578,0.0370323878197,0
0.0132865173593,0.0132865173593,0.0132865173593,0.0159438208312,0.0265730347186,0.956629249869,0.0398595520779,-0.276359561073,0.00664325867965,0.0332162933982,0.0159438208312,0.0504887659653,-0.037202248606,0.00664325867965,0.00531460694372,0
0.0028330595648,0.0028330595648,0.0014165297824,0.871449122132,0.0056661191296,0.489552692797,0.0084991786944,-0.0215312526925,0.0014165297824,0.007082648912,0.0,0.0113322382592,-0.0113322382592,0.0028330595648,0.00339967147776,1
0.00166817751116,0.00166817751116,0.00834088755582,0.900815856029,0.00500453253349,0.433726152903,0.00166817751116,-0.0040036260268,0.00667271004466,0.00333635502233,0.00934179406252,0.0116105154777,0.00133454200893,0.00166817751116,0.00333635502233,0
0.00203882585527,0.00203882585527,0.0101941292763,0.820423524159,0.0061164775658,0.570871239474,0.0122329551316,0.00163106068421,0.00815530342106,0.0101941292763,0.0,0.0163106068421,-0.0163106068421,0.00203882585527,0.00163106068421,1
0.00278019640366,0.00139009820183,0.00695049100915,0.661686744071,0.00556039280732,0.749540950427,0.00834058921098,0.0,0.00556039280732,0.00278019640366,0.0100087070532,0.0062276399442,0.00444831424585,0.00139009820183,0.00111207856146,1
0.00749008827688,0.00749008827688,0.0187252206922,0.704068298027,0.0149801765538,0.707064333338,0.0224702648306,-0.023968282486,0.00749008827688,0.0187252206922,0.0,0.0299603531075,-0.0299603531075,0.00749008827688,0.0179762118645,0
0.00105663490662,0.00105663490662,0.00528317453312,0.639898099452,0.00316990471987,0.768384904097,0.00105663490662,-0.0050718475518,0.00211326981325,0.00105663490662,0.000845307925299,0.00608621706216,-0.0016906158506,0.00105663490662,0.000845307925299,1
