AAWt,AAMt,Sstruct,SaccW,ShbondsW,SaccM,ShbondsM,yDDG,Result,Positiontype,ProteinPropens,Positionaccept,MOSST,SectorSuperficie,Functionalrelevancefunction,Clinical
0.09090909090909091,0.09090909090909091,0.09090909090909091,68.8,0.18181818181818182,71.8,0.9090909090909091,-2.4,0.36363636363636365,0.45454545454545453,0,1,-1.1,0.18181818181818182,0,0
0.09090909090909091,0.09090909090909091,0.6363636363636364,59.5,0.7272727272727273,54.4,0.9090909090909091,1,0.18181818181818182,0.09090909090909091,0.9,0.56,0.3,0.2727272727272727,0.1,0
0.18181818181818182,0.09090909090909091,0.18181818181818182,0,0.7272727272727273,0,0.9090909090909091,-1.3,0.18181818181818182,0.45454545454545453,0,1,-1.1,0.09090909090909091,0.5,1
0.18181818181818182,0.09090909090909091,0.6363636363636364,0,0.7272727272727273,0,0.9090909090909091,-2.4,0.36363636363636365,0.36363636363636365,0.7,0.78,-0.5,0.2727272727272727,0.1,1
0.18181818181818182,0.09090909090909091,0.6363636363636364,14.4,0.18181818181818182,20.5,0.09090909090909091,-3.1,0.36363636363636365,0.09090909090909091,0.2,0.48,-0.2,0.18181818181818182,0.8,0
0.18181818181818182,0.09090909090909091,0.6363636363636364,16.3,0.7272727272727273,30.7,0.9090909090909091,1,0.18181818181818182,0.36363636363636365,0.8,0.74,-0.4,0.2727272727272727,0.65,1
0.09090909090909091,0.2727272727272727,0.6363636363636364,55.9,0.7272727272727273,66.1,0.9090909090909091,-0.9,0.09090909090909091,0.36363636363636365,-0.1,0.2,0.4,0.18181818181818182,0,1
0.18181818181818182,0.09090909090909091,0.18181818181818182,45.4,0.7272727272727273,27.8,0.9090909090909091,-3,0.36363636363636365,0.36363636363636365,0.1,0.57,-0.4,0.18181818181818182,0.1,1
0.18181818181818182,0.09090909090909091,0.6363636363636364,23.5,0.7272727272727273,38.4,0.9090909090909091,-1.6,0.18181818181818182,0.45454545454545453,0,1,-0.9,0.09090909090909091,0.6,0
0.09090909090909091,0.2727272727272727,0.6363636363636364,0,0.7272727272727273,0,0.9090909090909091,1.9,0.09090909090909091,0.45454545454545453,0,1,-1.3,0.09090909090909091,0.75,0
0.09090909090909091,0.2727272727272727,0.09090909090909091,27.7,0.09090909090909091,34.7,0.9090909090909091,0.4,0.09090909090909091,0.45454545454545453,0,1,-1.3,0.09090909090909091,0.1,1
