Statistic,Value
Mean,5.75512396694
Std,1.6439288111
Max,11.0
Min,2.0
Var,2.70250193596
