AAWt,AAMt,Sstruct,SaccW,ShbondsW,SaccM,ShbondsM,yDDG,Result,Positiontype,ProteinPropens,Positionaccept,MOSST,SectorSuperficie,Functionalrelevancefunction,Clinical
0.09090909090909091,0.09090909090909091,0.45454545454545453,7.3,0.8181818181818182,16.4,0.9090909090909091,-3.1,0.36363636363636365,0.18181818181818182,0,1,-1,0.36363636363636365,0.95,1
0.2727272727272727,0.18181818181818182,0.09090909090909091,52.4,0.18181818181818182,48.6,0.9090909090909091,-3.3,0.36363636363636365,0.45454545454545453,0.2,0.91,-0.8,0.09090909090909091,0.6,0
0.2727272727272727,0.09090909090909091,0.45454545454545453,62,0.18181818181818182,61.8,0.09090909090909091,0.6,0.09090909090909091,0.09090909090909091,0.3,0.67,0.6,0.09090909090909091,0.35,1
0.18181818181818182,0.2727272727272727,0.45454545454545453,0,0.8181818181818182,0,0.9090909090909091,-1.4,0.36363636363636365,0.2727272727272727,0.7,0.25,-0.1,0.36363636363636365,0,1
0.18181818181818182,0.2727272727272727,0.45454545454545453,0.1,0.8181818181818182,4.9,0.9090909090909091,-4,0.36363636363636365,0.45454545454545453,0.5,0.9,-0.7,0.36363636363636365,0.1,0
0.09090909090909091,0.09090909090909091,0.45454545454545453,111.8,0.8181818181818182,92.1,0.9090909090909091,-0.5,0.09090909090909091,0.45454545454545453,0.5,0.62,-0.1,0.09090909090909091,0.55,0
0.18181818181818182,0.09090909090909091,0.45454545454545453,0,0.8181818181818182,0.2,0.9090909090909091,-1.7,0.36363636363636365,0.45454545454545453,0.7,0.78,0.2,0.36363636363636365,0.1,1
0.2727272727272727,0.2727272727272727,0.45454545454545453,40.5,0.8181818181818182,29.7,0.9090909090909091,-3.3,0.36363636363636365,0.2727272727272727,0.3,0.44,-0.3,0.36363636363636365,0.6,0
0.09090909090909091,0.09090909090909091,0.45454545454545453,0.5,0.8181818181818182,0.7,0.9090909090909091,-0.2,0.09090909090909091,0.18181818181818182,0,1,-0.8,0.36363636363636365,0,0
0.09090909090909091,0.18181818181818182,0.45454545454545453,6,0.8181818181818182,15.4,0.9090909090909091,-1.4,0.36363636363636365,0.45454545454545453,0.5,0.61,-0.3,0.36363636363636365,0.6,0
0.18181818181818182,0.09090909090909091,0.45454545454545453,0,0.8181818181818182,0,0.9090909090909091,-1.3,0.36363636363636365,0.2727272727272727,0.7,0.25,-0.1,0.36363636363636365,0,1
