AAWt,AAMt,Sstruct,SaccW,ShbondsW,SaccM,ShbondsM,yDDG,Result,Positiontype,ProteinPropens,Positionaccept,MOSST,SectorSuperficie,Functionalrelevancefunction,Clinical
0.00209160512999,0.00418321025998,0.0125496307799,0.968413175185,0.0125496307799,0.242626195079,0.0188244461699,0.0376488923398,0.00418321025998,0.0146412359099,0.0,0.0209160512999,-0.0209160512999,0.00627481538997,0.00732061795496,1
0.0517390396593,0.0517390396593,0.155217118978,0.0,0.155217118978,0.827824634548,0.232825678467,-0.232825678467,0.0776085594889,0.181086638807,0.0,0.258695198296,-0.206956158637,0.0517390396593,0.0388042797444,1
0.0356730739032,0.0178365369516,0.10701922171,0.0,0.10701922171,0.873990310628,0.160528832564,0.285384591225,0.0356730739032,0.124855758661,0.0,0.178365369516,-0.231874980371,0.0356730739032,0.0267548054274,0
0.0320379554221,0.0640759108443,0.128151821689,0.0,0.192227732533,0.768910930132,0.288341598799,-0.256303643377,0.0961138662664,0.224265687955,0.0,0.320379554221,-0.160189777111,0.0320379554221,0.112132843978,1
0.0896221429896,0.0448110714948,0.179244285979,0.0,0.268866428969,0.0,0.403299643453,0.0,0.179244285979,0.313677500464,0.0,0.448110714948,-0.582543929433,0.0448110714948,0.224055357474,1
0.0026819942565,0.00134099712825,0.00804598276951,0.674521555511,0.00402299138476,0.737548420538,0.00134099712825,-0.021455954052,0.00134099712825,0.00938697989776,0.0,0.0134099712825,-0.0147509684108,0.00134099712825,0.00134099712825,0
0.000890937982803,0.000890937982803,0.00534562789682,0.81699013023,0.00267281394841,0.576436874873,0.00801844184523,0.0,0.00356375193121,0.00267281394841,0.00445468991401,0.00801844184523,-0.00623656587962,0.00178187596561,0.0,0
0.0100145554677,0.00500727773384,0.030043666403,0.555807828456,0.030043666403,0.826200826084,0.0450654996046,0.0100145554677,0.0200291109354,0.0150218332015,0.0250363886692,0.045566227378,-0.0150218332015,0.0150218332015,0.0250363886692,0
0.00616836481051,0.00616836481051,0.024673459242,0.746372142072,0.00616836481051,0.653846669914,0.0555152832946,0.024673459242,0.024673459242,0.0431785536736,0.0185050944315,0.0598331386619,-0.0555152832946,0.012336729621,0.0370101888631,0
0.0365970287969,0.0365970287969,0.0731940575937,0.896627205523,0.0548955431953,0.274477715976,0.164686629586,-0.0914925719922,0.0548955431953,0.0548955431953,0.128089600789,0.133579155109,-0.109791086391,0.0548955431953,0.137238857988,0
