Statistic,Value
Mean,0.075352303523
Std,0.0779371844872
Max,0.20987804878
Min,0.0
Var,0.0060742047258
