AAWt,AAMt,Sstruct,SaccW,ShbondsW,SaccM,ShbondsM,yDDG,Result,Positiontype,ProteinPropens,Positionaccept,MOSST,SectorSuperficie,Functionalrelevancefunction,Clinical
0.02309798642718393,0.02309798642718393,0.09239194570873573,0.7922609344524089,0.02309798642718393,0.3395404004796038,0.13858791856310357,0.4042147624757188,0.02309798642718393,0.11548993213591965,0.11318013349320126,0.11803071064290989,-0.06467436199611501,0.06929395928155178,0.12126442874271565,1
0.025895242417375317,0.051790484834750634,0.10358096966950127,0.03625333938432545,0.1553714545042519,0.09063334846081363,0.1553714545042519,-0.9244601543002988,0.07768572725212596,0.1294762120868766,0.10876001815297634,0.16132736026024824,-0.10876001815297634,0.025895242417375317,0.018126669692162724,0
0.001517104033298287,0.001517104033298287,0.001517104033298287,0.6870964166807942,0.009102624199789721,0.7263894111432199,0.001517104033298287,-0.0031859184699264027,0.001517104033298287,0.007585520166491435,0.007433809763161606,0.0056284559635366455,0.002123945646617602,0.001517104033298287,0.001061972823308801,1
0.06210191929180288,0.06210191929180288,0.24840767716721152,0.0,0.3726115157508173,0.0,0.3726115157508173,-0.4347134350426202,0.06210191929180288,0.12420383858360576,0.0,0.4347134350426202,-0.47818477854688224,0.06210191929180288,0.15214970226491706,1
0.002677707395866649,0.005355414791733298,0.010710829583466596,0.850975410406421,0.016066244375199892,0.5210818592356499,0.016066244375199892,-0.05623185531319963,0.008033122187599946,0.013388536979333246,0.0018743951771066545,0.010684052509507928,-0.007497580708426618,0.008033122187599946,0.0018743951771066545,1
0.006545877944369154,0.006545877944369154,0.006545877944369154,0.5452716327659506,0.039275267666214926,0.797287933624163,0.039275267666214926,-0.24285207173609563,0.019637633833107463,0.013091755888738309,0.0,0.045821145610584084,-0.045821145610584084,0.006545877944369154,0.004582114561058409,0
0.0012891023812382214,0.0012891023812382214,0.0012891023812382214,0.7047522718229356,0.0077346142874293285,0.7092641301572694,0.0077346142874293285,-0.00902371666866755,0.0012891023812382214,0.0064455119061911075,-0.0009023716668667551,0.0018949805004201854,0.0,0.0038673071437146643,0.0,1
