AAWt,AAMt,Sstruct,SaccW,ShbondsW,SaccM,ShbondsM,yDDG,Result,Positiontype,ProteinPropens,Positionaccept,MOSST,SectorSuperficie,Functionalrelevancefunction,Clinical
0.142857142857,0.571428571429,0.285714285714,62,0.142857142857,37.2,0.857142857143,-0.7,0.142857142857,0.142857142857,0.3,0.67,-0.4,0.285714285714,0.35,0
0.142857142857,0.571428571429,0.285714285714,6.7,0.857142857143,21.4,0.857142857143,-3.5,0.571428571429,0.571428571429,0.7,0.78,-0.1,0.285714285714,0.5,1
0.142857142857,0.142857142857,0.428571428571,0,0.857142857143,0,0.857142857143,-0.2,0.142857142857,0.285714285714,0,1,-0.8,0.285714285714,0.5,0
0.428571428571,0.571428571429,0.428571428571,0.1,0.857142857143,4.9,0.857142857143,-4,0.571428571429,0.571428571429,0.5,0.9,-0.7,0.285714285714,0.1,0
0.428571428571,0.285714285714,0.285714285714,0,0.857142857143,0,0.857142857143,-2.4,0.571428571429,0.571428571429,0.7,0.78,-0.5,0.285714285714,0.1,1
0.428571428571,0.571428571429,0.285714285714,35.5,0.857142857143,26.6,0.857142857143,-3.7,0.571428571429,0.285714285714,0.3,0.95,-1,0.285714285714,0.1,0
0.142857142857,0.285714285714,0.428571428571,45.4,0.857142857143,41.5,0.142857142857,-1.8,0.142857142857,0.571428571429,0.1,0.57,-0.2,0.142857142857,0.1,0
