AAWt,AAMt,Sstruct,SaccW,ShbondsW,SaccM,ShbondsM,yDDG,Result,Positiontype,ProteinPropens,Positionaccept,MOSST,SectorSuperficie,Functionalrelevancefunction,Clinical
0.007233894715769404,0.014467789431538808,0.028935578863077616,0.0,0.043403368294616426,0.9780225655720234,0.043403368294616426,-0.18518770472369675,0.014467789431538808,0.007233894715769404,0.05208404195353971,0.02719944413129296,-0.011574231545231047,0.007233894715769404,0.02025490520415433,1
0.005625030992687784,0.002812515496343892,0.002812515496343892,0.6232534339898065,0.005625030992687784,0.7807543017850646,0.016875092978063354,0.009000049588300455,0.005625030992687784,0.011250061985375568,0.0,0.022500123970751136,-0.029250161161976478,0.002812515496343892,0.0022500123970751137,1
0.0020730096539917937,0.0020730096539917937,0.004146019307983587,0.8690056469533599,0.004146019307983587,0.4925470937884502,0.012438057923950764,-0.038143377633449,0.004146019307983587,0.006219028961975382,0.0033168154463868705,0.015091510281060259,-0.013267261785547482,0.0020730096539917937,0.00995044633916061,0
0.004495065328877375,0.004495065328877375,0.004495065328877375,0.6670676948054026,0.013485195986632127,0.7443828184620934,0.0022475326644386877,-0.0107881567893057,0.0022475326644386877,0.006742597993316063,0.0107881567893057,0.015283222118183077,0.00539407839465285,0.0022475326644386877,0.0107881567893057,1
0.007502634600073589,0.007502634600073589,0.007502634600073589,0.3601264608035323,0.045015807600441535,0.9243245827290661,0.045015807600441535,-0.08402950752082419,0.015005269200147178,0.022507903800220767,0.030010538400294356,0.03661285684835911,-0.018006323040176613,0.007502634600073589,0.036012646080353226,0
0.18174142937724613,0.1211609529181641,0.2423219058363282,0.0,0.36348285875449227,0.0,0.06058047645908205,0.2907862870035938,0.06058047645908205,0.2423219058363282,0.0,0.4846438116726564,-0.5331081928399221,0.18174142937724613,0.2423219058363282,0
0.18953964078026422,0.06317988026008808,0.25271952104035234,0.0,0.37907928156052845,0.0,0.37907928156052845,-0.10108780841614093,0.12635976052017617,0.25271952104035234,0.0,0.5054390420807047,-0.4043512336645637,0.18953964078026422,0.25271952104035234,0
0.15083186924714037,0.10055457949809359,0.20110915899618717,0.0,0.30166373849428074,0.0,0.30166373849428074,-0.5228838133900867,0.10055457949809359,0.20110915899618717,0.0,0.40221831799237434,-0.44244014979161184,0.15083186924714037,0.20110915899618717,1
