AAWt,AAMt,Sstruct,SaccW,ShbondsW,SaccM,ShbondsM,yDDG,Result,Positiontype,ProteinPropens,Positionaccept,MOSST,SectorSuperficie,Functionalrelevancefunction,Clinical
0.2857142857142857,0.14285714285714285,0.5714285714285714,62.5,0.14285714285714285,104.4,0.5714285714285714,-3.6,0.2857142857142857,0.42857142857142855,0.7,0.59,-0.2,0.42857142857142855,0.25,1
0.14285714285714285,0.14285714285714285,0.2857142857142857,0.5,0.7142857142857143,1.5,0.5714285714285714,1.4,0.14285714285714285,0.5714285714285714,0,1,-1.1,0.14285714285714285,0,0
0.14285714285714285,0.14285714285714285,0.14285714285714285,0,0.7142857142857143,0,0.5714285714285714,0.3,0.2857142857142857,0.5714285714285714,0,1,-0.9,0.14285714285714285,0.75,1
0.2857142857142857,0.14285714285714285,0.5714285714285714,57.7,0.7142857142857143,87.8,0.14285714285714285,-1.2,0.14285714285714285,0.42857142857142855,0.7,0.79,0.1,0.14285714285714285,0.35,0
0.14285714285714285,0.14285714285714285,0.5714285714285714,9.8,0.7142857142857143,17.2,0.2857142857142857,-3.4,0.2857142857142857,0.5714285714285714,0,1,-0.9,0.42857142857142855,0.1,0
0.14285714285714285,0.14285714285714285,0.2857142857142857,0,0.7142857142857143,0,0.5714285714285714,3.9,0.14285714285714285,0.5714285714285714,0,1,-1.1,0.14285714285714285,0.5,1
0.14285714285714285,0.14285714285714285,0.5714285714285714,65.7,0.14285714285714285,85.6,0.2857142857142857,0.3,0.2857142857142857,0.42857142857142855,0.4,0.14,-0.1,0.42857142857142855,0.15,1
