AAWt,AAMt,Sstruct,SaccW,ShbondsW,SaccM,ShbondsM,yDDG,Result,Positiontype,ProteinPropens,Positionaccept,MOSST,SectorSuperficie,Functionalrelevancefunction,Clinical
0.002346913501048985,0.0011734567505244924,0.00469382700209797,0.5133873283544654,0.0011734567505244924,0.8575621932832991,0.00469382700209797,-0.02957111011321721,0.002346913501048985,0.003520370251573477,0.0057499380775700125,0.004846376379666154,-0.0016428394507342894,0.003520370251573477,0.002053549313417862,1
0.050518582700027806,0.050518582700027806,0.10103716540005561,0.17681503945009733,0.25259291350013907,0.5304451183502921,0.20207433080011122,0.4950821104602725,0.050518582700027806,0.20207433080011122,0.0,0.35363007890019466,-0.38899308679021416,0.050518582700027806,0.0,0
0.07339017156747782,0.07339017156747782,0.07339017156747782,0.0,0.3669508578373891,0.0,0.2935606862699113,0.15411936029170342,0.14678034313495564,0.2935606862699113,0.0,0.5137312009723448,-0.4623580808751103,0.07339017156747782,0.3852984007292586,1
0.0027189929334132737,0.0013594964667066368,0.005437985866826547,0.5491006229028107,0.006797482333533185,0.835546528437899,0.0013594964667066368,-0.01141977032033575,0.0013594964667066368,0.0040784894001199105,0.00666153268686252,0.007518015460887702,0.0009516475266946459,0.0013594964667066368,0.00333076634343126,0
0.00708281022071486,0.00708281022071486,0.02833124088285944,0.48588078114103944,0.035414051103574304,0.8527703505740691,0.01416562044142972,-0.16857088325301367,0.01416562044142972,0.02833124088285944,0.0,0.04957967154500402,-0.04462170439050362,0.021248430662144577,0.004957967154500403,0
0.032776668903151784,0.032776668903151784,0.06555333780630357,0.0,0.16388334451575895,0.0,0.13110667561260714,0.8948030610560438,0.032776668903151784,0.13110667561260714,0.0,0.22943668232206252,-0.2523803505542688,0.032776668903151784,0.11471834116103126,1
0.0013238259790698604,0.0013238259790698604,0.0052953039162794415,0.6088275677742289,0.0013238259790698604,0.7932365266586604,0.0026476519581397208,0.002780034556046707,0.0026476519581397208,0.003971477937209582,0.00370671274139561,0.0012973494594884635,-0.0009266781853489025,0.003971477937209582,0.0013900172780233536,1
