Statistic,Value
Mean,7.44416589862
Std,1.25370432507
Max,9.0
Min,4.39
Var,1.57177453469
