AAWt,AAMt,Sstruct,SaccW,ShbondsW,SaccM,ShbondsM,yDDG,Result,Positiontype,ProteinPropens,Positionaccept,MOSST,SectorSuperficie,Functionalrelevancefunction,Clinical
0.011127962538491711,0.022255925076983422,0.022255925076983422,0.6409706422171225,0.044511850153966845,0.761152637632833,0.011127962538491711,0.04896303516936353,0.022255925076983422,0.011127962538491711,0.00890237003079337,0.021365688073904085,0.03560948012317348,0.022255925076983422,0.03560948012317348,0
0.06404175120708193,0.12808350241416386,0.06404175120708193,0.8197344154506486,0.2561670048283277,0.05123340096566554,0.06404175120708193,0.30740040579399325,0.12808350241416386,0.06404175120708193,0.12808350241416386,0.2356736444420615,-0.12808350241416386,0.06404175120708193,0.15370020289699662,0
0.007654625545374795,0.01530925109074959,0.01530925109074959,0.9246787658812752,0.03061850218149918,0.36742202617799014,0.01530925109074959,-0.07960810567189787,0.01530925109074959,0.01530925109074959,0.006123700436299836,0.027556651963349263,-0.024494801745199343,0.007654625545374795,0.003061850218149918,0
0.002111759539612909,0.004223519079225818,0.002111759539612909,0.8151391822905829,0.008447038158451636,0.5743985947747113,0.004223519079225818,-0.07348923197852923,0.004223519079225818,0.004223519079225818,0.003378815263380655,0.005068222895070982,-0.0008447038158451637,0.004223519079225818,0.002534111447535491,0
