Metric,Score
accuracy,0.597173789174
recall,0.437179487179
precision,0.479070512821
neg_log_loss,-1.36201517603
f1,0.371493359493
