AAWt,AAMt,Sstruct,SaccW,ShbondsW,SaccM,ShbondsM,yDDG,Result,Positiontype,ProteinPropens,Positionaccept,MOSST,SectorSuperficie,Functionalrelevancefunction,Clinical
0.09090909090909091,0.09090909090909091,0.18181818181818182,23.5,0.8181818181818182,23.6,0.9090909090909091,-0.8,0.36363636363636365,0.7272727272727273,0,1,-1,0.09090909090909091,0.6,0
0.09090909090909091,0.09090909090909091,0.7272727272727273,0,0.8181818181818182,0,0.9090909090909091,-2.2,0.36363636363636365,0.7272727272727273,0.3,0.96,-0.4,0.2727272727272727,0.35,0
0.36363636363636365,0.09090909090909091,0.7272727272727273,0.3,0.8181818181818182,18,0.9090909090909091,-5.2,0.36363636363636365,0.7272727272727273,0.3,0.95,-0.7,0.18181818181818182,0.1,0
0.36363636363636365,0.09090909090909091,0.7272727272727273,0.2,0.8181818181818182,0.3,0.9090909090909091,-1.1,0.09090909090909091,0.2727272727272727,0.6,0.89,-0.1,0.2727272727272727,0.1,0
0.09090909090909091,0.18181818181818182,0.18181818181818182,75.7,0.09090909090909091,90.9,0.09090909090909091,-0.6,0.36363636363636365,0.2727272727272727,0.1,0.72,-0.2,0.09090909090909091,0.1,1
0.09090909090909091,0.18181818181818182,0.7272727272727273,0,0.8181818181818182,0,0.9090909090909091,-5.3,0.36363636363636365,0.7272727272727273,0,1,-1.1,0.2727272727272727,0.35,1
0.36363636363636365,0.2727272727272727,0.7272727272727273,0.2,0.8181818181818182,0.3,0.9090909090909091,-0.8,0.36363636363636365,0.2727272727272727,0.6,0.89,0.3,0.2727272727272727,0.1,0
0.09090909090909091,0.2727272727272727,0.7272727272727273,0,0.8181818181818182,0,0.9090909090909091,-0.6,0.36363636363636365,0.7272727272727273,0,1,-0.5,0.2727272727272727,0.25,0
0.09090909090909091,0.18181818181818182,0.09090909090909091,27.7,0.09090909090909091,34.7,0.9090909090909091,0.4,0.09090909090909091,0.7272727272727273,0,1,-1.3,0.09090909090909091,0.1,1
0.36363636363636365,0.18181818181818182,0.7272727272727273,0.3,0.8181818181818182,0.4,0.9090909090909091,-2.7,0.36363636363636365,0.7272727272727273,0.3,0.95,0,0.18181818181818182,0.1,1
0.09090909090909091,0.2727272727272727,0.7272727272727273,0.5,0.8181818181818182,4,0.9090909090909091,3,0.09090909090909091,0.7272727272727273,0,1,-1,0.2727272727272727,0,0
