AAWt,AAMt,Sstruct,SaccW,ShbondsW,SaccM,ShbondsM,yDDG,Result,Positiontype,ProteinPropens,Positionaccept,MOSST,SectorSuperficie,Functionalrelevancefunction,Clinical
0.0769230769231,0.230769230769,0.0769230769231,61,0.846153846154,89.4,0.769230769231,0,0.230769230769,0.538461538462,0.1,0.76,-0.1,0.153846153846,0.2,0
0.153846153846,0.0769230769231,0.0769230769231,9.8,0.846153846154,17.2,0.0769230769231,-3.4,0.384615384615,0.384615384615,0,1,-0.9,0.0769230769231,0.1,0
0.153846153846,0.0769230769231,0.153846153846,0,0.846153846154,2.2,0.769230769231,-6.5,0.384615384615,0.538461538462,0.7,0.78,-0.5,0.307692307692,0.1,0
0.153846153846,0.0769230769231,0.461538461538,0,0.846153846154,0,0.769230769231,2.5,0.0769230769231,0.384615384615,0,1,-0.3,0.0769230769231,0.5,1
0.153846153846,0.230769230769,0.461538461538,1.2,0.846153846154,0.8,0.769230769231,-5,0.384615384615,0.384615384615,0,1,-0.9,0.230769230769,0.1,0
0.230769230769,0.230769230769,0.461538461538,0,0.846153846154,0,0.769230769231,-5.1,0.384615384615,0.384615384615,0.3,0.96,-1,0.307692307692,0.1,1
0.153846153846,0.230769230769,0.0769230769231,39.9,0.846153846154,26.9,0.153846153846,-0.3,0.230769230769,0.538461538462,0.4,0.56,0.6,0.0769230769231,0,1
0.0769230769231,0.230769230769,0.461538461538,14.1,0.846153846154,33,0.769230769231,-1.7,0.153846153846,0.538461538462,0.7,0.85,-0.5,0.230769230769,0.5,1
0.0769230769231,0.0769230769231,0.0769230769231,96.5,0.153846153846,95.3,0.153846153846,0.3,0.230769230769,0.538461538462,0.4,0.6,0.2,0.153846153846,0.3,0
0.230769230769,0.0769230769231,0.153846153846,59.5,0.846153846154,54.4,0.769230769231,1,0.0769230769231,0.0769230769231,0.9,0.56,0.3,0.307692307692,0.1,0
0.153846153846,0.0769230769231,0.0769230769231,6.8,0.846153846154,6.3,0.769230769231,-0.7,0.0769230769231,0.384615384615,0.3,0.97,-0.3,0.0769230769231,0.2,1
0.230769230769,0.230769230769,0.461538461538,0.2,0.846153846154,0.5,0.769230769231,-5.1,0.384615384615,0.538461538462,0.6,0.89,-0.6,0.307692307692,0.1,0
0.0769230769231,0.0769230769231,0.461538461538,4.9,0.153846153846,12.7,0.769230769231,-1.4,0.153846153846,0.538461538462,0.7,0.73,0.2,0.230769230769,0.75,1
