algorithm,desc,actualScore,new score
auto,minkowski-uniform KNN: 4,0.727272727273,0.428571428571
auto,euclidean-uniform KNN: 4,0.727272727273,0.428571428571
ball_tree,minkowski-uniform KNN: 4,0.727272727273,0.428571428571
ball_tree,euclidean-uniform KNN: 4,0.727272727273,0.428571428571
kd_tree,minkowski-uniform KNN: 4,0.727272727273,0.428571428571
kd_tree,euclidean-uniform KNN: 4,0.727272727273,0.428571428571
brute,minkowski-uniform KNN: 4,0.727272727273,0.428571428571
brute,euclidean-uniform KNN: 4,0.727272727273,0.428571428571
