algorithm,desc,actualScore,new score
auto,minkowski-uniform KNN: 4,0.727272727273,0.487179487179
auto,euclidean-uniform KNN: 4,0.727272727273,0.487179487179
ball_tree,minkowski-uniform KNN: 4,0.727272727273,0.487179487179
ball_tree,euclidean-uniform KNN: 4,0.727272727273,0.487179487179
kd_tree,minkowski-uniform KNN: 4,0.727272727273,0.487179487179
kd_tree,euclidean-uniform KNN: 4,0.727272727273,0.487179487179
brute,minkowski-uniform KNN: 4,0.727272727273,0.487179487179
brute,euclidean-uniform KNN: 4,0.727272727273,0.487179487179
