AAWt,AAMt,Sstruct,SaccW,ShbondsW,SaccM,ShbondsM,yDDG,Result,Positiontype,ProteinPropens,Positionaccept,MOSST,SectorSuperficie,Functionalrelevancefunction,Clinical
0.0909090909091,0.181818181818,0.272727272727,52.4,0.181818181818,29.7,0.818181818182,-2.3,0.363636363636,0.727272727273,0.2,0.91,-0.8,0.363636363636,0.6,0
0.0909090909091,0.181818181818,0.363636363636,0,0.545454545455,0,0.818181818182,-2.4,0.363636363636,0.727272727273,0.7,0.78,-0.5,0.181818181818,0.1,1
0.0909090909091,0.181818181818,0.0909090909091,96.5,0.272727272727,95.3,0.181818181818,0.3,0.363636363636,0.727272727273,0.4,0.6,0.2,0.363636363636,0.3,0
0.0909090909091,0.0909090909091,0.272727272727,68.8,0.272727272727,71.8,0.818181818182,-2.4,0.363636363636,0.272727272727,0,1,-1.1,0.363636363636,0,0
0.0909090909091,0.181818181818,0.363636363636,7.3,0.545454545455,0.6,0.818181818182,0,0.363636363636,0.272727272727,0,1,-1.1,0.181818181818,0.95,1
0.0909090909091,0.181818181818,0.363636363636,66.5,0.181818181818,47.9,0.818181818182,-1.4,0.0909090909091,0.727272727273,0.7,0.85,0,0.181818181818,0.25,1
0.0909090909091,0.0909090909091,0.272727272727,40.3,0.545454545455,39.7,0.818181818182,0.2,0.363636363636,0.727272727273,0.6,0.87,0,0.0909090909091,0.6,0
0.181818181818,0.0909090909091,0.181818181818,19.6,0.545454545455,26.2,0.818181818182,3.3,0.0909090909091,0.727272727273,-0.1,0.6,-0.5,0.181818181818,0.15,0
0.0909090909091,0.181818181818,0.181818181818,0,0.545454545455,0,0.818181818182,-5.3,0.363636363636,0.272727272727,0,1,-1.1,0.0909090909091,0.35,1
0.181818181818,0.181818181818,0.0909090909091,61,0.545454545455,89.4,0.818181818182,0,0.363636363636,0.727272727273,0.1,0.76,-0.1,0.363636363636,0.2,0
0.0909090909091,0.181818181818,0.363636363636,75.7,0.272727272727,90.9,0.181818181818,-0.6,0.0909090909091,0.727272727273,0.1,0.72,-0.2,0.0909090909091,0.1,1
