AAWt,AAMt,Sstruct,SaccW,ShbondsW,SaccM,ShbondsM,yDDG,Result,Positiontype,ProteinPropens,Positionaccept,MOSST,SectorSuperficie,Functionalrelevancefunction,Clinical
0.428571428571,0.142857142857,0.571428571429,0,0.857142857143,9.3,0.285714285714,-3,0.571428571429,0.142857142857,0.9,0.47,-0.4,0.428571428571,0.35,0
0.142857142857,0.285714285714,0.571428571429,57.5,0.857142857143,70.8,0.714285714286,-1.3,0.142857142857,0.142857142857,0.9,0.31,0.1,0.428571428571,0.35,1
0.142857142857,0.142857142857,0.571428571429,0,0.857142857143,0,0.714285714286,0,0.285714285714,0.714285714286,0,1,-1.3,0.142857142857,0.5,1
0.428571428571,0.142857142857,0.285714285714,1.4,0.857142857143,2.3,0.714285714286,-3.1,0.571428571429,0.714285714286,0,1,-0.9,0.285714285714,0.1,0
0.142857142857,0.285714285714,0.571428571429,0,0.857142857143,5.2,0.714285714286,-5,0.571428571429,0.714285714286,0,1,-0.9,0.428571428571,0.35,1
0.142857142857,0.142857142857,0.285714285714,68.8,0.142857142857,50.2,0.285714285714,-0.4,0.285714285714,0.714285714286,0,1,-0.8,0.285714285714,0,0
0.428571428571,0.142857142857,0.142857142857,4.2,0.857142857143,13.7,0.714285714286,-6.5,0.571428571429,0.714285714286,1,0.95,-0.9,0.142857142857,0.1,0
