AAWt,AAMt,Sstruct,SaccW,ShbondsW,SaccM,ShbondsM,yDDG,Result,Positiontype,ProteinPropens,Positionaccept,MOSST,SectorSuperficie,Functionalrelevancefunction,Clinical
0.0909090909091,0.181818181818,0.272727272727,1.2,0.727272727273,0.8,0.818181818182,-5,0.272727272727,0.454545454545,0,1,-0.9,0.363636363636,0.1,0
0.0909090909091,0.0909090909091,0.181818181818,18.8,0.727272727273,43.1,0.818181818182,-0.4,0.454545454545,0.454545454545,0,1,-0.9,0.0909090909091,0.1,1
0.0909090909091,0.181818181818,0.454545454545,63.3,0.181818181818,97.8,0.181818181818,-0.4,0.454545454545,0.454545454545,0,1,-0.3,0.363636363636,1,1
0.0909090909091,0.0909090909091,0.454545454545,12.8,0.727272727273,33.3,0.818181818182,-3.5,0.272727272727,0.454545454545,0,1,-1.2,0.363636363636,0.6,0
0.0909090909091,0.0909090909091,0.454545454545,6.7,0.727272727273,30.5,0.181818181818,0.5,0.454545454545,0.454545454545,0.7,0.78,0.1,0.181818181818,0.5,0
0.0909090909091,0.0909090909091,0.272727272727,37,0.727272727273,48.6,0.818181818182,1.7,0.0909090909091,0.0909090909091,0.2,0.89,-0.4,0.363636363636,0,1
0.181818181818,0.0909090909091,0.181818181818,11.1,0.727272727273,23.1,0.818181818182,-0.4,0.454545454545,0.454545454545,0.5,0.91,0,0.363636363636,0.5,1
0.0909090909091,0.0909090909091,0.454545454545,35.7,0.0909090909091,35.4,0.818181818182,2.2,0.0909090909091,0.454545454545,0.4,0.76,-0.4,0.363636363636,0.25,1
0.181818181818,0.181818181818,0.272727272727,4.9,0.181818181818,1.5,0.818181818182,-0.5,0.0909090909091,0.454545454545,0.7,0.73,-0.6,0.363636363636,0.75,0
0.0909090909091,0.0909090909091,0.454545454545,11.9,0.727272727273,17.4,0.818181818182,-5.3,0.272727272727,0.454545454545,0,1,-1,0.363636363636,0.1,0
0.0909090909091,0.181818181818,0.0909090909091,61,0.727272727273,89.4,0.818181818182,0,0.454545454545,0.454545454545,0.1,0.76,-0.1,0.181818181818,0.2,0
