Statistic,Value
Mean,6.86075949367
Std,6.95931669596
Max,27.0
Min,0.0
Var,48.4320888746
