AAWt,AAMt,Sstruct,SaccW,ShbondsW,SaccM,ShbondsM,yDDG,Result,Positiontype,ProteinPropens,Positionaccept,MOSST,SectorSuperficie,Functionalrelevancefunction,Clinical
0.07234176293355515,0.1446835258671103,0.1446835258671103,0.10127846810697723,0.3617088146677758,0.15191770216046582,0.5063923405348861,-0.4051138724279089,0.07234176293355515,0.1446835258671103,0.30383540432093165,0.45068918307604866,0.15191770216046582,0.1446835258671103,0.050639234053488615,0
0.0026327552677720685,0.0026327552677720685,0.007898265803316205,0.7648154052877859,0.013163776338860345,0.6431821119167164,0.018429286874404482,0.018429286874404482,0.005265510535544137,0.0026327552677720685,0.016586358186964033,0.004791614587345165,0.009214643437202241,0.005265510535544137,0.0,1
0.0028769925058861777,0.0014384962529430888,0.0028769925058861777,0.6927797954173917,0.0028769925058861777,0.719967374598016,0.010069473770601623,-0.037257052951226007,0.004315488758829267,0.005753985011772355,0.0,0.010069473770601623,-0.0050347368853008116,0.0028769925058861777,0.0,0
0.0028717531442598366,0.0014358765721299183,0.0028717531442598366,0.6915181571377687,0.0028717531442598366,0.7216715651524969,0.010051136004909427,-0.024122726411782626,0.004307629716389754,0.005743506288519673,0.0,0.010051136004909427,-0.011056249605400371,0.0028717531442598366,0.0,0
0.02908722462195848,0.02908722462195848,0.05817444924391696,0.24433268682445122,0.1454361231097924,0.8958865183563213,0.20361057235370936,-0.08144422894148375,0.02908722462195848,0.11634889848783392,0.0,0.20361057235370936,-0.061083171706112806,0.05817444924391696,0.020361057235370936,0
0.003110035998537585,0.00622007199707517,0.009330107995612754,0.5529644005399825,0.015550179992687924,0.8316236260089502,0.021770251989763095,0.017416201591810475,0.00622007199707517,0.01244014399415034,0.0,0.021770251989763095,-0.028301327586692022,0.003110035998537585,0.0,1
0.03506287220575945,0.03506287220575945,0.10518861661727835,0.0,0.17531436102879727,0.07363203163209485,0.2454401054403162,-0.8835843795851382,0.10518861661727835,0.0701257444115189,0.17180807380822133,0.19144328224344662,-0.1472640632641897,0.0701257444115189,0.02454401054403162,0
