Statistic,Value
Mean,0.307776942984
Std,0.0520224064719
Max,0.545454545455
Min,0.0909090909091
Var,0.00270633077513
