AAWt,AAMt,Sstruct,SaccW,ShbondsW,SaccM,ShbondsM,yDDG,Result,Positiontype,ProteinPropens,Positionaccept,MOSST,SectorSuperficie,Functionalrelevancefunction,Clinical
0.0909090909091,0.0909090909091,0.272727272727,0,1.0,0.2,0.818181818182,-1.7,0.272727272727,0.454545454545,0.7,0.78,0.2,0.181818181818,0.1,1
0.181818181818,0.0909090909091,0.181818181818,18.3,1.0,12.9,0.818181818182,-3.5,0.272727272727,0.454545454545,0.5,0.85,-0.8,0.181818181818,0.8,0
0.0909090909091,0.181818181818,0.272727272727,84.5,1.0,84.5,0.818181818182,0.3,0.363636363636,0.181818181818,0.9,0.25,0.2,0.0909090909091,0.15,1
0.0909090909091,0.181818181818,0.363636363636,57.5,1.0,70.8,0.818181818182,-1.3,0.272727272727,0.454545454545,0.9,0.31,0.1,0.0909090909091,0.35,1
0.0909090909091,0.181818181818,0.363636363636,0,1.0,0,0.818181818182,-1.3,0.272727272727,0.181818181818,0.7,0.25,-0.1,0.181818181818,0,1
0.0909090909091,0.181818181818,0.363636363636,0,1.0,0,0.818181818182,-0.2,0.363636363636,0.363636363636,0,1,-0.8,0.0909090909091,0.5,0
0.181818181818,0.0909090909091,0.363636363636,0.2,1.0,4.6,0.818181818182,-5.1,0.272727272727,0.454545454545,0.6,0.89,-0.5,0.181818181818,0.1,1
0.181818181818,0.0909090909091,0.0909090909091,41.8,1.0,68.1,0.0909090909091,1.6,0.0909090909091,0.363636363636,0,0.95,-1,0.0909090909091,0.1,0
0.0909090909091,0.181818181818,0.272727272727,7.3,1.0,1.7,0.0909090909091,-2.3,0.272727272727,0.363636363636,0,1,-0.3,0.181818181818,0.95,1
0.0909090909091,0.181818181818,0.181818181818,38.7,1.0,42.4,0.818181818182,0,0.363636363636,0.363636363636,0,1,-0.6,0.181818181818,0.1,0
0.181818181818,0.0909090909091,0.0909090909091,40.3,1.0,20.5,0.818181818182,0.3,0.363636363636,0.454545454545,0.6,0.87,-0.1,0.0909090909091,0.6,0
