AAWt,AAMt,Sstruct,SaccW,ShbondsW,SaccM,ShbondsM,yDDG,Result,Positiontype,ProteinPropens,Positionaccept,MOSST,Functionalrelevancefunction,Clinical
0.0909090909091,0.0909090909091,0.363636363636,67.5,0.363636363636,32.5,0.363636363636,-0.3,0.363636363636,0.181818181818,0.7,0.87,0.1,0.25,0
0.181818181818,0.0909090909091,0.363636363636,25.4,0.454545454545,36.1,0.454545454545,-1,0.0909090909091,0.363636363636,0,1,-0.5,0,0
0.181818181818,0.0909090909091,0.363636363636,25.4,0.454545454545,38.2,0.454545454545,0.8,0.0909090909091,0.363636363636,0,1,-1.3,0,1
0.0909090909091,0.272727272727,0.636363636364,65.7,0.181818181818,85.6,0.363636363636,0.3,0.363636363636,0.454545454545,0.4,0.14,-0.1,0.15,1
0.0909090909091,0.272727272727,0.636363636364,65.1,0.363636363636,64.1,0.181818181818,-0.4,0.363636363636,0.454545454545,0.1,0.8,0,0.5,1
0.181818181818,0.0909090909091,0.636363636364,9.8,0.454545454545,17.2,0.363636363636,-3.4,0.272727272727,0.363636363636,0,1,-0.9,0.1,0
0.181818181818,0.272727272727,0.636363636364,9.8,0.454545454545,20.3,0.454545454545,-3.2,0.272727272727,0.363636363636,0,1,-0.8,0.1,0
0.0909090909091,0.0909090909091,0.636363636364,47.8,0.181818181818,67.9,0.181818181818,1.6,0.0909090909091,0.454545454545,0.2,0.92,-0.8,0.35,0
0.181818181818,0.0909090909091,0.636363636364,62.5,0.363636363636,76,0.363636363636,-0.8,0.0909090909091,0.454545454545,0.7,0.59,0.4,0.25,1
0.181818181818,0.0909090909091,0.636363636364,62.5,0.363636363636,104.4,0.454545454545,-3.6,0.272727272727,0.454545454545,0.7,0.59,-0.2,0.25,1
0.0909090909091,0.0909090909091,0.363636363636,84.5,0.454545454545,84.5,0.454545454545,0.3,0.363636363636,0.181818181818,0.9,0.25,0.2,0.15,1
