AAWt,AAMt,Sstruct,SaccW,ShbondsW,SaccM,ShbondsM,yDDG,Result,Positiontype,ProteinPropens,Positionaccept,MOSST,SectorSuperficie,Functionalrelevancefunction,Clinical
0.007656420215179389,0.007656420215179389,0.015312840430358778,0.9248955619936702,0.015312840430358778,0.36750817032861066,0.022969260645538166,-0.07962677023786564,0.007656420215179389,0.007656420215179389,0.006125136172143511,0.0275631127746458,-0.024500544688574044,0.022969260645538166,0.0030625680860717555,0
0.0040896298614309145,0.0040896298614309145,0.008179259722861829,0.6052652194917754,0.008179259722861829,0.7950240450621697,0.012268889584292742,0.027809483057730216,0.0040896298614309145,0.008179259722861829,0.0032717038891447317,0.014559082306694055,-0.0065434077782894635,0.012268889584292742,0.0,1
0.010368825715296865,0.010368825715296865,0.02073765143059373,0.7175227394985432,0.02073765143059373,0.6760474366373557,0.010368825715296865,0.14101602972803737,0.010368825715296865,0.010368825715296865,0.0,0.04147530286118746,-0.053917893719543704,0.0311064771458906,0.03525400743200934,1
0.004833557677807715,0.004833557677807715,0.00966711535561543,0.39441830650910953,0.00966711535561543,0.9183759587834659,0.014500673033423145,0.005800269213369258,0.004833557677807715,0.00966711535561543,0.011600538426738517,0.01624075379743392,0.0,0.004833557677807715,0.0019334230711230862,0
