AAWt,AAMt,Sstruct,SaccW,ShbondsW,SaccM,ShbondsM,yDDG,Result,Positiontype,ProteinPropens,Positionaccept,MOSST,SectorSuperficie,Functionalrelevancefunction,Clinical
0.14285714285714285,0.14285714285714285,0.14285714285714285,33.4,0.5714285714285714,37.9,0.42857142857142855,-0.8,0.14285714285714285,0.8571428571428571,0,1,-1,0.14285714285714285,0.35,1
0.14285714285714285,0.14285714285714285,0.42857142857142855,68.8,0.42857142857142855,50.2,0.42857142857142855,-0.4,0.42857142857142855,0.8571428571428571,0,1,-0.8,0.2857142857142857,0,0
0.14285714285714285,0.14285714285714285,0.42857142857142855,63.3,0.42857142857142855,105,0.42857142857142855,-1.6,0.42857142857142855,0.8571428571428571,0,1,-1.2,0.2857142857142857,1,1
0.14285714285714285,0.14285714285714285,0.14285714285714285,6.8,0.5714285714285714,8.6,0.42857142857142855,0.5,0.42857142857142855,0.8571428571428571,0.3,0.97,-0.6,0.14285714285714285,0.2,0
0.14285714285714285,0.14285714285714285,0.14285714285714285,3.9,0.42857142857142855,1.9,0.42857142857142855,-1.9,0.42857142857142855,0.14285714285714285,0.5,0.88,-0.8,0.2857142857142857,0.5,0
0.14285714285714285,0.14285714285714285,0.14285714285714285,0,0.5714285714285714,0,0.42857142857142855,-0.2,0.42857142857142855,0.8571428571428571,0,1,-0.8,0.14285714285714285,0.5,0
0.14285714285714285,0.14285714285714285,0.42857142857142855,12.8,0.5714285714285714,17.4,0.14285714285714285,-1.2,0.42857142857142855,0.8571428571428571,0,1,-0.8,0.2857142857142857,0.6,0
