AAWt,AAMt,Sstruct,SaccW,ShbondsW,SaccM,ShbondsM,yDDG,Result,Positiontype,ProteinPropens,Positionaccept,MOSST,SectorSuperficie,Functionalrelevancefunction,Clinical
0.002825626705791571,0.002825626705791571,0.002825626705791571,0.6606315238140693,0.011302506823166284,0.7496387650465037,0.008476880117374713,-0.015823509552432797,0.002825626705791571,0.016953760234749427,0.0,0.019779386940541,-0.019779386940541,0.002825626705791571,0.006922785429189349,1
0.001676977491196647,0.001676977491196647,0.005030932473589941,0.8076323597603052,0.005030932473589941,0.5892898904065018,0.005030932473589941,-0.004695536975350612,0.005030932473589941,0.010061864947179882,0.0,0.01173884243837653,-0.009391073950701224,0.003353954982393294,0.0,0
0.0011648916258207972,0.0011648916258207972,0.0034946748774623915,0.5161634794011952,0.0034946748774623915,0.856195344978286,0.0034946748774623915,-0.01304678620919293,0.0034946748774623915,0.006989349754924783,0.0,0.00815424138074558,-0.009785089656894697,0.0023297832516415945,0.00815424138074558,1
0.012860564588655395,0.012860564588655395,0.012860564588655395,0.6121628744199968,0.05144225835462158,0.7742059882370548,0.03858169376596619,0.04501197606029388,0.03858169376596619,0.07716338753193237,0.02700718563617633,0.08732323355697014,-0.05401437127235266,0.012860564588655395,0.018004790424117553,0
0.02853795280251773,0.02853795280251773,0.02853795280251773,0.7790861115087341,0.08561385840755319,0.37955477227348583,0.08561385840755319,-0.37955477227348583,0.08561385840755319,0.02853795280251773,0.09988283480881206,0.17579378926350922,-0.1598125356940993,0.05707590560503546,0.09988283480881206,0
0.07702112478513046,0.07702112478513046,0.07702112478513046,0.0,0.30808449914052183,0.0,0.23106337435539134,-0.10782957469918264,0.23106337435539134,0.4621267487107827,0.0,0.5391478734959132,-0.43131829879673056,0.07702112478513046,0.2695739367479566,0
0.006578241293156134,0.006578241293156134,0.019734723879468404,0.5894104198667897,0.026312965172624537,0.8012297895064171,0.006578241293156134,-0.05525722686251153,0.019734723879468404,0.03946944775893681,0.0,0.046047689052092944,-0.036838151241674354,0.013156482586312268,0.027628613431255764,0
