Statistic,Value
Mean,0.540292011019
Std,0.0755643301395
Max,0.7
Min,0.1
Var,0.00570996798944
