Statistic,Value
Mean,0.167665260197
Std,0.21035697674
Max,1.0
Min,0.0
Var,0.0442500576633
