AAWt,AAMt,Sstruct,SaccW,ShbondsW,SaccM,ShbondsM,yDDG,Result,Positiontype,ProteinPropens,Positionaccept,MOSST,SectorSuperficie,Functionalrelevancefunction,Clinical
0.09090909090909091,0.18181818181818182,0.2727272727272727,52.4,0.18181818181818182,48.6,0.7272727272727273,-3.3,0.2727272727272727,0.6363636363636364,0.2,0.91,-0.8,0.36363636363636365,0.6,0
0.09090909090909091,0.2727272727272727,0.45454545454545453,0,0.7272727272727273,3.7,0.7272727272727273,-2,0.18181818181818182,0.36363636363636365,0,1,-1.3,0.2727272727272727,0.15,0
0.09090909090909091,0.09090909090909091,0.2727272727272727,68.8,0.09090909090909091,83.3,0.2727272727272727,0.4,0.5454545454545454,0.36363636363636365,0,1,-1.2,0.36363636363636365,0,0
0.09090909090909091,0.18181818181818182,0.2727272727272727,6.7,0.7272727272727273,30.5,0.2727272727272727,0.5,0.5454545454545454,0.6363636363636364,0.7,0.78,0.1,0.36363636363636365,0.5,0
0.18181818181818182,0.2727272727272727,0.18181818181818182,0.3,0.7272727272727273,0,0.7272727272727273,-5.1,0.2727272727272727,0.36363636363636365,0.3,0.95,-0.9,0.09090909090909091,0.1,1
0.18181818181818182,0.09090909090909091,0.45454545454545453,111.8,0.7272727272727273,99.8,0.7272727272727273,-1.2,0.18181818181818182,0.6363636363636364,0.5,0.62,0.4,0.09090909090909091,0.55,1
0.18181818181818182,0.18181818181818182,0.45454545454545453,0,0.7272727272727273,0,0.7272727272727273,-2.4,0.2727272727272727,0.6363636363636364,0.7,0.78,-0.5,0.2727272727272727,0.1,1
0.09090909090909091,0.2727272727272727,0.09090909090909091,39.9,0.7272727272727273,26.9,0.2727272727272727,-0.3,0.5454545454545454,0.6363636363636364,0.4,0.56,0.6,0.09090909090909091,0,1
0.18181818181818182,0.09090909090909091,0.45454545454545453,0,0.7272727272727273,0.2,0.7272727272727273,0,0.5454545454545454,0.6363636363636364,0.7,0.78,0,0.2727272727272727,0.1,0
0.09090909090909091,0.18181818181818182,0.18181818181818182,12.1,0.18181818181818182,10.6,0.7272727272727273,0.4,0.5454545454545454,0.36363636363636365,0.3,0.97,-0.9,0.36363636363636365,0.6,0
0.09090909090909091,0.09090909090909091,0.45454545454545453,11.1,0.7272727272727273,16.5,0.7272727272727273,0.2,0.5454545454545454,0.6363636363636364,0.5,0.91,-0.3,0.09090909090909091,0.5,0
