Statistic,Value
Mean,3.58426005133
Std,1.43819057052
Max,7.0
Min,0.0
Var,2.06839211715
