AAWt,AAMt,Sstruct,SaccW,ShbondsW,SaccM,ShbondsM,yDDG,Result,Positiontype,ProteinPropens,Positionaccept,MOSST,SectorSuperficie,Functionalrelevancefunction,Clinical
0.181818181818,0.272727272727,0.0909090909091,83.7,0.727272727273,89.9,1.0,-1,0.181818181818,0.181818181818,0.7,0.47,-0.1,0.363636363636,0.25,1
0.181818181818,0.0909090909091,0.0909090909091,39.9,0.727272727273,27.5,1.0,2.8,0.181818181818,0.363636363636,0.4,0.56,-0.4,0.0909090909091,0,1
0.181818181818,0.272727272727,0.363636363636,1.2,0.727272727273,3.4,1.0,-0.6,0.181818181818,0.454545454545,0,1,-0.5,0.272727272727,0.1,0
0.181818181818,0.272727272727,0.0909090909091,6.8,0.727272727273,7.8,1.0,-1.1,0.181818181818,0.454545454545,0.3,0.97,-0.7,0.0909090909091,0.2,1
0.0909090909091,0.0909090909091,0.363636363636,0,0.727272727273,4.1,1.0,-2.5,0.0909090909091,0.454545454545,0,1,-0.8,0.363636363636,0.15,0
0.181818181818,0.0909090909091,0.363636363636,66.5,0.181818181818,53.3,1.0,0.3,0.0909090909091,0.363636363636,0.7,0.85,-0.3,0.272727272727,0.25,1
0.181818181818,0.0909090909091,0.363636363636,12.1,0.181818181818,9.4,1.0,0.7,0.0909090909091,0.454545454545,0.3,0.97,-0.2,0.0909090909091,0.6,1
0.0909090909091,0.0909090909091,0.363636363636,19.6,0.727272727273,26.2,1.0,3.3,0.181818181818,0.363636363636,-0.1,0.6,-0.5,0.363636363636,0.15,0
0.0909090909091,0.272727272727,0.363636363636,0,0.727272727273,0.2,1.0,-1.7,0.181818181818,0.363636363636,0.7,0.78,0.2,0.363636363636,0.1,1
0.0909090909091,0.272727272727,0.363636363636,0,0.727272727273,6,1.0,1.6,0.181818181818,0.454545454545,0,1,-1,0.0909090909091,0.75,0
0.0909090909091,0.272727272727,0.363636363636,74,0.0909090909091,96.2,1.0,1.6,0.181818181818,0.181818181818,0.9,0.76,-0.3,0.272727272727,0.1,1
