AAWt,AAMt,Sstruct,SaccW,ShbondsW,SaccM,ShbondsM,yDDG,Result,Positiontype,ProteinPropens,Positionaccept,MOSST,SectorSuperficie,Functionalrelevancefunction,Clinical
0.0020788512098245514,0.0020788512098245514,0.0020788512098245514,0.5165945256414011,0.01455195846877186,0.8556551579637853,0.0020788512098245514,-0.016007154315649048,0.006236553629473654,0.010394256049122757,0.004365587540631558,0.013824360545333267,-0.011641566775017488,0.0020788512098245514,0.001455195846877186,0
0.05561136656783101,0.05561136656783101,0.16683409970349303,0.0,0.38927956597481705,0.0,0.27805683283915505,-0.5060634357672622,0.16683409970349303,0.27805683283915505,0.0,0.38927956597481705,-0.4282075225722988,0.05561136656783101,0.19463978298740853,1
0.0028368227406843378,0.0056736454813686756,0.008510468222053013,0.8042392469840098,0.019857759184790366,0.5897754477882738,0.01418411370342169,-0.06553060530980821,0.0056736454813686756,0.0028368227406843378,0.00595732775543711,0.008737414041307762,-0.00595732775543711,0.0056736454813686756,0.01191465551087422,0
0.0009531506878781826,0.0009531506878781826,0.0019063013757563653,0.7459357283334658,0.006672054815147279,0.6658710705516984,0.004765753439390914,-0.008006465778176734,0.002859452063634548,0.0009531506878781826,0.0033360274075736394,0.004136673985391312,0.0026688219260589115,0.0009531506878781826,0.0036696301483310034,1
0.012851003483426991,0.012851003483426991,0.012851003483426991,0.6117077658111247,0.08995702438398893,0.7736304097023048,0.012851003483426991,0.04497851219199447,0.025702006966853982,0.06425501741713496,0.02698710731519668,0.08725831365246926,-0.05397421463039336,0.012851003483426991,0.01799140487679779,0
0.018577983917478683,0.037155967834957365,0.037155967834957365,0.9493349781831607,0.1300458874223508,0.07802753245341047,0.09288991958739343,0.0,0.037155967834957365,0.09288991958739343,0.0,0.1300458874223508,-0.14305047616458588,0.037155967834957365,0.12354359305123325,1
0.02495556795248349,0.02495556795248349,0.07486670385745046,0.0,0.17468897566738442,0.0,0.12477783976241745,-0.9258515710371374,0.04991113590496698,0.12477783976241745,0.0,0.17468897566738442,-0.1921578732341229,0.02495556795248349,0.06114114148358455,1
