AAWt,AAMt,Sstruct,SaccW,ShbondsW,SaccM,ShbondsM,yDDG,Result,Positiontype,ProteinPropens,Positionaccept,MOSST,SectorSuperficie,Functionalrelevancefunction,Clinical
0.0650541536946,0.130108307389,0.130108307389,0.0,0.325270768473,0.0,0.325270768473,-0.455379075862,0.130108307389,0.195162461084,0.0,0.455379075862,-0.500916983448,0.0650541536946,0.159382676552,1
0.00299218048585,0.00299218048585,0.0059843609717,0.23249242375,0.0149609024292,0.971860221803,0.0059843609717,-0.00837810536037,0.00299218048585,0.0119687219434,0.0104726317005,0.0190601896948,-0.0167562107207,0.0059843609717,0.0104726317005,0
0.000986172433965,0.00197234486793,0.00197234486793,0.771778546821,0.00493086216983,0.635785368177,0.00493086216983,-0.00345160351888,0.00197234486793,0.00394468973586,0.00345160351888,0.00427998836341,-0.000690320703776,0.000986172433965,0.00379676387077,0
0.00143592690168,0.00143592690168,0.00430778070505,0.691542395851,0.00287185380337,0.721696860786,0.00717963450842,-0.0241235719483,0.00287185380337,0.00430778070505,0.0,0.0100514883118,-0.011056637143,0.00287185380337,0.0,0
0.0433062777671,0.0433062777671,0.129918833301,0.424401522118,0.216531388836,0.606287888739,0.216531388836,-0.424401522118,0.0866125555342,0.129918833301,0.0,0.30314394437,-0.181886366622,0.0866125555342,0.030314394437,0
0.0011734559426,0.0011734559426,0.0035203678278,0.513386974887,0.0023469118852,0.857561602852,0.005867279713,-0.0295710897535,0.0023469118852,0.0046938237704,0.00574993411874,0.00484637304294,-0.00164283831964,0.0011734559426,0.00205354789955,1
0.00232104347717,0.00232104347717,0.00464208695434,0.737627617045,0.0116052173859,0.674263130118,0.00464208695434,-0.0292451478124,0.00464208695434,0.00928417390869,0.00162473043402,0.00926096347391,-0.00324946086804,0.00464208695434,0.00162473043402,0
