AAWt,AAMt,Sstruct,SaccW,ShbondsW,SaccM,ShbondsM,yDDG,Result,Positiontype,ProteinPropens,Positionaccept,MOSST,SectorSuperficie,Functionalrelevancefunction,Clinical
0.142857142857,0.285714285714,0.285714285714,0,0.714285714286,0,0.714285714286,-1,0.285714285714,0.428571428571,0,1,-1.1,0.142857142857,0.35,1
0.142857142857,0.142857142857,0.285714285714,11.1,0.714285714286,46.4,0.285714285714,-0.4,0.142857142857,0.571428571429,0.5,0.91,-0.8,0.285714285714,0.5,0
0.142857142857,0.285714285714,0.285714285714,111.8,0.714285714286,92.1,0.714285714286,-0.5,0.285714285714,0.571428571429,0.5,0.62,-0.1,0.142857142857,0.55,0
0.142857142857,0.142857142857,0.428571428571,68.8,0.285714285714,71.8,0.714285714286,-2.4,0.285714285714,0.428571428571,0,1,-1.1,0.285714285714,0,0
0.142857142857,0.142857142857,0.428571428571,1.4,0.714285714286,2,0.714285714286,-1.4,0.285714285714,0.428571428571,0,1,-0.6,0.285714285714,0.1,0
0.142857142857,0.142857142857,0.428571428571,62.5,0.285714285714,104.4,0.714285714286,-3.6,0.285714285714,0.571428571429,0.7,0.59,-0.2,0.142857142857,0.25,1
0.142857142857,0.142857142857,0.285714285714,45.4,0.714285714286,41.5,0.285714285714,-1.8,0.285714285714,0.571428571429,0.1,0.57,-0.2,0.285714285714,0.1,0
