AAWt,AAMt,Sstruct,SaccW,ShbondsW,SaccM,ShbondsM,yDDG,Result,Positiontype,ProteinPropens,Positionaccept,MOSST,SectorSuperficie,Functionalrelevancefunction,Clinical
0.09090909090909091,0.2727272727272727,0.18181818181818182,62,0.09090909090909091,37.2,0.8181818181818182,-0.7,0.18181818181818182,0.09090909090909091,0.3,0.67,-0.4,0.2727272727272727,0.35,0
0.18181818181818182,0.2727272727272727,0.45454545454545453,0,0.5454545454545454,0,0.18181818181818182,0.6,0.18181818181818182,0.5454545454545454,0,1,-1.1,0.2727272727272727,0.5,0
0.09090909090909091,0.18181818181818182,0.45454545454545453,37,0.5454545454545454,48.6,0.8181818181818182,1.7,0.09090909090909091,0.09090909090909091,0.2,0.89,-0.4,0.2727272727272727,0,1
0.09090909090909091,0.09090909090909091,0.2727272727272727,68.8,0.36363636363636365,71.8,0.8181818181818182,-2.4,0.36363636363636365,0.5454545454545454,0,1,-1.1,0.18181818181818182,0,0
0.09090909090909091,0.09090909090909091,0.2727272727272727,63.3,0.36363636363636365,98.4,0.18181818181818182,0.7,0.18181818181818182,0.5454545454545454,0,1,-0.5,0.18181818181818182,1,1
0.09090909090909091,0.18181818181818182,0.18181818181818182,55.9,0.5454545454545454,66.1,0.8181818181818182,-0.9,0.18181818181818182,0.2727272727272727,-0.1,0.2,0.4,0.2727272727272727,0,1
0.09090909090909091,0.2727272727272727,0.2727272727272727,11.9,0.5454545454545454,15.2,0.8181818181818182,-2.3,0.36363636363636365,0.5454545454545454,0,1,-1.2,0.18181818181818182,0.1,1
0.09090909090909091,0.2727272727272727,0.45454545454545453,0,0.5454545454545454,0,0.8181818181818182,-3.4,0.36363636363636365,0.5454545454545454,0.3,0.96,-1,0.09090909090909091,0.35,1
0.18181818181818182,0.09090909090909091,0.45454545454545453,0,0.5454545454545454,0,0.8181818181818182,-1.3,0.09090909090909091,0.5454545454545454,0,1,-1.1,0.2727272727272727,0.5,1
0.09090909090909091,0.2727272727272727,0.45454545454545453,4.9,0.36363636363636365,1.5,0.8181818181818182,-0.3,0.09090909090909091,0.2727272727272727,0.7,0.73,-0.3,0.2727272727272727,0.75,1
0.09090909090909091,0.2727272727272727,0.09090909090909091,96.5,0.36363636363636365,68,0.8181818181818182,-8.7,0.36363636363636365,0.2727272727272727,0.4,0.6,-0.1,0.18181818181818182,0.3,0
