AAWt,AAMt,Sstruct,SaccW,ShbondsW,SaccM,ShbondsM,yDDG,Result,Positiontype,ProteinPropens,Positionaccept,MOSST,SectorSuperficie,Functionalrelevancefunction,Clinical
0.142857142857,0.142857142857,0.428571428571,0,0.571428571429,0,0.571428571429,0.6,0.142857142857,0.571428571429,0,1,-1.1,0.142857142857,0.5,0
0.142857142857,0.285714285714,0.285714285714,14.4,0.428571428571,19.1,0.285714285714,-2.6,0.285714285714,0.142857142857,0.2,0.48,-0.1,0.142857142857,0.8,0
0.285714285714,0.142857142857,0.428571428571,17.3,0.428571428571,0.3,0.142857142857,-1.1,0.285714285714,0.571428571429,0,1,-0.7,0.428571428571,0.85,0
0.285714285714,0.142857142857,0.428571428571,17.3,0.428571428571,27.7,0.571428571429,-2.5,0.285714285714,0.571428571429,0,1,-0.8,0.428571428571,0.85,0
0.142857142857,0.285714285714,0.285714285714,11.1,0.571428571429,28.8,0.285714285714,-0.7,0.142857142857,0.285714285714,0.5,0.91,-0.7,0.428571428571,0.5,1
0.142857142857,0.142857142857,0.142857142857,41.8,0.571428571429,68.1,0.571428571429,1.6,0.142857142857,0.571428571429,0,0.95,-1,0.142857142857,0.1,0
0.142857142857,0.142857142857,0.142857142857,57.7,0.571428571429,87.8,0.571428571429,-1.2,0.285714285714,0.285714285714,0.7,0.79,0.1,0.142857142857,0.35,0
