Statistic,Value
Mean,0.590566050112
Std,0.0465965618357
Max,0.785714285714
Min,0.388214285714
Var,0.0021712395749
