AAWt,AAMt,Sstruct,SaccW,ShbondsW,SaccM,ShbondsM,yDDG,Result,Positiontype,ProteinPropens,Positionaccept,MOSST,SectorSuperficie,Functionalrelevancefunction,Clinical
0.09090909090909091,0.2727272727272727,0.09090909090909091,61,0.8181818181818182,89.4,0.7272727272727273,0,0.45454545454545453,0.45454545454545453,0.1,0.76,-0.1,0.09090909090909091,0.2,1
0.09090909090909091,0.18181818181818182,0.45454545454545453,3.2,0.18181818181818182,33.2,0.7272727272727273,-5.8,0.2727272727272727,0.36363636363636365,0.5,0.92,-0.8,0.09090909090909091,0.6,1
0.09090909090909091,0.09090909090909091,0.36363636363636365,74.6,0.8181818181818182,70.3,0.18181818181818182,1.1,0.09090909090909091,0.45454545454545453,0,0.79,-0.3,0.2727272727272727,0.35,1
0.18181818181818182,0.18181818181818182,0.45454545454545453,0,0.8181818181818182,0.9,0.7272727272727273,-0.4,0.45454545454545453,0.18181818181818182,0.9,0.47,0.6,0.18181818181818182,0.35,1
0.18181818181818182,0.18181818181818182,0.45454545454545453,0,0.8181818181818182,0.9,0.7272727272727273,-0.4,0.45454545454545453,0.18181818181818182,0.9,0.47,0.6,0.18181818181818182,0.35,1
0.18181818181818182,0.09090909090909091,0.36363636363636365,50.3,0.18181818181818182,55,0.09090909090909091,-1.6,0.18181818181818182,0.36363636363636365,0,1,-1.1,0.09090909090909091,0.1,0
0.09090909090909091,0.18181818181818182,0.36363636363636365,26.8,0.8181818181818182,54.1,0.7272727272727273,-2.8,0.2727272727272727,0.36363636363636365,0,1,-1.2,0.18181818181818182,0.1,0
0.09090909090909091,0.2727272727272727,0.45454545454545453,20.1,0.8181818181818182,17.3,0.7272727272727273,-3,0.2727272727272727,0.45454545454545453,0.2,0.59,-0.3,0.2727272727272727,0.1,1
0.18181818181818182,0.09090909090909091,0.09090909090909091,39.9,0.8181818181818182,26.9,0.18181818181818182,-0.3,0.45454545454545453,0.45454545454545453,0.4,0.56,0.6,0.18181818181818182,0,1
0.09090909090909091,0.09090909090909091,0.36363636363636365,0,0.8181818181818182,0,0.7272727272727273,0.3,0.45454545454545453,0.36363636363636365,0,1,-0.9,0.09090909090909091,0.75,1
0.09090909090909091,0.2727272727272727,0.45454545454545453,14.1,0.8181818181818182,33,0.7272727272727273,-1.7,0.18181818181818182,0.45454545454545453,0.7,0.85,-0.5,0.2727272727272727,0.5,1
