AAWt,AAMt,Sstruct,SaccW,ShbondsW,SaccM,ShbondsM,yDDG,Result,Positiontype,ProteinPropens,Positionaccept,MOSST,SectorSuperficie,Functionalrelevancefunction,Clinical
0.142857142857,0.142857142857,0.857142857143,3.2,0.142857142857,33.2,1.0,-5.8,0.714285714286,0.571428571429,0.5,0.92,-0.8,0.142857142857,0.6,1
0.142857142857,0.142857142857,0.857142857143,12.1,0.142857142857,28.6,1.0,1.5,0.142857142857,0.571428571429,0.3,0.97,-0.7,0.142857142857,0.6,1
0.142857142857,0.142857142857,0.857142857143,40.5,0.714285714286,29.7,1.0,-3.3,0.714285714286,0.142857142857,0.3,0.44,-0.3,0.142857142857,0.6,0
0.142857142857,0.142857142857,0.857142857143,0.1,0.714285714286,0.3,1.0,-3.1,0.714285714286,0.285714285714,0.5,0.9,-0.7,0.142857142857,0.1,1
0.142857142857,0.142857142857,0.142857142857,40.3,0.714285714286,36.1,1.0,0.6,0.142857142857,0.285714285714,0.6,0.87,0.3,0.142857142857,0.6,1
0.285714285714,0.142857142857,0.857142857143,0,0.714285714286,5.2,1.0,-5,0.714285714286,0.571428571429,0,1,-0.9,0.285714285714,0.35,1
0.285714285714,0.142857142857,0.857142857143,0,0.714285714286,0,1.0,-5.3,0.714285714286,0.571428571429,0,1,-1.1,0.285714285714,0.35,1
