Statistic,Value
Mean,0.544348378894
Std,0.0505453638287
Max,0.717948717949
Min,0.315128205128
Var,0.00255483380457
