Statistic,Value
Mean,0.740254659269
Std,0.165272129915
Max,1.0
Min,0.299242424242
Var,0.0273148769267
