algorithm,desc,actualScore,new score
NuSVC,kernel: poly,0.545454545455,0.5
NuSVC,kernel: rbf,0.727272727273,0.478260869565
SVC,kernel: linear,0.727272727273,0.304347826087
