algorithm,desc,actualScore,new score
NuSVC,kernel: poly,0.545454545455,0.277777777778
NuSVC,kernel: rbf,0.727272727273,0.333333333333
SVC,kernel: linear,0.727272727273,0.444444444444
