AAWt,AAMt,Sstruct,SaccW,ShbondsW,SaccM,ShbondsM,yDDG,Result,Positiontype,ProteinPropens,Positionaccept,MOSST,SectorSuperficie,Functionalrelevancefunction,Clinical
0.36363636363636365,0.09090909090909091,0.18181818181818182,11.1,0.6363636363636364,38.8,0.8181818181818182,1.1,0.2727272727272727,0.5454545454545454,0.5,0.91,-0.8,0.45454545454545453,0.5,1
0.36363636363636365,0.09090909090909091,0.7272727272727273,0,0.6363636363636364,0,0.8181818181818182,1.9,0.2727272727272727,0.09090909090909091,0.7,0.25,1.1,0.45454545454545453,0,1
0.36363636363636365,0.09090909090909091,0.09090909090909091,3.9,0.36363636363636365,2.4,0.8181818181818182,1.4,0.2727272727272727,0.5454545454545454,0.5,0.88,-0.7,0.09090909090909091,0.5,0
0.09090909090909091,0.09090909090909091,0.18181818181818182,0,0.6363636363636364,0.2,0.8181818181818182,0,0.18181818181818182,0.5454545454545454,0.7,0.78,0,0.18181818181818182,0.1,0
0.09090909090909091,0.18181818181818182,0.7272727272727273,0.2,0.6363636363636364,0.5,0.8181818181818182,-5.1,0.2727272727272727,0.5454545454545454,0.6,0.89,-0.6,0.18181818181818182,0.1,0
0.09090909090909091,0.09090909090909091,0.7272727272727273,45.4,0.6363636363636364,41.5,0.18181818181818182,-1.8,0.2727272727272727,0.5454545454545454,0.1,0.57,-0.2,0.45454545454545453,0.1,0
0.18181818181818182,0.09090909090909091,0.7272727272727273,3.2,0.36363636363636365,33.2,0.8181818181818182,-5.8,0.2727272727272727,0.36363636363636365,0.5,0.92,-0.8,0.09090909090909091,0.6,1
0.18181818181818182,0.09090909090909091,0.7272727272727273,0,0.6363636363636364,0,0.8181818181818182,-1.3,0.2727272727272727,0.36363636363636365,0,1,-1.1,0.18181818181818182,0.5,1
0.18181818181818182,0.09090909090909091,0.7272727272727273,17.3,0.36363636363636365,27.7,0.18181818181818182,-2.5,0.2727272727272727,0.36363636363636365,0,1,-0.8,0.45454545454545453,0.85,0
0.36363636363636365,0.09090909090909091,0.7272727272727273,4.9,0.36363636363636365,3.1,0.8181818181818182,-1.8,0.2727272727272727,0.5454545454545454,0.7,0.73,0,0.45454545454545453,0.75,0
0.18181818181818182,0.18181818181818182,0.7272727272727273,0,0.6363636363636364,0,0.8181818181818182,0,0.18181818181818182,0.36363636363636365,0,1,-1.3,0.18181818181818182,0.5,1
