AAWt,AAMt,Sstruct,SaccW,ShbondsW,SaccM,ShbondsM,yDDG,Result,Positiontype,ProteinPropens,Positionaccept,MOSST,SectorSuperficie,Functionalrelevancefunction,Clinical
0.142857142857,0.142857142857,0.428571428571,6,0.857142857143,15.4,0.857142857143,-1.4,0.285714285714,0.714285714286,0.5,0.61,-0.3,0.428571428571,0.6,0
0.142857142857,0.285714285714,0.142857142857,39.9,0.857142857143,27.5,0.857142857143,2.8,0.142857142857,0.714285714286,0.4,0.56,-0.4,0.142857142857,0,1
0.142857142857,0.285714285714,0.428571428571,59.5,0.857142857143,67.4,0.857142857143,0,0.428571428571,0.142857142857,0.9,0.56,0.4,0.428571428571,0.1,1
0.142857142857,0.142857142857,0.142857142857,61,0.857142857143,93.7,0.857142857143,0.3,0.428571428571,0.714285714286,0.1,0.76,0.7,0.428571428571,0.2,1
0.142857142857,0.142857142857,0.285714285714,52.4,0.142857142857,48,0.142857142857,-0.2,0.428571428571,0.714285714286,0.2,0.91,-0.7,0.428571428571,0.6,0
0.285714285714,0.142857142857,0.285714285714,93.3,0.857142857143,92.8,0.857142857143,-0.6,0.142857142857,0.142857142857,0,1,-0.3,0.428571428571,0.3,0
0.285714285714,0.142857142857,0.428571428571,0,0.857142857143,0.2,0.857142857143,-1.7,0.285714285714,0.714285714286,0.7,0.78,0.2,0.428571428571,0.1,1
