AAWt,AAMt,Sstruct,SaccW,ShbondsW,SaccM,ShbondsM,yDDG,Result,Positiontype,ProteinPropens,Positionaccept,MOSST,SectorSuperficie,Functionalrelevancefunction,Clinical
0.0444325973312,0.0888651946625,0.0888651946625,0.0,0.0888651946625,0.870878907692,0.0888651946625,0.28436862292,0.0888651946625,0.177730389325,0.0,0.177730389325,-0.231049506122,0.0444325973312,0.0266595583987,0
0.0632680300002,0.12653606,0.0632680300002,0.809830784003,0.12653606,0.0506144240002,0.12653606,0.303686544001,0.12653606,0.253072120001,0.12653606,0.232826350401,-0.12653606,0.0632680300002,0.151843272001,0
0.00214564274739,0.00214564274739,0.00214564274739,0.543276743639,0.00429128549478,0.839375442778,0.00429128549478,-0.00343302839582,0.00214564274739,0.00858257098955,0.0,0.00858257098955,-0.00257477129687,0.00214564274739,0.00858257098955,1
0.00554387780127,0.00554387780127,0.0110877556025,0.521124513319,0.0110877556025,0.851539630274,0.0110877556025,-0.0354808179281,0.00554387780127,0.0221755112051,0.0,0.0221755112051,-0.0199579600846,0.00554387780127,0.013305306723,0
