AAWt,AAMt,Sstruct,SaccW,ShbondsW,SaccM,ShbondsM,yDDG,Result,Positiontype,ProteinPropens,Positionaccept,MOSST,SectorSuperficie,Functionalrelevancefunction,Clinical
0.0909090909091,0.0909090909091,0.0909090909091,18.3,1.0,27.8,0.0909090909091,0.9,0.181818181818,0.545454545455,0.5,0.85,-0.7,0.0909090909091,0.8,1
0.272727272727,0.0909090909091,0.363636363636,0,1.0,2.2,0.909090909091,-6.5,0.454545454545,0.545454545455,0.7,0.78,-0.5,0.272727272727,0.1,0
0.272727272727,0.0909090909091,0.0909090909091,0.2,1.0,34.1,0.909090909091,-4.7,0.454545454545,0.0909090909091,0.5,0.91,-0.7,0.272727272727,0.1,0
0.272727272727,0.181818181818,0.363636363636,0,1.0,5.2,0.909090909091,-5,0.454545454545,0.363636363636,0,1,-0.9,0.272727272727,0.35,1
0.0909090909091,0.272727272727,0.363636363636,0,1.0,0,0.909090909091,-0.8,0.181818181818,0.363636363636,0.3,0.96,0,0.272727272727,0.1,0
0.181818181818,0.272727272727,0.363636363636,21.2,1.0,25.6,0.909090909091,0.8,0.181818181818,0.545454545455,0,0.83,-0.6,0.0909090909091,0.25,0
0.181818181818,0.272727272727,0.363636363636,78.1,1.0,78.6,0.909090909091,-1,0.0909090909091,0.545454545455,-0.1,0.21,0,0.272727272727,0,1
0.272727272727,0.0909090909091,0.363636363636,0,1.0,0,0.909090909091,-1,0.181818181818,0.363636363636,0,1,-1.1,0.272727272727,0.35,1
0.272727272727,0.0909090909091,0.363636363636,0,1.0,0.2,0.909090909091,0,0.0909090909091,0.545454545455,0.7,0.78,0,0.272727272727,0.1,0
0.272727272727,0.0909090909091,0.363636363636,20.1,1.0,24.2,0.909090909091,-4,0.454545454545,0.545454545455,0.2,0.59,-0.1,0.272727272727,0.1,1
0.0909090909091,0.181818181818,0.0909090909091,25.3,1.0,32.4,0.909090909091,-2.5,0.454545454545,0.363636363636,0.3,0.97,0,0.272727272727,0.25,0
