AAWt,AAMt,Sstruct,SaccW,ShbondsW,SaccM,ShbondsM,yDDG,Result,Positiontype,ProteinPropens,Positionaccept,MOSST,SectorSuperficie,Functionalrelevancefunction,Clinical
0.142857142857,0.142857142857,0.714285714286,14.1,0.571428571429,33,0.571428571429,-1.7,0.142857142857,0.571428571429,0.7,0.85,-0.5,0.142857142857,0.5,1
0.285714285714,0.285714285714,0.142857142857,82.8,0.428571428571,74.3,0.428571428571,-0.7,0.142857142857,0.571428571429,0.8,0.64,-0.2,0.142857142857,0.1,0
0.285714285714,0.285714285714,0.142857142857,96.5,0.428571428571,95.3,0.428571428571,0.3,0.142857142857,0.571428571429,0.4,0.6,0.2,0.142857142857,0.3,0
0.142857142857,0.142857142857,0.714285714286,0,0.571428571429,0,0.571428571429,-5.1,0.285714285714,0.428571428571,0.3,0.96,-1,0.285714285714,0.1,1
0.142857142857,0.142857142857,0.714285714286,0.5,0.571428571429,0.2,0.571428571429,1.5,0.285714285714,0.428571428571,0,1,-1.3,0.285714285714,0,0
0.142857142857,0.142857142857,0.714285714286,45.5,0.428571428571,50.6,0.428571428571,1.2,0.285714285714,0.571428571429,0.9,0.69,-0.2,0.142857142857,0.1,1
0.142857142857,0.142857142857,0.714285714286,0,0.571428571429,0,0.571428571429,-3.4,0.285714285714,0.428571428571,0.3,0.96,-1,0.142857142857,0.35,1
