AAWt,AAMt,Sstruct,SaccW,ShbondsW,SaccM,ShbondsM,yDDG,Result,Positiontype,ProteinPropens,Positionaccept,MOSST,SectorSuperficie,Functionalrelevancefunction,Clinical
0.012397600294862783,0.012397600294862783,0.012397600294862783,0.48598593155862113,0.037192800884588345,0.8529549002865594,0.024795200589725567,-0.16860736401013385,0.012397600294862783,0.024795200589725567,0.0,0.049590401179451134,-0.04463136106150602,0.012397600294862783,0.004959040117945113,0
0.005235833916454199,0.005235833916454199,0.010471667832908397,0.23247102589056642,0.015707501749362595,0.9717707748938993,0.005235833916454199,-0.008377334266326718,0.010471667832908397,0.010471667832908397,0.010471667832908397,0.019058435455893283,-0.016754668532653436,0.005235833916454199,0.010471667832908397,0
0.04688072309384954,0.04688072309384954,0.04688072309384954,0.09376144618769908,0.14064216928154863,0.7500915695015926,0.04688072309384954,0.5625686771261945,0.04688072309384954,0.09376144618769908,0.0,0.18752289237539815,-0.18752289237539815,0.04688072309384954,0.0,0
0.0022533042226658287,0.0022533042226658287,0.0045066084453316575,0.682300518623213,0.0022533042226658287,0.7309718898327948,0.0045066084453316575,0.0009013216890663316,0.0045066084453316575,0.0045066084453316575,0.0009013216890663316,0.006489516161277587,0.0,0.0022533042226658287,0.0009013216890663316,1
