AAWt,AAMt,Sstruct,SaccW,ShbondsW,SaccM,ShbondsM,yDDG,Result,Positiontype,ProteinPropens,Positionaccept,MOSST,SectorSuperficie,Functionalrelevancefunction,Clinical
0.0029348176484916256,0.0029348176484916256,0.0029348176484916256,0.8076618168648954,0.005869635296983251,0.5893113838171185,0.0029348176484916256,-0.004695708237586601,0.0029348176484916256,0.005869635296983251,0.0,0.011739270593966502,-0.009391416475173203,0.005869635296983251,0.0,0
0.015188117431178497,0.007594058715589248,0.015188117431178497,0.5953742033021971,0.015188117431178497,0.7958573533937532,0.015188117431178497,0.10024157504577808,0.015188117431178497,0.007594058715589248,-0.0030376234862356994,0.018225740917414194,-0.015188117431178497,0.015188117431178497,0.0045564352293535485,0
0.09274777915203367,0.04637388957601683,0.09274777915203367,0.09274777915203367,0.09274777915203367,0.7419822332162693,0.09274777915203367,0.5564866749122019,0.09274777915203367,0.09274777915203367,0.0,0.18549555830406733,-0.18549555830406733,0.09274777915203367,0.0,0
0.009889495840866961,0.009889495840866961,0.009889495840866961,0.5696349604339369,0.019778991681733922,0.8109386589510907,0.009889495840866961,-0.12262974842675031,0.009889495840866961,0.009889495840866961,0.00791159667269357,0.018987832014464565,-0.00791159667269357,0.019778991681733922,0.03164638669077428,0
