Statistic,Value
Mean,4.90042194093
Std,6.06144694462
Max,27.0
Min,0.0
Var,36.7411390625
