AAWt,AAMt,Sstruct,SaccW,ShbondsW,SaccM,ShbondsM,yDDG,Result,Positiontype,ProteinPropens,Positionaccept,MOSST,SectorSuperficie,Functionalrelevancefunction,Clinical
0.000925448012266,0.000925448012266,0.00185089602453,0.636708232439,0.00185089602453,0.770898194217,0.000925448012266,0.00370179204906,0.00370179204906,0.00832903211039,0.0,0.00925448012266,-0.0111053761472,0.00185089602453,0.0,0
0.0238865616844,0.0477731233688,0.0716596850533,0.764369973901,0.0477731233688,0.0238865616844,0.21497905516,-0.453844672004,0.0477731233688,0.21497905516,0.119432808422,0.219756367497,-0.143319370107,0.0238865616844,0.143319370107,1
0.00616508165581,0.0123301633116,0.0184952449674,0.745974880353,0.00616508165581,0.653498655516,0.0554857349023,0.0246603266233,0.0246603266233,0.0554857349023,0.0184952449674,0.0598012920614,-0.0554857349023,0.0123301633116,0.0369904899349,0
0.0165765464399,0.0165765464399,0.0828827321994,0.0,0.116035825079,0.911710054193,0.149188917959,-0.248648196598,0.0331530928797,0.149188917959,0.0,0.165765464399,-0.0994592786392,0.0497296393196,0.0248648196598,1
0.0151528196859,0.0303056393719,0.0757640984297,0.0,0.106069737802,0.909169181157,0.136375377174,0.242445114975,0.0151528196859,0.136375377174,0.0,0.151528196859,-0.151528196859,0.0151528196859,0.113646147645,0
0.0051123648672,0.0051123648672,0.0102247297344,0.608371419197,0.0357865540704,0.777079459815,0.0460112838048,-0.117584391946,0.0102247297344,0.0460112838048,0.0,0.051123648672,-0.0613483784065,0.0051123648672,0.0051123648672,1
0.00222412265456,0.00111206132728,0.0055603066364,0.661676489732,0.00778442929096,0.749529334587,0.0100085519455,0.0,0.00444824530912,0.00111206132728,0.0100085519455,0.00622754343277,0.00444824530912,0.00333618398184,0.00111206132728,1
0.00212445942705,0.00212445942705,0.0106222971352,0.399398372285,0.0148712159893,0.915642013057,0.0191201348434,-0.00849783770818,0.00849783770818,0.0191201348434,0.0,0.0212445942705,-0.0191201348434,0.00637337828114,0.00212445942705,1
0.00330687848769,0.00330687848769,0.00826719621922,0.44312171735,0.0115740747069,0.89451063092,0.0148809531946,-0.0462962988276,0.00330687848769,0.0148809531946,0.0,0.0165343924384,-0.0198412709261,0.00165343924384,0.00165343924384,0
0.031603030876,0.031603030876,0.094809092628,0.0,0.221221216132,0.758472741024,0.284427277884,-0.252824247008,0.031603030876,0.284427277884,0.0,0.31603030876,-0.15801515438,0.031603030876,0.110610608066,1
