AAWt,AAMt,Sstruct,SaccW,ShbondsW,SaccM,ShbondsM,yDDG,Result,Positiontype,ProteinPropens,Positionaccept,MOSST,SectorSuperficie,Functionalrelevancefunction,Clinical
0.181818181818,0.181818181818,0.0909090909091,96.5,0.181818181818,68,0.636363636364,-8.7,0.363636363636,0.454545454545,0.4,0.6,-0.1,0.181818181818,0.3,0
0.0909090909091,0.181818181818,0.363636363636,0,0.727272727273,4.1,0.636363636364,-2.5,0.363636363636,0.363636363636,0,1,-0.8,0.272727272727,0.15,0
0.181818181818,0.181818181818,0.363636363636,74.6,0.727272727273,70.3,0.272727272727,1.1,0.181818181818,0.454545454545,0,0.79,-0.3,0.181818181818,0.35,1
0.181818181818,0.0909090909091,0.0909090909091,40.3,0.727272727273,46.6,0.0909090909091,-2.2,0.363636363636,0.454545454545,0.6,0.87,-0.6,0.0909090909091,0.6,0
0.0909090909091,0.181818181818,0.0909090909091,6.8,0.727272727273,8.6,0.272727272727,0.5,0.272727272727,0.363636363636,0.3,0.97,-0.6,0.0909090909091,0.2,0
0.181818181818,0.0909090909091,0.363636363636,59.5,0.727272727273,67.4,0.636363636364,0,0.272727272727,0.181818181818,0.9,0.56,0.4,0.272727272727,0.1,1
0.181818181818,0.181818181818,0.181818181818,44.8,0.0909090909091,29.5,0.636363636364,-2.4,0.363636363636,0.181818181818,0.8,0.28,-0.1,0.272727272727,0.15,0
0.0909090909091,0.0909090909091,0.0909090909091,3.9,0.181818181818,3.5,0.636363636364,-0.9,0.181818181818,0.454545454545,0.5,0.88,-0.4,0.181818181818,0.5,0
0.0909090909091,0.0909090909091,0.363636363636,55.9,0.727272727273,66.1,0.636363636364,-0.9,0.181818181818,0.454545454545,-0.1,0.2,0.4,0.181818181818,0,1
0.0909090909091,0.181818181818,0.181818181818,0,0.727272727273,0,0.636363636364,-0.2,0.272727272727,0.363636363636,0,1,-0.8,0.0909090909091,0.5,0
0.181818181818,0.0909090909091,0.0909090909091,41.8,0.727272727273,68.1,0.272727272727,1.6,0.181818181818,0.363636363636,0,0.95,-1,0.0909090909091,0.1,0
