AAWt,AAMt,Sstruct,SaccW,ShbondsW,SaccM,ShbondsM,yDDG,Result,Positiontype,ProteinPropens,Positionaccept,MOSST,SectorSuperficie,Functionalrelevancefunction,Clinical
0.09090909090909091,0.09090909090909091,0.5454545454545454,4.9,0.18181818181818182,3,0.2727272727272727,2.1,0.09090909090909091,0.2727272727272727,0.7,0.73,-0.2,0.09090909090909091,0.75,0
0.18181818181818182,0.09090909090909091,0.5454545454545454,0,0.8181818181818182,0,0.7272727272727273,0.7,0.36363636363636365,0.5454545454545454,0,1,-0.7,0.18181818181818182,0.5,0
0.18181818181818182,0.09090909090909091,0.5454545454545454,0,0.8181818181818182,0.9,0.7272727272727273,-0.4,0.36363636363636365,0.09090909090909091,0.9,0.47,0.6,0.2727272727272727,0.35,1
0.18181818181818182,0.09090909090909091,0.09090909090909091,4.2,0.8181818181818182,13.7,0.7272727272727273,-6.5,0.2727272727272727,0.5454545454545454,1,0.95,-0.9,0.09090909090909091,0.1,0
0.09090909090909091,0.09090909090909091,0.18181818181818182,14.4,0.18181818181818182,20.5,0.2727272727272727,-3.1,0.2727272727272727,0.09090909090909091,0.2,0.48,-0.2,0.09090909090909091,0.8,0
0.09090909090909091,0.18181818181818182,0.5454545454545454,57.5,0.8181818181818182,70.8,0.7272727272727273,-1.3,0.2727272727272727,0.2727272727272727,0.9,0.31,0.1,0.2727272727272727,0.35,1
0.18181818181818182,0.18181818181818182,0.5454545454545454,0,0.8181818181818182,0,0.7272727272727273,0,0.36363636363636365,0.5454545454545454,0,1,-1.3,0.18181818181818182,0.5,1
0.09090909090909091,0.18181818181818182,0.18181818181818182,0,0.8181818181818182,3.7,0.7272727272727273,-2,0.2727272727272727,0.5454545454545454,0,1,-1.3,0.09090909090909091,0.15,0
0.09090909090909091,0.18181818181818182,0.5454545454545454,0,0.8181818181818182,5.2,0.7272727272727273,-5,0.2727272727272727,0.5454545454545454,0,1,-0.9,0.2727272727272727,0.35,1
0.09090909090909091,0.09090909090909091,0.18181818181818182,40.3,0.8181818181818182,39.7,0.7272727272727273,0.2,0.36363636363636365,0.2727272727272727,0.6,0.87,0,0.09090909090909091,0.6,0
0.09090909090909091,0.09090909090909091,0.18181818181818182,12.8,0.8181818181818182,17.4,0.2727272727272727,-1.2,0.2727272727272727,0.5454545454545454,0,1,-0.8,0.09090909090909091,0.6,0
