AAWt,AAMt,Sstruct,SaccW,ShbondsW,SaccM,ShbondsM,yDDG,Result,Positiontype,ProteinPropens,Positionaccept,MOSST,SectorSuperficie,Functionalrelevancefunction,Clinical
0.00736800201668,0.00736800201668,0.0294720080667,0.0943104258135,0.00736800201668,0.978470667815,0.0294720080667,-0.170937646787,0.02210400605,0.0147360040334,0.0147360040334,0.0271142474214,-0.0235776064534,0.00736800201668,0.01768320484,1
0.00802261988933,0.00802261988933,0.0320904795573,0.388294802644,0.00802261988933,0.91778771534,0.0320904795573,0.048135719336,0.00802261988933,0.0160452397787,0.0096271438672,0.0311277651706,-0.0224633356901,0.00802261988933,0.0192542877344,1
0.00496338016851,0.00496338016851,0.0198535206741,0.804067587299,0.00992676033703,0.589649564019,0.0198535206741,-0.0655166182244,0.0148901405055,0.00496338016851,0.00595605620222,0.00873554909658,-0.00595605620222,0.00496338016851,0.0119121124044,0
0.0660357376459,0.0660357376459,0.264142950583,0.0264142950583,0.132071475292,0.079242885175,0.264142950583,-0.818843146809,0.198107212938,0.0660357376459,0.132071475292,0.237728655525,-0.184900065408,0.0660357376459,0.0264142950583,1
