AAWt,AAMt,Sstruct,SaccW,ShbondsW,SaccM,ShbondsM,yDDG,Result,Positiontype,ProteinPropens,Positionaccept,MOSST,SectorSuperficie,Functionalrelevancefunction,Clinical
0.0143821568262,0.0143821568262,0.00719107841309,0.391194665672,0.0431464704785,0.868682272301,0.0503375488916,-0.281890273793,0.0215732352393,0.0359553920654,0.0172585881914,0.0558027684856,-0.0517757645742,0.00719107841309,0.0115057254609,0
0.00111368800408,0.00111368800408,0.00334106401225,0.817001519796,0.00222737600817,0.576444910914,0.00779581602859,0.0,0.00222737600817,0.00334106401225,0.00445475201634,0.00801855362941,-0.00623665282287,0.00111368800408,0.0,0
0.00203093424109,0.00203093424109,0.00812373696435,0.737635316363,0.0121856054465,0.674270168041,0.00203093424109,-0.0292454530716,0.00406186848217,0.00609280272326,0.00162474739287,0.00926106013935,-0.00324949478574,0.00406186848217,0.00162474739287,0
0.0229045605906,0.0229045605906,0.0916182423625,0.897858775152,0.0458091211812,0.274854727087,0.160331924134,-0.0916182423625,0.0229045605906,0.0687136817719,0.128265539307,0.133762633849,-0.109941890835,0.0458091211812,0.137427363544,0
0.00265597064237,0.00265597064237,0.00796791192712,0.399457984613,0.0159358238542,0.91577867749,0.0185917944966,-0.00849910605559,0.00531194128475,0.0132798532119,0.0,0.021247765139,-0.0191229886251,0.00265597064237,0.0021247765139,1
0.00277196019947,0.00277196019947,0.00831588059842,0.521128517501,0.0166317611968,0.851546173278,0.0194037213963,-0.0354810905533,0.00554392039895,0.0138598009974,0.0,0.0221756815958,-0.0199581134362,0.00277196019947,0.0133054089575,0
0.0426169040234,0.0426169040234,0.0852338080467,0.0,0.12785071207,0.392075517015,0.149159164082,-0.852338080467,0.063925356035,0.106542260058,0.0,0.170467616093,-0.153420854484,0.0213084520117,0.0426169040234,0
0.0227956681405,0.0227956681405,0.0911826725618,0.0547096035371,0.136774008843,0.0,0.159569676983,-0.93006326013,0.0683870044214,0.113978340702,0.0547096035371,0.173247077867,-0.164128810611,0.0227956681405,0.0182365345124,1
