AAWt,AAMt,Sstruct,SaccW,ShbondsW,SaccM,ShbondsM,yDDG,Result,Positiontype,ProteinPropens,Positionaccept,MOSST,SectorSuperficie,Functionalrelevancefunction,Clinical
0.03599053346008369,0.03599053346008369,0.14396213384033477,0.0,0.17995266730041845,0.0,0.21594320076050214,-0.8565746963499918,0.07198106692016738,0.10797160038025107,0.07558012026617575,0.2418563848517624,-0.25193373422058585,0.10797160038025107,0.08817680697720504,1
0.006313801715938924,0.003156900857969462,0.006313801715938924,0.8905617320331852,0.01578450428984731,0.45301527311861783,0.01894140514781677,0.006629491801735871,0.006313801715938924,0.012627603431877849,0.013258983603471742,0.019225526225034026,-0.0022098306005786236,0.003156900857969462,0.013258983603471742,0
0.0031316307268557317,0.0015658153634278658,0.006263261453711463,0.630240683779716,0.00782907681713933,0.7760180941148503,0.009394892180567195,-0.01424891980719358,0.0015658153634278658,0.006263261453711463,0.009864636789595555,0.003397819338638469,0.0010960707543995062,0.0046974460902835975,0.0038362476403982714,1
0.14786344536434284,0.07393172268217142,0.2957268907286857,0.0,0.36965861341085715,0.0,0.44359033609302856,-0.31051323526512,0.07393172268217142,0.22179516804651428,0.0,0.5175220587752001,-0.25876102938760004,0.22179516804651428,0.12938051469380002,0
0.0013238445396616398,0.0013238445396616398,0.0026476890793232797,0.6088361037903882,0.0013238445396616398,0.7932476481652546,0.0013238445396616398,0.002780073533289444,0.0026476890793232797,0.005295378158646559,0.0037067647110525922,0.0012973676488684074,-0.0009266911777631481,0.0013238445396616398,0.001390036766644722,1
0.015173082063911518,0.007586541031955759,0.030346164127823035,0.015931736167107094,0.0379327051597788,0.9559041700264257,0.04551924619173455,-0.27615009356318965,0.015173082063911518,0.022759623095867276,0.015931736167107094,0.05045049786250579,-0.03717405105658322,0.007586541031955759,0.005310578722369032,0
0.028082514333722802,0.028082514333722802,0.028082514333722802,0.7666526413106325,0.028082514333722802,0.4717862408065431,0.1684950860023368,0.27520864047048343,0.028082514333722802,0.11233005733489121,0.09828880016802981,0.17298828829573248,-0.13760432023524172,0.028082514333722802,0.09828880016802981,0
