Metric,Score
accuracy,0.424242424242
recall,0.424242424242
precision,0.424242424242
