Statistic,Value
Mean,0.0779875893925
Std,0.0857105526498
Max,0.424242424242
Min,0.0
Var,0.00734629883554
