AAWt,AAMt,Sstruct,SaccW,ShbondsW,SaccM,ShbondsM,yDDG,Result,Positiontype,ProteinPropens,Positionaccept,MOSST,SectorSuperficie,Functionalrelevancefunction,Clinical
0.142857142857,0.142857142857,0.428571428571,91.7,0.428571428571,64.7,0.857142857143,0,0.571428571429,0.571428571429,0.5,0.9,-0.7,0.285714285714,0,0
0.285714285714,0.142857142857,0.285714285714,0,0.428571428571,0,0.857142857143,0.7,0.571428571429,0.428571428571,0,1,-0.7,0.142857142857,0.5,0
0.285714285714,0.142857142857,0.428571428571,66.5,0.142857142857,53.3,0.857142857143,0.3,0.571428571429,0.571428571429,0.7,0.85,-0.3,0.285714285714,0.25,1
0.142857142857,0.142857142857,0.285714285714,96.5,0.428571428571,95.3,0.142857142857,0.3,0.571428571429,0.571428571429,0.4,0.6,0.2,0.285714285714,0.3,0
0.142857142857,0.285714285714,0.285714285714,3.2,0.428571428571,0.1,0.857142857143,-1.9,0.285714285714,0.428571428571,0.5,0.92,-0.6,0.142857142857,0.6,1
0.142857142857,0.285714285714,0.285714285714,42.5,0.428571428571,55.3,0.857142857143,0.7,0.142857142857,0.571428571429,0.5,0.93,-0.6,0.285714285714,0.1,0
0.142857142857,0.142857142857,0.428571428571,0,0.428571428571,5.5,0.857142857143,-1.5,0.285714285714,0.428571428571,0,1,-0.6,0.142857142857,0.15,1
