AAWt,AAMt,Sstruct,SaccW,ShbondsW,SaccM,ShbondsM,yDDG,Result,Positiontype,ProteinPropens,Positionaccept,MOSST,SectorSuperficie,Functionalrelevancefunction,Clinical
0.114277785082,0.0571388925409,0.114277785082,0.0,0.342833355246,0.0,0.399972247786,-0.399972247786,0.171416677623,0.342833355246,0.0,0.399972247786,-0.439969472565,0.114277785082,0.139990286725,1
0.00855644512336,0.00427822256168,0.00427822256168,0.703767611397,0.0256693353701,0.70676236719,0.0299475579318,-0.0239580463454,0.012834667685,0.0256693353701,0.0,0.0299475579318,-0.0299475579318,0.00427822256168,0.0179685347591,0
0.00143584992921,0.00143584992921,0.00287169985843,0.69150532591,0.00143584992921,0.721658174423,0.0100509495045,-0.0241222788108,0.00574339971686,0.00861509957529,0.0,0.0100509495045,-0.0110560444549,0.00143584992921,0.0,0
0.00346459757452,0.00692919514904,0.00346459757452,0.613580230447,0.0207875854471,0.785770729901,0.0242521830216,-0.0606304575541,0.0138583902981,0.0207875854471,0.00727565490649,0.023524617531,0.0,0.00692919514904,0.00606304575541,0
0.0124931745398,0.00624658726991,0.0124931745398,0.428515886716,0.0374795236194,0.887640051054,0.0437261108893,-0.139923554846,0.0249863490796,0.0374795236194,0.0,0.0437261108893,-0.0349808887115,0.00624658726991,0.00437261108893,0
0.0106840995764,0.0106840995764,0.0106840995764,0.751626405199,0.0320522987292,0.646922229351,0.0373943485174,-0.112183045552,0.0213681991528,0.0053420497882,0.00747886970348,0.0220626656253,-0.0112183045552,0.0053420497882,0.00373943485174,1
0.0150321322855,0.0150321322855,0.0150321322855,0.715529496791,0.0901927937131,0.662917033791,0.105224925999,-0.073657448199,0.0450963968565,0.0901927937131,0.0315674777996,0.102068178219,-0.0315674777996,0.0150321322855,0.0210449851997,1
