Statistic,Value
Mean,0.521439749609
Std,0.0383887555473
Max,0.625
Min,0.458333333333
Var,0.00147369655247
