AAWt,AAMt,Sstruct,SaccW,ShbondsW,SaccM,ShbondsM,yDDG,Result,Positiontype,ProteinPropens,Positionaccept,MOSST,SectorSuperficie,Functionalrelevancefunction,Clinical
0.18181818181818182,0.18181818181818182,0.45454545454545453,78.1,0.7272727272727273,78.6,0.9090909090909091,-1,0.18181818181818182,0.36363636363636365,-0.1,0.21,0,0.09090909090909091,0,1
0.09090909090909091,0.09090909090909091,0.2727272727272727,3.2,0.2727272727272727,0,0.9090909090909091,-2.1,0.36363636363636365,0.6363636363636364,0.5,0.92,-0.5,0.09090909090909091,0.6,1
0.18181818181818182,0.18181818181818182,0.2727272727272727,0,0.7272727272727273,0,0.9090909090909091,-0.8,0.18181818181818182,0.6363636363636364,0.3,0.96,0,0.2727272727272727,0.1,0
0.09090909090909091,0.2727272727272727,0.18181818181818182,12.8,0.7272727272727273,33.3,0.9090909090909091,-3.5,0.36363636363636365,0.6363636363636364,0,1,-1.2,0.09090909090909091,0.6,0
0.09090909090909091,0.09090909090909091,0.18181818181818182,68.8,0.2727272727272727,71.8,0.9090909090909091,-2.4,0.36363636363636365,0.6363636363636364,0,1,-1.1,0.18181818181818182,0,0
0.09090909090909091,0.2727272727272727,0.45454545454545453,6,0.7272727272727273,15.4,0.9090909090909091,-1.4,0.18181818181818182,0.36363636363636365,0.5,0.61,-0.3,0.2727272727272727,0.6,0
0.09090909090909091,0.09090909090909091,0.45454545454545453,23.5,0.7272727272727273,23.6,0.9090909090909091,-0.8,0.18181818181818182,0.6363636363636364,0,1,-1,0.09090909090909091,0.6,0
0.18181818181818182,0.09090909090909091,0.2727272727272727,0.5,0.7272727272727273,0.2,0.9090909090909091,1.5,0.09090909090909091,0.6363636363636364,0,1,-1.3,0.2727272727272727,0,0
0.09090909090909091,0.09090909090909091,0.09090909090909091,25.3,0.7272727272727273,40.3,0.09090909090909091,0.1,0.18181818181818182,0.6363636363636364,0.3,0.97,-1,0.09090909090909091,0.25,0
0.18181818181818182,0.2727272727272727,0.45454545454545453,111.8,0.7272727272727273,128.5,0.9090909090909091,-3,0.36363636363636365,0.36363636363636365,0.5,0.62,-0.3,0.09090909090909091,0.55,0
0.09090909090909091,0.09090909090909091,0.45454545454545453,91.7,0.2727272727272727,64.7,0.9090909090909091,0,0.18181818181818182,0.36363636363636365,0.5,0.9,-0.7,0.18181818181818182,0,0
