Statistic,Value
Mean,0.224802657203
Std,0.191729506184
Max,0.726666666667
Min,0.0
Var,0.0367602035417
