AAWt,AAMt,Sstruct,SaccW,ShbondsW,SaccM,ShbondsM,yDDG,Result,Positiontype,ProteinPropens,Positionaccept,MOSST,SectorSuperficie,Functionalrelevancefunction,Clinical
0.00092386222967,0.00092386222967,0.00092386222967,0.563555960098,0.0092386222967,0.825932833325,0.0092386222967,0.0,0.00277158668901,0.00184772445934,0.00092386222967,0.00702135294549,-0.00092386222967,0.00092386222967,0.00184772445934,1
0.0102148563094,0.0102148563094,0.0102148563094,0.607783950411,0.0510742815471,0.776329079516,0.0510742815471,-0.117470847558,0.0204297126188,0.0408594252377,0.0,0.0510742815471,-0.0612891378565,0.0102148563094,0.00510742815471,1
0.00374892569864,0.00374892569864,0.00937231424661,0.851006133592,0.0187446284932,0.521100672111,0.0187446284932,-0.0562338854796,0.00749785139728,0.00374892569864,0.00187446284932,0.0106844382411,-0.00749785139728,0.00374892569864,0.00187446284932,1
0.0813788458771,0.0813788458771,0.203447114693,0.0,0.406894229386,0.0,0.406894229386,0.0,0.122068268816,0.325515383508,0.0,0.406894229386,-0.528962498201,0.0813788458771,0.203447114693,1
0.0243727788937,0.0487455577874,0.121863894469,0.0,0.243727788937,0.0,0.243727788937,-0.828674482386,0.0974911155749,0.19498223115,0.0731183366811,0.23397867738,-0.243727788937,0.0487455577874,0.085304726128,1
0.0463116844647,0.0463116844647,0.231558422324,0.0,0.463116844647,0.0,0.463116844647,-0.277870106788,0.0926233689295,0.370493475718,0.0,0.463116844647,-0.231558422324,0.0926233689295,0.115779211162,0
0.00418085145873,0.00418085145873,0.00418085145873,0.967867112695,0.0209042572936,0.246670236065,0.0209042572936,0.00209042572936,0.00627127718809,0.0167234058349,0.0,0.0209042572936,-0.0250851087524,0.00418085145873,0.00731649005277,0
0.00598947376534,0.00598947376534,0.00598947376534,0.703763167428,0.0299473688267,0.70675790431,0.0299473688267,-0.0239578950614,0.00598947376534,0.0239578950614,0.0,0.0299473688267,-0.0299473688267,0.00299473688267,0.017968421296,0
0.0748481188565,0.0374240594283,0.187120297141,0.0,0.374240594283,0.0,0.374240594283,-0.486512772567,0.0374240594283,0.299392475426,0.0,0.374240594283,-0.411664653711,0.0748481188565,0.187120297141,1
0.00278349669382,0.00278349669382,0.00556699338763,0.356287576808,0.0278349669382,0.926904399041,0.0278349669382,-0.0974223842836,0.0111339867753,0.0222679735505,0.0,0.0278349669382,-0.0334019603258,0.00556699338763,0.0167009801629,0
