Statistic,Value
Mean,3.69673094582
Std,0.737924746355
Max,7.0
Min,2.52
Var,0.544532931283
