Statistic,Value
Mean,0.282646775166
Std,0.184035872913
Max,0.733333333333
Min,0.0
Var,0.0338692025187
