AAWt,AAMt,Sstruct,SaccW,ShbondsW,SaccM,ShbondsM,yDDG,Result,Positiontype,ProteinPropens,Positionaccept,MOSST,SectorSuperficie,Functionalrelevancefunction,Clinical
0.285714285714,0.285714285714,0.714285714286,17.3,0.285714285714,0.3,0.857142857143,-1.1,0.285714285714,0.571428571429,0,1,-0.7,0.571428571429,0.85,0
0.285714285714,0.142857142857,0.714285714286,17.3,0.285714285714,16.3,0.142857142857,3.4,0.142857142857,0.571428571429,0,1,-1.3,0.571428571429,0.85,1
0.142857142857,0.285714285714,0.714285714286,15.5,0.714285714286,12.6,0.857142857143,-3.5,0.428571428571,0.285714285714,0.3,0.17,-0.1,0.142857142857,0.1,1
0.142857142857,0.285714285714,0.714285714286,1.2,0.714285714286,0.8,0.857142857143,-5,0.428571428571,0.571428571429,0,1,-0.9,0.571428571429,0.1,0
0.142857142857,0.285714285714,0.142857142857,41.5,0.714285714286,34.9,0.857142857143,1,0.142857142857,0.285714285714,0.9,0.26,0.5,0.571428571429,0,1
0.142857142857,0.285714285714,0.714285714286,0,0.714285714286,0,0.857142857143,-3.4,0.428571428571,0.571428571429,0.3,0.96,-1,0.142857142857,0.35,1
0.142857142857,0.285714285714,0.142857142857,97.4,0.714285714286,89.5,0.857142857143,-1.8,0.285714285714,0.142857142857,0.3,0.77,0,0.142857142857,0,0
