algorithm,desc,actualScore,new score
auto,minkowski-distance KNN: 3,0.722222222222,0.461538461538
auto,euclidean-distance KNN: 3,0.722222222222,0.461538461538
ball_tree,minkowski-distance KNN: 3,0.722222222222,0.461538461538
ball_tree,euclidean-distance KNN: 3,0.722222222222,0.461538461538
kd_tree,minkowski-distance KNN: 3,0.722222222222,0.461538461538
kd_tree,euclidean-distance KNN: 3,0.722222222222,0.461538461538
brute,minkowski-distance KNN: 3,0.722222222222,0.461538461538
brute,euclidean-distance KNN: 3,0.722222222222,0.461538461538
