feature,mean,var,std,min,max
SaccW,0.448604795367,0.0276614322564,0.166317263855,0.00580301648004,0.704177872255
SaccM,0.87085504845,0.00626950584466,0.0791802111936,0.707174373839,0.989414309847
yDDG,-0.0221986424191,0.00363800390242,0.0603158677499,-0.171087541174,0.100250487521
ProteinPropens,0.00800623629307,8.11774096338e-05,0.00900985069986,-0.00303789356124,0.030758777373
Positionaccept,0.0240851515007,3.43518344846e-05,0.00586104380504,0.0156151085531,0.0437882085649
MOSST,-0.0163837094178,0.000105404997962,0.0102666936237,-0.0350305668519,0.0070427871407
Functionalrelevancefunction,0.0107644900065,5.80165542882e-05,0.00761685987059,0.0,0.0259159593718
