AAWt,AAMt,Sstruct,SaccW,ShbondsW,SaccM,ShbondsM,yDDG,Result,Positiontype,ProteinPropens,Positionaccept,MOSST,SectorSuperficie,Functionalrelevancefunction,Clinical
0.00475946534623,0.00475946534623,0.00951893069247,0.255107342558,0.0237973267312,0.963315786078,0.0285567920774,0.0456908673239,0.00951893069247,0.0237973267312,0.0266530059389,0.0296990637605,-0.0228454336619,0.0142783960387,0.0190378613849,1
0.0157620319043,0.0157620319043,0.00788101595215,0.264802135992,0.0394050797607,0.863759348355,0.0472860957129,-0.409812829512,0.00788101595215,0.0236430478564,0.0630481276172,0.0598957212363,-0.0567433148555,0.00788101595215,0.00630481276172,0
0.00180257850726,0.00090128925363,0.00180257850726,0.672722298909,0.00450644626815,0.739778219379,0.00180257850726,0.000721031402904,0.00270386776089,0.00270386776089,0.0,0.00721031402904,-0.00793134543194,0.00270386776089,0.00216309420871,1
0.00111366590381,0.00111366590381,0.00556832951905,0.816985307034,0.00222733180762,0.576433471812,0.00668199542285,0.0,0.00334099771143,0.00556832951905,0.00445466361524,0.00801839450743,-0.00623652906133,0.00334099771143,0.0,0
0.00105662369957,0.00105662369957,0.00528311849784,0.639891312458,0.00211324739914,0.768376754326,0.00211324739914,-0.00507179375793,0.00105662369957,0.00528311849784,0.000845298959654,0.00608615250951,-0.00169059791931,0.00105662369957,0.000845298959654,1
0.00625773425471,0.0125154685094,0.0312886712736,0.555686801818,0.0312886712736,0.826020921622,0.0375464055283,0.0100123748075,0.0187732027641,0.0312886712736,0.0250309370188,0.0455563053743,-0.0150185622113,0.0187732027641,0.0250309370188,0
0.00152468030145,0.00152468030145,0.00762340150723,0.811129920369,0.00152468030145,0.584257491514,0.00914808180867,-0.0170764193762,0.00152468030145,0.00762340150723,0.00853820968809,0.0103678260498,0.0,0.00457404090434,0.00304936060289,1
0.0026147816822,0.0026147816822,0.013073908411,0.968515135088,0.013073908411,0.242651740109,0.0156886900932,0.0376528562237,0.00522956336441,0.00784434504661,0.0,0.0209182534576,-0.0209182534576,0.00784434504661,0.00732138871017,1
