AAWt,AAMt,Sstruct,SaccW,ShbondsW,SaccM,ShbondsM,yDDG,Result,Positiontype,ProteinPropens,Positionaccept,MOSST,SectorSuperficie,Functionalrelevancefunction,Clinical
0.09090909090909091,0.18181818181818182,0.18181818181818182,7.3,0.8181818181818182,16.4,1.0,-3.1,0.2727272727272727,0.6363636363636364,0,1,-1,0.18181818181818182,0.95,1
0.18181818181818182,0.09090909090909091,0.2727272727272727,68.8,0.18181818181818182,71.5,1.0,-3.7,0.2727272727272727,0.6363636363636364,0,1,-0.5,0.2727272727272727,0,0
0.09090909090909091,0.18181818181818182,0.2727272727272727,93.3,0.8181818181818182,92.8,1.0,-0.6,0.2727272727272727,0.6363636363636364,0,1,-0.3,0.2727272727272727,0.3,0
0.09090909090909091,0.18181818181818182,0.18181818181818182,6,0.8181818181818182,4.7,1.0,0.5,0.09090909090909091,0.36363636363636365,0.5,0.61,-0.3,0.18181818181818182,0.6,1
0.09090909090909091,0.09090909090909091,0.45454545454545453,3.2,0.18181818181818182,33.2,1.0,-5.8,0.2727272727272727,0.6363636363636364,0.5,0.92,-0.8,0.09090909090909091,0.6,1
0.09090909090909091,0.2727272727272727,0.2727272727272727,6.7,0.8181818181818182,25.3,1.0,1.2,0.09090909090909091,0.36363636363636365,0.7,0.78,-0.6,0.2727272727272727,0.5,1
0.09090909090909091,0.2727272727272727,0.45454545454545453,0.2,0.8181818181818182,0.3,1.0,-0.8,0.2727272727272727,0.36363636363636365,0.6,0.89,0.3,0.18181818181818182,0.1,0
0.09090909090909091,0.09090909090909091,0.45454545454545453,0,0.8181818181818182,0,1.0,-1.3,0.2727272727272727,0.6363636363636364,0,1,-1.1,0.09090909090909091,0.5,1
0.18181818181818182,0.09090909090909091,0.45454545454545453,14.1,0.8181818181818182,33,1.0,-1.7,0.2727272727272727,0.36363636363636365,0.7,0.85,-0.5,0.18181818181818182,0.5,1
0.18181818181818182,0.18181818181818182,0.09090909090909091,6.8,0.8181818181818182,7.9,1.0,-1.5,0.2727272727272727,0.6363636363636364,0.3,0.97,-0.5,0.09090909090909091,0.2,1
0.18181818181818182,0.2727272727272727,0.45454545454545453,0,0.8181818181818182,0,1.0,-0.6,0.2727272727272727,0.6363636363636364,0,1,-0.5,0.09090909090909091,0.25,0
