AAWt,AAMt,Sstruct,SaccW,ShbondsW,SaccM,ShbondsM,yDDG,Result,Positiontype,ProteinPropens,Positionaccept,MOSST,SectorSuperficie,Functionalrelevancefunction,Clinical
0.2727272727272727,0.18181818181818182,0.5454545454545454,0,0.7272727272727273,0.2,0.8181818181818182,0,0.36363636363636365,0.45454545454545453,0.7,0.78,0,0.18181818181818182,0.1,0
0.2727272727272727,0.18181818181818182,0.09090909090909091,4.2,0.7272727272727273,13.7,0.8181818181818182,-6.5,0.45454545454545453,0.5454545454545454,1,0.95,-0.9,0.2727272727272727,0.1,0
0.18181818181818182,0.09090909090909091,0.36363636363636365,4.9,0.18181818181818182,1.5,0.8181818181818182,-0.3,0.36363636363636365,0.45454545454545453,0.7,0.73,-0.3,0.45454545454545453,0.75,1
0.09090909090909091,0.18181818181818182,0.5454545454545454,66.5,0.09090909090909091,53.3,0.8181818181818182,0.3,0.36363636363636365,0.45454545454545453,0.7,0.85,-0.3,0.45454545454545453,0.25,1
0.18181818181818182,0.18181818181818182,0.5454545454545454,111.8,0.7272727272727273,93.3,0.18181818181818182,-0.4,0.36363636363636365,0.45454545454545453,0.5,0.62,-0.4,0.09090909090909091,0.55,1
0.09090909090909091,0.18181818181818182,0.5454545454545454,46.3,0.7272727272727273,11.6,0.8181818181818182,1.8,0.09090909090909091,0.5454545454545454,0,1,-1,0.45454545454545453,0.35,1
0.2727272727272727,0.18181818181818182,0.5454545454545454,0,0.7272727272727273,2.2,0.8181818181818182,-6.5,0.45454545454545453,0.45454545454545453,0.7,0.78,-0.5,0.18181818181818182,0.1,0
0.18181818181818182,0.09090909090909091,0.36363636363636365,0.3,0.7272727272727273,18,0.8181818181818182,-5.2,0.45454545454545453,0.5454545454545454,0.3,0.95,-0.7,0.2727272727272727,0.1,0
0.09090909090909091,0.09090909090909091,0.36363636363636365,1.2,0.7272727272727273,3.8,0.8181818181818182,-1.7,0.09090909090909091,0.5454545454545454,0,1,-0.7,0.45454545454545453,0.1,1
0.09090909090909091,0.09090909090909091,0.36363636363636365,17.3,0.18181818181818182,27.7,0.18181818181818182,-2.5,0.45454545454545453,0.5454545454545454,0,1,-0.8,0.45454545454545453,0.85,0
0.18181818181818182,0.09090909090909091,0.5454545454545454,0,0.7272727272727273,10,0.8181818181818182,-3.3,0.45454545454545453,0.5454545454545454,0,1,-0.5,0.2727272727272727,0.75,0
