AAWt,AAMt,Sstruct,SaccW,ShbondsW,SaccM,ShbondsM,yDDG,Result,Positiontype,ProteinPropens,Positionaccept,MOSST,SectorSuperficie,Functionalrelevancefunction,Clinical
0.2727272727272727,0.18181818181818182,0.2727272727272727,6.7,0.7272727272727273,25.3,0.9090909090909091,1.2,0.09090909090909091,0.6363636363636364,0.7,0.78,-0.6,0.45454545454545453,0.5,1
0.18181818181818182,0.2727272727272727,0.2727272727272727,20.1,0.7272727272727273,17.3,0.9090909090909091,-3,0.36363636363636365,0.6363636363636364,0.2,0.59,-0.3,0.18181818181818182,0.1,1
0.09090909090909091,0.18181818181818182,0.18181818181818182,6.8,0.7272727272727273,7.8,0.9090909090909091,-1.1,0.18181818181818182,0.36363636363636365,0.3,0.97,-0.7,0.18181818181818182,0.2,1
0.18181818181818182,0.09090909090909091,0.2727272727272727,20.1,0.7272727272727273,24.2,0.9090909090909091,-4,0.36363636363636365,0.6363636363636364,0.2,0.59,-0.1,0.18181818181818182,0.1,1
0.09090909090909091,0.09090909090909091,0.2727272727272727,12.1,0.09090909090909091,10.6,0.9090909090909091,0.4,0.2727272727272727,0.36363636363636365,0.3,0.97,-0.9,0.45454545454545453,0.6,0
0.09090909090909091,0.09090909090909091,0.18181818181818182,0,0.7272727272727273,0.3,0.9090909090909091,-3.6,0.36363636363636365,0.6363636363636364,0.7,0.78,-0.6,0.09090909090909091,0.1,0
0.2727272727272727,0.09090909090909091,0.18181818181818182,82.8,0.18181818181818182,74.3,0.09090909090909091,-0.7,0.09090909090909091,0.6363636363636364,0.8,0.64,-0.2,0.18181818181818182,0.1,0
0.09090909090909091,0.18181818181818182,0.2727272727272727,68.8,0.18181818181818182,71.8,0.9090909090909091,-2.4,0.36363636363636365,0.36363636363636365,0,1,-1.1,0.45454545454545453,0,0
0.18181818181818182,0.2727272727272727,0.18181818181818182,25.4,0.7272727272727273,36.1,0.9090909090909091,-1,0.18181818181818182,0.36363636363636365,0,1,-0.5,0.09090909090909091,0,0
0.18181818181818182,0.2727272727272727,0.09090909090909091,61,0.7272727272727273,89.4,0.9090909090909091,0,0.2727272727272727,0.6363636363636364,0.1,0.76,-0.1,0.45454545454545453,0.2,0
0.2727272727272727,0.18181818181818182,0.2727272727272727,6.7,0.7272727272727273,17.7,0.9090909090909091,-0.3,0.2727272727272727,0.6363636363636364,0.7,0.78,-0.5,0.45454545454545453,0.5,1
