AAWt,AAMt,Sstruct,SaccW,ShbondsW,SaccM,ShbondsM,yDDG,Result,Positiontype,ProteinPropens,Positionaccept,MOSST,SectorSuperficie,Functionalrelevancefunction,Clinical
0.18181818181818182,0.18181818181818182,0.45454545454545453,0,0.9090909090909091,0,0.7272727272727273,1.9,0.36363636363636365,0.7272727272727273,0,1,-1.3,0.18181818181818182,0.75,0
0.09090909090909091,0.18181818181818182,0.18181818181818182,0,0.9090909090909091,5.2,0.7272727272727273,-5,0.09090909090909091,0.7272727272727273,0,1,-0.9,0.18181818181818182,0.35,1
0.18181818181818182,0.09090909090909091,0.18181818181818182,0,0.9090909090909091,0,0.2727272727272727,0.6,0.18181818181818182,0.7272727272727273,0,1,-1.1,0.18181818181818182,0.5,0
0.09090909090909091,0.09090909090909091,0.45454545454545453,50.8,0.9090909090909091,62.7,0.7272727272727273,0.3,0.2727272727272727,0.2727272727272727,1,0.63,-0.2,0.18181818181818182,0.25,0
0.09090909090909091,0.09090909090909091,0.18181818181818182,63.3,0.09090909090909091,98.4,0.2727272727272727,0.7,0.18181818181818182,0.7272727272727273,0,1,-0.5,0.09090909090909091,1,1
0.18181818181818182,0.18181818181818182,0.45454545454545453,16.3,0.9090909090909091,43.3,0.7272727272727273,1.6,0.36363636363636365,0.2727272727272727,0.8,0.74,-0.3,0.09090909090909091,0.65,1
0.09090909090909091,0.18181818181818182,0.09090909090909091,61,0.9090909090909091,89.4,0.7272727272727273,0,0.2727272727272727,0.2727272727272727,0.1,0.76,-0.1,0.18181818181818182,0.2,1
0.09090909090909091,0.09090909090909091,0.18181818181818182,93.3,0.9090909090909091,102.6,0.2727272727272727,0.1,0.2727272727272727,0.7272727272727273,0,1,-1.1,0.18181818181818182,0.3,1
0.18181818181818182,0.09090909090909091,0.45454545454545453,0,0.9090909090909091,6,0.7272727272727273,1.6,0.36363636363636365,0.7272727272727273,0,1,-1,0.18181818181818182,0.75,0
0.09090909090909091,0.18181818181818182,0.45454545454545453,7.3,0.9090909090909091,12.6,0.7272727272727273,1.4,0.36363636363636365,0.7272727272727273,0,1,-1,0.09090909090909091,0.95,0
0.09090909090909091,0.18181818181818182,0.09090909090909091,25.3,0.9090909090909091,15.7,0.7272727272727273,-1.4,0.09090909090909091,0.7272727272727273,0.3,0.97,-0.7,0.18181818181818182,0.25,1
