AAWt,AAMt,Sstruct,SaccW,ShbondsW,SaccM,ShbondsM,yDDG,Result,Positiontype,ProteinPropens,Positionaccept,MOSST,SectorSuperficie,Functionalrelevancefunction,Clinical
0.09226195481723237,0.09226195481723237,0.18452390963446474,0.0,0.18452390963446474,0.0,0.32291684186031333,0.8072921046507834,0.046130977408616186,0.09226195481723237,0.0,0.32291684186031333,-0.09687505255809399,0.09226195481723237,0.16145842093015667,1
0.07608932166425085,0.02536310722141695,0.02536310722141695,0.6924128271446828,0.07608932166425085,0.6213961269247152,0.17754175054991866,-0.15978757549492678,0.0507262144428339,0.12681553610708476,0.08877087527495933,0.1562367404839284,-0.07101670021996746,0.02536310722141695,0.08877087527495933,0
0.09367896265845035,0.09367896265845035,0.09367896265845035,0.0,0.1873579253169007,0.0,0.32787636930457625,-0.7869032863309829,0.04683948132922518,0.2341974066461259,0.22951345851320334,0.2557435680575695,-0.16393818465228813,0.09367896265845035,0.03278763693045762,1
0.07716916762089203,0.02572305587363068,0.10289222349452272,0.8823008164655324,0.07716916762089203,0.2700920866731221,0.18006139111541475,-0.09003069555770737,0.05144611174726136,0.1286152793681534,0.12604297378079032,0.13144481551425277,-0.10803683466924885,0.05144611174726136,0.13504604333656106,0
0.11417548795191214,0.11417548795191214,0.11417548795191214,0.0,0.22835097590382428,0.0799228415663385,0.3996142078316925,-0.6793441533138772,0.05708774397595607,0.28543871987978037,0.2797299454821847,0.31169908210872016,0.0799228415663385,0.11417548795191214,0.03996142078316925,1
0.14412379208723378,0.07206189604361689,0.28824758417446755,0.0,0.28824758417446755,0.0,0.5044332723053183,-0.10088665446106367,0.14412379208723378,0.14412379208723378,0.0,0.5044332723053183,-0.40354661784425466,0.14412379208723378,0.25221663615265916,0
0.07763468197281698,0.05175645464854465,0.1035129092970893,0.8876231972225409,0.07763468197281698,0.2717213869048594,0.1811475912699063,-0.05434427738097188,0.05175645464854465,0.12939113662136165,0.1268033138889344,0.13223774162703159,-0.05434427738097188,0.05175645464854465,0.1358606934524297,1
