AAWt,AAMt,Sstruct,SaccW,ShbondsW,SaccM,ShbondsM,yDDG,Result,Positiontype,ProteinPropens,Positionaccept,MOSST,SectorSuperficie,Functionalrelevancefunction,Clinical
0.18181818181818182,0.18181818181818182,0.2727272727272727,74,0.36363636363636365,87.1,0.9090909090909091,0.2,0.18181818181818182,0.18181818181818182,0.9,0.76,-0.3,0.2727272727272727,0.1,1
0.18181818181818182,0.09090909090909091,0.18181818181818182,1.4,0.5454545454545454,2.3,0.9090909090909091,-3.1,0.36363636363636365,0.36363636363636365,0,1,-0.9,0.36363636363636365,0.1,0
0.09090909090909091,0.09090909090909091,0.09090909090909091,83.7,0.5454545454545454,89.9,0.9090909090909091,-1,0.36363636363636365,0.18181818181818182,0.7,0.47,-0.1,0.09090909090909091,0.25,1
0.18181818181818182,0.18181818181818182,0.18181818181818182,23.5,0.5454545454545454,23.6,0.9090909090909091,-0.8,0.36363636363636365,0.36363636363636365,0,1,-1,0.09090909090909091,0.6,0
0.2727272727272727,0.09090909090909091,0.2727272727272727,3.9,0.36363636363636365,15.2,0.9090909090909091,-2.4,0.36363636363636365,0.45454545454545453,0.5,0.88,-0.3,0.36363636363636365,0.5,0
0.18181818181818182,0.18181818181818182,0.18181818181818182,7.3,0.5454545454545454,16.4,0.9090909090909091,-3.1,0.36363636363636365,0.36363636363636365,0,1,-1,0.2727272727272727,0.95,1
0.2727272727272727,0.18181818181818182,0.2727272727272727,4.9,0.36363636363636365,1.5,0.9090909090909091,-0.5,0.36363636363636365,0.45454545454545453,0.7,0.73,-0.6,0.2727272727272727,0.75,0
0.09090909090909091,0.09090909090909091,0.2727272727272727,18.3,0.5454545454545454,29.5,0.9090909090909091,0.8,0.09090909090909091,0.45454545454545453,0.5,0.85,-0.5,0.36363636363636365,0.8,0
0.09090909090909091,0.18181818181818182,0.18181818181818182,65.7,0.09090909090909091,85.6,0.09090909090909091,0.3,0.18181818181818182,0.45454545454545453,0.4,0.14,-0.1,0.09090909090909091,0.15,1
0.2727272727272727,0.18181818181818182,0.2727272727272727,3.9,0.36363636363636365,3.5,0.9090909090909091,-0.9,0.36363636363636365,0.45454545454545453,0.5,0.88,-0.4,0.36363636363636365,0.5,0
0.09090909090909091,0.09090909090909091,0.2727272727272727,0.3,0.5454545454545454,0,0.9090909090909091,-5.1,0.36363636363636365,0.36363636363636365,0.3,0.95,-0.9,0.09090909090909091,0.1,1
