AAWt,AAMt,Sstruct,SaccW,ShbondsW,SaccM,ShbondsM,yDDG,Result,Positiontype,ProteinPropens,Positionaccept,MOSST,SectorSuperficie,Functionalrelevancefunction,Clinical
0.09090909090909091,0.09090909090909091,0.18181818181818182,93.3,0.7272727272727273,102.6,0.2727272727272727,0.1,0.18181818181818182,0.6363636363636364,0,1,-1.1,0.18181818181818182,0.3,1
0.36363636363636365,0.09090909090909091,0.45454545454545453,26.8,0.7272727272727273,54.1,0.5454545454545454,-2.8,0.2727272727272727,0.6363636363636364,0,1,-1.2,0.09090909090909091,0.1,0
0.18181818181818182,0.18181818181818182,0.2727272727272727,17.3,0.2727272727272727,0.3,0.5454545454545454,-1.1,0.5454545454545454,0.6363636363636364,0,1,-0.7,0.09090909090909091,0.85,0
0.18181818181818182,0.09090909090909091,0.2727272727272727,3.2,0.2727272727272727,0,0.5454545454545454,-2.1,0.2727272727272727,0.6363636363636364,0.5,0.92,-0.5,0.09090909090909091,0.6,1
0.36363636363636365,0.09090909090909091,0.2727272727272727,0.2,0.7272727272727273,0.3,0.5454545454545454,-1.1,0.5454545454545454,0.36363636363636365,0.6,0.89,-0.1,0.18181818181818182,0.1,0
0.09090909090909091,0.18181818181818182,0.45454545454545453,0,0.7272727272727273,4.1,0.5454545454545454,-2.5,0.2727272727272727,0.6363636363636364,0,1,-0.8,0.18181818181818182,0.15,0
0.09090909090909091,0.09090909090909091,0.09090909090909091,38.7,0.7272727272727273,56.6,0.18181818181818182,-1.7,0.5454545454545454,0.6363636363636364,0,1,-1.1,0.18181818181818182,0.1,1
0.09090909090909091,0.18181818181818182,0.18181818181818182,57.7,0.7272727272727273,87.8,0.2727272727272727,-1.2,0.5454545454545454,0.36363636363636365,0.7,0.79,0.1,0.09090909090909091,0.35,0
0.36363636363636365,0.09090909090909091,0.45454545454545453,111.8,0.7272727272727273,93.3,0.2727272727272727,-0.4,0.18181818181818182,0.36363636363636365,0.5,0.62,-0.4,0.18181818181818182,0.55,1
0.09090909090909091,0.18181818181818182,0.45454545454545453,50.3,0.2727272727272727,55,0.18181818181818182,-1.6,0.5454545454545454,0.6363636363636364,0,1,-1.1,0.09090909090909091,0.1,0
0.36363636363636365,0.09090909090909091,0.45454545454545453,111.8,0.7272727272727273,99.8,0.5454545454545454,-1.2,0.5454545454545454,0.36363636363636365,0.5,0.62,0.4,0.18181818181818182,0.55,1
