AAWt,AAMt,Sstruct,SaccW,ShbondsW,SaccM,ShbondsM,yDDG,Result,Positiontype,ProteinPropens,Positionaccept,MOSST,SectorSuperficie,Functionalrelevancefunction,Clinical
0.00209175544117,0.00209175544117,0.00418351088234,0.707013339115,0.00836702176468,0.707013339115,0.00836702176468,0.0025101065294,0.00209175544117,0.00209175544117,0.00753031958821,0.00209175544117,0.00167340435294,0.00418351088234,0.0012550532647,1
0.008365060366,0.008365060366,0.008365060366,0.84654410904,0.033460241464,0.525325790985,0.033460241464,-0.0468443380496,0.016730120732,0.025095181098,0.0100380724392,0.0324564342201,-0.0234221690248,0.008365060366,0.008365060366,1
0.0930887279168,0.0930887279168,0.0930887279168,0.0,0.372354911667,0.0,0.372354911667,-0.484061385167,0.186177455834,0.27926618375,0.0,0.372354911667,-0.409590402834,0.0930887279168,0.186177455834,1
0.0054412408433,0.0054412408433,0.0108824816866,0.552830069679,0.0217649633732,0.831421600856,0.0217649633732,0.0174119706985,0.0054412408433,0.0163237225299,0.0,0.0217649633732,-0.0282944523851,0.0108824816866,0.0,1
