AAWt,AAMt,Sstruct,SaccW,ShbondsW,SaccM,ShbondsM,yDDG,Result,Positiontype,ProteinPropens,Positionaccept,MOSST,SectorSuperficie,Functionalrelevancefunction,Clinical
0.181818181818,0.181818181818,0.363636363636,0,0.727272727273,0,0.727272727273,-1,0.181818181818,0.363636363636,0,1,-1.1,0.0909090909091,0.35,1
0.272727272727,0.0909090909091,0.363636363636,11.1,0.727272727273,46.4,0.181818181818,-0.4,0.0909090909091,0.636363636364,0.5,0.91,-0.8,0.454545454545,0.5,0
0.0909090909091,0.181818181818,0.363636363636,111.8,0.727272727273,92.1,0.727272727273,-0.5,0.181818181818,0.636363636364,0.5,0.62,-0.1,0.0909090909091,0.55,0
0.0909090909091,0.0909090909091,0.272727272727,68.8,0.272727272727,71.8,0.727272727273,-2.4,0.363636363636,0.363636363636,0,1,-1.1,0.181818181818,0,0
0.0909090909091,0.0909090909091,0.272727272727,1.4,0.727272727273,2,0.727272727273,-1.4,0.272727272727,0.363636363636,0,1,-0.6,0.181818181818,0.1,0
0.0909090909091,0.0909090909091,0.272727272727,62.5,0.272727272727,104.4,0.727272727273,-3.6,0.363636363636,0.636363636364,0.7,0.59,-0.2,0.0909090909091,0.25,1
0.0909090909091,0.0909090909091,0.363636363636,45.4,0.727272727273,41.5,0.181818181818,-1.8,0.272727272727,0.636363636364,0.1,0.57,-0.2,0.454545454545,0.1,0
0.181818181818,0.0909090909091,0.363636363636,29.8,0.727272727273,33.5,0.727272727273,-2.1,0.363636363636,0.636363636364,0,0.81,-0.1,0.0909090909091,0.2,0
0.272727272727,0.0909090909091,0.363636363636,4.9,0.272727272727,3.1,0.727272727273,-1.8,0.272727272727,0.636363636364,0.7,0.73,0,0.454545454545,0.75,0
0.272727272727,0.0909090909091,0.363636363636,11.1,0.727272727273,11.3,0.727272727273,1.4,0.0909090909091,0.636363636364,0.5,0.91,-0.4,0.454545454545,0.5,1
0.0909090909091,0.0909090909091,0.363636363636,7.3,0.727272727273,1.7,0.0909090909091,-2.3,0.363636363636,0.363636363636,0,1,-0.3,0.454545454545,0.95,1
