AAWt,AAMt,Sstruct,SaccW,ShbondsW,SaccM,ShbondsM,yDDG,Result,Positiontype,ProteinPropens,Positionaccept,MOSST,SectorSuperficie,Functionalrelevancefunction,Clinical
0.00203500719934,0.00203500719934,0.00407001439869,0.68132041034,0.00814002879737,0.731788588884,0.00814002879737,-0.00814002879737,0.00203500719934,0.00203500719934,0.00569802015816,0.00382581353477,-0.000814002879737,0.00203500719934,0.00203500719934,1
0.005657042519,0.005657042519,0.005657042519,0.57475551993,0.022628170076,0.816876939744,0.022628170076,-0.022628170076,0.005657042519,0.005657042519,0.0,0.022628170076,-0.011314085038,0.005657042519,0.0,0
0.00586720530221,0.00586720530221,0.00586720530221,0.699370872024,0.0234688212089,0.713452164749,0.0234688212089,-0.00469376424177,0.00586720530221,0.0117344106044,0.0,0.0190097451792,0.00704064636266,0.00586720530221,0.00469376424177,0
0.003582755959,0.003582755959,0.007165511918,0.60906851303,0.014331023836,0.792505618131,0.014331023836,0.0100317166852,0.003582755959,0.007165511918,0.007165511918,0.0133278521675,-0.0085986143016,0.003582755959,0.0014331023836,0
