AAWt,AAMt,Sstruct,SaccW,ShbondsW,SaccM,ShbondsM,yDDG,Result,Positiontype,ProteinPropens,Positionaccept,MOSST,SectorSuperficie,Functionalrelevancefunction,Clinical
0.002362148384422678,0.002362148384422678,0.004724296768845356,0.4431390369176944,0.014172890306536068,0.8945455931808682,0.014172890306536068,-0.046298108334684486,0.004724296768845356,0.01181074192211339,0.0,0.016535038690958747,-0.019842046429150495,0.002362148384422678,0.0016535038690958749,0
0.03006611290541303,0.06013222581082606,0.09019833871623908,0.25255534840546945,0.18039667743247817,0.7997586032839866,0.18039667743247817,-0.3577867435744151,0.03006611290541303,0.15033056452706517,0.0,0.21046279033789123,-0.14732395323652384,0.03006611290541303,0.021046279033789122,1
0.04541187458703833,0.09082374917407667,0.136235623761115,0.0,0.27247124752223,0.0,0.27247124752223,0.7947078052731709,0.04541187458703833,0.22705937293519168,0.0,0.31788312210926833,-0.09536493663278049,0.04541187458703833,0.15894156105463417,1
0.0015171354602380263,0.0015171354602380263,0.0015171354602380263,0.6871106499418022,0.009102812761428157,0.7264044583619671,0.0015171354602380263,-0.003185984466499855,0.0030342709204760525,0.0030342709204760525,0.007433963755166329,0.005628572557483078,0.002123989644333237,0.0015171354602380263,0.0010619948221666186,1
0.025483662747046967,0.025483662747046967,0.05096732549409393,0.0,0.1529019764822818,0.874089632223711,0.1529019764822818,0.28541702276692604,0.025483662747046967,0.12741831373523485,0.0,0.17838563922932876,-0.23190133099812743,0.025483662747046967,0.026757845884399317,0
0.0012775685660652816,0.0012775685660652816,0.0012775685660652816,0.5455217777098753,0.00766541139639169,0.8379572224822183,0.00766541139639169,0.0026828939887370913,0.0025551371321305633,0.0025551371321305633,0.0008942979962456972,0.006796664771467299,0.00626008597371988,0.0012775685660652816,0.0017885959924913944,1
0.033720271708890255,0.033720271708890255,0.10116081512667077,0.7553340862791418,0.033720271708890255,0.0,0.20232163025334154,-0.4956879941206868,0.06744054341778051,0.1686013585444513,0.1180209509811159,0.21715854980525326,-0.1180209509811159,0.033720271708890255,0.14162514117733907,1
