AAWt,AAMt,Sstruct,SaccW,ShbondsW,SaccM,ShbondsM,yDDG,Result,Positiontype,ProteinPropens,Positionaccept,MOSST,SectorSuperficie,Functionalrelevancefunction,Clinical
0.2727272727272727,0.18181818181818182,0.45454545454545453,0,0.7272727272727273,10,0.7272727272727273,-3.3,0.36363636363636365,0.45454545454545453,0,1,-0.5,0.09090909090909091,0.75,0
0.2727272727272727,0.09090909090909091,0.45454545454545453,11.1,0.7272727272727273,38.8,0.7272727272727273,1.1,0.09090909090909091,0.45454545454545453,0.5,0.91,-0.8,0.2727272727272727,0.5,1
0.2727272727272727,0.18181818181818182,0.45454545454545453,11.1,0.7272727272727273,46.4,0.18181818181818182,-0.4,0.36363636363636365,0.45454545454545453,0.5,0.91,-0.8,0.2727272727272727,0.5,0
0.18181818181818182,0.18181818181818182,0.36363636363636365,65.7,0.09090909090909091,85.6,0.09090909090909091,0.3,0.36363636363636365,0.45454545454545453,0.4,0.14,-0.1,0.09090909090909091,0.15,1
0.09090909090909091,0.09090909090909091,0.45454545454545453,50.3,0.18181818181818182,35,0.7272727272727273,0.1,0.36363636363636365,0.45454545454545453,0,1,-1,0.09090909090909091,0.1,1
0.18181818181818182,0.2727272727272727,0.36363636363636365,6.7,0.7272727272727273,21.4,0.7272727272727273,-3.5,0.36363636363636365,0.45454545454545453,0.7,0.78,-0.1,0.2727272727272727,0.5,1
0.18181818181818182,0.2727272727272727,0.36363636363636365,1.4,0.7272727272727273,2,0.7272727272727273,-4.9,0.36363636363636365,0.45454545454545453,0,1,-1,0.2727272727272727,0.1,0
0.18181818181818182,0.09090909090909091,0.45454545454545453,23.5,0.7272727272727273,38.4,0.7272727272727273,-1.6,0.18181818181818182,0.45454545454545453,0,1,-0.9,0.09090909090909091,0.6,0
0.09090909090909091,0.09090909090909091,0.18181818181818182,0.2,0.7272727272727273,0.3,0.7272727272727273,-1.1,0.18181818181818182,0.45454545454545453,0.6,0.89,-0.1,0.09090909090909091,0.1,0
0.09090909090909091,0.2727272727272727,0.18181818181818182,40.5,0.7272727272727273,29.7,0.7272727272727273,-3.3,0.36363636363636365,0.09090909090909091,0.3,0.44,-0.3,0.2727272727272727,0.6,0
0.09090909090909091,0.18181818181818182,0.36363636363636365,68.8,0.18181818181818182,83.3,0.18181818181818182,0.4,0.36363636363636365,0.45454545454545453,0,1,-1.2,0.2727272727272727,0,0
