Metric,Score
accuracy,0.785714285714
recall,0.571428571429
precision,0.571428571429
