AAWt,AAMt,Sstruct,SaccW,ShbondsW,SaccM,ShbondsM,yDDG,Result,Positiontype,ProteinPropens,Positionaccept,MOSST,SectorSuperficie,Functionalrelevancefunction,Clinical
0.18181818181818182,0.2727272727272727,0.18181818181818182,0.1,0.8181818181818182,0.1,0.8181818181818182,-3.2,0.36363636363636365,0.7272727272727273,0.5,0.9,-0.8,0.18181818181818182,0.1,0
0.09090909090909091,0.09090909090909091,0.45454545454545453,111.8,0.8181818181818182,128.5,0.8181818181818182,-3,0.36363636363636365,0.7272727272727273,0.5,0.62,-0.3,0.09090909090909091,0.55,0
0.09090909090909091,0.2727272727272727,0.18181818181818182,45.4,0.8181818181818182,41.5,0.18181818181818182,-1.8,0.36363636363636365,0.7272727272727273,0.1,0.57,-0.2,0.36363636363636365,0.1,0
0.18181818181818182,0.09090909090909091,0.45454545454545453,55.9,0.8181818181818182,66.1,0.8181818181818182,-0.9,0.2727272727272727,0.7272727272727273,-0.1,0.2,0.4,0.36363636363636365,0,1
0.09090909090909091,0.09090909090909091,0.45454545454545453,50.8,0.8181818181818182,23.9,0.8181818181818182,-1.8,0.36363636363636365,0.7272727272727273,1,0.63,-0.3,0.09090909090909091,0.25,0
0.18181818181818182,0.2727272727272727,0.45454545454545453,0,0.8181818181818182,0.1,0.8181818181818182,-1.5,0.36363636363636365,0.09090909090909091,-0.1,0.64,-0.5,0.18181818181818182,0.1,1
0.18181818181818182,0.2727272727272727,0.18181818181818182,82.8,0.09090909090909091,74.3,0.18181818181818182,-0.7,0.2727272727272727,0.7272727272727273,0.8,0.64,-0.2,0.18181818181818182,0.1,0
0.09090909090909091,0.09090909090909091,0.45454545454545453,66.5,0.09090909090909091,47.9,0.8181818181818182,-1.4,0.36363636363636365,0.7272727272727273,0.7,0.85,0,0.36363636363636365,0.25,1
0.18181818181818182,0.2727272727272727,0.18181818181818182,0.2,0.8181818181818182,9,0.8181818181818182,-3.6,0.36363636363636365,0.09090909090909091,0.5,0.91,-0.6,0.36363636363636365,0.1,0
0.18181818181818182,0.2727272727272727,0.09090909090909091,6.7,0.8181818181818182,38.3,0.8181818181818182,-2.2,0.36363636363636365,0.7272727272727273,0.7,0.78,-0.5,0.09090909090909091,0.5,0
0.09090909090909091,0.09090909090909091,0.09090909090909091,83.7,0.8181818181818182,89.9,0.8181818181818182,-1,0.2727272727272727,0.09090909090909091,0.7,0.47,-0.1,0.18181818181818182,0.25,1
