Statistic,Value
Mean,0.49055603739
Std,0.0825414772542
Max,0.722222222222
Min,0.194444444444
Var,0.00681309546731
