Statistic,Value
Mean,0.0778317611375
Std,0.0854619412402
Max,0.424242424242
Min,0.0
Var,0.00730374340054
