Statistic,Value
Mean,2.3576584022
Std,0.585997559303
Max,4.0
Min,0.0
Var,0.343393139509
