AAWt,AAMt,Sstruct,SaccW,ShbondsW,SaccM,ShbondsM,yDDG,Result,Positiontype,ProteinPropens,Positionaccept,MOSST,SectorSuperficie,Functionalrelevancefunction,Clinical
0.09090909090909091,0.09090909090909091,0.36363636363636365,0,0.8181818181818182,0.1,0.8181818181818182,-1.5,0.45454545454545453,0.09090909090909091,-0.1,0.64,-0.5,0.09090909090909091,0.1,1
0.09090909090909091,0.18181818181818182,0.36363636363636365,59.5,0.8181818181818182,54.4,0.8181818181818182,1,0.2727272727272727,0.09090909090909091,0.9,0.56,0.3,0.2727272727272727,0.1,0
0.09090909090909091,0.18181818181818182,0.2727272727272727,96.5,0.18181818181818182,68,0.8181818181818182,-8.7,0.09090909090909091,0.18181818181818182,0.4,0.6,-0.1,0.18181818181818182,0.3,0
0.2727272727272727,0.18181818181818182,0.36363636363636365,0,0.8181818181818182,3.7,0.8181818181818182,-2,0.45454545454545453,0.6363636363636364,0,1,-1.3,0.2727272727272727,0.15,0
0.09090909090909091,0.18181818181818182,0.09090909090909091,0,0.8181818181818182,0,0.8181818181818182,0,0.18181818181818182,0.6363636363636364,0,1,-1.3,0.09090909090909091,0.5,1
0.09090909090909091,0.09090909090909091,0.2727272727272727,63.3,0.18181818181818182,98.4,0.18181818181818182,0.7,0.2727272727272727,0.6363636363636364,0,1,-0.5,0.09090909090909091,1,1
0.2727272727272727,0.09090909090909091,0.2727272727272727,25.3,0.8181818181818182,40.3,0.18181818181818182,0.1,0.18181818181818182,0.6363636363636364,0.3,0.97,-1,0.09090909090909091,0.25,0
0.18181818181818182,0.18181818181818182,0.2727272727272727,76.9,0.8181818181818182,43.2,0.8181818181818182,-1.9,0.45454545454545453,0.6363636363636364,0,1,-1,0.09090909090909091,0.3,1
0.09090909090909091,0.18181818181818182,0.2727272727272727,42.5,0.8181818181818182,55.3,0.8181818181818182,0.7,0.2727272727272727,0.18181818181818182,0.5,0.93,-0.6,0.09090909090909091,0.1,0
0.18181818181818182,0.09090909090909091,0.2727272727272727,93.3,0.8181818181818182,96.3,0.8181818181818182,-1,0.45454545454545453,0.6363636363636364,0,1,-1,0.18181818181818182,0.3,1
0.2727272727272727,0.09090909090909091,0.36363636363636365,0,0.8181818181818182,5.5,0.8181818181818182,-1.5,0.45454545454545453,0.6363636363636364,0,1,-0.6,0.2727272727272727,0.15,1
