AAWt,AAMt,Sstruct,SaccW,ShbondsW,SaccM,ShbondsM,yDDG,Result,Positiontype,ProteinPropens,Positionaccept,MOSST,SectorSuperficie,Functionalrelevancefunction,Clinical
0.2727272727272727,0.36363636363636365,0.45454545454545453,0,0.9090909090909091,2.2,0.9090909090909091,-6.5,0.7272727272727273,0.45454545454545453,0.7,0.78,-0.5,0.36363636363636365,0.1,0
0.2727272727272727,0.36363636363636365,0.45454545454545453,15.5,0.9090909090909091,12.6,0.9090909090909091,-3.5,0.7272727272727273,0.09090909090909091,0.3,0.17,-0.1,0.36363636363636365,0.1,1
0.09090909090909091,0.2727272727272727,0.09090909090909091,6.7,0.9090909090909091,38.3,0.9090909090909091,-2.2,0.7272727272727273,0.45454545454545453,0.7,0.78,-0.5,0.09090909090909091,0.5,0
0.09090909090909091,0.36363636363636365,0.45454545454545453,7.3,0.9090909090909091,0.6,0.9090909090909091,0,0.18181818181818182,0.45454545454545453,0,1,-1.1,0.2727272727272727,0.95,1
0.09090909090909091,0.09090909090909091,0.45454545454545453,0,0.9090909090909091,1.8,0.9090909090909091,-4.3,0.7272727272727273,0.45454545454545453,0,1,-0.8,0.09090909090909091,0.35,1
0.09090909090909091,0.09090909090909091,0.45454545454545453,45.4,0.9090909090909091,27.8,0.9090909090909091,-3,0.7272727272727273,0.45454545454545453,0.1,0.57,-0.4,0.2727272727272727,0.1,1
0.09090909090909091,0.09090909090909091,0.45454545454545453,0,0.9090909090909091,10,0.9090909090909091,-3.3,0.7272727272727273,0.45454545454545453,0,1,-0.5,0.09090909090909091,0.75,0
0.18181818181818182,0.09090909090909091,0.45454545454545453,21.2,0.9090909090909091,25.6,0.9090909090909091,0.8,0.09090909090909091,0.45454545454545453,0,0.83,-0.6,0.09090909090909091,0.25,0
0.2727272727272727,0.36363636363636365,0.45454545454545453,0,0.9090909090909091,2.2,0.9090909090909091,-6.5,0.7272727272727273,0.45454545454545453,0.7,0.78,-0.5,0.36363636363636365,0.1,0
0.18181818181818182,0.2727272727272727,0.45454545454545453,0.5,0.9090909090909091,1.2,0.9090909090909091,-0.4,0.18181818181818182,0.45454545454545453,0,1,-0.8,0.36363636363636365,0,0
0.09090909090909091,0.2727272727272727,0.45454545454545453,17.3,0.09090909090909091,27.7,0.09090909090909091,-2.5,0.7272727272727273,0.45454545454545453,0,1,-0.8,0.2727272727272727,0.85,0
