AAWt,AAMt,Sstruct,SaccW,ShbondsW,SaccM,ShbondsM,yDDG,Result,Positiontype,ProteinPropens,Positionaccept,MOSST,SectorSuperficie,Functionalrelevancefunction,Clinical
0.153846153846,0.230769230769,0.230769230769,0,0.846153846154,0,0.846153846154,0,0.307692307692,0.384615384615,0,1,-1.3,0.0769230769231,0.5,1
0.230769230769,0.153846153846,0.230769230769,0.2,0.846153846154,0.3,0.846153846154,-1.1,0.0769230769231,0.615384615385,0.6,0.89,-0.1,0.153846153846,0.1,0
0.0769230769231,0.230769230769,0.307692307692,7.3,0.846153846154,1.7,0.0769230769231,-2.3,0.461538461538,0.384615384615,0,1,-0.3,0.0769230769231,0.95,1
0.0769230769231,0.0769230769231,0.230769230769,6.7,0.846153846154,21.4,0.846153846154,-3.5,0.461538461538,0.615384615385,0.7,0.78,-0.1,0.307692307692,0.5,1
0.0769230769231,0.230769230769,0.230769230769,52.4,0.0769230769231,48.6,0.846153846154,-3.3,0.461538461538,0.615384615385,0.2,0.91,-0.8,0.307692307692,0.6,0
0.153846153846,0.153846153846,0.153846153846,61,0.846153846154,89.4,0.846153846154,0,0.307692307692,0.615384615385,0.1,0.76,-0.1,0.307692307692,0.2,1
0.230769230769,0.0769230769231,0.230769230769,40.3,0.846153846154,36.1,0.846153846154,0.6,0.307692307692,0.615384615385,0.6,0.87,0.3,0.0769230769231,0.6,1
0.0769230769231,0.153846153846,0.230769230769,0,0.846153846154,2.4,0.846153846154,-0.8,0.0769230769231,0.384615384615,0,1,-0.5,0.0769230769231,0.35,1
0.0769230769231,0.230769230769,0.153846153846,3.9,0.0769230769231,15.2,0.846153846154,-2.4,0.461538461538,0.615384615385,0.5,0.88,-0.3,0.307692307692,0.5,0
0.0769230769231,0.153846153846,0.307692307692,0,0.846153846154,4.1,0.846153846154,-2.5,0.461538461538,0.384615384615,0,1,-0.8,0.153846153846,0.15,0
0.153846153846,0.230769230769,0.0769230769231,39.9,0.846153846154,26.9,0.0769230769231,-0.3,0.307692307692,0.615384615385,0.4,0.56,0.6,0.0769230769231,0,1
0.230769230769,0.230769230769,0.307692307692,111.8,0.846153846154,128.5,0.846153846154,-3,0.461538461538,0.615384615385,0.5,0.62,-0.3,0.0769230769231,0.55,0
0.153846153846,0.0769230769231,0.307692307692,25.4,0.846153846154,38.2,0.846153846154,0.8,0.0769230769231,0.384615384615,0,1,-1.3,0.0769230769231,0,1
