AAWt,AAMt,Sstruct,SaccW,ShbondsW,SaccM,ShbondsM,yDDG,Result,Positiontype,ProteinPropens,Positionaccept,MOSST,SectorSuperficie,Functionalrelevancefunction,Clinical
0.18181818181818182,0.18181818181818182,0.45454545454545453,13.7,0.6363636363636364,10.8,0.9090909090909091,0.2,0.36363636363636365,0.09090909090909091,0.1,0.25,0.2,0.2727272727272727,0.35,0
0.09090909090909091,0.18181818181818182,0.36363636363636365,30.2,0.36363636363636365,12,0.9090909090909091,-2.6,0.36363636363636365,0.18181818181818182,0.2,0.9,-0.8,0.2727272727272727,0.1,0
0.09090909090909091,0.09090909090909091,0.36363636363636365,18.8,0.6363636363636364,25.9,0.9090909090909091,0.7,0.09090909090909091,0.5454545454545454,0,1,-0.7,0.18181818181818182,0.1,0
0.09090909090909091,0.09090909090909091,0.45454545454545453,0,0.6363636363636364,0,0.9090909090909091,0,0.36363636363636365,0.5454545454545454,0,1,-1.3,0.09090909090909091,0.5,1
0.09090909090909091,0.18181818181818182,0.09090909090909091,68.8,0.36363636363636365,71.5,0.9090909090909091,-3.7,0.36363636363636365,0.5454545454545454,0,1,-0.5,0.18181818181818182,0,0
0.09090909090909091,0.18181818181818182,0.36363636363636365,7.3,0.6363636363636364,12.6,0.9090909090909091,1.4,0.18181818181818182,0.5454545454545454,0,1,-1,0.2727272727272727,0.95,0
0.18181818181818182,0.18181818181818182,0.45454545454545453,0,0.6363636363636364,0.9,0.9090909090909091,-0.4,0.36363636363636365,0.09090909090909091,0.9,0.47,0.6,0.2727272727272727,0.35,1
0.09090909090909091,0.09090909090909091,0.45454545454545453,0.5,0.6363636363636364,0.2,0.9090909090909091,1.5,0.18181818181818182,0.5454545454545454,0,1,-1.3,0.18181818181818182,0,0
0.09090909090909091,0.09090909090909091,0.45454545454545453,0,0.6363636363636364,2.3,0.9090909090909091,-5,0.36363636363636365,0.5454545454545454,0,1,-0.9,0.2727272727272727,0.25,0
0.09090909090909091,0.09090909090909091,0.36363636363636365,45.9,0.36363636363636365,58.7,0.09090909090909091,-0.1,0.36363636363636365,0.09090909090909091,1,0.57,0.4,0.2727272727272727,0.1,0
0.09090909090909091,0.18181818181818182,0.09090909090909091,96.5,0.36363636363636365,68,0.9090909090909091,-8.7,0.36363636363636365,0.18181818181818182,0.4,0.6,-0.1,0.18181818181818182,0.3,0
