AAWt,AAMt,Sstruct,SaccW,ShbondsW,SaccM,ShbondsM,yDDG,Result,Positiontype,ProteinPropens,Positionaccept,MOSST,SectorSuperficie,Functionalrelevancefunction,Clinical
0.0909090909091,0.0909090909091,0.727272727273,3.2,0.0909090909091,33.2,1.0,-5.8,0.545454545455,0.454545454545,0.5,0.92,-0.8,0.0909090909091,0.6,1
0.0909090909091,0.0909090909091,0.727272727273,12.1,0.0909090909091,28.6,1.0,1.5,0.181818181818,0.454545454545,0.3,0.97,-0.7,0.0909090909091,0.6,1
0.0909090909091,0.181818181818,0.727272727273,40.5,0.818181818182,29.7,1.0,-3.3,0.545454545455,0.0909090909091,0.3,0.44,-0.3,0.181818181818,0.6,0
0.181818181818,0.0909090909091,0.727272727273,0.1,0.818181818182,0.3,1.0,-3.1,0.545454545455,0.454545454545,0.5,0.9,-0.7,0.181818181818,0.1,1
0.0909090909091,0.181818181818,0.0909090909091,40.3,0.818181818182,36.1,1.0,0.6,0.0909090909091,0.454545454545,0.6,0.87,0.3,0.0909090909091,0.6,1
0.181818181818,0.181818181818,0.727272727273,0,0.818181818182,5.2,1.0,-5,0.545454545455,0.454545454545,0,1,-0.9,0.272727272727,0.35,1
0.181818181818,0.0909090909091,0.727272727273,0,0.818181818182,0,1.0,-5.3,0.545454545455,0.454545454545,0,1,-1.1,0.272727272727,0.35,1
0.0909090909091,0.181818181818,0.727272727273,57.5,0.818181818182,70.8,1.0,-1.3,0.0909090909091,0.454545454545,0.9,0.31,0.1,0.272727272727,0.35,1
0.0909090909091,0.181818181818,0.727272727273,0,0.818181818182,0,1.0,3.9,0.0909090909091,0.454545454545,0,1,-1.1,0.0909090909091,0.5,1
0.0909090909091,0.0909090909091,0.181818181818,11.1,0.818181818182,11.3,1.0,1.4,0.181818181818,0.454545454545,0.5,0.91,-0.4,0.181818181818,0.5,1
0.181818181818,0.181818181818,0.181818181818,0,0.818181818182,2.2,1.0,-6.5,0.545454545455,0.454545454545,0.7,0.78,-0.5,0.181818181818,0.1,0
