AAWt,AAMt,Sstruct,SaccW,ShbondsW,SaccM,ShbondsM,yDDG,Result,Positiontype,ProteinPropens,Positionaccept,MOSST,SectorSuperficie,Functionalrelevancefunction,Clinical
0.1348277159846476,0.0674138579923238,0.2022415739769714,0.0,0.337069289961619,0.0,0.4044831479539428,-0.3235865183631542,0.0674138579923238,0.4044831479539428,0.0,0.5393108639385904,-0.2696554319692952,0.0674138579923238,0.1348277159846476,0
0.0016682425062030908,0.0016682425062030908,0.005004727518609272,0.900850953349669,0.005004727518609272,0.43374305161280363,0.0033364850124061817,-0.004003782014887418,0.0033364850124061817,0.0016682425062030908,0.009342158034737308,0.011610967843173512,0.0013345940049624729,0.0016682425062030908,0.0033364850124061817,0
0.007163470816010001,0.014326941632020002,0.021490412448030002,0.9914243609357841,0.021490412448030002,0.017192329958424003,0.042980824896060005,-0.06303854318088802,0.014326941632020002,0.042980824896060005,0.0,0.057307766528080006,-0.040115436569656,0.021490412448030002,0.04871160154886801,0
0.0025110918203206218,0.0025110918203206218,0.007533275460961865,0.9301084102467582,0.012555459101603108,0.363606095582426,0.01506655092192373,-0.02812422838759096,0.0050221836406412436,0.01506655092192373,0.0,0.020088734562564974,-0.026115354931334465,0.007533275460961865,0.00703105709689774,0
0.027644568628767213,0.027644568628767213,0.055289137257534426,0.30961916864219274,0.13822284314383607,0.5086600627693166,0.16586741177260328,-0.6855853019934268,0.08293370588630164,0.16586741177260328,0.0,0.2211565490301377,-0.19904089412712392,0.027644568628767213,0.02211565490301377,0
0.003480900880492379,0.003480900880492379,0.006961801760984758,0.35644425016241965,0.017404504402461895,0.9273119945631697,0.020885405282954274,-0.09746522465378661,0.010442702641477137,0.020885405282954274,0.0,0.027847207043939032,-0.033416648452726835,0.003480900880492379,0.016708324226363418,0
0.044928508230709145,0.044928508230709145,0.06739276234606371,0.21565683950740389,0.11232127057677287,0.14377122633826928,0.13478552469212743,-0.8985701646141829,0.06739276234606371,0.13478552469212743,0.0,0.17971403292283658,-0.16174262963055294,0.06739276234606371,0.01797140329228366,0
0.0011266878657898937,0.0011266878657898937,0.003380063597369681,0.6823221715223596,0.003380063597369681,0.7309950873244829,0.0022533757315797874,0.000901350292631915,0.0022533757315797874,0.0011266878657898937,0.000901350292631915,0.0064897221069497866,0.0,0.0011266878657898937,0.000901350292631915,1
