Statistic,Value
Mean,0.53810835629
Std,0.110962494238
Max,0.9
Min,0.0
Var,0.0123126751276
