Statistic,Value
Mean,0.493055555556
Std,0.116459803376
Max,0.7
Min,0.1
Var,0.0135628858025
