AAWt,AAMt,Sstruct,SaccW,ShbondsW,SaccM,ShbondsM,yDDG,Result,Positiontype,ProteinPropens,Positionaccept,MOSST,SectorSuperficie,Functionalrelevancefunction,Clinical
0.142857142857,0.142857142857,0.428571428571,0,0.571428571429,0,0.714285714286,-1.3,0.142857142857,0.285714285714,0,1,-1.1,0.142857142857,0.5,1
0.142857142857,0.285714285714,0.428571428571,0,0.571428571429,16.9,0.714285714286,-3.2,0.571428571429,0.142857142857,0.9,0.47,-0.2,0.142857142857,0.35,1
0.285714285714,0.428571428571,0.428571428571,40.5,0.571428571429,29.7,0.714285714286,-3.3,0.571428571429,0.142857142857,0.3,0.44,-0.3,0.142857142857,0.6,0
0.285714285714,0.285714285714,0.142857142857,82.8,0.285714285714,74.3,0.285714285714,-0.7,0.142857142857,0.428571428571,0.8,0.64,-0.2,0.142857142857,0.1,0
0.285714285714,0.428571428571,0.428571428571,52.4,0.142857142857,29.7,0.714285714286,-2.3,0.571428571429,0.428571428571,0.2,0.91,-0.8,0.285714285714,0.6,0
0.285714285714,0.428571428571,0.428571428571,6.7,0.571428571429,21.4,0.714285714286,-3.5,0.571428571429,0.428571428571,0.7,0.78,-0.1,0.285714285714,0.5,1
0.142857142857,0.142857142857,0.428571428571,63.3,0.285714285714,97.8,0.285714285714,-0.4,0.142857142857,0.285714285714,0,1,-0.3,0.142857142857,1,1
