AAWt,AAMt,Sstruct,SaccW,ShbondsW,SaccM,ShbondsM,yDDG,Result,Positiontype,ProteinPropens,Positionaccept,MOSST,SectorSuperficie,Functionalrelevancefunction,Clinical
0.181818181818,0.0909090909091,0.272727272727,14.4,0.181818181818,17.1,0.0909090909091,1.1,0.181818181818,0.181818181818,0.2,0.48,0.8,0.272727272727,0.8,0
0.272727272727,0.0909090909091,0.636363636364,0.1,0.636363636364,0.3,0.909090909091,-3.1,0.545454545455,0.272727272727,0.5,0.9,-0.7,0.181818181818,0.1,1
0.0909090909091,0.181818181818,0.636363636364,12.1,0.181818181818,10.6,0.909090909091,0.4,0.0909090909091,0.454545454545,0.3,0.97,-0.9,0.272727272727,0.6,0
0.181818181818,0.181818181818,0.636363636364,40.5,0.636363636364,73.3,0.909090909091,-2.7,0.545454545455,0.0909090909091,0.3,0.44,-0.3,0.363636363636,0.6,0
0.181818181818,0.272727272727,0.272727272727,62,0.181818181818,37.2,0.909090909091,-0.7,0.0909090909091,0.181818181818,0.3,0.67,-0.4,0.0909090909091,0.35,0
0.272727272727,0.272727272727,0.0909090909091,1.4,0.636363636364,2,0.909090909091,-4.9,0.545454545455,0.454545454545,0,1,-1,0.272727272727,0.1,0
0.0909090909091,0.0909090909091,0.636363636364,1.2,0.636363636364,0.8,0.909090909091,-5,0.545454545455,0.454545454545,0,1,-0.9,0.363636363636,0.1,0
0.181818181818,0.0909090909091,0.272727272727,46.3,0.636363636364,11.6,0.909090909091,1.8,0.181818181818,0.454545454545,0,1,-1,0.363636363636,0.35,1
0.0909090909091,0.0909090909091,0.636363636364,4.9,0.181818181818,2.1,0.909090909091,2.5,0.0909090909091,0.272727272727,0.7,0.73,-0.4,0.363636363636,0.75,1
0.0909090909091,0.0909090909091,0.636363636364,0,0.636363636364,1.8,0.909090909091,-4.3,0.545454545455,0.454545454545,0,1,-0.8,0.0909090909091,0.35,1
0.272727272727,0.272727272727,0.636363636364,0.1,0.636363636364,4.9,0.909090909091,-4,0.545454545455,0.272727272727,0.5,0.9,-0.7,0.181818181818,0.1,0
