AAWt,AAMt,Sstruct,SaccW,ShbondsW,SaccM,ShbondsM,yDDG,Result,Positiontype,ProteinPropens,Positionaccept,MOSST,SectorSuperficie,Functionalrelevancefunction,Clinical
0.00556539838711,0.00556539838711,0.0166961951613,0.663395487744,0.0166961951613,0.745763383873,0.0222615935485,-0.0467493464518,0.00556539838711,0.00556539838711,0.0,0.0180318907742,-0.00222615935485,0.00556539838711,0.00445231870969,0
0.00384350596858,0.00384350596858,0.0115305179057,0.68875626957,0.00384350596858,0.724116524481,0.0153740238743,-0.0215236334241,0.00768701193716,0.00384350596858,0.0122992190995,0.00430472668481,0.0092244143246,0.00768701193716,0.00230610358115,1
0.0113131799596,0.0113131799596,0.00565658997978,0.574709541946,0.0169697699393,0.81681159308,0.0226263599191,-0.0226263599191,0.0113131799596,0.0113131799596,0.0,0.0226263599191,-0.0113131799596,0.00565658997978,0.0,0
0.211147217766,0.211147217766,0.316720826649,0.211147217766,0.316720826649,0.295606104872,0.422294435532,-0.0844588871063,0.105573608883,0.211147217766,0.0,0.422294435532,-0.337835548425,0.211147217766,0.0,0
