AAWt,AAMt,Sstruct,SaccW,ShbondsW,SaccM,ShbondsM,yDDG,Result,Positiontype,ProteinPropens,Positionaccept,MOSST,SectorSuperficie,Functionalrelevancefunction,Clinical
0.002313607150962583,0.004627214301925166,0.002313607150962583,0.6367046879449028,0.004627214301925166,0.7708939027007327,0.004627214301925166,0.003701771441540133,0.002313607150962583,0.004627214301925166,0.0,0.009254428603850331,-0.011105314324620398,0.002313607150962583,0.0,0
0.003672249569749666,0.003672249569749666,0.007344499139499332,0.6683494216944392,0.007344499139499332,0.7432633129173324,0.007344499139499332,0.017626797934798395,0.003672249569749666,0.007344499139499332,0.013220098451098799,0.010135408812509078,-0.002937799655799733,0.003672249569749666,0.0014688998278998666,1
0.14201107456902248,0.14201107456902248,0.28402214913804497,0.0,0.28402214913804497,0.0,0.28402214913804497,-0.45443543862087193,0.14201107456902248,0.28402214913804497,0.17041328948282697,0.5453225263450463,0.0,0.28402214913804497,0.05680442982760899,0
0.06258631127512683,0.12517262255025366,0.06258631127512683,0.0,0.12517262255025366,0.07510357353015219,0.12517262255025366,-0.9012428823618264,0.06258631127512683,0.12517262255025366,0.1752416715703551,0.19526929117839573,-0.15020714706030439,0.12517262255025366,0.025034524510050733,0
