AAWt,AAMt,Sstruct,SaccW,ShbondsW,SaccM,ShbondsM,yDDG,Result,Positiontype,ProteinPropens,Positionaccept,MOSST,SectorSuperficie,Functionalrelevancefunction,Clinical
0.0769230769231,0.230769230769,0.153846153846,6.8,0.846153846154,15.1,0.769230769231,-4.9,0.307692307692,0.538461538462,0.3,0.97,-0.9,0.153846153846,0.2,0
0.0769230769231,0.0769230769231,0.461538461538,17.3,0.153846153846,16.3,0.230769230769,3.4,0.0769230769231,0.538461538462,0,1,-1.3,0.153846153846,0.85,1
0.153846153846,0.0769230769231,0.461538461538,0,0.846153846154,0,0.769230769231,0.7,0.307692307692,0.538461538462,0,1,-0.7,0.0769230769231,0.5,0
0.0769230769231,0.230769230769,0.153846153846,64.7,0.846153846154,68.4,0.230769230769,-0.3,0.307692307692,0.384615384615,0.7,0.53,0.2,0.153846153846,0.1,1
0.153846153846,0.230769230769,0.461538461538,0,0.846153846154,5.2,0.769230769231,-5,0.307692307692,0.538461538462,0,1,-0.9,0.0769230769231,0.35,1
0.0769230769231,0.0769230769231,0.153846153846,6.7,0.846153846154,21.4,0.769230769231,-3.5,0.307692307692,0.384615384615,0.7,0.78,-0.1,0.0769230769231,0.5,1
0.0769230769231,0.0769230769231,0.230769230769,0,0.846153846154,6,0.769230769231,1.6,0.230769230769,0.538461538462,0,1,-1,0.0769230769231,0.75,0
0.0769230769231,0.0769230769231,0.461538461538,0.5,0.846153846154,1.5,0.769230769231,1.4,0.230769230769,0.538461538462,0,1,-1.1,0.230769230769,0,0
0.153846153846,0.0769230769231,0.230769230769,16.3,0.846153846154,43.3,0.769230769231,1.6,0.230769230769,0.384615384615,0.8,0.74,-0.3,0.230769230769,0.65,1
0.0769230769231,0.0769230769231,0.153846153846,63.3,0.153846153846,97.8,0.230769230769,-0.4,0.307692307692,0.538461538462,0,1,-0.3,0.0769230769231,1,1
0.0769230769231,0.0769230769231,0.461538461538,0.2,0.846153846154,0.3,0.769230769231,-1.1,0.0769230769231,0.384615384615,0.6,0.89,-0.1,0.230769230769,0.1,0
0.153846153846,0.0769230769231,0.461538461538,20.1,0.846153846154,24.2,0.769230769231,-4,0.307692307692,0.384615384615,0.2,0.59,-0.1,0.153846153846,0.1,1
0.0769230769231,0.0769230769231,0.230769230769,84.5,0.846153846154,84.5,0.769230769231,0.3,0.307692307692,0.0769230769231,0.9,0.25,0.2,0.0769230769231,0.15,1
