AAWt,AAMt,Sstruct,SaccW,ShbondsW,SaccM,ShbondsM,yDDG,Result,Positiontype,ProteinPropens,Positionaccept,MOSST,SectorSuperficie,Functionalrelevancefunction,Clinical
0.230769230769,0.0769230769231,0.461538461538,0,0.769230769231,16.9,0.769230769231,-3.2,0.461538461538,0.153846153846,0.9,0.47,-0.2,0.230769230769,0.35,1
0.0769230769231,0.153846153846,0.461538461538,0.3,0.769230769231,18,0.769230769231,-5.2,0.461538461538,0.615384615385,0.3,0.95,-0.7,0.153846153846,0.1,0
0.230769230769,0.230769230769,0.461538461538,0,0.769230769231,4.9,0.769230769231,-4,0.461538461538,0.153846153846,0.9,0.47,-0.3,0.230769230769,0.35,0
0.307692307692,0.153846153846,0.384615384615,11.1,0.769230769231,28.8,0.153846153846,-0.7,0.230769230769,0.153846153846,0.5,0.91,-0.7,0.230769230769,0.5,1
0.307692307692,0.153846153846,0.0769230769231,3.9,0.230769230769,1.9,0.769230769231,-1.9,0.153846153846,0.153846153846,0.5,0.88,-0.8,0.153846153846,0.5,0
0.0769230769231,0.153846153846,0.0769230769231,68.8,0.230769230769,83.3,0.0769230769231,0.4,0.0769230769231,0.615384615385,0,1,-1.2,0.153846153846,0,0
0.307692307692,0.230769230769,0.461538461538,0,0.769230769231,0,0.769230769231,-1.4,0.153846153846,0.0769230769231,0.7,0.25,-0.1,0.230769230769,0,1
0.0769230769231,0.0769230769231,0.384615384615,25.4,0.769230769231,38.2,0.769230769231,0.8,0.0769230769231,0.615384615385,0,1,-1.3,0.0769230769231,0,1
0.0769230769231,0.153846153846,0.384615384615,7.3,0.769230769231,1.7,0.153846153846,-2.3,0.461538461538,0.615384615385,0,1,-0.3,0.230769230769,0.95,1
0.307692307692,0.0769230769231,0.384615384615,0,0.769230769231,10,0.769230769231,-3.3,0.461538461538,0.615384615385,0,1,-0.5,0.153846153846,0.75,0
0.0769230769231,0.0769230769231,0.461538461538,0,0.769230769231,2.4,0.769230769231,-0.8,0.230769230769,0.615384615385,0,1,-0.5,0.230769230769,0.35,1
0.0769230769231,0.153846153846,0.461538461538,3.2,0.230769230769,33.2,0.769230769231,-5.8,0.461538461538,0.615384615385,0.5,0.92,-0.8,0.0769230769231,0.6,1
0.230769230769,0.230769230769,0.384615384615,23.5,0.769230769231,23.6,0.769230769231,-0.8,0.230769230769,0.615384615385,0,1,-1,0.0769230769231,0.6,0
