Statistic,Value
Mean,0.307097420486
Std,0.0519977943461
Max,0.545454545455
Min,0.0909090909091
Var,0.00270377061686
