AAWt,AAMt,Sstruct,SaccW,ShbondsW,SaccM,ShbondsM,yDDG,Result,Positiontype,ProteinPropens,Positionaccept,MOSST,SectorSuperficie,Functionalrelevancefunction,Clinical
0.2727272727272727,0.09090909090909091,0.18181818181818182,62,0.09090909090909091,37.2,0.6363636363636364,-0.7,0.18181818181818182,0.09090909090909091,0.3,0.67,-0.4,0.18181818181818182,0.35,0
0.09090909090909091,0.09090909090909091,0.09090909090909091,82.8,0.2727272727272727,74.3,0.18181818181818182,-0.7,0.18181818181818182,0.6363636363636364,0.8,0.64,-0.2,0.09090909090909091,0.1,0
0.2727272727272727,0.09090909090909091,0.09090909090909091,12.8,0.6363636363636364,17.4,0.18181818181818182,-1.2,0.2727272727272727,0.2727272727272727,0,1,-0.8,0.09090909090909091,0.6,0
0.09090909090909091,0.09090909090909091,0.36363636363636365,0,0.6363636363636364,0,0.6363636363636364,-0.2,0.09090909090909091,0.2727272727272727,0,1,-0.8,0.18181818181818182,0.5,0
0.09090909090909091,0.09090909090909091,0.36363636363636365,45.4,0.6363636363636364,27.8,0.6363636363636364,-3,0.18181818181818182,0.6363636363636364,0.1,0.57,-0.4,0.36363636363636365,0.1,1
0.09090909090909091,0.09090909090909091,0.18181818181818182,3.9,0.2727272727272727,1.9,0.6363636363636364,-1.9,0.2727272727272727,0.6363636363636364,0.5,0.88,-0.8,0.18181818181818182,0.5,0
0.09090909090909091,0.18181818181818182,0.18181818181818182,78.1,0.6363636363636364,78.6,0.6363636363636364,-1,0.2727272727272727,0.6363636363636364,-0.1,0.21,0,0.36363636363636365,0,1
0.2727272727272727,0.18181818181818182,0.18181818181818182,18.3,0.6363636363636364,27.8,0.18181818181818182,0.9,0.18181818181818182,0.6363636363636364,0.5,0.85,-0.7,0.18181818181818182,0.8,1
0.09090909090909091,0.18181818181818182,0.36363636363636365,17.3,0.2727272727272727,16.3,0.18181818181818182,3.4,0.09090909090909091,0.2727272727272727,0,1,-1.3,0.36363636363636365,0.85,1
0.09090909090909091,0.09090909090909091,0.36363636363636365,0.2,0.6363636363636364,4.6,0.6363636363636364,-5.1,0.18181818181818182,0.6363636363636364,0.6,0.89,-0.5,0.09090909090909091,0.1,1
0.09090909090909091,0.18181818181818182,0.09090909090909091,42.5,0.6363636363636364,55.3,0.6363636363636364,0.7,0.18181818181818182,0.6363636363636364,0.5,0.93,-0.6,0.36363636363636365,0.1,0
