feature,mean,var,std,min,max
SaccW,25.324137931,579.362175981,24.0699434146,0.0,78.1
SaccM,27.2896551724,663.784030916,25.7640064997,0.0,96.2
yDDG,-0.910344827586,3.8885136742,1.97193145778,-6.5,3.4
ProteinPropens,0.339655172414,0.109634363853,0.331110802984,-0.1,1.0
Positionaccept,0.785517241379,0.0580661117717,0.24096910958,0.2,1.0
MOSST,-0.441379310345,0.225529131986,0.474899075579,-1.3,1.1
Functionalrelevancefunction,0.385344827586,0.111293846611,0.333607323977,0.0,0.95
