AAWt,AAMt,Sstruct,SaccW,ShbondsW,SaccM,ShbondsM,yDDG,Result,Positiontype,ProteinPropens,Positionaccept,MOSST,SectorSuperficie,Functionalrelevancefunction,Clinical
0.36363636363636365,0.18181818181818182,0.6363636363636364,0,0.8181818181818182,0,0.9090909090909091,-0.8,0.09090909090909091,0.7272727272727273,0.3,0.96,0,0.36363636363636365,0.1,0
0.36363636363636365,0.18181818181818182,0.6363636363636364,0,0.8181818181818182,0,0.9090909090909091,-5.1,0.5454545454545454,0.7272727272727273,0.3,0.96,-1,0.36363636363636365,0.1,1
0.09090909090909091,0.09090909090909091,0.6363636363636364,0,0.8181818181818182,0,0.9090909090909091,-3.4,0.5454545454545454,0.7272727272727273,0.3,0.96,-1,0.09090909090909091,0.35,1
0.18181818181818182,0.09090909090909091,0.09090909090909091,6.8,0.8181818181818182,7.9,0.9090909090909091,-1.5,0.18181818181818182,0.7272727272727273,0.3,0.97,-0.5,0.09090909090909091,0.2,1
0.36363636363636365,0.09090909090909091,0.6363636363636364,0.3,0.8181818181818182,0.4,0.9090909090909091,-2.7,0.5454545454545454,0.7272727272727273,0.3,0.95,0,0.09090909090909091,0.1,1
0.09090909090909091,0.09090909090909091,0.6363636363636364,40.5,0.8181818181818182,73.3,0.9090909090909091,-2.7,0.5454545454545454,0.09090909090909091,0.3,0.44,-0.3,0.18181818181818182,0.6,0
0.09090909090909091,0.09090909090909091,0.6363636363636364,3.2,0.18181818181818182,0,0.9090909090909091,-2.1,0.5454545454545454,0.7272727272727273,0.5,0.92,-0.5,0.09090909090909091,0.6,1
0.09090909090909091,0.09090909090909091,0.09090909090909091,16.3,0.8181818181818182,30.7,0.9090909090909091,1,0.18181818181818182,0.18181818181818182,0.8,0.74,-0.4,0.36363636363636365,0.65,1
0.09090909090909091,0.09090909090909091,0.09090909090909091,63.3,0.18181818181818182,105,0.09090909090909091,-1.6,0.18181818181818182,0.7272727272727273,0,1,-1.2,0.09090909090909091,1,1
0.18181818181818182,0.18181818181818182,0.09090909090909091,42.5,0.8181818181818182,55.3,0.9090909090909091,0.7,0.18181818181818182,0.18181818181818182,0.5,0.93,-0.6,0.18181818181818182,0.1,0
0.36363636363636365,0.18181818181818182,0.6363636363636364,0,0.8181818181818182,0,0.9090909090909091,-5.1,0.5454545454545454,0.7272727272727273,0.3,0.96,-1,0.36363636363636365,0.1,1
