AAWt,AAMt,Sstruct,SaccW,ShbondsW,SaccM,ShbondsM,yDDG,Result,Positiontype,ProteinPropens,Positionaccept,MOSST,SectorSuperficie,Functionalrelevancefunction,Clinical
0.0500337842104,0.0500337842104,0.100067568421,0.0,0.150101352631,0.0750506763155,0.200135136841,-0.900608115787,0.0750506763155,0.0750506763155,0.175118244736,0.19513175842,-0.150101352631,0.0500337842104,0.0250168921052,0
0.00307523819877,0.00153761909939,0.00768809549693,0.688853356525,0.00461285729816,0.72421859581,0.0123009527951,-0.0215266673914,0.00307523819877,0.00153761909939,0.0123009527951,0.00430533347828,0.00922571459631,0.00307523819877,0.00230642864908,1
0.00185340080542,0.00185340080542,0.000926700402709,0.60884216458,0.00278010120813,0.793255544719,0.000926700402709,0.00278010120813,0.00185340080542,0.00278010120813,0.00370680161084,0.00129738056379,-0.000926700402709,0.00185340080542,0.00139005060406,1
0.00395568931652,0.00197784465826,0.00791137863304,0.660600115859,0.0118670679496,0.749603125481,0.0158227572661,-0.0158227572661,0.00197784465826,0.0118670679496,0.0,0.0197784465826,-0.0197784465826,0.00197784465826,0.00692245630391,1
0.00234634576691,0.00117317288345,0.00469269153382,0.780159967497,0.00351951865036,0.625301146881,0.00938538306763,0.00351951865036,0.00234634576691,0.00351951865036,0.00821221018418,0.00997196950936,-0.00351951865036,0.00117317288345,0.00293293220863,1
0.0355242588739,0.0710485177478,0.177621294369,0.0,0.213145553243,0.0,0.284194070991,-0.781533695226,0.106572776622,0.213145553243,0.106572776622,0.341032885189,-0.142097035496,0.0710485177478,0.124334906059,0
0.0198879487452,0.0397758974903,0.0994397437258,0.0,0.119327692471,0.357983077413,0.159103589961,-0.855181796042,0.0596638462355,0.119327692471,0.0,0.198879487452,-0.159103589961,0.0397758974903,0.0696078206081,1
0.0266345824411,0.0266345824411,0.133172912205,0.852306638115,0.0266345824411,0.0532691648822,0.0266345824411,0.319614989293,0.0266345824411,0.159807494647,0.133172912205,0.245038158458,-0.133172912205,0.0266345824411,0.159807494647,0
0.00217735260222,0.00217735260222,0.00870941040888,0.553047560964,0.0130641156133,0.831748694048,0.0174188208178,0.0174188208178,0.00217735260222,0.0130641156133,0.0,0.0217735260222,-0.0283055838288,0.00435470520444,0.0,1
0.0826192384772,0.0413096192386,0.206548096193,0.0,0.247857715432,0.0,0.330476953909,-0.537025050102,0.0826192384772,0.247857715432,0.0,0.413096192386,-0.454405811625,0.0413096192386,0.206548096193,1
