AAWt,AAMt,Sstruct,SaccW,ShbondsW,SaccM,ShbondsM,yDDG,Result,Positiontype,ProteinPropens,Positionaccept,MOSST,SectorSuperficie,Functionalrelevancefunction,Clinical
0.00306256090489,0.00612512180979,0.0153128045245,0.924893393278,0.00918768271468,0.367507308587,0.0306256090489,-0.0796265835272,0.00918768271468,0.0183753654294,0.00612512180979,0.027563048144,-0.0245004872391,0.00612512180979,0.00306256090489,0
0.0057551071162,0.0057551071162,0.0057551071162,0.391347283901,0.0402857498134,0.869021174545,0.057551071162,-0.282000248694,0.0172653213486,0.0230204284648,0.0172653213486,0.0558245390271,-0.0517959640458,0.0057551071162,0.0115102142324,0
0.000894288136428,0.000894288136428,0.00178857627286,0.545515763221,0.006260016955,0.837947983833,0.00894288136428,0.00268286440929,0.00178857627286,0.00536572881857,0.000894288136428,0.00679658983686,0.006260016955,0.00178857627286,0.00178857627286,1
0.0144902657477,0.00724513287383,0.0144902657477,0.355011510818,0.0217353986215,0.920131874976,0.0724513287383,-0.101431860234,0.0144902657477,0.043470797243,0.0507159301168,0.0528894699789,0.0144902657477,0.0144902657477,0.0543384965537,1
0.0392274517499,0.0392274517499,0.0392274517499,0.764935309124,0.0588411776249,0.372660791624,0.19613725875,-0.372660791624,0.0392274517499,0.11768235525,0.0980686293748,0.1726007877,-0.156909807,0.0392274517499,0.0980686293748,0
0.00599156980041,0.00599156980041,0.014978924501,0.704009451548,0.0209704943014,0.707005236448,0.029957849002,-0.0239662792016,0.00599156980041,0.0119831396008,0.0,0.029957849002,-0.029957849002,0.0029957849002,0.0179747094012,0
0.0057420077846,0.0028710038923,0.0143550194615,0.467973634445,0.0200970272461,0.881398194936,0.028710038923,0.028710038923,0.0028710038923,0.0172260233538,0.0229680311384,0.021245428803,-0.0114840155692,0.0086130116769,0.0186615252999,1
0.0260003510071,0.0520007020142,0.130001755036,0.0,0.18200245705,0.832011232227,0.260003510071,-0.234003159064,0.0520007020142,0.104001404028,0.0,0.260003510071,-0.208002808057,0.0780010530213,0.0390005265107,1
0.065065513288,0.032532756644,0.16266378322,0.0,0.227729296508,0.0,0.32532756644,-0.780786159456,0.097598269932,0.195196539864,0.227729296508,0.253755501823,-0.16266378322,0.097598269932,0.032532756644,1
0.0919600979743,0.0459800489872,0.0919600979743,0.0,0.32186034291,0.0,0.459800489872,0.0,0.0919600979743,0.183920195949,0.0,0.459800489872,-0.597740636833,0.0459800489872,0.229900244936,1
