AAWt,AAMt,Sstruct,SaccW,ShbondsW,SaccM,ShbondsM,yDDG,Result,Positiontype,ProteinPropens,Positionaccept,MOSST,SectorSuperficie,Functionalrelevancefunction,Clinical
0.230769230769,0.153846153846,0.384615384615,0,0.769230769231,4.9,0.846153846154,-4,0.307692307692,0.0769230769231,0.9,0.47,-0.3,0.153846153846,0.35,0
0.230769230769,0.153846153846,0.307692307692,23.5,0.769230769231,34.7,0.846153846154,-1.1,0.153846153846,0.461538461538,0,1,-0.8,0.0769230769231,0.6,1
0.0769230769231,0.153846153846,0.230769230769,65.1,0.153846153846,64.1,0.153846153846,-0.4,0.307692307692,0.307692307692,0.1,0.8,0,0.153846153846,0.5,1
0.230769230769,0.153846153846,0.307692307692,7.3,0.769230769231,12.6,0.846153846154,1.4,0.153846153846,0.461538461538,0,1,-1,0.307692307692,0.95,0
0.230769230769,0.153846153846,0.307692307692,7.3,0.769230769231,14.4,0.846153846154,-2.2,0.307692307692,0.461538461538,0,1,-0.9,0.307692307692,0.95,0
0.0769230769231,0.0769230769231,0.384615384615,0.2,0.769230769231,0.3,0.846153846154,-1.1,0.153846153846,0.307692307692,0.6,0.89,-0.1,0.0769230769231,0.1,0
0.153846153846,0.0769230769231,0.384615384615,1.2,0.769230769231,4.4,0.846153846154,-0.4,0.307692307692,0.461538461538,0,1,-0.3,0.307692307692,0.1,0
0.153846153846,0.0769230769231,0.0769230769231,18.3,0.769230769231,29.5,0.846153846154,0.8,0.0769230769231,0.307692307692,0.5,0.85,-0.5,0.230769230769,0.8,0
0.230769230769,0.153846153846,0.384615384615,74,0.153846153846,96.2,0.846153846154,1.6,0.153846153846,0.153846153846,0.9,0.76,-0.3,0.307692307692,0.1,1
0.153846153846,0.153846153846,0.230769230769,52.4,0.0769230769231,48,0.153846153846,-0.2,0.307692307692,0.307692307692,0.2,0.91,-0.7,0.230769230769,0.6,0
0.0769230769231,0.0769230769231,0.307692307692,84.5,0.769230769231,84.5,0.846153846154,0.3,0.307692307692,0.153846153846,0.9,0.25,0.2,0.153846153846,0.15,1
0.230769230769,0.153846153846,0.230769230769,1.4,0.769230769231,2,0.846153846154,-4.9,0.307692307692,0.461538461538,0,1,-1,0.230769230769,0.1,0
0.153846153846,0.0769230769231,0.384615384615,0,0.769230769231,2.3,0.846153846154,-5,0.307692307692,0.461538461538,0,1,-0.9,0.153846153846,0.25,0
