AAWt,AAMt,Sstruct,SaccW,ShbondsW,SaccM,ShbondsM,yDDG,Result,Positiontype,ProteinPropens,Positionaccept,MOSST,SectorSuperficie,Functionalrelevancefunction,Clinical
0.42857142857142855,0.14285714285714285,0.2857142857142857,50.3,0.2857142857142857,55,0.14285714285714285,-1.6,0.2857142857142857,0.5714285714285714,0,1,-1.1,0.14285714285714285,0.1,0
0.2857142857142857,0.14285714285714285,0.5714285714285714,0.1,0.5714285714285714,0.3,0.7142857142857143,-3.1,0.42857142857142855,0.2857142857142857,0.5,0.9,-0.7,0.14285714285714285,0.1,1
0.42857142857142855,0.14285714285714285,0.2857142857142857,66.5,0.14285714285714285,47.9,0.7142857142857143,-1.4,0.2857142857142857,0.2857142857142857,0.7,0.85,0,0.2857142857142857,0.25,1
0.42857142857142855,0.14285714285714285,0.5714285714285714,0,0.5714285714285714,0,0.7142857142857143,0.7,0.14285714285714285,0.5714285714285714,0,1,-0.7,0.14285714285714285,0.5,0
0.2857142857142857,0.14285714285714285,0.14285714285714285,11.9,0.5714285714285714,17.4,0.7142857142857143,-5.3,0.42857142857142855,0.5714285714285714,0,1,-1,0.14285714285714285,0.1,0
0.14285714285714285,0.14285714285714285,0.5714285714285714,3.2,0.2857142857142857,0.2,0.14285714285714285,1.2,0.14285714285714285,0.5714285714285714,0.5,0.92,-0.5,0.14285714285714285,0.6,0
0.14285714285714285,0.14285714285714285,0.5714285714285714,40.5,0.5714285714285714,73.3,0.7142857142857143,-2.7,0.42857142857142855,0.14285714285714285,0.3,0.44,-0.3,0.2857142857142857,0.6,0
