AAWt,AAMt,Sstruct,SaccW,ShbondsW,SaccM,ShbondsM,yDDG,Result,Positiontype,ProteinPropens,Positionaccept,MOSST,SectorSuperficie,Functionalrelevancefunction,Clinical
0.142857142857,0.285714285714,0.142857142857,18.3,0.857142857143,42.6,0.857142857143,-2.1,0.428571428571,0.428571428571,0.5,0.85,-0.8,0.142857142857,0.8,0
0.285714285714,0.142857142857,0.428571428571,0,0.857142857143,0,0.857142857143,0.3,0.285714285714,0.571428571429,0,1,-0.9,0.142857142857,0.75,1
0.142857142857,0.142857142857,0.142857142857,25.3,0.857142857143,32.4,0.857142857143,-2.5,0.428571428571,0.571428571429,0.3,0.97,0,0.142857142857,0.25,0
0.142857142857,0.142857142857,0.428571428571,46.3,0.857142857143,11.8,0.857142857143,0.1,0.285714285714,0.571428571429,0,1,-1.2,0.285714285714,0.35,0
0.142857142857,0.285714285714,0.142857142857,62.5,0.142857142857,104.4,0.857142857143,-3.6,0.428571428571,0.428571428571,0.7,0.59,-0.2,0.142857142857,0.25,1
0.285714285714,0.142857142857,0.428571428571,11.1,0.857142857143,28.8,0.142857142857,-0.7,0.142857142857,0.428571428571,0.5,0.91,-0.7,0.285714285714,0.5,1
0.142857142857,0.142857142857,0.142857142857,0,0.857142857143,0,0.857142857143,-1.3,0.142857142857,0.571428571429,0,1,-1.1,0.142857142857,0.5,1
