AAWt,AAMt,Sstruct,SaccW,ShbondsW,SaccM,ShbondsM,yDDG,Result,Positiontype,ProteinPropens,Positionaccept,MOSST,SectorSuperficie,Functionalrelevancefunction,Clinical
0.142857142857,0.142857142857,0.142857142857,0,1.0,0,0.857142857143,-2.2,0.285714285714,0.571428571429,0.3,0.96,-0.4,0.142857142857,0.35,0
0.428571428571,0.285714285714,0.142857142857,61,1.0,89.4,0.857142857143,0,0.285714285714,0.285714285714,0.1,0.76,-0.1,0.142857142857,0.2,0
0.428571428571,0.142857142857,0.571428571429,0,1.0,0.1,0.857142857143,-1.5,0.285714285714,0.142857142857,-0.1,0.64,-0.5,0.142857142857,0.1,1
0.142857142857,0.142857142857,0.142857142857,76.9,1.0,43.2,0.857142857143,-1.9,0.285714285714,0.571428571429,0,1,-1,0.142857142857,0.3,1
0.142857142857,0.142857142857,0.571428571429,111.8,1.0,93.3,0.142857142857,-0.4,0.285714285714,0.285714285714,0.5,0.62,-0.4,0.142857142857,0.55,1
0.142857142857,0.285714285714,0.571428571429,0,1.0,4.1,0.857142857143,-2.5,0.285714285714,0.571428571429,0,1,-0.8,0.142857142857,0.15,0
0.428571428571,0.142857142857,0.571428571429,25.4,1.0,38.2,0.857142857143,0.8,0.142857142857,0.571428571429,0,1,-1.3,0.142857142857,0,1
