AAWt,AAMt,Sstruct,SaccW,ShbondsW,SaccM,ShbondsM,yDDG,Result,Positiontype,ProteinPropens,Positionaccept,MOSST,SectorSuperficie,Functionalrelevancefunction,Clinical
0.18181818181818182,0.18181818181818182,0.18181818181818182,52.4,0.18181818181818182,48.6,0.7272727272727273,-3.3,0.18181818181818182,0.45454545454545453,0.2,0.91,-0.8,0.18181818181818182,0.6,0
0.09090909090909091,0.09090909090909091,0.36363636363636365,0,0.45454545454545453,0,0.7272727272727273,-0.2,0.2727272727272727,0.45454545454545453,0,1,-0.8,0.09090909090909091,0.5,0
0.09090909090909091,0.09090909090909091,0.09090909090909091,7.7,0.45454545454545453,9,0.18181818181818182,-2,0.36363636363636365,0.45454545454545453,0,1,-1,0.09090909090909091,0.1,0
0.09090909090909091,0.18181818181818182,0.18181818181818182,6.8,0.45454545454545453,7.8,0.7272727272727273,-1.1,0.36363636363636365,0.45454545454545453,0.3,0.97,-0.7,0.18181818181818182,0.2,1
0.09090909090909091,0.18181818181818182,0.18181818181818182,62.5,0.36363636363636365,104.4,0.7272727272727273,-3.6,0.18181818181818182,0.45454545454545453,0.7,0.59,-0.2,0.09090909090909091,0.25,1
0.18181818181818182,0.2727272727272727,0.36363636363636365,44.8,0.18181818181818182,47.1,0.7272727272727273,-1.4,0.36363636363636365,0.09090909090909091,0.8,0.28,0.6,0.09090909090909091,0.15,1
0.18181818181818182,0.09090909090909091,0.09090909090909091,0,0.45454545454545453,0,0.7272727272727273,0.3,0.2727272727272727,0.45454545454545453,0,1,-0.9,0.09090909090909091,0.75,1
0.18181818181818182,0.2727272727272727,0.18181818181818182,82.8,0.36363636363636365,74.3,0.09090909090909091,-0.7,0.09090909090909091,0.45454545454545453,0.8,0.64,-0.2,0.18181818181818182,0.1,0
0.18181818181818182,0.09090909090909091,0.09090909090909091,18.3,0.45454545454545453,27.8,0.18181818181818182,0.9,0.09090909090909091,0.45454545454545453,0.5,0.85,-0.7,0.18181818181818182,0.8,1
0.18181818181818182,0.2727272727272727,0.36363636363636365,4.9,0.36363636363636365,1.5,0.7272727272727273,-0.3,0.2727272727272727,0.45454545454545453,0.7,0.73,-0.3,0.09090909090909091,0.75,1
0.09090909090909091,0.18181818181818182,0.36363636363636365,3.2,0.36363636363636365,0.1,0.7272727272727273,-1.9,0.36363636363636365,0.45454545454545453,0.5,0.92,-0.6,0.09090909090909091,0.6,1
