AAWt,AAMt,Sstruct,SaccW,ShbondsW,SaccM,ShbondsM,yDDG,Result,Positiontype,ProteinPropens,Positionaccept,MOSST,SectorSuperficie,Functionalrelevancefunction,Clinical
0.14285714285714285,0.14285714285714285,0.7142857142857143,0,0.7142857142857143,2.4,0.8571428571428571,-0.8,0.2857142857142857,0.5714285714285714,0,1,-0.5,0.2857142857142857,0.35,1
0.14285714285714285,0.2857142857142857,0.7142857142857143,37,0.7142857142857143,48.6,0.8571428571428571,1.7,0.14285714285714285,0.14285714285714285,0.2,0.89,-0.4,0.42857142857142855,0,1
0.14285714285714285,0.2857142857142857,0.7142857142857143,0,0.7142857142857143,0,0.8571428571428571,0,0.14285714285714285,0.5714285714285714,0,1,-1.3,0.14285714285714285,0.5,1
0.14285714285714285,0.2857142857142857,0.14285714285714285,55.9,0.7142857142857143,66.1,0.8571428571428571,-0.9,0.2857142857142857,0.2857142857142857,-0.1,0.2,0.4,0.42857142857142855,0,1
0.14285714285714285,0.14285714285714285,0.7142857142857143,17.3,0.14285714285714285,27.7,0.14285714285714285,-2.5,0.42857142857142855,0.5714285714285714,0,1,-0.8,0.42857142857142855,0.85,0
0.14285714285714285,0.14285714285714285,0.14285714285714285,52.4,0.14285714285714285,48.6,0.8571428571428571,-3.3,0.42857142857142855,0.2857142857142857,0.2,0.91,-0.8,0.14285714285714285,0.6,0
0.14285714285714285,0.2857142857142857,0.7142857142857143,0,0.7142857142857143,0,0.8571428571428571,-2.9,0.42857142857142855,0.5714285714285714,0.3,0.96,-0.8,0.2857142857142857,0.35,1
