Statistic,Value
Mean,15.8362869198
Std,3.85652383455
Max,19.0
Min,0.0
Var,14.8727760865
