statistic,value
mean,0.694808073659
max,0.909090909091
min,0.47619047619
var,0.0056999109374
std,0.0754977545189
