statistic,value
mean,0.689886688606
max,0.861111111111
min,0.542857142857
var,0.00439218272644
std,0.066273544695
