algorithm,desc,actualScore,new score
auto,KNN,0.461538461538,0.575757575758
auto,KNN,0.461538461538,0.575757575758
ball_tree,KNN,0.461538461538,0.575757575758
ball_tree,KNN,0.461538461538,0.575757575758
