algorithm,desc,actualScore,new score
auto,KNN,0.461538461538,0.357142857143
auto,KNN,0.461538461538,0.357142857143
ball_tree,KNN,0.461538461538,0.357142857143
ball_tree,KNN,0.461538461538,0.357142857143
