algorithm,desc,actualScore,new score
auto,KNN,0.461538461538,0.576923076923
auto,KNN,0.461538461538,0.576923076923
ball_tree,KNN,0.461538461538,0.576923076923
ball_tree,KNN,0.461538461538,0.576923076923
