AAWt,AAMt,Sstruct,SaccW,ShbondsW,SaccM,ShbondsM,yDDG,Result,Positiontype,ProteinPropens,Positionaccept,MOSST,SectorSuperficie,Functionalrelevancefunction,Clinical
0.2857142857142857,0.14285714285714285,0.42857142857142855,67.5,0.42857142857142855,32.5,0.14285714285714285,-0.3,0.14285714285714285,0.2857142857142857,0.7,0.87,0.1,0.14285714285714285,0.25,0
0.14285714285714285,0.2857142857142857,0.42857142857142855,3.2,0.42857142857142855,33.2,0.7142857142857143,-5.8,0.5714285714285714,0.5714285714285714,0.5,0.92,-0.8,0.14285714285714285,0.6,1
0.14285714285714285,0.14285714285714285,0.42857142857142855,21.2,0.5714285714285714,25.6,0.7142857142857143,0.8,0.2857142857142857,0.14285714285714285,0,0.83,-0.6,0.14285714285714285,0.25,0
0.14285714285714285,0.14285714285714285,0.14285714285714285,63.3,0.42857142857142855,98.4,0.14285714285714285,0.7,0.2857142857142857,0.5714285714285714,0,1,-0.5,0.14285714285714285,1,1
0.14285714285714285,0.14285714285714285,0.42857142857142855,15.5,0.5714285714285714,12.6,0.7142857142857143,-3.5,0.5714285714285714,0.2857142857142857,0.3,0.17,-0.1,0.14285714285714285,0.1,1
0.14285714285714285,0.2857142857142857,0.42857142857142855,0.3,0.5714285714285714,18,0.7142857142857143,-5.2,0.5714285714285714,0.5714285714285714,0.3,0.95,-0.7,0.14285714285714285,0.1,0
0.2857142857142857,0.14285714285714285,0.42857142857142855,7.3,0.5714285714285714,14.4,0.7142857142857143,-2.2,0.5714285714285714,0.5714285714285714,0,1,-0.9,0.14285714285714285,0.95,0
