Statistic,Value
Mean,0.631171276762
Std,0.140172980754
Max,0.933333333333
Min,0.0
Var,0.0196484645335
