AAWt,AAMt,Sstruct,SaccW,ShbondsW,SaccM,ShbondsM,yDDG,Result,Positiontype,ProteinPropens,Positionaccept,MOSST,SectorSuperficie,Functionalrelevancefunction,Clinical
0.181818181818,0.272727272727,0.363636363636,65.1,0.181818181818,64.1,0.272727272727,-0.4,0.545454545455,0.545454545455,0.1,0.8,0,0.181818181818,0.5,1
0.0909090909091,0.272727272727,0.272727272727,0,0.727272727273,3.2,0.636363636364,-0.9,0.181818181818,0.454545454545,0,1,-0.8,0.181818181818,0.15,1
0.272727272727,0.181818181818,0.272727272727,66.5,0.0909090909091,53.3,0.636363636364,0.3,0.545454545455,0.545454545455,0.7,0.85,-0.3,0.0909090909091,0.25,1
0.272727272727,0.181818181818,0.0909090909091,39.9,0.727272727273,26.9,0.272727272727,-0.3,0.545454545455,0.545454545455,0.4,0.56,0.6,0.0909090909091,0,1
0.272727272727,0.181818181818,0.181818181818,0,0.727272727273,0,0.636363636364,0.7,0.545454545455,0.454545454545,0,1,-0.7,0.0909090909091,0.5,0
0.0909090909091,0.0909090909091,0.363636363636,12.8,0.727272727273,17.4,0.0909090909091,-1.2,0.181818181818,0.454545454545,0,1,-0.8,0.0909090909091,0.6,0
0.181818181818,0.272727272727,0.363636363636,65.1,0.181818181818,64.1,0.272727272727,-0.4,0.545454545455,0.545454545455,0.1,0.8,0,0.181818181818,0.5,1
0.0909090909091,0.0909090909091,0.181818181818,0,0.727272727273,2.3,0.636363636364,-5,0.0909090909091,0.454545454545,0,1,-0.9,0.0909090909091,0.25,0
0.0909090909091,0.181818181818,0.0909090909091,61,0.727272727273,93.7,0.636363636364,0.3,0.545454545455,0.545454545455,0.1,0.76,0.7,0.181818181818,0.2,1
0.181818181818,0.0909090909091,0.272727272727,0,0.727272727273,0.2,0.636363636364,-1.7,0.181818181818,0.545454545455,0.7,0.78,0.2,0.181818181818,0.1,1
0.181818181818,0.0909090909091,0.363636363636,93.3,0.727272727273,90.2,0.636363636364,-0.5,0.181818181818,0.454545454545,0,1,-1.1,0.181818181818,0.3,0
