AAWt,AAMt,Sstruct,SaccW,ShbondsW,SaccM,ShbondsM,yDDG,Result,Positiontype,ProteinPropens,Positionaccept,MOSST,SectorSuperficie,Functionalrelevancefunction,Clinical
0.181818181818,0.0909090909091,0.181818181818,99.4,0.181818181818,98.6,0.181818181818,-0.5,0.272727272727,0.272727272727,-0.1,0.71,-0.1,0.0909090909091,0.2,0
0.0909090909091,0.0909090909091,0.454545454545,0,0.727272727273,0,0.727272727273,0.7,0.272727272727,0.636363636364,0,1,-0.7,0.0909090909091,0.5,0
0.181818181818,0.0909090909091,0.454545454545,12.1,0.0909090909091,28.6,0.727272727273,1.5,0.272727272727,0.636363636364,0.3,0.97,-0.7,0.272727272727,0.6,1
0.181818181818,0.272727272727,0.181818181818,68.8,0.181818181818,83.3,0.181818181818,0.4,0.272727272727,0.636363636364,0,1,-1.2,0.272727272727,0,0
0.0909090909091,0.272727272727,0.181818181818,25.3,0.727272727273,56.7,0.0909090909091,1.2,0.272727272727,0.636363636364,0.3,0.97,-0.7,0.0909090909091,0.25,0
0.181818181818,0.181818181818,0.454545454545,14.1,0.727272727273,33,0.727272727273,-1.7,0.181818181818,0.272727272727,0.7,0.85,-0.5,0.363636363636,0.5,1
0.181818181818,0.272727272727,0.181818181818,0,0.727272727273,0.3,0.727272727273,-3.6,0.181818181818,0.272727272727,0.7,0.78,-0.6,0.0909090909091,0.1,0
0.0909090909091,0.0909090909091,0.454545454545,0,0.727272727273,0,0.727272727273,-1.3,0.181818181818,0.0909090909091,0.7,0.25,-0.1,0.363636363636,0,1
0.0909090909091,0.181818181818,0.454545454545,1.2,0.727272727273,0.8,0.727272727273,-5,0.181818181818,0.636363636364,0,1,-0.9,0.363636363636,0.1,0
0.0909090909091,0.0909090909091,0.181818181818,46.3,0.727272727273,11.6,0.727272727273,1.8,0.272727272727,0.636363636364,0,1,-1,0.363636363636,0.35,1
0.181818181818,0.0909090909091,0.181818181818,93.3,0.727272727273,90.2,0.727272727273,-0.5,0.0909090909091,0.636363636364,0,1,-1.1,0.272727272727,0.3,0
