AAWt,AAMt,Sstruct,SaccW,ShbondsW,SaccM,ShbondsM,yDDG,Result,Positiontype,ProteinPropens,Positionaccept,MOSST,SectorSuperficie,Functionalrelevancefunction,Clinical
0.197783015141,0.0988915075707,0.0988915075707,0.0,0.395566030283,0.0791132060565,0.296674522712,-0.672462251481,0.0988915075707,0.197783015141,0.276896221198,0.308541503621,0.0791132060565,0.0988915075707,0.0395566030283,1
0.00274049546948,0.00274049546948,0.00274049546948,0.576600246778,0.0109619818779,0.816667649904,0.00822148640843,0.00328859456337,0.00274049546948,0.00274049546948,0.0,0.0109619818779,-0.0120581800657,0.00274049546948,0.00876958550233,1
0.0503018617762,0.0251509308881,0.0503018617762,0.0,0.100603723552,0.935614629037,0.0251509308881,-0.301811170657,0.0503018617762,0.0251509308881,0.0905433511971,0.0472837500696,-0.0402414894209,0.0251509308881,0.0352113032433,0
0.00787208088591,0.00787208088591,0.0157441617718,0.632915303227,0.0314883235437,0.762017429756,0.0236162426577,-0.125953294175,0.0157441617718,0.0157441617718,0.00629766470873,0.0185781108908,-0.00314883235437,0.00787208088591,0.00314883235437,1
