AAWt,AAMt,Sstruct,SaccW,ShbondsW,SaccM,ShbondsM,yDDG,Result,Positiontype,ProteinPropens,Positionaccept,MOSST,SectorSuperficie,Functionalrelevancefunction,Clinical
0.09090909090909091,0.2727272727272727,0.36363636363636365,6,0.7272727272727273,5.7,0.9090909090909091,2.9,0.09090909090909091,0.2727272727272727,0.5,0.61,-0.4,0.09090909090909091,0.6,0
0.09090909090909091,0.09090909090909091,0.09090909090909091,6.8,0.7272727272727273,6.3,0.9090909090909091,-0.7,0.18181818181818182,0.5454545454545454,0.3,0.97,-0.3,0.18181818181818182,0.2,1
0.18181818181818182,0.2727272727272727,0.09090909090909091,4.2,0.7272727272727273,13.7,0.9090909090909091,-6.5,0.2727272727272727,0.5454545454545454,1,0.95,-0.9,0.09090909090909091,0.1,0
0.09090909090909091,0.2727272727272727,0.2727272727272727,0,0.7272727272727273,0,0.9090909090909091,-3.4,0.2727272727272727,0.5454545454545454,0.3,0.96,-1,0.09090909090909091,0.35,1
0.18181818181818182,0.2727272727272727,0.2727272727272727,74,0.2727272727272727,96.2,0.9090909090909091,1.6,0.2727272727272727,0.18181818181818182,0.9,0.76,-0.3,0.2727272727272727,0.1,1
0.18181818181818182,0.2727272727272727,0.18181818181818182,93.3,0.7272727272727273,90.2,0.9090909090909091,-0.5,0.18181818181818182,0.5454545454545454,0,1,-1.1,0.18181818181818182,0.3,0
0.09090909090909091,0.09090909090909091,0.36363636363636365,11.1,0.7272727272727273,11.3,0.9090909090909091,1.4,0.2727272727272727,0.2727272727272727,0.5,0.91,-0.4,0.2727272727272727,0.5,1
0.18181818181818182,0.2727272727272727,0.2727272727272727,74,0.2727272727272727,96.2,0.9090909090909091,1.6,0.2727272727272727,0.18181818181818182,0.9,0.76,-0.3,0.2727272727272727,0.1,1
0.09090909090909091,0.09090909090909091,0.18181818181818182,6.7,0.7272727272727273,38.3,0.9090909090909091,-2.2,0.2727272727272727,0.2727272727272727,0.7,0.78,-0.5,0.18181818181818182,0.5,0
0.09090909090909091,0.09090909090909091,0.36363636363636365,26.8,0.7272727272727273,40.7,0.9090909090909091,0,0.09090909090909091,0.5454545454545454,0,1,-1.2,0.09090909090909091,0.1,0
0.09090909090909091,0.09090909090909091,0.36363636363636365,50.3,0.2727272727272727,55,0.09090909090909091,-1.6,0.09090909090909091,0.5454545454545454,0,1,-1.1,0.18181818181818182,0.1,0
