Metric,Score
accuracy,0.575757575758
recall,0.181818181818
precision,0.181818181818
