Statistic,Value
Mean,0.245042470156
Std,0.156487472173
Max,0.5
Min,0.0
Var,0.024488328947
