AAWt,AAMt,Sstruct,SaccW,ShbondsW,SaccM,ShbondsM,yDDG,Result,Positiontype,ProteinPropens,Positionaccept,MOSST,SectorSuperficie,Functionalrelevancefunction,Clinical
0.07745656872336218,0.15491313744672436,0.15491313744672436,0.0929478824680346,0.23236970617008654,0.12393050995737949,0.23236970617008654,-0.8365309422123116,0.07745656872336218,0.07745656872336218,0.0929478824680346,0.2943349611487763,0.0,0.07745656872336218,0.030982627489344872,1
0.00885593714893983,0.01771187429787966,0.01771187429787966,0.8607970908769516,0.02656781144681949,0.5030172300597823,0.02656781144681949,0.05313562289363898,0.00885593714893983,0.00885593714893983,0.0,0.014523736924261321,0.024796624017031522,0.00885593714893983,0.0,1
0.039567860379280534,0.039567860379280534,0.07913572075856107,0.7755300634338985,0.039567860379280534,0.4748143245513664,0.039567860379280534,0.3323700271859565,0.039567860379280534,0.07913572075856107,0.1107900090619855,0.11553815230749916,-0.03165428830342443,0.039567860379280534,0.1187035811378416,0
0.10246073739582613,0.10246073739582613,0.20492147479165226,0.0,0.30738221218747835,0.08196858991666091,0.30738221218747835,-0.6967330142916176,0.10246073739582613,0.20492147479165226,0.28689006470831313,0.3196775006749775,0.08196858991666091,0.10246073739582613,0.040984294958330454,1
