AAWt,AAMt,Sstruct,SaccW,ShbondsW,SaccM,ShbondsM,yDDG,Result,Positiontype,ProteinPropens,Positionaccept,MOSST,SectorSuperficie,Functionalrelevancefunction,Clinical
0.153846153846,0.0769230769231,0.615384615385,23.5,0.769230769231,38.4,0.692307692308,-1.6,0.230769230769,0.230769230769,0,1,-0.9,0.153846153846,0.6,0
0.153846153846,0.0769230769231,0.307692307692,1.4,0.769230769231,2,0.692307692308,-1.4,0.230769230769,0.230769230769,0,1,-0.6,0.461538461538,0.1,0
0.153846153846,0.0769230769231,0.615384615385,14.4,0.153846153846,20.5,0.230769230769,-3.1,0.230769230769,0.153846153846,0.2,0.48,-0.2,0.461538461538,0.8,0
0.0769230769231,0.0769230769231,0.307692307692,40.3,0.769230769231,46.6,0.230769230769,-2.2,0.230769230769,0.538461538462,0.6,0.87,-0.6,0.153846153846,0.6,0
0.0769230769231,0.0769230769231,0.615384615385,41.5,0.769230769231,34.9,0.692307692308,1,0.230769230769,0.0769230769231,0.9,0.26,0.5,0.153846153846,0,1
0.0769230769231,0.153846153846,0.307692307692,6.7,0.769230769231,25.3,0.692307692308,1.2,0.230769230769,0.538461538462,0.7,0.78,-0.6,0.461538461538,0.5,1
0.230769230769,0.153846153846,0.615384615385,21.2,0.769230769231,25.6,0.692307692308,0.8,0.230769230769,0.538461538462,0,0.83,-0.6,0.0769230769231,0.25,0
0.230769230769,0.0769230769231,0.615384615385,25.4,0.769230769231,36.1,0.692307692308,-1,0.230769230769,0.230769230769,0,1,-0.5,0.0769230769231,0,0
0.0769230769231,0.0769230769231,0.615384615385,16.3,0.769230769231,30.7,0.692307692308,1,0.230769230769,0.538461538462,0.8,0.74,-0.4,0.0769230769231,0.65,1
0.153846153846,0.153846153846,0.615384615385,14.4,0.153846153846,17.1,0.230769230769,1.1,0.230769230769,0.153846153846,0.2,0.48,0.8,0.461538461538,0.8,0
0.153846153846,0.0769230769231,0.307692307692,52.4,0.0769230769231,29.7,0.692307692308,-2.3,0.230769230769,0.538461538462,0.2,0.91,-0.8,0.461538461538,0.6,0
0.230769230769,0.0769230769231,0.0769230769231,61,0.769230769231,93.7,0.692307692308,0.3,0.0769230769231,0.538461538462,0.1,0.76,0.7,0.461538461538,0.2,1
0.153846153846,0.153846153846,0.615384615385,74.6,0.769230769231,70.3,0.0769230769231,1.1,0.230769230769,0.538461538462,0,0.79,-0.3,0.153846153846,0.35,1
