AAWt,AAMt,Sstruct,SaccW,ShbondsW,SaccM,ShbondsM,yDDG,Result,Positiontype,ProteinPropens,Positionaccept,MOSST,SectorSuperficie,Functionalrelevancefunction,Clinical
0.181818181818,0.272727272727,0.272727272727,0,0.818181818182,0,0.818181818182,0,0.363636363636,0.363636363636,0,1,-1.3,0.0909090909091,0.5,1
0.181818181818,0.181818181818,0.272727272727,0.2,0.818181818182,0.3,0.818181818182,-1.1,0.0909090909091,0.636363636364,0.6,0.89,-0.1,0.181818181818,0.1,0
0.0909090909091,0.272727272727,0.181818181818,7.3,0.818181818182,1.7,0.0909090909091,-2.3,0.454545454545,0.363636363636,0,1,-0.3,0.0909090909091,0.95,1
0.0909090909091,0.0909090909091,0.272727272727,6.7,0.818181818182,21.4,0.818181818182,-3.5,0.454545454545,0.636363636364,0.7,0.78,-0.1,0.363636363636,0.5,1
0.0909090909091,0.181818181818,0.272727272727,52.4,0.0909090909091,48.6,0.818181818182,-3.3,0.454545454545,0.636363636364,0.2,0.91,-0.8,0.363636363636,0.6,0
0.0909090909091,0.181818181818,0.181818181818,61,0.818181818182,89.4,0.818181818182,0,0.363636363636,0.636363636364,0.1,0.76,-0.1,0.363636363636,0.2,1
0.181818181818,0.0909090909091,0.272727272727,40.3,0.818181818182,36.1,0.818181818182,0.6,0.363636363636,0.636363636364,0.6,0.87,0.3,0.0909090909091,0.6,1
0.0909090909091,0.181818181818,0.272727272727,0,0.818181818182,2.4,0.818181818182,-0.8,0.0909090909091,0.363636363636,0,1,-0.5,0.0909090909091,0.35,1
0.0909090909091,0.181818181818,0.181818181818,3.9,0.0909090909091,15.2,0.818181818182,-2.4,0.454545454545,0.636363636364,0.5,0.88,-0.3,0.363636363636,0.5,0
0.0909090909091,0.181818181818,0.181818181818,0,0.818181818182,4.1,0.818181818182,-2.5,0.454545454545,0.363636363636,0,1,-0.8,0.181818181818,0.15,0
0.181818181818,0.272727272727,0.0909090909091,39.9,0.818181818182,26.9,0.0909090909091,-0.3,0.363636363636,0.636363636364,0.4,0.56,0.6,0.0909090909091,0,1
