AAWt,AAMt,Sstruct,SaccW,ShbondsW,SaccM,ShbondsM,yDDG,Result,Positiontype,ProteinPropens,Positionaccept,MOSST,SectorSuperficie,Functionalrelevancefunction,Clinical
0.00225327705106,0.00450655410213,0.0033799155766,0.682292291062,0.00225327705106,0.730963075365,0.00225327705106,0.000901310820425,0.00563319262766,0.00675983115319,0.000901310820425,0.00648943790706,0.0,0.00112663852553,0.000901310820425,1
0.00230968773234,0.00115484386617,0.00115484386617,0.56356380669,0.00577421933084,0.825944333084,0.00577421933084,0.0,0.00577421933084,0.00692906319701,0.000923875092935,0.00702145070631,-0.000923875092935,0.00115484386617,0.00184775018587,1
0.00115832502148,0.00463330008593,0.00231665004297,0.608815631291,0.00115832502148,0.793220974711,0.00231665004297,0.00277998005156,0.00579162510741,0.0069499501289,0.00370664006874,0.00129732402406,-0.000926660017186,0.00115832502148,0.00138999002578,1
0.00234351269817,0.00234351269817,0.00468702539634,0.851163811975,0.0117175634908,0.521197224073,0.0117175634908,-0.0562443047561,0.00234351269817,0.014061076189,0.00187481015854,0.0106864179037,-0.00749924063414,0.00468702539634,0.00187481015854,1
0.00759345660967,0.0151869132193,0.00759345660967,0.595326998198,0.0189836415242,0.795794252693,0.0189836415242,0.100233627248,0.00379672830483,0.022780369829,-0.00303738264387,0.0182242958632,-0.0151869132193,0.00759345660967,0.0045560739658,0
0.00358972588255,0.00358972588255,0.0107691776476,0.468100255084,0.0179486294127,0.881636676754,0.0179486294127,0.0287178070604,0.00358972588255,0.0215383552953,0.0229742456483,0.0212511772247,-0.0114871228242,0.0071794517651,0.0186665745893,1
0.00214571313212,0.00429142626425,0.00214571313212,0.543294565054,0.00214571313212,0.839402977286,0.00107285656606,-0.0034331410114,0.00536428283031,0.00214571313212,0.0,0.00858285252849,-0.00257485575855,0.00107285656606,0.00858285252849,1
0.0163806811399,0.0163806811399,0.0491420434198,0.956631778571,0.0819034056996,0.0786272694716,0.0819034056996,0.0,0.0819034056996,0.0327613622798,0.0,0.131045449119,-0.144149994031,0.0327613622798,0.124493176663,1
