AAWt,AAMt,Sstruct,SaccW,ShbondsW,SaccM,ShbondsM,yDDG,Result,Positiontype,ProteinPropens,Positionaccept,MOSST,SectorSuperficie,Functionalrelevancefunction,Clinical
0.023347321843352923,0.023347321843352923,0.023347321843352923,0.6350471541391995,0.07004196553005877,0.7377753702499524,0.09338928737341169,-0.14008393106011754,0.023347321843352923,0.07004196553005877,0.028016786212023508,0.09058760875220935,-0.046694643686705846,0.023347321843352923,0.01867785747468234,1
0.004686266209943386,0.004686266209943386,0.01405879862983016,0.8510259437257189,0.01405879862983016,0.5211128025457046,0.018745064839773545,-0.05623519451932064,0.004686266209943386,0.004686266209943386,0.0018745064839773547,0.01068468695867092,-0.007498025935909419,0.004686266209943386,0.0018745064839773547,1
0.08747731351357967,0.08747731351357967,0.262431940540739,0.17495462702715933,0.262431940540739,0.06998185081086374,0.34990925405431866,0.524863881081478,0.08747731351357967,0.262431940540739,0.0,0.34990925405431866,-0.45488203027061425,0.08747731351357967,0.0,0
0.016166813549661003,0.016166813549661003,0.04850044064898301,0.7824737758035926,0.016166813549661003,0.6078721894672537,0.06466725419864401,0.045267077939050805,0.016166813549661003,0.04850044064898301,0.019400176259593203,0.06272723657268468,-0.012933450839728803,0.016166813549661003,0.038800352519186405,1
