AAWt,AAMt,Sstruct,SaccW,ShbondsW,SaccM,ShbondsM,yDDG,Result,Positiontype,ProteinPropens,Positionaccept,MOSST,SectorSuperficie,Functionalrelevancefunction,Clinical
0.0909090909091,0.181818181818,0.363636363636,29.8,0.727272727273,30.4,0.818181818182,-0.2,0.181818181818,0.272727272727,0,0.81,0.3,0.0909090909091,0.2,0
0.0909090909091,0.0909090909091,0.363636363636,0.3,0.727272727273,0.4,0.818181818182,-2.7,0.454545454545,0.636363636364,0.3,0.95,0,0.0909090909091,0.1,1
0.0909090909091,0.0909090909091,0.363636363636,12.8,0.727272727273,17.4,0.0909090909091,-1.2,0.181818181818,0.636363636364,0,1,-0.8,0.0909090909091,0.6,0
0.0909090909091,0.272727272727,0.363636363636,93.3,0.727272727273,96.3,0.818181818182,-1,0.181818181818,0.636363636364,0,1,-1,0.272727272727,0.3,1
0.0909090909091,0.0909090909091,0.363636363636,45.5,0.272727272727,50.6,0.0909090909091,1.2,0.0909090909091,0.272727272727,0.9,0.69,-0.2,0.0909090909091,0.1,1
0.0909090909091,0.181818181818,0.181818181818,84.5,0.727272727273,84.5,0.818181818182,0.3,0.181818181818,0.0909090909091,0.9,0.25,0.2,0.0909090909091,0.15,1
0.181818181818,0.0909090909091,0.363636363636,68.8,0.272727272727,71.5,0.818181818182,-3.7,0.454545454545,0.636363636364,0,1,-0.5,0.272727272727,0,0
0.181818181818,0.0909090909091,0.363636363636,68.8,0.272727272727,71.8,0.818181818182,-2.4,0.454545454545,0.636363636364,0,1,-1.1,0.272727272727,0,0
0.0909090909091,0.272727272727,0.181818181818,0,0.727272727273,4.1,0.818181818182,-2.5,0.454545454545,0.636363636364,0,1,-0.8,0.0909090909091,0.15,0
0.181818181818,0.0909090909091,0.0909090909091,42.5,0.727272727273,55.3,0.818181818182,0.7,0.0909090909091,0.272727272727,0.5,0.93,-0.6,0.181818181818,0.1,0
0.181818181818,0.272727272727,0.363636363636,1.2,0.727272727273,0.8,0.818181818182,-5,0.454545454545,0.636363636364,0,1,-0.9,0.181818181818,0.1,0
