AAWt,AAMt,Sstruct,SaccW,ShbondsW,SaccM,ShbondsM,yDDG,Result,Positiontype,ProteinPropens,Positionaccept,MOSST,SectorSuperficie,Functionalrelevancefunction,Clinical
0.153846153846,0.230769230769,0.384615384615,20.4,0.769230769231,47.5,0.769230769231,0.3,0.153846153846,0.0769230769231,0.6,0.84,0,0.0769230769231,0.1,0
0.153846153846,0.153846153846,0.230769230769,93.3,0.769230769231,96.3,0.769230769231,-1,0.153846153846,0.538461538462,0,1,-1,0.230769230769,0.3,1
0.153846153846,0.0769230769231,0.230769230769,0.3,0.769230769231,0,0.769230769231,-5.1,0.307692307692,0.538461538462,0.3,0.95,-0.9,0.153846153846,0.1,1
0.153846153846,0.230769230769,0.230769230769,0.2,0.769230769231,0.3,0.769230769231,-1.1,0.153846153846,0.384615384615,0.6,0.89,-0.1,0.230769230769,0.1,0
0.230769230769,0.153846153846,0.153846153846,3.9,0.230769230769,15.2,0.769230769231,-2.4,0.307692307692,0.384615384615,0.5,0.88,-0.3,0.230769230769,0.5,0
0.230769230769,0.0769230769231,0.384615384615,11.1,0.769230769231,46.4,0.153846153846,-0.4,0.153846153846,0.384615384615,0.5,0.91,-0.8,0.153846153846,0.5,0
0.0769230769231,0.153846153846,0.384615384615,0,0.769230769231,4.1,0.769230769231,-2.5,0.307692307692,0.538461538462,0,1,-0.8,0.230769230769,0.15,0
0.0769230769231,0.153846153846,0.230769230769,0.5,0.769230769231,0.2,0.769230769231,1.5,0.230769230769,0.538461538462,0,1,-1.3,0.230769230769,0,0
0.0769230769231,0.230769230769,0.384615384615,46.3,0.769230769231,11.6,0.769230769231,1.8,0.230769230769,0.538461538462,0,1,-1,0.153846153846,0.35,1
0.0769230769231,0.153846153846,0.153846153846,18.3,0.769230769231,42.6,0.769230769231,-2.1,0.307692307692,0.384615384615,0.5,0.85,-0.8,0.230769230769,0.8,0
0.0769230769231,0.0769230769231,0.230769230769,62.5,0.230769230769,76,0.0769230769231,-0.8,0.0769230769231,0.384615384615,0.7,0.59,0.4,0.0769230769231,0.25,1
0.0769230769231,0.0769230769231,0.230769230769,63.3,0.230769230769,98.4,0.153846153846,0.7,0.0769230769231,0.538461538462,0,1,-0.5,0.0769230769231,1,1
0.230769230769,0.153846153846,0.384615384615,0,0.769230769231,0,0.769230769231,1.9,0.230769230769,0.538461538462,0,1,-1.3,0.153846153846,0.75,0
