AAWt,AAMt,Sstruct,SaccW,ShbondsW,SaccM,ShbondsM,yDDG,Result,Positiontype,ProteinPropens,Positionaccept,MOSST,SectorSuperficie,Functionalrelevancefunction,Clinical
0.0909090909091,0.272727272727,0.363636363636,44.8,0.181818181818,47.1,0.636363636364,-1.4,0.0909090909091,0.181818181818,0.8,0.28,0.6,0.0909090909091,0.15,1
0.0909090909091,0.0909090909091,0.0909090909091,64.7,0.727272727273,68.4,0.181818181818,-0.3,0.363636363636,0.272727272727,0.7,0.53,0.2,0.0909090909091,0.1,1
0.0909090909091,0.272727272727,0.363636363636,74,0.0909090909091,87.1,0.636363636364,0.2,0.363636363636,0.181818181818,0.9,0.76,-0.3,0.181818181818,0.1,1
0.181818181818,0.272727272727,0.363636363636,11.1,0.727272727273,16.5,0.636363636364,0.2,0.363636363636,0.272727272727,0.5,0.91,-0.3,0.181818181818,0.5,0
0.0909090909091,0.272727272727,0.363636363636,62,0.181818181818,37.2,0.636363636364,-0.7,0.0909090909091,0.0909090909091,0.3,0.67,-0.4,0.181818181818,0.35,0
0.0909090909091,0.0909090909091,0.363636363636,111.8,0.727272727273,128.5,0.636363636364,-3,0.363636363636,0.272727272727,0.5,0.62,-0.3,0.0909090909091,0.55,0
0.272727272727,0.272727272727,0.363636363636,0,0.727272727273,16.9,0.636363636364,-3.2,0.363636363636,0.0909090909091,0.9,0.47,-0.2,0.0909090909091,0.35,1
0.181818181818,0.0909090909091,0.363636363636,0,0.727272727273,10,0.636363636364,-3.3,0.363636363636,0.363636363636,0,1,-0.5,0.0909090909091,0.75,0
0.0909090909091,0.272727272727,0.363636363636,0,0.727272727273,0,0.181818181818,0.6,0.0909090909091,0.363636363636,0,1,-1.1,0.181818181818,0.5,0
0.272727272727,0.0909090909091,0.181818181818,9.8,0.727272727273,17.2,0.181818181818,-3.4,0.363636363636,0.363636363636,0,1,-0.9,0.0909090909091,0.1,0
0.272727272727,0.0909090909091,0.181818181818,93.3,0.727272727273,99.2,0.181818181818,0.1,0.363636363636,0.363636363636,0,1,-1,0.0909090909091,0.3,1
