AAWt,AAMt,Sstruct,SaccW,ShbondsW,SaccM,ShbondsM,yDDG,Result,Positiontype,ProteinPropens,Positionaccept,MOSST,SectorSuperficie,Functionalrelevancefunction,Clinical
0.0769230769231,0.0769230769231,0.307692307692,14.4,0.153846153846,20.5,0.153846153846,-3.1,0.230769230769,0.0769230769231,0.2,0.48,-0.2,0.384615384615,0.8,0
0.0769230769231,0.0769230769231,0.307692307692,11.1,0.846153846154,23.1,0.615384615385,-0.4,0.230769230769,0.307692307692,0.5,0.91,0,0.230769230769,0.5,1
0.384615384615,0.0769230769231,0.307692307692,93.3,0.846153846154,96.3,0.615384615385,-1,0.230769230769,0.615384615385,0,1,-1,0.384615384615,0.3,1
0.384615384615,0.153846153846,0.384615384615,0.1,0.846153846154,4.9,0.615384615385,-4,0.230769230769,0.307692307692,0.5,0.9,-0.7,0.153846153846,0.1,0
0.384615384615,0.153846153846,0.307692307692,93.3,0.846153846154,92.8,0.615384615385,-0.6,0.153846153846,0.615384615385,0,1,-0.3,0.384615384615,0.3,0
0.0769230769231,0.153846153846,0.384615384615,0,0.846153846154,0,0.615384615385,-3.4,0.230769230769,0.615384615385,0.3,0.96,-1,0.0769230769231,0.35,1
0.0769230769231,0.0769230769231,0.384615384615,0,0.846153846154,0,0.230769230769,0.6,0.0769230769231,0.615384615385,0,1,-1.1,0.0769230769231,0.5,0
0.0769230769231,0.0769230769231,0.307692307692,75.7,0.153846153846,81.1,0.153846153846,0.1,0.230769230769,0.307692307692,0.1,0.72,0,0.0769230769231,0.1,1
0.0769230769231,0.0769230769231,0.384615384615,1.2,0.846153846154,3.8,0.615384615385,-1.7,0.230769230769,0.615384615385,0,1,-0.7,0.230769230769,0.1,1
0.0769230769231,0.0769230769231,0.384615384615,0,0.846153846154,0,0.615384615385,-0.8,0.153846153846,0.615384615385,0.3,0.96,0,0.153846153846,0.1,0
0.384615384615,0.153846153846,0.307692307692,1.4,0.846153846154,2,0.615384615385,-1.4,0.230769230769,0.615384615385,0,1,-0.6,0.384615384615,0.1,0
0.384615384615,0.0769230769231,0.307692307692,93.3,0.846153846154,102.6,0.230769230769,0.1,0.230769230769,0.615384615385,0,1,-1.1,0.384615384615,0.3,1
0.0769230769231,0.0769230769231,0.307692307692,74.6,0.846153846154,70.3,0.230769230769,1.1,0.0769230769231,0.307692307692,0,0.79,-0.3,0.230769230769,0.35,1
