Metric,Score
accuracy,0.601874643875
recall,0.512820512821
precision,0.619423354423
neg_log_loss,-0.749881856827
f1,0.548761904762
