Metric,Score
accuracy,0.769230769231
recall,0.230769230769
precision,0.230769230769
