Statistic,Value
Mean,2.04429752066
Std,1.25223850532
Max,4.0
Min,0.0
Var,1.5681012742
