AAWt,AAMt,Sstruct,SaccW,ShbondsW,SaccM,ShbondsM,yDDG,Result,Positiontype,ProteinPropens,Positionaccept,MOSST,SectorSuperficie,Functionalrelevancefunction,Clinical
0.272727272727,0.272727272727,0.0909090909091,35.5,0.727272727273,58.8,0.0909090909091,-1.1,0.0909090909091,0.454545454545,0.3,0.95,-0.8,0.181818181818,0.1,0
0.272727272727,0.363636363636,0.272727272727,12.1,0.0909090909091,28.6,0.909090909091,1.5,0.181818181818,0.454545454545,0.3,0.97,-0.7,0.181818181818,0.6,1
0.0909090909091,0.0909090909091,0.545454545455,50.3,0.181818181818,72.2,0.909090909091,-2.4,0.181818181818,0.454545454545,0,1,-0.7,0.0909090909091,0.1,0
0.272727272727,0.272727272727,0.272727272727,0.1,0.727272727273,0.3,0.909090909091,-3.1,0.181818181818,0.454545454545,0.5,0.9,-0.7,0.454545454545,0.1,1
0.0909090909091,0.272727272727,0.545454545455,0,0.727272727273,3.2,0.909090909091,-0.9,0.272727272727,0.454545454545,0,1,-0.8,0.454545454545,0.15,1
0.272727272727,0.0909090909091,0.545454545455,0,0.727272727273,0.2,0.909090909091,0,0.0909090909091,0.454545454545,0.7,0.78,0,0.454545454545,0.1,0
0.272727272727,0.363636363636,0.545454545455,6,0.727272727273,5.7,0.909090909091,2.9,0.181818181818,0.454545454545,0.5,0.61,-0.4,0.454545454545,0.6,0
0.272727272727,0.363636363636,0.0909090909091,83.7,0.727272727273,89.9,0.909090909091,-1,0.272727272727,0.0909090909091,0.7,0.47,-0.1,0.454545454545,0.25,1
0.0909090909091,0.0909090909091,0.272727272727,4.9,0.181818181818,2.1,0.909090909091,2.5,0.181818181818,0.454545454545,0.7,0.73,-0.4,0.272727272727,0.75,1
0.0909090909091,0.363636363636,0.545454545455,7.3,0.727272727273,12.6,0.909090909091,1.4,0.181818181818,0.454545454545,0,1,-1,0.272727272727,0.95,0
0.0909090909091,0.0909090909091,0.545454545455,55.9,0.727272727273,66.1,0.909090909091,-0.9,0.272727272727,0.454545454545,-0.1,0.2,0.4,0.272727272727,0,1
