AAWt,AAMt,Sstruct,SaccW,ShbondsW,SaccM,ShbondsM,yDDG,Result,Positiontype,ProteinPropens,Positionaccept,MOSST,SectorSuperficie,Functionalrelevancefunction,Clinical
0.0020789051159803553,0.006236715347941066,0.004157810231960711,0.5166079213211183,0.012473430695882132,0.8556773457375143,0.004157810231960711,-0.01600756939304874,0.006236715347941066,0.006236715347941066,0.004365700743558746,0.013824719021269364,-0.011641868649489991,0.004157810231960711,0.0014552335811862489,0
0.005229380129868909,0.005229380129868909,0.010458760259737817,0.6332779337271249,0.005229380129868909,0.7687188790907296,0.020917520519475635,-0.054908491363623545,0.015688140389606725,0.015688140389606725,0.0,0.03660566090908236,-0.03660566090908236,0.015688140389606725,0.031114811772720005,1
0.13045440156530663,0.19568160234795992,0.19568160234795992,0.0,0.39136320469591984,0.04565904054785732,0.26090880313061326,-0.6848856082178598,0.19568160234795992,0.13045440156530663,-0.04565904054785732,0.29221785950628687,-0.2282952027392866,0.13045440156530663,0.04565904054785732,1
0.001805966253512559,0.003611932507025118,0.003611932507025118,0.4677452596597528,0.010835797521075354,0.8836592878436952,0.001805966253512559,-0.005056705509835165,0.001805966253512559,0.003611932507025118,0.0025283527549175826,0.011251169759383242,-0.0025283527549175826,0.005417898760537677,0.0,0
0.017717405228498486,0.03543481045699697,0.05315221568549546,0.9053594071762727,0.10630443137099092,0.210837122219132,0.03543481045699697,-0.2852502241788256,0.03543481045699697,0.05315221568549546,0.0,0.12402183659948941,-0.03720655097984682,0.05315221568549546,0.11782074476951494,1
0.010123647718665927,0.005061823859332963,0.015185471577998889,0.8610162384725372,0.030370943155997778,0.5031452916176965,0.020247295437331853,0.05314915052299612,0.005061823859332963,0.005061823859332963,0.0,0.014527434476285603,0.02480293691073152,0.010123647718665927,0.0,1
0.003664510961274791,0.010993532883824373,0.007329021922549582,0.1718655640837877,0.021987065767648747,0.9824553887177714,0.014658043845099163,-0.05643346880363179,0.007329021922549582,0.003664510961274791,0.017956103710246474,0.02000822984856036,-0.01282578836446177,0.007329021922549582,0.01282578836446177,0
