AAWt,AAMt,Sstruct,SaccW,ShbondsW,SaccM,ShbondsM,yDDG,Result,Positiontype,ProteinPropens,Positionaccept,MOSST,SectorSuperficie,Functionalrelevancefunction,Clinical
0.153846153846,0.0769230769231,0.307692307692,52.4,0.230769230769,48.6,0.538461538462,-3.3,0.384615384615,0.461538461538,0.2,0.91,-0.8,0.307692307692,0.6,0
0.0769230769231,0.0769230769231,0.153846153846,14.4,0.153846153846,19.1,0.230769230769,-2.6,0.384615384615,0.0769230769231,0.2,0.48,-0.1,0.307692307692,0.8,0
0.230769230769,0.230769230769,0.307692307692,93.3,0.615384615385,90.2,0.538461538462,-0.5,0.0769230769231,0.307692307692,0,1,-1.1,0.307692307692,0.3,0
0.0769230769231,0.0769230769231,0.307692307692,65.7,0.230769230769,85.6,0.230769230769,0.3,0.307692307692,0.461538461538,0.4,0.14,-0.1,0.0769230769231,0.15,1
0.230769230769,0.0769230769231,0.384615384615,0.1,0.615384615385,0.1,0.538461538462,-3.2,0.384615384615,0.461538461538,0.5,0.9,-0.8,0.153846153846,0.1,0
0.153846153846,0.0769230769231,0.384615384615,0,0.615384615385,0,0.538461538462,1.9,0.0769230769231,0.153846153846,0.7,0.25,1.1,0.153846153846,0,1
0.0769230769231,0.230769230769,0.0769230769231,25.3,0.615384615385,40.3,0.230769230769,0.1,0.307692307692,0.307692307692,0.3,0.97,-1,0.153846153846,0.25,0
0.153846153846,0.230769230769,0.384615384615,4.9,0.153846153846,3,0.230769230769,2.1,0.0769230769231,0.461538461538,0.7,0.73,-0.2,0.153846153846,0.75,0
0.0769230769231,0.0769230769231,0.384615384615,0,0.615384615385,5.2,0.538461538462,-5,0.384615384615,0.307692307692,0,1,-0.9,0.153846153846,0.35,1
0.0769230769231,0.230769230769,0.0769230769231,6.8,0.615384615385,8.6,0.230769230769,0.5,0.307692307692,0.307692307692,0.3,0.97,-0.6,0.0769230769231,0.2,0
0.0769230769231,0.230769230769,0.153846153846,50.8,0.615384615385,23.9,0.538461538462,-1.8,0.0769230769231,0.461538461538,1,0.63,-0.3,0.0769230769231,0.25,0
0.230769230769,0.230769230769,0.384615384615,15.5,0.615384615385,12.6,0.538461538462,-3.5,0.384615384615,0.153846153846,0.3,0.17,-0.1,0.153846153846,0.1,1
0.153846153846,0.0769230769231,0.307692307692,52.4,0.230769230769,48,0.230769230769,-0.2,0.307692307692,0.461538461538,0.2,0.91,-0.7,0.307692307692,0.6,0
