AAWt,AAMt,Sstruct,SaccW,ShbondsW,SaccM,ShbondsM,yDDG,Result,Positiontype,ProteinPropens,Positionaccept,MOSST,SectorSuperficie,Functionalrelevancefunction,Clinical
0.18181818181818182,0.18181818181818182,0.36363636363636365,20.1,0.9090909090909091,24.2,0.9090909090909091,-4,0.45454545454545453,0.2727272727272727,0.2,0.59,-0.1,0.09090909090909091,0.1,1
0.09090909090909091,0.18181818181818182,0.18181818181818182,25.4,0.9090909090909091,36.1,0.9090909090909091,-1,0.18181818181818182,0.7272727272727273,0,1,-0.5,0.09090909090909091,0,0
0.18181818181818182,0.09090909090909091,0.18181818181818182,3.9,0.09090909090909091,2.4,0.9090909090909091,1.4,0.09090909090909091,0.2727272727272727,0.5,0.88,-0.7,0.36363636363636365,0.5,0
0.18181818181818182,0.09090909090909091,0.2727272727272727,12.8,0.9090909090909091,39.6,0.09090909090909091,2.7,0.09090909090909091,0.7272727272727273,0,1,-0.5,0.09090909090909091,0.6,0
0.18181818181818182,0.18181818181818182,0.36363636363636365,0,0.9090909090909091,0,0.9090909090909091,-5.3,0.45454545454545453,0.7272727272727273,0,1,-1.1,0.18181818181818182,0.35,1
0.18181818181818182,0.18181818181818182,0.18181818181818182,0,0.9090909090909091,0,0.9090909090909091,0.3,0.18181818181818182,0.7272727272727273,0,1,-0.9,0.09090909090909091,0.75,1
0.18181818181818182,0.18181818181818182,0.2727272727272727,1.4,0.9090909090909091,2,0.9090909090909091,-4.9,0.45454545454545453,0.7272727272727273,0,1,-1,0.36363636363636365,0.1,0
0.18181818181818182,0.09090909090909091,0.18181818181818182,18.3,0.9090909090909091,42.6,0.9090909090909091,-2.1,0.45454545454545453,0.2727272727272727,0.5,0.85,-0.8,0.36363636363636365,0.8,0
0.09090909090909091,0.09090909090909091,0.36363636363636365,0,0.9090909090909091,0,0.9090909090909091,-2.2,0.45454545454545453,0.7272727272727273,0.3,0.96,-0.4,0.18181818181818182,0.35,0
0.18181818181818182,0.09090909090909091,0.2727272727272727,1.4,0.9090909090909091,2,0.9090909090909091,-1.4,0.18181818181818182,0.7272727272727273,0,1,-0.6,0.36363636363636365,0.1,0
0.09090909090909091,0.18181818181818182,0.36363636363636365,0,0.9090909090909091,0,0.9090909090909091,-0.2,0.18181818181818182,0.7272727272727273,0,1,-0.8,0.09090909090909091,0.5,0
