AAWt,AAMt,Sstruct,SaccW,ShbondsW,SaccM,ShbondsM,yDDG,Result,Positiontype,ProteinPropens,Positionaccept,MOSST,SectorSuperficie,Functionalrelevancefunction,Clinical
0.142857142857,0.142857142857,0.285714285714,74,0.428571428571,87.1,0.714285714286,0.2,0.285714285714,0.142857142857,0.9,0.76,-0.3,0.142857142857,0.1,1
0.142857142857,0.142857142857,0.285714285714,6,0.571428571429,4.7,0.714285714286,0.5,0.285714285714,0.714285714286,0.5,0.61,-0.3,0.142857142857,0.6,1
0.142857142857,0.142857142857,0.285714285714,111.8,0.571428571429,92.1,0.714285714286,-0.5,0.142857142857,0.714285714286,0.5,0.62,-0.1,0.285714285714,0.55,0
0.142857142857,0.142857142857,0.285714285714,3.9,0.428571428571,2.6,0.714285714286,-1.8,0.142857142857,0.714285714286,0.5,0.88,0,0.428571428571,0.5,1
0.142857142857,0.142857142857,0.285714285714,18.3,0.571428571429,29.5,0.714285714286,0.8,0.285714285714,0.714285714286,0.5,0.85,-0.5,0.428571428571,0.8,0
0.142857142857,0.142857142857,0.285714285714,45.5,0.428571428571,50.6,0.142857142857,1.2,0.142857142857,0.714285714286,0.9,0.69,-0.2,0.285714285714,0.1,1
0.142857142857,0.142857142857,0.142857142857,93.3,0.571428571429,99.2,0.142857142857,0.1,0.285714285714,0.142857142857,0,1,-1,0.428571428571,0.3,1
