AAWt,AAMt,Sstruct,SaccW,ShbondsW,SaccM,ShbondsM,yDDG,Result,Positiontype,ProteinPropens,Positionaccept,MOSST,SectorSuperficie,Functionalrelevancefunction,Clinical
0.09090909090909091,0.09090909090909091,0.18181818181818182,26.8,0.8181818181818182,54.1,1.0,-2.8,0.5454545454545454,0.5454545454545454,0,1,-1.2,0.09090909090909091,0.1,0
0.45454545454545453,0.45454545454545453,0.09090909090909091,4.2,0.8181818181818182,13.7,1.0,-6.5,0.5454545454545454,0.5454545454545454,1,0.95,-0.9,0.09090909090909091,0.1,0
0.45454545454545453,0.45454545454545453,0.45454545454545453,15.5,0.8181818181818182,12.6,1.0,-3.5,0.5454545454545454,0.2727272727272727,0.3,0.17,-0.1,0.09090909090909091,0.1,1
0.45454545454545453,0.45454545454545453,0.2727272727272727,1.4,0.8181818181818182,2,1.0,-4.9,0.5454545454545454,0.5454545454545454,0,1,-1,0.2727272727272727,0.1,0
0.09090909090909091,0.45454545454545453,0.45454545454545453,40.5,0.8181818181818182,29.7,1.0,-3.3,0.5454545454545454,0.2727272727272727,0.3,0.44,-0.3,0.36363636363636365,0.6,0
0.09090909090909091,0.45454545454545453,0.45454545454545453,74,0.18181818181818182,87.1,1.0,0.2,0.09090909090909091,0.2727272727272727,0.9,0.76,-0.3,0.36363636363636365,0.1,1
0.09090909090909091,0.09090909090909091,0.45454545454545453,20.1,0.8181818181818182,24.2,1.0,-4,0.5454545454545454,0.18181818181818182,0.2,0.59,-0.1,0.36363636363636365,0.1,1
0.45454545454545453,0.09090909090909091,0.2727272727272727,93.3,0.8181818181818182,92.8,1.0,-0.6,0.09090909090909091,0.5454545454545454,0,1,-0.3,0.2727272727272727,0.3,0
0.09090909090909091,0.09090909090909091,0.45454545454545453,4.9,0.18181818181818182,2.1,1.0,2.5,0.09090909090909091,0.18181818181818182,0.7,0.73,-0.4,0.36363636363636365,0.75,1
0.09090909090909091,0.09090909090909091,0.18181818181818182,25.4,0.8181818181818182,38.2,1.0,0.8,0.09090909090909091,0.5454545454545454,0,1,-1.3,0.09090909090909091,0,1
0.45454545454545453,0.09090909090909091,0.2727272727272727,93.3,0.8181818181818182,96.3,1.0,-1,0.09090909090909091,0.5454545454545454,0,1,-1,0.2727272727272727,0.3,1
