AAWt,AAMt,Sstruct,SaccW,ShbondsW,SaccM,ShbondsM,yDDG,Result,Positiontype,ProteinPropens,Positionaccept,MOSST,SectorSuperficie,Functionalrelevancefunction,Clinical
0.0909090909091,0.181818181818,0.0909090909091,61,1.0,89.4,1.0,0,0.272727272727,0.181818181818,0.1,0.76,-0.1,0.0909090909091,0.2,1
0.181818181818,0.181818181818,0.181818181818,11.9,1.0,15.2,1.0,-2.3,0.454545454545,0.818181818182,0,1,-1.2,0.181818181818,0.1,1
0.181818181818,0.181818181818,0.454545454545,45.4,1.0,27.8,1.0,-3,0.454545454545,0.181818181818,0.1,0.57,-0.4,0.181818181818,0.1,1
0.181818181818,0.181818181818,0.454545454545,0,1.0,0,1.0,0,0.272727272727,0.818181818182,0,1,-1.3,0.181818181818,0.5,1
0.0909090909091,0.181818181818,0.454545454545,0,1.0,0,1.0,-3.4,0.454545454545,0.818181818182,0.3,0.96,-1,0.181818181818,0.35,1
0.0909090909091,0.0909090909091,0.454545454545,0,1.0,0,1.0,-0.6,0.181818181818,0.818181818182,0,1,-0.5,0.181818181818,0.25,0
0.181818181818,0.181818181818,0.272727272727,46.3,1.0,11.8,1.0,0.1,0.272727272727,0.818181818182,0,1,-1.2,0.181818181818,0.35,0
0.181818181818,0.181818181818,0.272727272727,23.5,1.0,23.6,1.0,-0.8,0.181818181818,0.818181818182,0,1,-1,0.0909090909091,0.6,0
0.181818181818,0.0909090909091,0.454545454545,0,1.0,0,1.0,-1.3,0.0909090909091,0.818181818182,0,1,-1.1,0.181818181818,0.5,1
0.0909090909091,0.0909090909091,0.181818181818,12.8,1.0,33.3,1.0,-3.5,0.454545454545,0.818181818182,0,1,-1.2,0.181818181818,0.6,0
0.0909090909091,0.181818181818,0.272727272727,0,1.0,4.1,1.0,-2.5,0.454545454545,0.818181818182,0,1,-0.8,0.0909090909091,0.15,0
