Statistic,Value
Mean,0.234984914076
Std,0.0833005740811
Max,0.571428571429
Min,0.0
Var,0.00693898564225
