Statistic,Value
Mean,0.501026883253
Std,0.0482728690725
Max,0.655172413793
Min,0.310344827586
Var,0.00233026988849
