Statistic,Value
Mean,0.260789715335
Std,0.169598120417
Max,0.857142857143
Min,0.0
Var,0.0287635224489
