Statistic,Value
Mean,0.118055555555
Std,0.108234990831
Max,0.571428571429
Min,0.0
Var,0.0117148132401
