algorithm,desc,actualScore,new score
auto,KNN,0.461538461538,0.585365853659
auto,KNN,0.461538461538,0.585365853659
ball_tree,KNN,0.461538461538,0.585365853659
ball_tree,KNN,0.461538461538,0.585365853659
