algorithm,desc,actualScore,new score
auto,KNN,0.461538461538,0.333333333333
auto,KNN,0.461538461538,0.333333333333
ball_tree,KNN,0.461538461538,0.333333333333
ball_tree,KNN,0.461538461538,0.333333333333
