algorithm,desc,actualScore,new score
auto,KNN,0.461538461538,0.435483870968
auto,KNN,0.461538461538,0.435483870968
ball_tree,KNN,0.461538461538,0.435483870968
ball_tree,KNN,0.461538461538,0.435483870968
