AAWt,AAMt,Sstruct,SaccW,ShbondsW,SaccM,ShbondsM,yDDG,Result,Positiontype,ProteinPropens,Positionaccept,MOSST,SectorSuperficie,Functionalrelevancefunction,Clinical
0.15384615384615385,0.23076923076923078,0.38461538461538464,33.4,0.8461538461538461,37.9,1.0,-0.8,0.23076923076923078,0.46153846153846156,0,1,-1,0.07692307692307693,0.35,1
0.07692307692307693,0.07692307692307693,0.38461538461538464,0,0.8461538461538461,4.9,1.0,1.6,0.07692307692307693,0.46153846153846156,0,1,-1.3,0.38461538461538464,0.15,0
0.3076923076923077,0.15384615384615385,0.38461538461538464,0,0.8461538461538461,0.1,1.0,-1.5,0.23076923076923078,0.07692307692307693,-0.1,0.64,-0.5,0.15384615384615385,0.1,1
0.3076923076923077,0.15384615384615385,0.38461538461538464,0.5,0.8461538461538461,4,1.0,3,0.07692307692307693,0.46153846153846156,0,1,-1,0.38461538461538464,0,0
0.07692307692307693,0.07692307692307693,0.38461538461538464,0.3,0.8461538461538461,18,1.0,-5.2,0.3076923076923077,0.46153846153846156,0.3,0.95,-0.7,0.07692307692307693,0.1,0
0.07692307692307693,0.23076923076923078,0.38461538461538464,44.8,0.07692307692307693,29.5,1.0,-2.4,0.3076923076923077,0.23076923076923078,0.8,0.28,-0.1,0.38461538461538464,0.15,0
0.15384615384615385,0.15384615384615385,0.07692307692307693,6.8,0.8461538461538461,6,1.0,-2.2,0.3076923076923077,0.46153846153846156,0.3,0.97,-0.4,0.15384615384615385,0.2,0
0.3076923076923077,0.15384615384615385,0.38461538461538464,25.4,0.8461538461538461,38.2,1.0,0.8,0.07692307692307693,0.46153846153846156,0,1,-1.3,0.07692307692307693,0,1
0.3076923076923077,0.07692307692307693,0.38461538461538464,55.9,0.8461538461538461,66.1,1.0,-0.9,0.23076923076923078,0.23076923076923078,-0.1,0.2,0.4,0.07692307692307693,0,1
0.15384615384615385,0.23076923076923078,0.38461538461538464,15.5,0.8461538461538461,12.6,1.0,-3.5,0.3076923076923077,0.23076923076923078,0.3,0.17,-0.1,0.38461538461538464,0.1,1
0.07692307692307693,0.15384615384615385,0.07692307692307693,3.9,0.07692307692307693,1.9,1.0,-1.9,0.23076923076923078,0.23076923076923078,0.5,0.88,-0.8,0.07692307692307693,0.5,0
0.15384615384615385,0.07692307692307693,0.38461538461538464,57.5,0.8461538461538461,70.8,1.0,-1.3,0.23076923076923078,0.23076923076923078,0.9,0.31,0.1,0.07692307692307693,0.35,1
0.07692307692307693,0.15384615384615385,0.07692307692307693,83.7,0.8461538461538461,89.9,1.0,-1,0.23076923076923078,0.23076923076923078,0.7,0.47,-0.1,0.38461538461538464,0.25,1
