AAWt,AAMt,Sstruct,SaccW,ShbondsW,SaccM,ShbondsM,yDDG,Result,Positiontype,ProteinPropens,Positionaccept,MOSST,SectorSuperficie,Functionalrelevancefunction,Clinical
0.18181818181818182,0.09090909090909091,0.2727272727272727,14.4,0.2727272727272727,17.1,0.09090909090909091,1.1,0.09090909090909091,0.09090909090909091,0.2,0.48,0.8,0.09090909090909091,0.8,0
0.09090909090909091,0.18181818181818182,0.6363636363636364,0.1,0.7272727272727273,0.1,0.7272727272727273,-3.2,0.36363636363636365,0.36363636363636365,0.5,0.9,-0.8,0.18181818181818182,0.1,0
0.09090909090909091,0.2727272727272727,0.6363636363636364,0.5,0.7272727272727273,0.7,0.7272727272727273,-0.2,0.5454545454545454,0.45454545454545453,0,1,-0.8,0.18181818181818182,0,0
0.18181818181818182,0.18181818181818182,0.2727272727272727,46.3,0.7272727272727273,11.8,0.7272727272727273,0.1,0.5454545454545454,0.45454545454545453,0,1,-1.2,0.45454545454545453,0.35,0
0.09090909090909091,0.09090909090909091,0.2727272727272727,11.1,0.7272727272727273,23.1,0.7272727272727273,-0.4,0.5454545454545454,0.36363636363636365,0.5,0.91,0,0.45454545454545453,0.5,1
0.18181818181818182,0.2727272727272727,0.6363636363636364,0,0.7272727272727273,0,0.7272727272727273,-0.2,0.5454545454545454,0.45454545454545453,0,1,-0.8,0.18181818181818182,0.5,0
0.18181818181818182,0.09090909090909091,0.6363636363636364,0,0.7272727272727273,0,0.7272727272727273,0,0.5454545454545454,0.45454545454545453,0,1,-1.3,0.18181818181818182,0.5,1
0.09090909090909091,0.2727272727272727,0.6363636363636364,20.1,0.7272727272727273,17.3,0.7272727272727273,-3,0.36363636363636365,0.36363636363636365,0.2,0.59,-0.3,0.45454545454545453,0.1,1
0.09090909090909091,0.09090909090909091,0.6363636363636364,40.5,0.7272727272727273,73.3,0.7272727272727273,-2.7,0.36363636363636365,0.09090909090909091,0.3,0.44,-0.3,0.45454545454545453,0.6,0
0.09090909090909091,0.09090909090909091,0.09090909090909091,99.4,0.2727272727272727,98.6,0.18181818181818182,-0.5,0.5454545454545454,0.36363636363636365,-0.1,0.71,-0.1,0.09090909090909091,0.2,0
0.09090909090909091,0.09090909090909091,0.6363636363636364,17.3,0.2727272727272727,27.7,0.18181818181818182,-2.5,0.36363636363636365,0.45454545454545453,0,1,-0.8,0.45454545454545453,0.85,0
