AAWt,AAMt,Sstruct,SaccW,ShbondsW,SaccM,ShbondsM,yDDG,Result,Positiontype,ProteinPropens,Positionaccept,MOSST,SectorSuperficie,Functionalrelevancefunction,Clinical
0.0909090909091,0.0909090909091,0.181818181818,45.9,0.181818181818,58.7,0.272727272727,-0.1,0.636363636364,0.0909090909091,1,0.57,0.4,0.272727272727,0.1,0
0.181818181818,0.0909090909091,0.363636363636,12.8,0.727272727273,17.4,0.0909090909091,-1.2,0.0909090909091,0.454545454545,0,1,-0.8,0.181818181818,0.6,0
0.181818181818,0.0909090909091,0.181818181818,41.5,0.727272727273,34.9,0.636363636364,1,0.181818181818,0.0909090909091,0.9,0.26,0.5,0.272727272727,0,1
0.181818181818,0.181818181818,0.0909090909091,18.3,0.727272727273,29.5,0.636363636364,0.8,0.181818181818,0.363636363636,0.5,0.85,-0.5,0.272727272727,0.8,0
0.181818181818,0.181818181818,0.0909090909091,64.7,0.727272727273,68.4,0.272727272727,-0.3,0.636363636364,0.363636363636,0.7,0.53,0.2,0.0909090909091,0.1,1
0.0909090909091,0.181818181818,0.272727272727,1.2,0.727272727273,3.4,0.636363636364,-0.6,0.0909090909091,0.454545454545,0,1,-0.5,0.272727272727,0.1,0
0.0909090909091,0.0909090909091,0.363636363636,6.7,0.727272727273,17.7,0.636363636364,-0.3,0.636363636364,0.363636363636,0.7,0.78,-0.5,0.272727272727,0.5,1
0.0909090909091,0.0909090909091,0.363636363636,40.3,0.727272727273,36.1,0.636363636364,0.6,0.636363636364,0.363636363636,0.6,0.87,0.3,0.0909090909091,0.6,1
0.0909090909091,0.0909090909091,0.272727272727,12.1,0.0909090909091,10.6,0.636363636364,0.4,0.636363636364,0.454545454545,0.3,0.97,-0.9,0.272727272727,0.6,0
0.0909090909091,0.0909090909091,0.363636363636,63.3,0.181818181818,97.8,0.272727272727,-0.4,0.636363636364,0.454545454545,0,1,-0.3,0.181818181818,1,1
0.0909090909091,0.181818181818,0.272727272727,0.5,0.727272727273,0.7,0.636363636364,-0.2,0.636363636364,0.454545454545,0,1,-0.8,0.0909090909091,0,0
