AAWt,AAMt,Sstruct,SaccW,ShbondsW,SaccM,ShbondsM,yDDG,Result,Positiontype,ProteinPropens,Positionaccept,MOSST,SectorSuperficie,Functionalrelevancefunction,Clinical
0.181818181818,0.272727272727,0.181818181818,6.7,0.818181818182,30.5,0.181818181818,0.5,0.454545454545,0.545454545455,0.7,0.78,0.1,0.181818181818,0.5,0
0.181818181818,0.181818181818,0.181818181818,0,0.818181818182,5.2,0.727272727273,-5,0.363636363636,0.363636363636,0,1,-0.9,0.0909090909091,0.35,1
0.0909090909091,0.0909090909091,0.454545454545,84.5,0.818181818182,84.5,0.727272727273,0.3,0.454545454545,0.0909090909091,0.9,0.25,0.2,0.181818181818,0.15,1
0.181818181818,0.181818181818,0.181818181818,20.1,0.818181818182,17.3,0.727272727273,-3,0.363636363636,0.545454545455,0.2,0.59,-0.3,0.363636363636,0.1,1
0.0909090909091,0.272727272727,0.454545454545,46.3,0.818181818182,11.8,0.727272727273,0.1,0.454545454545,0.363636363636,0,1,-1.2,0.363636363636,0.35,0
0.0909090909091,0.0909090909091,0.181818181818,62.5,0.181818181818,76,0.0909090909091,-0.8,0.0909090909091,0.545454545455,0.7,0.59,0.4,0.181818181818,0.25,1
0.0909090909091,0.272727272727,0.454545454545,0,0.818181818182,0,0.727272727273,-2.4,0.363636363636,0.545454545455,0.7,0.78,-0.5,0.0909090909091,0.1,1
0.181818181818,0.181818181818,0.0909090909091,96.5,0.181818181818,68,0.727272727273,-8.7,0.363636363636,0.545454545455,0.4,0.6,-0.1,0.181818181818,0.3,0
0.0909090909091,0.0909090909091,0.454545454545,11.1,0.818181818182,38.8,0.727272727273,1.1,0.0909090909091,0.545454545455,0.5,0.91,-0.8,0.363636363636,0.5,1
0.0909090909091,0.181818181818,0.454545454545,7.3,0.818181818182,0.6,0.727272727273,0,0.454545454545,0.363636363636,0,1,-1.1,0.363636363636,0.95,1
0.0909090909091,0.0909090909091,0.0909090909091,6.8,0.818181818182,8.6,0.181818181818,0.5,0.454545454545,0.363636363636,0.3,0.97,-0.6,0.0909090909091,0.2,0
