AAWt,AAMt,Sstruct,SaccW,ShbondsW,SaccM,ShbondsM,yDDG,Result,Positiontype,ProteinPropens,Positionaccept,MOSST,SectorSuperficie,Functionalrelevancefunction,Clinical
0.142857142857,0.142857142857,0.142857142857,11.1,0.857142857143,28.8,0.285714285714,-0.7,0.428571428571,0.571428571429,0.5,0.91,-0.7,0.428571428571,0.5,1
0.142857142857,0.142857142857,0.142857142857,62.5,0.142857142857,76,0.285714285714,-0.8,0.428571428571,0.571428571429,0.7,0.59,0.4,0.142857142857,0.25,1
0.285714285714,0.142857142857,0.142857142857,0.2,0.857142857143,9,0.714285714286,-3.6,0.428571428571,0.142857142857,0.5,0.91,-0.6,0.428571428571,0.1,0
0.142857142857,0.142857142857,0.571428571429,1.2,0.857142857143,3.4,0.714285714286,-0.6,0.428571428571,0.285714285714,0,1,-0.5,0.428571428571,0.1,0
0.285714285714,0.142857142857,0.571428571429,0.1,0.857142857143,4.9,0.714285714286,-4,0.428571428571,0.571428571429,0.5,0.9,-0.7,0.142857142857,0.1,0
0.142857142857,0.142857142857,0.571428571429,29.8,0.857142857143,30.4,0.714285714286,-0.2,0.142857142857,0.571428571429,0,0.81,0.3,0.142857142857,0.2,0
0.142857142857,0.142857142857,0.571428571429,0.3,0.857142857143,0.4,0.714285714286,-2.7,0.428571428571,0.285714285714,0.3,0.95,0,0.142857142857,0.1,1
