Statistic,Value
Mean,1.46819100092
Std,2.21674724605
Max,8.0
Min,0.0
Var,4.91396835287
