Statistic,Value
Mean,0.485450937951
Std,0.100514096438
Max,0.607142857143
Min,0.25
Var,0.0101030835827
