AAWt,AAMt,Sstruct,SaccW,ShbondsW,SaccM,ShbondsM,yDDG,Result,Positiontype,ProteinPropens,Positionaccept,MOSST,SectorSuperficie,Functionalrelevancefunction,Clinical
0.18181818181818182,0.18181818181818182,0.18181818181818182,40.5,0.5454545454545454,73.3,0.7272727272727273,-2.7,0.45454545454545453,0.09090909090909091,0.3,0.44,-0.3,0.2727272727272727,0.6,0
0.09090909090909091,0.09090909090909091,0.6363636363636364,0,0.5454545454545454,0,0.7272727272727273,1.9,0.18181818181818182,0.45454545454545453,0,1,-1.3,0.09090909090909091,0.75,0
0.18181818181818182,0.2727272727272727,0.6363636363636364,66.5,0.18181818181818182,53.3,0.7272727272727273,0.3,0.2727272727272727,0.36363636363636365,0.7,0.85,-0.3,0.2727272727272727,0.25,1
0.18181818181818182,0.2727272727272727,0.6363636363636364,26.8,0.5454545454545454,28.9,0.18181818181818182,-2.1,0.45454545454545453,0.45454545454545453,0,1,-1.3,0.18181818181818182,0.1,0
0.09090909090909091,0.09090909090909091,0.6363636363636364,18.8,0.5454545454545454,43.1,0.7272727272727273,-0.4,0.2727272727272727,0.45454545454545453,0,1,-0.9,0.09090909090909091,0.1,1
0.18181818181818182,0.18181818181818182,0.6363636363636364,111.8,0.5454545454545454,128.5,0.7272727272727273,-3,0.45454545454545453,0.36363636363636365,0.5,0.62,-0.3,0.09090909090909091,0.55,0
0.18181818181818182,0.09090909090909091,0.6363636363636364,30.2,0.2727272727272727,12,0.7272727272727273,-2.6,0.45454545454545453,0.36363636363636365,0.2,0.9,-0.8,0.2727272727272727,0.1,0
0.09090909090909091,0.09090909090909091,0.18181818181818182,12.1,0.18181818181818182,28.6,0.7272727272727273,1.5,0.18181818181818182,0.45454545454545453,0.3,0.97,-0.7,0.2727272727272727,0.6,1
0.09090909090909091,0.09090909090909091,0.09090909090909091,68.8,0.2727272727272727,50.2,0.09090909090909091,-0.4,0.2727272727272727,0.45454545454545453,0,1,-0.8,0.2727272727272727,0,0
0.09090909090909091,0.2727272727272727,0.6363636363636364,14.4,0.2727272727272727,19.1,0.18181818181818182,-2.6,0.45454545454545453,0.09090909090909091,0.2,0.48,-0.1,0.2727272727272727,0.8,0
0.18181818181818182,0.09090909090909091,0.09090909090909091,39.9,0.5454545454545454,27.5,0.7272727272727273,2.8,0.09090909090909091,0.36363636363636365,0.4,0.56,-0.4,0.18181818181818182,0,1
