AAWt,AAMt,Sstruct,SaccW,ShbondsW,SaccM,ShbondsM,yDDG,Result,Positiontype,ProteinPropens,Positionaccept,MOSST,SectorSuperficie,Functionalrelevancefunction,Clinical
0.09090909090909091,0.18181818181818182,0.5454545454545454,14.4,0.09090909090909091,17.1,0.18181818181818182,1.1,0.18181818181818182,0.18181818181818182,0.2,0.48,0.8,0.18181818181818182,0.8,0
0.18181818181818182,0.2727272727272727,0.5454545454545454,26.8,0.8181818181818182,54.1,0.7272727272727273,-2.8,0.36363636363636365,0.5454545454545454,0,1,-1.2,0.09090909090909091,0.1,0
0.09090909090909091,0.18181818181818182,0.36363636363636365,0,0.8181818181818182,0,0.7272727272727273,-0.2,0.09090909090909091,0.5454545454545454,0,1,-0.8,0.18181818181818182,0.5,0
0.2727272727272727,0.2727272727272727,0.36363636363636365,40.5,0.8181818181818182,73.3,0.7272727272727273,-2.7,0.36363636363636365,0.09090909090909091,0.3,0.44,-0.3,0.18181818181818182,0.6,0
0.09090909090909091,0.18181818181818182,0.36363636363636365,0,0.8181818181818182,2.3,0.7272727272727273,-5,0.36363636363636365,0.5454545454545454,0,1,-0.9,0.09090909090909091,0.25,0
0.18181818181818182,0.18181818181818182,0.5454545454545454,0,0.8181818181818182,3.2,0.7272727272727273,-0.9,0.18181818181818182,0.5454545454545454,0,1,-0.8,0.2727272727272727,0.15,1
0.18181818181818182,0.2727272727272727,0.36363636363636365,0.2,0.8181818181818182,4.6,0.7272727272727273,-5.1,0.36363636363636365,0.18181818181818182,0.6,0.89,-0.5,0.2727272727272727,0.1,1
0.2727272727272727,0.18181818181818182,0.5454545454545454,74.6,0.8181818181818182,70.3,0.09090909090909091,1.1,0.18181818181818182,0.18181818181818182,0,0.79,-0.3,0.18181818181818182,0.35,1
0.09090909090909091,0.18181818181818182,0.09090909090909091,35.5,0.8181818181818182,58.8,0.18181818181818182,-1.1,0.18181818181818182,0.5454545454545454,0.3,0.95,-0.8,0.18181818181818182,0.1,0
0.18181818181818182,0.09090909090909091,0.5454545454545454,0,0.8181818181818182,5.5,0.7272727272727273,-1.5,0.18181818181818182,0.5454545454545454,0,1,-0.6,0.2727272727272727,0.15,1
0.2727272727272727,0.09090909090909091,0.5454545454545454,62,0.09090909090909091,37.2,0.7272727272727273,-0.7,0.18181818181818182,0.18181818181818182,0.3,0.67,-0.4,0.18181818181818182,0.35,0
