AAWt,AAMt,Sstruct,SaccW,ShbondsW,SaccM,ShbondsM,yDDG,Result,Positiontype,ProteinPropens,Positionaccept,MOSST,SectorSuperficie,Functionalrelevancefunction,Clinical
0.09090909090909091,0.09090909090909091,0.09090909090909091,0,0.7272727272727273,3.2,0.7272727272727273,-0.9,0.36363636363636365,0.45454545454545453,0,1,-0.8,0.18181818181818182,0.15,1
0.18181818181818182,0.2727272727272727,0.45454545454545453,0.3,0.7272727272727273,0,0.7272727272727273,-5.1,0.45454545454545453,0.45454545454545453,0.3,0.95,-0.9,0.09090909090909091,0.1,1
0.18181818181818182,0.2727272727272727,0.09090909090909091,39.9,0.7272727272727273,26.9,0.18181818181818182,-0.3,0.18181818181818182,0.45454545454545453,0.4,0.56,0.6,0.09090909090909091,0,1
0.18181818181818182,0.09090909090909091,0.18181818181818182,40.3,0.7272727272727273,60.9,0.7272727272727273,-2.8,0.45454545454545453,0.45454545454545453,0.6,0.87,-0.6,0.09090909090909091,0.6,1
0.09090909090909091,0.09090909090909091,0.09090909090909091,3.9,0.2727272727272727,3.5,0.7272727272727273,-0.9,0.36363636363636365,0.45454545454545453,0.5,0.88,-0.4,0.09090909090909091,0.5,0
0.09090909090909091,0.18181818181818182,0.45454545454545453,15.5,0.7272727272727273,12.6,0.7272727272727273,-3.5,0.45454545454545453,0.09090909090909091,0.3,0.17,-0.1,0.18181818181818182,0.1,1
0.09090909090909091,0.09090909090909091,0.18181818181818182,62.5,0.2727272727272727,76,0.09090909090909091,-0.8,0.36363636363636365,0.45454545454545453,0.7,0.59,0.4,0.09090909090909091,0.25,1
0.09090909090909091,0.18181818181818182,0.45454545454545453,0,0.7272727272727273,0,0.7272727272727273,-3.4,0.45454545454545453,0.45454545454545453,0.3,0.96,-1,0.09090909090909091,0.35,1
0.09090909090909091,0.09090909090909091,0.09090909090909091,82.8,0.2727272727272727,74.3,0.18181818181818182,-0.7,0.36363636363636365,0.45454545454545453,0.8,0.64,-0.2,0.09090909090909091,0.1,0
0.18181818181818182,0.2727272727272727,0.45454545454545453,0,0.7272727272727273,0,0.7272727272727273,0,0.18181818181818182,0.45454545454545453,0,1,-1.3,0.09090909090909091,0.5,1
0.09090909090909091,0.09090909090909091,0.45454545454545453,1.2,0.7272727272727273,0.8,0.7272727272727273,-5,0.45454545454545453,0.45454545454545453,0,1,-0.9,0.09090909090909091,0.1,0
