AAWt,AAMt,Sstruct,SaccW,ShbondsW,SaccM,ShbondsM,yDDG,Result,Positiontype,ProteinPropens,Positionaccept,MOSST,SectorSuperficie,Functionalrelevancefunction,Clinical
0.42857142857142855,0.2857142857142857,0.5714285714285714,0,0.8571428571428571,0,0.8571428571428571,-1.3,0.42857142857142855,0.5714285714285714,0,1,-1.1,0.2857142857142857,0.5,1
0.42857142857142855,0.2857142857142857,0.5714285714285714,0,0.8571428571428571,0,0.8571428571428571,-1.3,0.42857142857142855,0.5714285714285714,0,1,-1.1,0.2857142857142857,0.5,1
0.14285714285714285,0.2857142857142857,0.5714285714285714,1.2,0.8571428571428571,3.8,0.8571428571428571,-1.7,0.42857142857142855,0.5714285714285714,0,1,-0.7,0.14285714285714285,0.1,1
0.14285714285714285,0.14285714285714285,0.5714285714285714,15.5,0.8571428571428571,12.6,0.8571428571428571,-3.5,0.14285714285714285,0.2857142857142857,0.3,0.17,-0.1,0.2857142857142857,0.1,1
0.14285714285714285,0.14285714285714285,0.2857142857142857,84.5,0.8571428571428571,84.5,0.8571428571428571,0.3,0.14285714285714285,0.2857142857142857,0.9,0.25,0.2,0.14285714285714285,0.15,1
0.42857142857142855,0.2857142857142857,0.2857142857142857,16.3,0.8571428571428571,43.3,0.8571428571428571,1.6,0.14285714285714285,0.14285714285714285,0.8,0.74,-0.3,0.2857142857142857,0.65,1
0.14285714285714285,0.14285714285714285,0.14285714285714285,63.3,0.14285714285714285,98.4,0.14285714285714285,0.7,0.14285714285714285,0.5714285714285714,0,1,-0.5,0.14285714285714285,1,1
