AAWt,AAMt,Sstruct,SaccW,ShbondsW,SaccM,ShbondsM,yDDG,Result,Positiontype,ProteinPropens,Positionaccept,MOSST,SectorSuperficie,Functionalrelevancefunction,Clinical
0.16431265948640908,0.10954177299093938,0.21908354598187876,0.0,0.32862531897281816,0.0,0.32862531897281816,-0.49841506710877426,0.16431265948640908,0.21908354598187876,0.0,0.3833962054682879,-0.4217358260151167,0.10954177299093938,0.19169810273414395,1
0.16431265948640908,0.10954177299093938,0.21908354598187876,0.0,0.32862531897281816,0.0,0.32862531897281816,-0.49841506710877426,0.16431265948640908,0.21908354598187876,0.0,0.3833962054682879,-0.4217358260151167,0.10954177299093938,0.19169810273414395,1
0.02998490639848642,0.05996981279697284,0.11993962559394568,0.25187321374728594,0.1799094383909185,0.7975985101997387,0.1799094383909185,-0.3568203861419884,0.08995471919545925,0.11993962559394568,0.0,0.20989434478940494,-0.14692604135258344,0.02998490639848642,0.020989434478940496,1
0.0070259747073039445,0.0070259747073039445,0.028103898829215778,0.762318255742478,0.042155848243823665,0.6196909691842079,0.042155848243823665,-0.17213638032894665,0.0070259747073039445,0.014051949414607889,0.014754546885338282,0.008360909901691695,-0.004918182295112762,0.014051949414607889,0.004918182295112762,1
0.0011953321594679169,0.0011953321594679169,0.0023906643189358337,0.7070389723252729,0.007171992956807501,0.7070389723252729,0.007171992956807501,0.0025101975348826256,0.0011953321594679169,0.0023906643189358337,0.007530592604647877,0.0020918312790688546,0.0016734650232550837,0.0011953321594679169,0.0012550987674413128,1
0.009249740697813789,0.006166493798542526,0.006166493798542526,0.3517984712068511,0.018499481395627577,0.9345321351691197,0.018499481395627577,0.034532365271838145,0.003083246899271263,0.003083246899271263,0.017266182635919072,0.015971218938225142,-0.006474818488469652,0.006166493798542526,0.014028773391684247,1
0.0012208380527167217,0.0012208380527167217,0.0012208380527167217,0.5409533411587795,0.0012208380527167217,0.8409132507112781,0.0012208380527167217,0.005982106458311937,0.0012208380527167217,0.004883352210866887,0.0,0.008545866369017054,-0.004272933184508527,0.0012208380527167217,0.008545866369017054,1
