Statistic,Value
Mean,0.696010407632
Std,0.233301288609
Max,1.0
Min,0.0
Var,0.0544294912668
