AAWt,AAMt,Sstruct,SaccW,ShbondsW,SaccM,ShbondsM,yDDG,Result,Positiontype,ProteinPropens,Positionaccept,MOSST,SectorSuperficie,Functionalrelevancefunction,Clinical
0.00205573189765,0.00102786594882,0.00411146379529,0.540657489081,0.00822292759059,0.840794346137,0.00513932974412,-0.0154179892323,0.00308359784647,0.00616719569294,0.0,0.0102786594882,-0.0133622573347,0.00102786594882,0.00822292759059,1
0.0328862864767,0.0164431432384,0.0328862864767,0.805714018679,0.0328862864767,0.345306008005,0.0822157161918,0.411078580959,0.0164431432384,0.0493294297151,0.115102002668,0.12003494564,-0.0657725729534,0.0493294297151,0.123323574288,1
0.0489115988045,0.0489115988045,0.0978231976089,0.0,0.391292790436,0.0,0.244557994022,0.293469592827,0.0489115988045,0.293469592827,0.0,0.489115988045,-0.538027586849,0.0978231976089,0.244557994022,0
0.000951642944887,0.000951642944887,0.00380657177955,0.5490979792,0.00761314355909,0.835542505611,0.00475821472443,-0.0114197153386,0.00285492883466,0.00285492883466,0.00666150061421,0.0075179792646,0.000951642944887,0.00190328588977,0.0033307503071,0
0.0130752471929,0.0261504943859,0.0392257415788,0.954493045085,0.104601977544,0.0784514831577,0.0653762359647,0.0,0.0653762359647,0.0784514831577,0.0,0.130752471929,-0.143827719122,0.0392257415788,0.124214848333,1
0.004100608355,0.0020503041775,0.0061509125325,0.54948151957,0.01640243342,0.834473800242,0.0102515208875,0.0,0.0102515208875,0.012301825065,0.0,0.020503041775,-0.02460365013,0.0020503041775,0.0020503041775,0
0.0007558859071,0.0007558859071,0.0007558859071,0.736232873516,0.0060470872568,0.676517886855,0.0037794295355,-0.0136059463278,0.0022676577213,0.0007558859071,0.0022676577213,0.00582032148467,0.0,0.0015117718142,0.0,0
0.000858278989603,0.000858278989603,0.00343311595841,0.543290600419,0.00171655797921,0.839396851832,0.00429139494801,-0.00343311595841,0.00429139494801,0.00514967393762,0.0,0.00858278989603,-0.00257483696881,0.00171655797921,0.00858278989603,1
0.000721018763616,0.000721018763616,0.00288407505447,0.672710506454,0.00576815010893,0.73976525147,0.00360509381808,0.000721018763616,0.00360509381808,0.0043261125817,0.0,0.00721018763616,-0.00793120639978,0.000721018763616,0.00216305629085,1
0.0100199583417,0.0100199583417,0.0150299375126,0.556107687965,0.0400798333668,0.826646563191,0.0250498958543,0.0100199583417,0.0250498958543,0.0150299375126,0.0250498958543,0.0455908104548,-0.0150299375126,0.0150299375126,0.0250498958543,0
