AAWt,AAMt,Sstruct,SaccW,ShbondsW,SaccM,ShbondsM,yDDG,Result,Positiontype,ProteinPropens,Positionaccept,MOSST,SectorSuperficie,Functionalrelevancefunction,Clinical
0.2727272727272727,0.09090909090909091,0.5454545454545454,0.3,0.7272727272727273,18,0.7272727272727273,-5.2,0.45454545454545453,0.36363636363636365,0.3,0.95,-0.7,0.2727272727272727,0.1,0
0.09090909090909091,0.09090909090909091,0.5454545454545454,45.5,0.2727272727272727,50.6,0.09090909090909091,1.2,0.18181818181818182,0.45454545454545453,0.9,0.69,-0.2,0.09090909090909091,0.1,1
0.18181818181818182,0.18181818181818182,0.18181818181818182,0,0.7272727272727273,0,0.7272727272727273,1.9,0.18181818181818182,0.36363636363636365,0,1,-1.3,0.2727272727272727,0.75,0
0.2727272727272727,0.18181818181818182,0.18181818181818182,14.4,0.2727272727272727,20.5,0.18181818181818182,-3.1,0.45454545454545453,0.09090909090909091,0.2,0.48,-0.2,0.18181818181818182,0.8,0
0.2727272727272727,0.18181818181818182,0.5454545454545454,45.4,0.7272727272727273,36.8,0.7272727272727273,-3.6,0.45454545454545453,0.45454545454545453,0.1,0.57,-0.3,0.2727272727272727,0.1,0
0.18181818181818182,0.09090909090909091,0.5454545454545454,4.9,0.2727272727272727,1.5,0.7272727272727273,-0.5,0.18181818181818182,0.45454545454545453,0.7,0.73,-0.6,0.2727272727272727,0.75,0
0.2727272727272727,0.09090909090909091,0.09090909090909091,52.6,0.7272727272727273,74.5,0.7272727272727273,0.3,0.09090909090909091,0.36363636363636365,0,1,-1.1,0.09090909090909091,0.8,1
0.2727272727272727,0.09090909090909091,0.5454545454545454,45.4,0.7272727272727273,27.8,0.7272727272727273,-3,0.45454545454545453,0.45454545454545453,0.1,0.57,-0.4,0.2727272727272727,0.1,1
0.2727272727272727,0.18181818181818182,0.5454545454545454,0.3,0.7272727272727273,0.4,0.7272727272727273,-2.7,0.45454545454545453,0.36363636363636365,0.3,0.95,0,0.2727272727272727,0.1,1
0.09090909090909091,0.09090909090909091,0.09090909090909091,83.7,0.7272727272727273,89.9,0.7272727272727273,-1,0.18181818181818182,0.09090909090909091,0.7,0.47,-0.1,0.09090909090909091,0.25,1
0.09090909090909091,0.09090909090909091,0.09090909090909091,18.3,0.7272727272727273,27.8,0.18181818181818182,0.9,0.09090909090909091,0.45454545454545453,0.5,0.85,-0.7,0.18181818181818182,0.8,1
