Metric,Score
accuracy,0.428571428571
recall,0.285714285714
precision,0.285714285714
