AAWt,AAMt,Sstruct,SaccW,ShbondsW,SaccM,ShbondsM,yDDG,Result,Positiontype,ProteinPropens,Positionaccept,MOSST,SectorSuperficie,Functionalrelevancefunction,Clinical
0.09432283473806811,0.09432283473806811,0.09432283473806811,0.0,0.37729133895227246,0.0,0.37729133895227246,-0.4904787406379542,0.09432283473806811,0.28296850421420433,0.0,0.37729133895227246,-0.41502047284749977,0.09432283473806811,0.18864566947613623,1
0.013591674441672993,0.013591674441672993,0.013591674441672993,0.39687689369685136,0.05436669776669197,0.8916138433737482,0.05436669776669197,-0.16853676307674512,0.04077502332501898,0.04077502332501898,0.0,0.05436669776669197,-0.05436669776669197,0.027183348883345986,0.05164836287835737,1
0.006062377223782093,0.006062377223782093,0.006062377223782093,0.6135125750467479,0.024249508895128374,0.7856840882021593,0.024249508895128374,-0.060623772237820936,0.018187131671346283,0.018187131671346283,0.007274852668538512,0.023522023628274522,0.0,0.006062377223782093,0.006062377223782093,0
0.02518828082094339,0.02518828082094339,0.02518828082094339,0.020150624656754712,0.10075312328377356,0.9067781095539621,0.10075312328377356,-0.3627112438215848,0.07556484246283017,0.02518828082094339,0.05037656164188678,0.09168534218823395,-0.060451873970264136,0.05037656164188678,0.010075312328377356,0
