AAWt,AAMt,Sstruct,SaccW,ShbondsW,SaccM,ShbondsM,yDDG,Result,Positiontype,ProteinPropens,Positionaccept,MOSST,SectorSuperficie,Functionalrelevancefunction,Clinical
0.09090909090909091,0.09090909090909091,0.18181818181818182,6.7,0.7272727272727273,38.3,0.8181818181818182,-2.2,0.2727272727272727,0.36363636363636365,0.7,0.78,-0.5,0.18181818181818182,0.5,0
0.09090909090909091,0.09090909090909091,0.18181818181818182,3.2,0.2727272727272727,0.2,0.18181818181818182,1.2,0.09090909090909091,0.6363636363636364,0.5,0.92,-0.5,0.09090909090909091,0.6,0
0.09090909090909091,0.2727272727272727,0.5454545454545454,0,0.7272727272727273,0,0.8181818181818182,0.3,0.2727272727272727,0.6363636363636364,0,1,-0.9,0.09090909090909091,0.75,1
0.09090909090909091,0.09090909090909091,0.5454545454545454,50.3,0.2727272727272727,35,0.8181818181818182,0.1,0.2727272727272727,0.6363636363636364,0,1,-1,0.18181818181818182,0.1,1
0.2727272727272727,0.18181818181818182,0.5454545454545454,23.5,0.7272727272727273,38.4,0.8181818181818182,-1.6,0.2727272727272727,0.6363636363636364,0,1,-0.9,0.09090909090909091,0.6,0
0.2727272727272727,0.09090909090909091,0.18181818181818182,0.1,0.7272727272727273,0.1,0.8181818181818182,-3.2,0.2727272727272727,0.36363636363636365,0.5,0.9,-0.8,0.09090909090909091,0.1,0
0.09090909090909091,0.2727272727272727,0.5454545454545454,50.8,0.7272727272727273,23.9,0.8181818181818182,-1.8,0.2727272727272727,0.36363636363636365,1,0.63,-0.3,0.09090909090909091,0.25,0
0.2727272727272727,0.18181818181818182,0.18181818181818182,1.4,0.7272727272727273,2.3,0.8181818181818182,-3.1,0.2727272727272727,0.6363636363636364,0,1,-0.9,0.18181818181818182,0.1,0
0.09090909090909091,0.2727272727272727,0.5454545454545454,7.3,0.7272727272727273,0.6,0.8181818181818182,0,0.2727272727272727,0.6363636363636364,0,1,-1.1,0.09090909090909091,0.95,1
0.09090909090909091,0.09090909090909091,0.09090909090909091,6.8,0.7272727272727273,7.8,0.8181818181818182,-1.1,0.2727272727272727,0.6363636363636364,0.3,0.97,-0.7,0.18181818181818182,0.2,1
0.09090909090909091,0.09090909090909091,0.5454545454545454,75.7,0.2727272727272727,90.9,0.18181818181818182,-0.6,0.09090909090909091,0.36363636363636365,0.1,0.72,-0.2,0.09090909090909091,0.1,1
