AAWt,AAMt,Sstruct,SaccW,ShbondsW,SaccM,ShbondsM,yDDG,Result,Positiontype,ProteinPropens,Positionaccept,MOSST,SectorSuperficie,Functionalrelevancefunction,Clinical
0.09090909090909091,0.09090909090909091,0.5454545454545454,0,0.7272727272727273,0,0.8181818181818182,-1.3,0.18181818181818182,0.2727272727272727,0.7,0.25,-0.1,0.45454545454545453,0,1
0.18181818181818182,0.18181818181818182,0.36363636363636365,14.4,0.2727272727272727,17.1,0.09090909090909091,1.1,0.18181818181818182,0.09090909090909091,0.2,0.48,0.8,0.18181818181818182,0.8,0
0.09090909090909091,0.18181818181818182,0.5454545454545454,17.3,0.2727272727272727,21,0.8181818181818182,-1.5,0.18181818181818182,0.5454545454545454,0,1,-1,0.45454545454545453,0.85,1
0.18181818181818182,0.09090909090909091,0.09090909090909091,35.5,0.7272727272727273,26.6,0.8181818181818182,-3.7,0.18181818181818182,0.5454545454545454,0.3,0.95,-1,0.18181818181818182,0.1,0
0.09090909090909091,0.18181818181818182,0.36363636363636365,0,0.7272727272727273,4.9,0.8181818181818182,1.6,0.18181818181818182,0.5454545454545454,0,1,-1.3,0.2727272727272727,0.15,0
0.18181818181818182,0.18181818181818182,0.5454545454545454,0.1,0.7272727272727273,0.1,0.8181818181818182,-3.2,0.18181818181818182,0.09090909090909091,0.5,0.9,-0.8,0.2727272727272727,0.1,0
0.18181818181818182,0.18181818181818182,0.36363636363636365,46.3,0.7272727272727273,11.8,0.8181818181818182,0.1,0.2727272727272727,0.5454545454545454,0,1,-1.2,0.45454545454545453,0.35,0
0.09090909090909091,0.18181818181818182,0.5454545454545454,1.2,0.7272727272727273,3.4,0.8181818181818182,-0.6,0.18181818181818182,0.5454545454545454,0,1,-0.5,0.45454545454545453,0.1,0
0.09090909090909091,0.09090909090909091,0.36363636363636365,59.5,0.7272727272727273,67.4,0.8181818181818182,0,0.2727272727272727,0.2727272727272727,0.9,0.56,0.4,0.2727272727272727,0.1,1
0.09090909090909091,0.09090909090909091,0.5454545454545454,74,0.2727272727272727,82.7,0.09090909090909091,0.5,0.2727272727272727,0.2727272727272727,0.9,0.76,0.3,0.45454545454545453,0.1,1
0.09090909090909091,0.09090909090909091,0.5454545454545454,0,0.7272727272727273,2.4,0.8181818181818182,-0.8,0.18181818181818182,0.5454545454545454,0,1,-0.5,0.09090909090909091,0.35,1
