AAWt,AAMt,Sstruct,SaccW,ShbondsW,SaccM,ShbondsM,yDDG,Result,Positiontype,ProteinPropens,Positionaccept,MOSST,SectorSuperficie,Functionalrelevancefunction,Clinical
0.00184300955267,0.00184300955267,0.005529028658,0.764848964357,0.0147440764213,0.643210333881,0.0147440764213,0.0184300955267,0.00184300955267,0.00184300955267,0.016587085974,0.00479182483693,0.00921504776333,0.00921504776333,0.0,1
0.106111621815,0.0530558109077,0.265279054539,0.0,0.424446487262,0.0,0.424446487262,-0.318334865446,0.0530558109077,0.265279054539,0.0,0.530558109077,-0.265279054539,0.106111621815,0.132639527269,0
0.0144986398467,0.00724931992336,0.0362465996168,0.355216676245,0.00724931992336,0.920663630267,0.0579945593869,-0.101490478927,0.0144986398467,0.0289972796934,0.0507452394635,0.0529200354405,0.0144986398467,0.0362465996168,0.0543698994252,1
0.0198331123469,0.0198331123469,0.0991655617343,0.0,0.158664898775,0.356996022244,0.158664898775,-0.852823830915,0.0594993370406,0.0991655617343,0.0,0.198331123469,-0.158664898775,0.0396662246937,0.069415893214,1
0.00239602245394,0.00239602245394,0.00479204490788,0.306690874104,0.0191681796315,0.948824891761,0.00239602245394,0.0646926062564,0.00239602245394,0.0119801122697,0.0,0.0239602245394,-0.0119801122697,0.00239602245394,0.0143761347236,0
0.0977939573758,0.0488969786879,0.146690936064,0.0,0.391175829503,0.0,0.391175829503,0.146690936064,0.0977939573758,0.24448489344,0.0,0.488969786879,-0.440072808191,0.0488969786879,0.366727340159,1
0.00162150455298,0.00324300910596,0.00324300910596,0.653466334852,0.0129720364239,0.75562112169,0.00162150455298,-0.0356731001656,0.00486451365895,0.00648601821193,0.00972902731789,0.0141070896109,-0.00972902731789,0.00162150455298,0.00972902731789,0
0.00117315996624,0.00234631993248,0.00351947989872,0.780151377549,0.00117315996624,0.625294262006,0.00938527972992,0.00351947989872,0.00234631993248,0.00469263986496,0.00821211976368,0.00997185971304,-0.00351947989872,0.0058657998312,0.0029328999156,1
0.00170725918324,0.00170725918324,0.00853629591619,0.77509566919,0.0136580734659,0.628271379432,0.0136580734659,-0.0614613305966,0.00512177754971,0.00682903673295,0.00170725918324,0.00973137734446,-0.00512177754971,0.00853629591619,0.00170725918324,0
0.042267148421,0.0211335742105,0.105667871052,0.253602890526,0.169068593684,0.803075819999,0.169068593684,-0.359270761578,0.042267148421,0.105667871052,0.0,0.211335742105,-0.147935019473,0.105667871052,0.0211335742105,1
