AAWt,AAMt,Sstruct,SaccW,ShbondsW,SaccM,ShbondsM,yDDG,Result,Positiontype,ProteinPropens,Positionaccept,MOSST,SectorSuperficie,Functionalrelevancefunction,Clinical
0.107186615714,0.214373231428,0.214373231428,0.0,0.428746462856,0.0,0.321559847142,0.0,0.107186615714,0.214373231428,0.0,0.428746462856,-0.557370401713,0.107186615714,0.214373231428,1
0.113817581326,0.113817581326,0.227635162653,0.0910540650612,0.455270325306,0.136581097592,0.341452743979,-0.500797357837,0.113817581326,0.227635162653,0.273162195184,0.405190589522,-0.0455270325306,0.113817581326,0.0455270325306,0
0.0308989495463,0.0617978990925,0.0308989495463,0.902249326751,0.123595798185,0.210112856915,0.0308989495463,-0.284270335826,0.0617978990925,0.0617978990925,0.0,0.123595798185,-0.0370787394555,0.0308989495463,0.117416008276,1
0.0109762048902,0.0109762048902,0.0109762048902,0.294162291057,0.0439048195607,0.939563138599,0.0329286146705,-0.153666868462,0.0219524097804,0.0219524097804,0.0307333736925,0.0342457592574,-0.00439048195607,0.0109762048902,0.0219524097804,1
