AAWt,AAMt,Sstruct,SaccW,ShbondsW,SaccM,ShbondsM,yDDG,Result,Positiontype,ProteinPropens,Positionaccept,MOSST,SectorSuperficie,Functionalrelevancefunction,Clinical
0.09090909090909091,0.18181818181818182,0.36363636363636365,17.3,0.45454545454545453,27.7,0.2727272727272727,-2.5,0.2727272727272727,0.6363636363636364,0,1,-0.8,0.36363636363636365,0.85,0
0.09090909090909091,0.2727272727272727,0.36363636363636365,74,0.45454545454545453,96.2,0.6363636363636364,1.6,0.18181818181818182,0.09090909090909091,0.9,0.76,-0.3,0.36363636363636365,0.1,1
0.18181818181818182,0.2727272727272727,0.2727272727272727,50.3,0.45454545454545453,35,0.6363636363636364,0.1,0.2727272727272727,0.6363636363636364,0,1,-1,0.18181818181818182,0.1,1
0.09090909090909091,0.09090909090909091,0.09090909090909091,38.7,0.45454545454545453,42.4,0.6363636363636364,0,0.2727272727272727,0.6363636363636364,0,1,-0.6,0.09090909090909091,0.1,0
0.09090909090909091,0.18181818181818182,0.2727272727272727,65.1,0.45454545454545453,64.1,0.2727272727272727,-0.4,0.2727272727272727,0.2727272727272727,0.1,0.8,0,0.2727272727272727,0.5,1
0.09090909090909091,0.09090909090909091,0.36363636363636365,45.4,0.45454545454545453,36.8,0.6363636363636364,-3.6,0.2727272727272727,0.2727272727272727,0.1,0.57,-0.3,0.36363636363636365,0.1,0
0.18181818181818182,0.09090909090909091,0.2727272727272727,12.8,0.45454545454545453,33.3,0.6363636363636364,-3.5,0.2727272727272727,0.6363636363636364,0,1,-1.2,0.09090909090909091,0.6,0
0.18181818181818182,0.09090909090909091,0.2727272727272727,47.8,0.09090909090909091,67.9,0.2727272727272727,1.6,0.18181818181818182,0.2727272727272727,0.2,0.92,-0.8,0.2727272727272727,0.35,0
0.18181818181818182,0.09090909090909091,0.2727272727272727,50.3,0.45454545454545453,55,0.09090909090909091,-1.6,0.2727272727272727,0.6363636363636364,0,1,-1.1,0.18181818181818182,0.1,0
0.09090909090909091,0.09090909090909091,0.2727272727272727,25.4,0.45454545454545453,36.1,0.6363636363636364,-1,0.2727272727272727,0.6363636363636364,0,1,-0.5,0.2727272727272727,0,0
0.09090909090909091,0.2727272727272727,0.36363636363636365,1.2,0.45454545454545453,3.8,0.6363636363636364,-1.7,0.2727272727272727,0.6363636363636364,0,1,-0.7,0.36363636363636365,0.1,1
