AAWt,AAMt,Sstruct,SaccW,ShbondsW,SaccM,ShbondsM,yDDG,Result,Positiontype,ProteinPropens,Positionaccept,MOSST,SectorSuperficie,Functionalrelevancefunction,Clinical
0.0909090909091,0.272727272727,0.181818181818,6.7,0.636363636364,21.4,0.727272727273,-3.5,0.363636363636,0.454545454545,0.7,0.78,-0.1,0.181818181818,0.5,1
0.181818181818,0.0909090909091,0.0909090909091,39.9,0.636363636364,27.5,0.727272727273,2.8,0.0909090909091,0.454545454545,0.4,0.56,-0.4,0.0909090909091,0,1
0.0909090909091,0.0909090909091,0.454545454545,45.9,0.363636363636,58.7,0.272727272727,-0.1,0.272727272727,0.0909090909091,1,0.57,0.4,0.272727272727,0.1,0
0.0909090909091,0.0909090909091,0.0909090909091,99.4,0.363636363636,98.6,0.272727272727,-0.5,0.272727272727,0.454545454545,-0.1,0.71,-0.1,0.272727272727,0.2,0
0.181818181818,0.181818181818,0.181818181818,0,0.636363636364,9.3,0.272727272727,-3,0.363636363636,0.0909090909091,0.9,0.47,-0.4,0.0909090909091,0.35,0
0.0909090909091,0.0909090909091,0.454545454545,0,0.636363636364,4.9,0.727272727273,1.6,0.181818181818,0.272727272727,0,1,-1.3,0.0909090909091,0.15,0
0.181818181818,0.272727272727,0.181818181818,1.4,0.636363636364,2,0.727272727273,-4.9,0.363636363636,0.272727272727,0,1,-1,0.181818181818,0.1,0
0.181818181818,0.272727272727,0.454545454545,11.1,0.636363636364,16.5,0.727272727273,0.2,0.272727272727,0.454545454545,0.5,0.91,-0.3,0.272727272727,0.5,0
0.181818181818,0.0909090909091,0.454545454545,50.3,0.363636363636,72.2,0.727272727273,-2.4,0.363636363636,0.272727272727,0,1,-0.7,0.272727272727,0.1,0
0.181818181818,0.181818181818,0.181818181818,4.9,0.363636363636,1.5,0.727272727273,-0.5,0.0909090909091,0.454545454545,0.7,0.73,-0.6,0.272727272727,0.75,0
0.0909090909091,0.0909090909091,0.454545454545,24.3,0.636363636364,14.2,0.727272727273,1.5,0.181818181818,0.0909090909091,0,0.41,0.7,0.272727272727,0,1
