AAWt,AAMt,Sstruct,SaccW,ShbondsW,SaccM,ShbondsM,yDDG,Result,Positiontype,ProteinPropens,Positionaccept,MOSST,SectorSuperficie,Functionalrelevancefunction,Clinical
0.07745656872336218,0.07745656872336218,0.23236970617008654,0.0929478824680346,0.15491313744672436,0.12393050995737949,0.15491313744672436,-0.8365309422123116,0.07745656872336218,0.23236970617008654,0.0929478824680346,0.2943349611487763,0.0,0.07745656872336218,0.030982627489344872,1
0.039413893593689395,0.039413893593689395,0.11824168078106818,0.7725123144363122,0.039413893593689395,0.47296672312427274,0.07882778718737879,0.3310767061869909,0.039413893593689395,0.039413893593689395,0.1103589020623303,0.11508856929357303,-0.03153111487495152,0.039413893593689395,0.11824168078106818,0
0.008025461352416271,0.008025461352416271,0.024076384057248816,0.38843232945694756,0.008025461352416271,0.9181127787164215,0.016050922704832542,0.04815276811449763,0.016050922704832542,0.024076384057248816,0.009630553622899525,0.031138790047375135,-0.02247129178676556,0.008025461352416271,0.01926110724579905,1
0.004024118659720832,0.004024118659720832,0.004024118659720832,0.4072408083637482,0.008048237319441664,0.9126701120246847,0.008048237319441664,0.019315769566659993,0.008048237319441664,0.012072355979162496,0.004828942391664998,0.015613580399716828,-0.01126753224721833,0.004024118659720832,0.004024118659720832,0
