AAWt,AAMt,Sstruct,SaccW,ShbondsW,SaccM,ShbondsM,yDDG,Result,Positiontype,ProteinPropens,Positionaccept,MOSST,SectorSuperficie,Functionalrelevancefunction,Clinical
0.09090909090909091,0.09090909090909091,0.18181818181818182,46.3,0.8181818181818182,15.3,0.8181818181818182,-0.2,0.45454545454545453,0.5454545454545454,0,1,-1,0.2727272727272727,0.35,1
0.09090909090909091,0.09090909090909091,0.36363636363636365,4.9,0.18181818181818182,12.7,0.8181818181818182,-1.4,0.18181818181818182,0.36363636363636365,0.7,0.73,0.2,0.2727272727272727,0.75,1
0.36363636363636365,0.18181818181818182,0.09090909090909091,0.2,0.8181818181818182,9.3,0.8181818181818182,-6.5,0.2727272727272727,0.09090909090909091,0.5,0.91,-0.8,0.2727272727272727,0.1,1
0.09090909090909091,0.09090909090909091,0.2727272727272727,68.8,0.18181818181818182,83.3,0.09090909090909091,0.4,0.45454545454545453,0.5454545454545454,0,1,-1.2,0.2727272727272727,0,0
0.2727272727272727,0.09090909090909091,0.09090909090909091,38.7,0.8181818181818182,56.6,0.09090909090909091,-1.7,0.18181818181818182,0.5454545454545454,0,1,-1.1,0.2727272727272727,0.1,1
0.2727272727272727,0.2727272727272727,0.36363636363636365,29.8,0.8181818181818182,30.4,0.8181818181818182,-0.2,0.45454545454545453,0.36363636363636365,0,0.81,0.3,0.18181818181818182,0.2,0
0.36363636363636365,0.18181818181818182,0.36363636363636365,0.1,0.8181818181818182,4.9,0.8181818181818182,-4,0.2727272727272727,0.36363636363636365,0.5,0.9,-0.7,0.09090909090909091,0.1,0
0.09090909090909091,0.09090909090909091,0.18181818181818182,26.8,0.8181818181818182,40.7,0.8181818181818182,0,0.45454545454545453,0.5454545454545454,0,1,-1.2,0.09090909090909091,0.1,0
0.2727272727272727,0.2727272727272727,0.36363636363636365,29.8,0.8181818181818182,30.4,0.8181818181818182,-0.2,0.45454545454545453,0.36363636363636365,0,0.81,0.3,0.18181818181818182,0.2,0
0.36363636363636365,0.2727272727272727,0.2727272727272727,93.3,0.8181818181818182,92.8,0.8181818181818182,-0.6,0.09090909090909091,0.5454545454545454,0,1,-0.3,0.2727272727272727,0.3,0
0.36363636363636365,0.09090909090909091,0.2727272727272727,11.9,0.8181818181818182,15.2,0.8181818181818182,-2.3,0.2727272727272727,0.5454545454545454,0,1,-1.2,0.09090909090909091,0.1,1
