Statistic,Value
Mean,0.424700460829
Std,0.440312862847
Max,1.61
Min,0.0
Var,0.193875417189
