Statistic,Value
Mean,0.290907172996
Std,0.192685739094
Max,0.9
Min,0.0
Var,0.0371277940502
