AAWt,AAMt,Sstruct,SaccW,ShbondsW,SaccM,ShbondsM,yDDG,Result,Positiontype,ProteinPropens,Positionaccept,MOSST,SectorSuperficie,Functionalrelevancefunction,Clinical
0.09090909090909091,0.18181818181818182,0.45454545454545453,0,0.8181818181818182,0,0.6363636363636364,-0.8,0.09090909090909091,0.6363636363636364,0.3,0.96,0,0.18181818181818182,0.1,0
0.09090909090909091,0.09090909090909091,0.45454545454545453,0,0.8181818181818182,0,0.6363636363636364,-1.3,0.45454545454545453,0.6363636363636364,0,1,-1.1,0.09090909090909091,0.5,1
0.2727272727272727,0.09090909090909091,0.36363636363636365,12.8,0.8181818181818182,17.4,0.2727272727272727,-1.2,0.45454545454545453,0.6363636363636364,0,1,-0.8,0.18181818181818182,0.6,0
0.2727272727272727,0.09090909090909091,0.36363636363636365,12.8,0.8181818181818182,39.6,0.09090909090909091,2.7,0.09090909090909091,0.6363636363636364,0,1,-0.5,0.18181818181818182,0.6,0
0.2727272727272727,0.18181818181818182,0.36363636363636365,35.5,0.8181818181818182,58.8,0.2727272727272727,-1.1,0.45454545454545453,0.6363636363636364,0.3,0.95,-0.8,0.2727272727272727,0.1,0
0.09090909090909091,0.18181818181818182,0.45454545454545453,3.2,0.18181818181818182,0.1,0.6363636363636364,-1.9,0.45454545454545453,0.6363636363636364,0.5,0.92,-0.6,0.09090909090909091,0.6,1
0.2727272727272727,0.18181818181818182,0.36363636363636365,93.3,0.8181818181818182,99.2,0.2727272727272727,0.1,0.09090909090909091,0.6363636363636364,0,1,-1,0.2727272727272727,0.3,1
0.2727272727272727,0.09090909090909091,0.09090909090909091,0,0.8181818181818182,0,0.6363636363636364,-2.4,0.2727272727272727,0.36363636363636365,0.7,0.78,-0.5,0.18181818181818182,0.1,1
0.09090909090909091,0.09090909090909091,0.45454545454545453,29.8,0.8181818181818182,33.5,0.6363636363636364,-2.1,0.2727272727272727,0.36363636363636365,0,0.81,-0.1,0.09090909090909091,0.2,0
0.2727272727272727,0.09090909090909091,0.09090909090909091,18.3,0.8181818181818182,42.6,0.6363636363636364,-2.1,0.2727272727272727,0.36363636363636365,0.5,0.85,-0.8,0.2727272727272727,0.8,0
0.09090909090909091,0.09090909090909091,0.45454545454545453,4.9,0.18181818181818182,3.1,0.6363636363636364,-1.8,0.45454545454545453,0.36363636363636365,0.7,0.73,0,0.09090909090909091,0.75,0
