AAWt,AAMt,Sstruct,SaccW,ShbondsW,SaccM,ShbondsM,yDDG,Result,Positiontype,ProteinPropens,Positionaccept,MOSST,SectorSuperficie,Functionalrelevancefunction,Clinical
0.36363636363636365,0.09090909090909091,0.18181818181818182,23.5,0.8181818181818182,23.6,0.6363636363636364,-0.8,0.18181818181818182,0.36363636363636365,0,1,-1,0.09090909090909091,0.6,0
0.09090909090909091,0.09090909090909091,0.18181818181818182,74.6,0.8181818181818182,70.3,0.2727272727272727,1.1,0.09090909090909091,0.45454545454545453,0,0.79,-0.3,0.36363636363636365,0.35,1
0.09090909090909091,0.18181818181818182,0.6363636363636364,14.1,0.8181818181818182,33,0.6363636363636364,-1.7,0.2727272727272727,0.45454545454545453,0.7,0.85,-0.5,0.36363636363636365,0.5,1
0.18181818181818182,0.18181818181818182,0.18181818181818182,37.1,0.8181818181818182,41.4,0.09090909090909091,-0.6,0.18181818181818182,0.45454545454545453,0.6,0.85,0.3,0.18181818181818182,0.6,1
0.18181818181818182,0.18181818181818182,0.6363636363636364,17.3,0.18181818181818182,27.7,0.2727272727272727,-2.5,0.18181818181818182,0.36363636363636365,0,1,-0.8,0.36363636363636365,0.85,0
0.09090909090909091,0.09090909090909091,0.6363636363636364,0.5,0.8181818181818182,4,0.6363636363636364,3,0.09090909090909091,0.36363636363636365,0,1,-1,0.18181818181818182,0,0
0.18181818181818182,0.18181818181818182,0.18181818181818182,57.7,0.8181818181818182,87.8,0.2727272727272727,-1.2,0.2727272727272727,0.45454545454545453,0.7,0.79,0.1,0.18181818181818182,0.35,0
0.36363636363636365,0.18181818181818182,0.6363636363636364,0.1,0.8181818181818182,0.3,0.6363636363636364,-3.1,0.18181818181818182,0.45454545454545453,0.5,0.9,-0.7,0.18181818181818182,0.1,1
0.18181818181818182,0.18181818181818182,0.6363636363636364,17.3,0.18181818181818182,0.3,0.6363636363636364,-1.1,0.2727272727272727,0.36363636363636365,0,1,-0.7,0.36363636363636365,0.85,0
0.36363636363636365,0.18181818181818182,0.6363636363636364,13.7,0.8181818181818182,10.8,0.6363636363636364,0.2,0.18181818181818182,0.18181818181818182,0.1,0.25,0.2,0.18181818181818182,0.35,0
0.36363636363636365,0.18181818181818182,0.6363636363636364,13.7,0.8181818181818182,10.8,0.6363636363636364,0.2,0.18181818181818182,0.18181818181818182,0.1,0.25,0.2,0.18181818181818182,0.35,0
