AAWt,AAMt,Sstruct,SaccW,ShbondsW,SaccM,ShbondsM,yDDG,Result,Positiontype,ProteinPropens,Positionaccept,MOSST,SectorSuperficie,Functionalrelevancefunction,Clinical
0.0769230769231,0.153846153846,0.461538461538,30.2,0.307692307692,12,1.0,-2.6,0.307692307692,0.538461538462,0.2,0.9,-0.8,0.153846153846,0.1,0
0.0769230769231,0.0769230769231,0.0769230769231,6.8,0.692307692308,15.1,1.0,-4.9,0.307692307692,0.461538461538,0.3,0.97,-0.9,0.0769230769231,0.2,0
0.0769230769231,0.0769230769231,0.153846153846,61,0.692307692308,93.7,1.0,0.3,0.230769230769,0.538461538462,0.1,0.76,0.7,0.153846153846,0.2,1
0.153846153846,0.153846153846,0.307692307692,4.9,0.307692307692,12.7,1.0,-1.4,0.230769230769,0.538461538462,0.7,0.73,0.2,0.153846153846,0.75,1
0.153846153846,0.153846153846,0.153846153846,3.9,0.307692307692,1.9,1.0,-1.9,0.230769230769,0.538461538462,0.5,0.88,-0.8,0.153846153846,0.5,0
0.230769230769,0.153846153846,0.461538461538,23.5,0.692307692308,23.6,1.0,-0.8,0.153846153846,0.461538461538,0,1,-1,0.0769230769231,0.6,0
0.230769230769,0.0769230769231,0.461538461538,16.3,0.692307692308,30.7,1.0,1,0.0769230769231,0.538461538462,0.8,0.74,-0.4,0.307692307692,0.65,1
0.0769230769231,0.153846153846,0.461538461538,0,0.692307692308,3.2,1.0,-0.9,0.153846153846,0.461538461538,0,1,-0.8,0.307692307692,0.15,1
0.230769230769,0.0769230769231,0.461538461538,0,0.692307692308,0,1.0,-2.4,0.307692307692,0.538461538462,0.7,0.78,-0.5,0.307692307692,0.1,1
0.230769230769,0.0769230769231,0.307692307692,0,0.692307692308,0,1.0,0,0.230769230769,0.461538461538,0,1,-1.3,0.153846153846,0.5,1
0.230769230769,0.0769230769231,0.307692307692,0,0.692307692308,0,1.0,-1.3,0.230769230769,0.461538461538,0,1,-1.1,0.153846153846,0.5,1
0.0769230769231,0.153846153846,0.307692307692,3.2,0.307692307692,33.2,1.0,-5.8,0.307692307692,0.461538461538,0.5,0.92,-0.8,0.0769230769231,0.6,1
0.230769230769,0.0769230769231,0.461538461538,0,0.692307692308,0.2,1.0,0,0.230769230769,0.538461538462,0.7,0.78,0,0.307692307692,0.1,0
