Statistic,Value
Mean,23.8202531646
Std,6.90653172921
Max,33.0
Min,0.0
Var,47.7001805266
