AAWt,AAMt,Sstruct,SaccW,ShbondsW,SaccM,ShbondsM,yDDG,Result,Positiontype,ProteinPropens,Positionaccept,MOSST,SectorSuperficie,Functionalrelevancefunction,Clinical
0.153846153846,0.0769230769231,0.307692307692,3.9,0.153846153846,1.9,0.846153846154,-1.9,0.153846153846,0.538461538462,0.5,0.88,-0.8,0.307692307692,0.5,0
0.0769230769231,0.0769230769231,0.307692307692,27.7,0.0769230769231,34.7,0.846153846154,0.4,0.230769230769,0.461538461538,0,1,-1.3,0.153846153846,0.1,1
0.0769230769231,0.0769230769231,0.307692307692,61,0.769230769231,89.4,0.846153846154,0,0.230769230769,0.538461538462,0.1,0.76,-0.1,0.307692307692,0.2,0
0.0769230769231,0.0769230769231,0.153846153846,111.8,0.769230769231,128.5,0.846153846154,-3,0.307692307692,0.538461538462,0.5,0.62,-0.3,0.0769230769231,0.55,0
0.230769230769,0.153846153846,0.0769230769231,6.8,0.769230769231,8.6,0.153846153846,0.5,0.230769230769,0.461538461538,0.3,0.97,-0.6,0.153846153846,0.2,0
0.0769230769231,0.0769230769231,0.307692307692,0,0.769230769231,1.8,0.846153846154,-4.3,0.307692307692,0.461538461538,0,1,-0.8,0.153846153846,0.35,1
0.230769230769,0.153846153846,0.0769230769231,42.5,0.769230769231,55.3,0.846153846154,0.7,0.0769230769231,0.538461538462,0.5,0.93,-0.6,0.153846153846,0.1,0
0.0769230769231,0.0769230769231,0.307692307692,0,0.769230769231,0,0.846153846154,-1.3,0.153846153846,0.461538461538,0,1,-1.1,0.0769230769231,0.5,1
0.230769230769,0.153846153846,0.307692307692,0,0.769230769231,0,0.846153846154,-0.6,0.0769230769231,0.461538461538,0,1,-0.5,0.153846153846,0.25,0
0.0769230769231,0.153846153846,0.153846153846,74.6,0.769230769231,70.3,0.153846153846,1.1,0.153846153846,0.538461538462,0,0.79,-0.3,0.153846153846,0.35,1
0.153846153846,0.0769230769231,0.307692307692,3.9,0.153846153846,2.4,0.846153846154,1.4,0.153846153846,0.538461538462,0.5,0.88,-0.7,0.307692307692,0.5,0
0.153846153846,0.0769230769231,0.307692307692,0.1,0.769230769231,0.1,0.846153846154,-3.2,0.307692307692,0.538461538462,0.5,0.9,-0.8,0.0769230769231,0.1,0
0.153846153846,0.0769230769231,0.0769230769231,35.5,0.769230769231,26.6,0.846153846154,-3.7,0.307692307692,0.461538461538,0.3,0.95,-1,0.307692307692,0.1,0
