Statistic,Value
Mean,27.594092827
Std,8.04804972312
Max,35.0
Min,0.0
Var,64.7711043458
