AAWt,AAMt,Sstruct,SaccW,ShbondsW,SaccM,ShbondsM,yDDG,Result,Positiontype,ProteinPropens,Positionaccept,MOSST,SectorSuperficie,Functionalrelevancefunction,Clinical
0.0043659601058,0.0043659601058,0.00145532003527,0.516638612519,0.0101872402469,0.855728180736,0.00145532003527,-0.0160085203879,0.00145532003527,0.00727660017633,0.0043659601058,0.013825540335,-0.0116425602821,0.00291064007053,0.00145532003527,0
0.00963246466934,0.0128432862258,0.00963246466934,0.38850940833,0.00321082155645,0.918294965143,0.028897394008,0.0481623233467,0.00642164311289,0.0160541077822,0.00963246466934,0.0311449690975,-0.0224757508951,0.00642164311289,0.0192649293387,1
0.00113580569738,0.00113580569738,0.00567902848692,0.571310265784,0.00227161139477,0.820051713511,0.0102222512765,-0.0272593367372,0.00227161139477,0.00567902848692,0.0,0.0113580569738,-0.00795063988169,0.00113580569738,0.00113580569738,0
0.0822922173073,0.0822922173073,0.0822922173073,0.0274307391024,0.192015173717,0.0822922173073,0.246876651922,-0.850352912175,0.0548614782048,0.10972295641,0.137153695512,0.246876651922,-0.192015173717,0.137153695512,0.0274307391024,1
0.0259042149263,0.0777126447789,0.129521074631,0.0,0.181329504484,0.828934877642,0.233137934337,-0.233137934337,0.0518084298526,0.129521074631,0.0,0.259042149263,-0.20723371941,0.129521074631,0.0388563223894,1
0.167225015523,0.0557416718409,0.278708359204,0.0,0.390191702886,0.111483343682,0.501675046568,0.0,0.0557416718409,0.222966687364,0.390191702886,0.434785040359,0.0,0.278708359204,0.0557416718409,0
0.0334799535135,0.044639938018,0.0557999225225,0.66959907027,0.0781198915315,0.636119116757,0.100439860541,0.323639550631,0.022319969009,0.044639938018,0.0557999225225,0.0680759054775,-0.044639938018,0.0557999225225,0.066959907027,0
0.00244206547614,0.00325608730152,0.000814021825379,0.681336267842,0.00569815277765,0.731805621016,0.00732619642841,-0.00814021825379,0.00162804365076,0.000814021825379,0.00569815277765,0.00382590257928,-0.000814021825379,0.0040701091269,0.00203505456345,1
0.0163048631403,0.0163048631403,0.048914589421,0.798938293877,0.0326097262807,0.342402125947,0.146743768263,0.407621578508,0.0326097262807,0.0652194525613,0.114134041982,0.119025500924,-0.0652194525613,0.0326097262807,0.122286473553,1
0.00675795240058,0.0270318096023,0.0337897620029,0.493330525242,0.0473056668041,0.851502002473,0.0608215716052,0.0946113336081,0.0135159048012,0.0337897620029,0.0,0.0675795240058,-0.0675795240058,0.0135159048012,0.0642005478055,0
