AAWt,AAMt,Sstruct,SaccW,ShbondsW,SaccM,ShbondsM,yDDG,Result,Positiontype,ProteinPropens,Positionaccept,MOSST,SectorSuperficie,Functionalrelevancefunction,Clinical
0.00549174261146,0.0164752278344,0.0109834852229,0.294357403974,0.0329504556687,0.940186335082,0.0274587130573,-0.153768793121,0.0164752278344,0.0219669704458,0.0307537586242,0.0342684738955,-0.00439339408917,0.0109834852229,0.0219669704458,1
0.00257416715773,0.00257416715773,0.00257416715773,0.821674156748,0.0154450029464,0.566316774701,0.0128708357887,0.0576613443332,0.00257416715773,0.0102966686309,0.00823733490474,0.0115322688666,-0.00823733490474,0.00257416715773,0.0,1
0.00167719543193,0.00167719543193,0.00503158629579,0.615866162605,0.00335439086386,0.787610974835,0.00503158629579,-0.00134175634555,0.00503158629579,0.00167719543193,0.0134175634555,0.00764801116961,0.00536702538218,0.00335439086386,0.00134175634555,0
0.000892770822696,0.000892770822696,0.000892770822696,0.709931358208,0.00178554164539,0.704217624943,0.00267831246809,-0.00357108329079,0.00267831246809,0.00357108329079,-0.000714216658157,0.00507093827292,-0.000714216658157,0.000892770822696,0.00142843331631,0
0.0252832224638,0.0126416112319,0.0126416112319,0.0,0.0758496673913,0.940535875652,0.0379248336956,-0.303398669565,0.0379248336956,0.0126416112319,0.0910196008695,0.0475324582319,-0.040453155942,0.0126416112319,0.0353965114493,0
0.0226334727147,0.0226334727147,0.0679004181441,0.0,0.135800836288,0.887232130417,0.113167363574,0.289708450748,0.0226334727147,0.0452669454294,0.0,0.181067781718,-0.235388116233,0.0226334727147,0.0271601672577,0
0.0432164062642,0.0648246093963,0.0432164062642,0.242011875079,0.129649218793,0.345731250113,0.10804101566,-0.847041562778,0.0648246093963,0.0432164062642,0.0,0.172865625057,-0.172865625057,0.0432164062642,0.0172865625057,0
0.0062607996069,0.0187823988207,0.0187823988207,0.555959005093,0.0375647976414,0.826425548111,0.0313039980345,0.010017279371,0.0187823988207,0.0250431984276,0.0250431984276,0.0455786211382,-0.0150259190566,0.0125215992138,0.0250431984276,0
