Statistic,Value
Mean,1.03989592368
Std,1.11993866279
Max,5.0
Min,0.0
Var,1.25426260842
