AAWt,AAMt,Sstruct,SaccW,ShbondsW,SaccM,ShbondsM,yDDG,Result,Positiontype,ProteinPropens,Positionaccept,MOSST,SectorSuperficie,Functionalrelevancefunction,Clinical
0.0769230769231,0.153846153846,0.153846153846,91.7,0.230769230769,64.7,0.769230769231,0,0.384615384615,0.461538461538,0.5,0.9,-0.7,0.230769230769,0,0
0.153846153846,0.0769230769231,0.538461538462,0,0.692307692308,16.9,0.769230769231,-3.2,0.230769230769,0.153846153846,0.9,0.47,-0.2,0.153846153846,0.35,1
0.153846153846,0.0769230769231,0.153846153846,0,0.692307692308,0.2,0.769230769231,0,0.384615384615,0.461538461538,0.7,0.78,0,0.307692307692,0.1,0
0.153846153846,0.153846153846,0.538461538462,0,0.692307692308,0,0.769230769231,-0.8,0.153846153846,0.230769230769,0.3,0.96,0,0.307692307692,0.1,0
0.0769230769231,0.153846153846,0.0769230769231,39.9,0.692307692308,27.5,0.769230769231,2.8,0.0769230769231,0.461538461538,0.4,0.56,-0.4,0.0769230769231,0,1
0.0769230769231,0.153846153846,0.538461538462,74,0.230769230769,87.1,0.769230769231,0.2,0.384615384615,0.153846153846,0.9,0.76,-0.3,0.230769230769,0.1,1
0.153846153846,0.0769230769231,0.538461538462,37,0.692307692308,69.9,0.153846153846,-0.4,0.384615384615,0.153846153846,0.2,0.89,-0.2,0.230769230769,0,0
0.0769230769231,0.153846153846,0.538461538462,44.8,0.0769230769231,29.5,0.769230769231,-2.4,0.230769230769,0.153846153846,0.8,0.28,-0.1,0.307692307692,0.15,0
0.153846153846,0.153846153846,0.153846153846,18.3,0.692307692308,27.8,0.0769230769231,0.9,0.0769230769231,0.461538461538,0.5,0.85,-0.7,0.230769230769,0.8,1
0.153846153846,0.0769230769231,0.153846153846,18.3,0.692307692308,42.6,0.769230769231,-2.1,0.230769230769,0.461538461538,0.5,0.85,-0.8,0.230769230769,0.8,0
0.153846153846,0.153846153846,0.0769230769231,25.3,0.692307692308,40.3,0.153846153846,0.1,0.384615384615,0.230769230769,0.3,0.97,-1,0.153846153846,0.25,0
0.153846153846,0.153846153846,0.538461538462,0.2,0.692307692308,0.3,0.769230769231,-0.8,0.153846153846,0.461538461538,0.6,0.89,0.3,0.307692307692,0.1,0
0.0769230769231,0.0769230769231,0.538461538462,17.3,0.230769230769,0.3,0.769230769231,-1.1,0.0769230769231,0.230769230769,0,1,-0.7,0.230769230769,0.85,0
