Statistic,Value
Mean,0.621641913203
Std,0.0774757279284
Max,0.697173913043
Min,0.260869565217
Var,0.00600248841803
