Statistic,Value
Mean,0.434992458522
Std,0.105197249555
Max,0.666666666667
Min,0.166666666667
Var,0.011066461314
