AAWt,AAMt,Sstruct,SaccW,ShbondsW,SaccM,ShbondsM,yDDG,Result,Positiontype,ProteinPropens,Positionaccept,MOSST,SectorSuperficie,Functionalrelevancefunction,Clinical
0.0769230769231,0.0769230769231,0.230769230769,0,0.923076923077,0.2,0.846153846154,-1.7,0.230769230769,0.461538461538,0.7,0.78,0.2,0.153846153846,0.1,1
0.230769230769,0.0769230769231,0.153846153846,18.3,0.923076923077,12.9,0.846153846154,-3.5,0.307692307692,0.461538461538,0.5,0.85,-0.8,0.230769230769,0.8,0
0.0769230769231,0.153846153846,0.230769230769,84.5,0.923076923077,84.5,0.846153846154,0.3,0.384615384615,0.153846153846,0.9,0.25,0.2,0.0769230769231,0.15,1
0.0769230769231,0.153846153846,0.384615384615,57.5,0.923076923077,70.8,0.846153846154,-1.3,0.230769230769,0.461538461538,0.9,0.31,0.1,0.0769230769231,0.35,1
0.0769230769231,0.153846153846,0.384615384615,0,0.923076923077,0,0.846153846154,-1.3,0.230769230769,0.153846153846,0.7,0.25,-0.1,0.153846153846,0,1
0.153846153846,0.153846153846,0.384615384615,0,0.923076923077,0,0.846153846154,-0.2,0.384615384615,0.384615384615,0,1,-0.8,0.153846153846,0.5,0
0.153846153846,0.153846153846,0.384615384615,0.2,0.923076923077,4.6,0.846153846154,-5.1,0.307692307692,0.461538461538,0.6,0.89,-0.5,0.153846153846,0.1,1
0.230769230769,0.0769230769231,0.0769230769231,41.8,0.923076923077,68.1,0.0769230769231,1.6,0.0769230769231,0.384615384615,0,0.95,-1,0.0769230769231,0.1,0
0.0769230769231,0.153846153846,0.230769230769,7.3,0.923076923077,1.7,0.0769230769231,-2.3,0.307692307692,0.384615384615,0,1,-0.3,0.153846153846,0.95,1
0.0769230769231,0.153846153846,0.153846153846,38.7,0.923076923077,42.4,0.846153846154,0,0.384615384615,0.384615384615,0,1,-0.6,0.230769230769,0.1,0
0.153846153846,0.0769230769231,0.153846153846,40.3,0.923076923077,20.5,0.846153846154,0.3,0.384615384615,0.461538461538,0.6,0.87,-0.1,0.0769230769231,0.6,0
0.230769230769,0.153846153846,0.153846153846,52.4,0.0769230769231,48.6,0.846153846154,-3.3,0.307692307692,0.461538461538,0.2,0.91,-0.8,0.230769230769,0.6,0
0.153846153846,0.0769230769231,0.384615384615,0,0.923076923077,0,0.846153846154,0.7,0.384615384615,0.384615384615,0,1,-0.7,0.153846153846,0.5,0
