AAWt,AAMt,Sstruct,SaccW,ShbondsW,SaccM,ShbondsM,yDDG,Result,Positiontype,ProteinPropens,Positionaccept,MOSST,SectorSuperficie,Functionalrelevancefunction,Clinical
0.0023790510758790336,0.0023790510758790336,0.0023790510758790336,0.549084988312881,0.009516204303516134,0.8355227378487166,0.0023790510758790336,-0.01141944516421936,0.004758102151758067,0.004758102151758067,0.006661343012461293,0.007517801399777746,0.0009516204303516134,0.0023790510758790336,0.0033306715062306467,0
0.03332296779996112,0.03332296779996112,0.06664593559992224,0.0,0.13329187119984448,0.6931177302391914,0.09996890339988337,-0.6664593559992225,0.03332296779996112,0.06664593559992224,0.0,0.13329187119984448,-0.11996268407986005,0.03332296779996112,0.04665215491994557,1
0.045834924851410566,0.09166984970282113,0.09166984970282113,0.09166984970282113,0.18333969940564226,0.7333587976225691,0.1375047745542317,0.5500190982169268,0.045834924851410566,0.09166984970282113,0.0,0.18333969940564226,-0.18333969940564226,0.045834924851410566,0.0,0
0.0016679898369984334,0.0033359796739968668,0.0016679898369984334,0.7459250551056994,0.0066719593479937335,0.6658615429297745,0.0050039695109952995,-0.008006351217592479,0.0033359796739968668,0.0033359796739968668,0.0033359796739968668,0.004136614795756115,0.0026687837391974932,0.0016679898369984334,0.0036695776413965533,1
