AAWt,AAMt,Sstruct,SaccW,ShbondsW,SaccM,ShbondsM,yDDG,Result,Positiontype,ProteinPropens,Positionaccept,MOSST,SectorSuperficie,Functionalrelevancefunction,Clinical
0.006018928956229237,0.0030094644781146185,0.0030094644781146185,0.575409608215515,0.0030094644781146185,0.8173705522559304,0.0030094644781146185,0.01926057265993356,0.006018928956229237,0.009028393434343855,0.002407571582491695,0.011074829279461795,-0.00963028632996678,0.0030094644781146185,0.004213250269360465,0
0.005122880907142985,0.005122880907142985,0.01024576181428597,0.9487575440028807,0.015368642721428953,0.31352031151715065,0.01024576181428597,-0.0040983047257143876,0.005122880907142985,0.005122880907142985,0.0,0.02049152362857194,-0.02049152362857194,0.01024576181428597,0.007172033270000178,1
0.015606779357364564,0.015606779357364564,0.03121355871472913,0.6929410034669866,0.046820338072093695,0.7054264269528784,0.03121355871472913,0.08739796440124156,0.03121355871472913,0.046820338072093695,0.03121355871472913,0.05680867686080702,-0.024970846971783305,0.03121355871472913,0.03121355871472913,1
0.014991779262993403,0.007495889631496702,0.007495889631496702,0.5486991210255586,0.022487668894490106,0.8335429270224333,0.007495889631496702,0.026985202673388126,0.007495889631496702,0.022487668894490106,0.014991779262993403,0.025486024747088783,-0.020988490968190762,0.007495889631496702,0.023986846820789446,1
