AAWt,AAMt,Sstruct,SaccW,ShbondsW,SaccM,ShbondsM,yDDG,Result,Positiontype,ProteinPropens,Positionaccept,MOSST,SectorSuperficie,Functionalrelevancefunction,Clinical
0.272727272727,0.272727272727,0.363636363636,25.4,0.727272727273,38.2,0.727272727273,0.8,0.181818181818,0.545454545455,0,1,-1.3,0.181818181818,0,1
0.0909090909091,0.0909090909091,0.181818181818,63.3,0.181818181818,98.4,0.0909090909091,0.7,0.181818181818,0.545454545455,0,1,-0.5,0.0909090909091,1,1
0.0909090909091,0.0909090909091,0.363636363636,0,0.727272727273,10,0.727272727273,-3.3,0.181818181818,0.545454545455,0,1,-0.5,0.181818181818,0.75,0
0.0909090909091,0.0909090909091,0.363636363636,67.5,0.181818181818,32.5,0.181818181818,-0.3,0.272727272727,0.0909090909091,0.7,0.87,0.1,0.181818181818,0.25,0
0.0909090909091,0.272727272727,0.181818181818,1.2,0.727272727273,3.4,0.727272727273,-0.6,0.0909090909091,0.545454545455,0,1,-0.5,0.272727272727,0.1,0
0.272727272727,0.0909090909091,0.0909090909091,61,0.727272727273,93.7,0.727272727273,0.3,0.272727272727,0.272727272727,0.1,0.76,0.7,0.0909090909091,0.2,1
0.0909090909091,0.0909090909091,0.0909090909091,39.9,0.727272727273,27.5,0.727272727273,2.8,0.181818181818,0.272727272727,0.4,0.56,-0.4,0.0909090909091,0,1
0.0909090909091,0.0909090909091,0.181818181818,46.6,0.0909090909091,81,0.181818181818,-1.3,0.0909090909091,0.272727272727,0.6,0.9,0.3,0.181818181818,0.35,1
0.0909090909091,0.0909090909091,0.0909090909091,0.2,0.727272727273,9,0.727272727273,-3.6,0.181818181818,0.0909090909091,0.5,0.91,-0.6,0.272727272727,0.1,0
0.272727272727,0.272727272727,0.181818181818,0.5,0.727272727273,4,0.727272727273,3,0.181818181818,0.545454545455,0,1,-1,0.0909090909091,0,0
0.0909090909091,0.0909090909091,0.363636363636,46.3,0.727272727273,11.8,0.727272727273,0.1,0.272727272727,0.545454545455,0,1,-1.2,0.272727272727,0.35,0
