AAWt,AAMt,Sstruct,SaccW,ShbondsW,SaccM,ShbondsM,yDDG,Result,Positiontype,ProteinPropens,Positionaccept,MOSST,SectorSuperficie,Functionalrelevancefunction,Clinical
0.0540198220942,0.0270099110471,0.0540198220942,0.737370571586,0.0810297331413,0.491580381057,0.135049555235,-0.340324879193,0.0270099110471,0.135049555235,0.0945346886648,0.16638105205,0.0,0.0540198220942,0.0945346886648,1
0.051022473489,0.0255112367445,0.051022473489,0.696456763124,0.0765337102334,0.62502530024,0.127556183722,-0.16072079149,0.0765337102334,0.127556183722,0.0892893286057,0.157149218346,-0.0714314628846,0.051022473489,0.0892893286057,0
0.0151751111809,0.0151751111809,0.0151751111809,0.722335292213,0.0455253335428,0.66922240308,0.0758755559047,-0.0743580447867,0.0455253335428,0.0303502223619,0.03186773348,0.103039004919,-0.03186773348,0.0151751111809,0.0212451556533,1
0.0435666781176,0.0435666781176,0.0217833390588,0.0152483373411,0.0653500171763,0.747168529716,0.108916695294,-0.609933493646,0.0217833390588,0.108916695294,0.0762416867057,0.13723503607,-0.106738361388,0.0217833390588,0.0152483373411,0
0.00856248099779,0.00856248099779,0.00856248099779,0.704264062069,0.0128437214967,0.707260930418,0.0214062024945,-0.0239749467938,0.0128437214967,0.00856248099779,0.0,0.0299686834923,-0.0299686834923,0.0042812404989,0.0179812100954,0
0.00132383061914,0.00264766123829,0.00132383061914,0.608829701745,0.00132383061914,0.793239306991,0.00264766123829,0.0027800443002,0.00264766123829,0.00661915309572,0.0037067257336,0.00129735400676,-0.000926681433401,0.00132383061914,0.0013900221501,1
0.00128761228625,0.00257522457249,0.00257522457249,0.682305750482,0.00386283685874,0.730977494902,0.00257522457249,0.000901328600372,0.00257522457249,0.00643806143123,0.000901328600372,0.00648956592268,0.0,0.00128761228625,0.000901328600372,1
