AAWt,AAMt,Sstruct,SaccW,ShbondsW,SaccM,ShbondsM,yDDG,Result,Positiontype,ProteinPropens,Positionaccept,MOSST,SectorSuperficie,Functionalrelevancefunction,Clinical
0.14285714285714285,0.14285714285714285,0.14285714285714285,12.1,0.14285714285714285,10.6,0.8571428571428571,0.4,0.5714285714285714,0.42857142857142855,0.3,0.97,-0.9,0.42857142857142855,0.6,0
0.14285714285714285,0.14285714285714285,0.2857142857142857,0,0.5714285714285714,10,0.8571428571428571,-3.3,0.2857142857142857,0.42857142857142855,0,1,-0.5,0.14285714285714285,0.75,0
0.14285714285714285,0.14285714285714285,0.14285714285714285,61,0.5714285714285714,89.4,0.8571428571428571,0,0.5714285714285714,0.42857142857142855,0.1,0.76,-0.1,0.42857142857142855,0.2,1
0.14285714285714285,0.2857142857142857,0.2857142857142857,6.7,0.5714285714285714,38.3,0.8571428571428571,-2.2,0.2857142857142857,0.42857142857142855,0.7,0.78,-0.5,0.42857142857142855,0.5,0
0.14285714285714285,0.14285714285714285,0.2857142857142857,50.3,0.2857142857142857,35,0.8571428571428571,0.1,0.5714285714285714,0.42857142857142855,0,1,-1,0.14285714285714285,0.1,1
0.14285714285714285,0.2857142857142857,0.2857142857142857,65.1,0.2857142857142857,64.1,0.14285714285714285,-0.4,0.5714285714285714,0.42857142857142855,0.1,0.8,0,0.14285714285714285,0.5,1
0.14285714285714285,0.14285714285714285,0.14285714285714285,97.4,0.5714285714285714,89.5,0.8571428571428571,-1.8,0.14285714285714285,0.14285714285714285,0.3,0.77,0,0.14285714285714285,0,0
