AAWt,AAMt,Sstruct,SaccW,ShbondsW,SaccM,ShbondsM,yDDG,Result,Positiontype,ProteinPropens,Positionaccept,MOSST,SectorSuperficie,Functionalrelevancefunction,Clinical
0.01508202285935608,0.01508202285935608,0.01508202285935608,0.7179042881053493,0.06032809143742432,0.6334449600929554,0.09049213715613648,-0.23226315203408365,0.03016404571871216,0.04524606857806824,0.03167224800464777,0.10240693521502778,-0.04222966400619703,0.01508202285935608,0.021114832003098515,0
0.002639637015880162,0.002639637015880162,0.002639637015880162,0.5635625028904147,0.005279274031760324,0.8259424222689028,0.007918911047640486,0.0,0.003959455523820243,0.005279274031760324,0.0009238729555580569,0.007021434462241232,-0.0009238729555580569,0.002639637015880162,0.0018477459111161138,0
0.002639637015880162,0.002639637015880162,0.002639637015880162,0.5635625028904147,0.005279274031760324,0.8259424222689028,0.007918911047640486,0.0,0.003959455523820243,0.005279274031760324,0.0009238729555580569,0.007021434462241232,-0.0009238729555580569,0.002639637015880162,0.0018477459111161138,0
0.07581559967982197,0.03790779983991099,0.11372339951973297,0.8491347164140062,0.11372339951973297,0.053070919775875386,0.03790779983991099,0.3184255186552523,0.03790779983991099,0.11372339951973297,0.13267729943968848,0.24412623096902678,-0.13267729943968848,0.07581559967982197,0.15921275932762616,0
0.0026387785441836765,0.0026387785441836765,0.0026387785441836765,0.7443994273142152,0.010555114176734706,0.6668193381152151,0.015832671265102058,0.011082869885571441,0.007916335632551029,0.010555114176734706,0.011082869885571441,0.01607016133407859,0.005541434942785721,0.0026387785441836765,0.011082869885571441,1
0.022600243036455497,0.022600243036455497,0.06780072910936649,0.7751883361504237,0.06780072910936649,0.49042527389108437,0.13560145821873298,-0.2847630622593393,0.022600243036455497,0.09040097214582199,0.11074119087863193,0.11548724191628759,0.0,0.022600243036455497,0.11865127594139137,0
0.008426106741580414,0.004213053370790207,0.012639160112370621,0.09437239550570065,0.012639160112370621,0.9791136033716443,0.025278320224741243,-0.1710499668540824,0.008426106741580414,0.012639160112370621,0.014745686797765726,0.027132063707888936,-0.02359309887642516,0.008426106741580414,0.01769482415731887,1
