AAWt,AAMt,Sstruct,SaccW,ShbondsW,SaccM,ShbondsM,yDDG,Result,Positiontype,ProteinPropens,Positionaccept,MOSST,SectorSuperficie,Functionalrelevancefunction,Clinical
0.14285714285714285,0.14285714285714285,0.14285714285714285,6.8,0.5714285714285714,6,0.8571428571428571,-2.2,0.2857142857142857,0.42857142857142855,0.3,0.97,-0.4,0.14285714285714285,0.2,0
0.2857142857142857,0.2857142857142857,0.2857142857142857,61,0.5714285714285714,89.4,0.8571428571428571,0,0.42857142857142855,0.5714285714285714,0.1,0.76,-0.1,0.2857142857142857,0.2,0
0.2857142857142857,0.2857142857142857,0.2857142857142857,61,0.5714285714285714,89.4,0.8571428571428571,0,0.42857142857142855,0.5714285714285714,0.1,0.76,-0.1,0.2857142857142857,0.2,0
0.2857142857142857,0.14285714285714285,0.42857142857142855,3.2,0.42857142857142855,0.2,0.14285714285714285,1.2,0.14285714285714285,0.42857142857142855,0.5,0.92,-0.5,0.2857142857142857,0.6,0
0.14285714285714285,0.14285714285714285,0.14285714285714285,40.3,0.5714285714285714,36.1,0.8571428571428571,0.6,0.42857142857142855,0.5714285714285714,0.6,0.87,0.3,0.14285714285714285,0.6,1
0.14285714285714285,0.14285714285714285,0.42857142857142855,4.9,0.42857142857142855,3.1,0.8571428571428571,-1.8,0.14285714285714285,0.5714285714285714,0.7,0.73,0,0.14285714285714285,0.75,0
0.2857142857142857,0.14285714285714285,0.42857142857142855,3.2,0.42857142857142855,33.2,0.8571428571428571,-5.8,0.2857142857142857,0.42857142857142855,0.5,0.92,-0.8,0.2857142857142857,0.6,1
