AAWt,AAMt,Sstruct,SaccW,ShbondsW,SaccM,ShbondsM,yDDG,Result,Positiontype,ProteinPropens,Positionaccept,MOSST,SectorSuperficie,Functionalrelevancefunction,Clinical
0.00334837265415,0.00669674530831,0.00334837265415,0.847138281501,0.0301353538874,0.525694506702,0.0267869812332,-0.0468772171581,0.00669674530831,0.0167418632708,0.0100451179625,0.0324792147453,-0.0234386085791,0.00334837265415,0.00837093163538,1
0.00109446600589,0.00218893201178,0.00218893201178,0.712497369835,0.00109446600589,0.701552709776,0.00109446600589,-0.00437786402356,0.00328339801767,0.00437786402356,0.00109446600589,0.00875572804712,0.0,0.00109446600589,0.00547233002945,1
0.0959798540233,0.0479899270117,0.143969781035,0.0959798540233,0.431909343105,0.143969781035,0.383919416093,-0.527889197128,0.0959798540233,0.191959708047,0.28793956207,0.427110350404,-0.0479899270117,0.0959798540233,0.0479899270117,0
0.0452678730213,0.0905357460425,0.135803619064,0.0,0.407410857191,0.0,0.36214298417,0.0,0.135803619064,0.226339365106,0.0,0.452678730213,-0.588482349276,0.0452678730213,0.226339365106,1
0.0221295269886,0.0442590539773,0.0442590539773,0.309813377841,0.199165742898,0.442590539773,0.177036215909,-0.730274390625,0.0663885809659,0.110647634943,0.0,0.221295269886,-0.177036215909,0.0442590539773,0.0221295269886,1
0.0674871233145,0.0674871233145,0.101230684972,0.0,0.303692054915,0.0,0.269948493258,0.641127671488,0.0337435616572,0.168717808286,0.0,0.337435616572,-0.438666301544,0.0674871233145,0.253076712429,0
0.00187469999511,0.00374939999023,0.00562409998534,0.851113797781,0.016872299956,0.521166598642,0.0149975999609,-0.0562409998534,0.00562409998534,0.00749879998045,0.00187469999511,0.0106857899721,-0.00749879998045,0.00187469999511,0.00187469999511,1
0.0186767091353,0.00933835456767,0.028015063703,0.0,0.084045191109,0.933835456767,0.0747068365414,-0.308165700733,0.028015063703,0.0466917728384,0.0,0.0933835456767,-0.0466917728384,0.0186767091353,0.0700376592575,0
0.00222414053321,0.00111207026661,0.00333621079982,0.661681808631,0.0100086323995,0.749535359693,0.00889656213286,0.0,0.00333621079982,0.00111207026661,0.0100086323995,0.006227593493,0.00444828106643,0.00222414053321,0.00111207026661,1
0.00299920194356,0.00299920194356,0.00299920194356,0.548853955671,0.026992817492,0.83377814031,0.00299920194356,0.026992817492,0.00299920194356,0.0119968077742,0.0149960097178,0.0254932165203,-0.0209944136049,0.00599840388712,0.0239936155485,1
