AAWt,AAMt,Sstruct,SaccW,ShbondsW,SaccM,ShbondsM,yDDG,Result,Positiontype,ProteinPropens,Positionaccept,MOSST,SectorSuperficie,Functionalrelevancefunction,Clinical
0.0909090909091,0.0909090909091,0.0909090909091,11.1,0.818181818182,28.8,0.181818181818,-0.7,0.272727272727,0.545454545455,0.5,0.91,-0.7,0.272727272727,0.5,1
0.0909090909091,0.0909090909091,0.272727272727,62.5,0.0909090909091,76,0.181818181818,-0.8,0.272727272727,0.545454545455,0.7,0.59,0.4,0.181818181818,0.25,1
0.272727272727,0.181818181818,0.181818181818,0.2,0.818181818182,9,0.727272727273,-3.6,0.363636363636,0.0909090909091,0.5,0.91,-0.6,0.272727272727,0.1,0
0.181818181818,0.181818181818,0.363636363636,1.2,0.818181818182,3.4,0.727272727273,-0.6,0.272727272727,0.363636363636,0,1,-0.5,0.272727272727,0.1,0
0.272727272727,0.0909090909091,0.363636363636,0.1,0.818181818182,4.9,0.727272727273,-4,0.363636363636,0.545454545455,0.5,0.9,-0.7,0.0909090909091,0.1,0
0.0909090909091,0.0909090909091,0.363636363636,29.8,0.818181818182,30.4,0.727272727273,-0.2,0.181818181818,0.545454545455,0,0.81,0.3,0.181818181818,0.2,0
0.0909090909091,0.0909090909091,0.363636363636,0.3,0.818181818182,0.4,0.727272727273,-2.7,0.363636363636,0.363636363636,0.3,0.95,0,0.0909090909091,0.1,1
0.0909090909091,0.0909090909091,0.0909090909091,61,0.818181818182,89.4,0.727272727273,0,0.181818181818,0.545454545455,0.1,0.76,-0.1,0.181818181818,0.2,1
0.272727272727,0.181818181818,0.272727272727,1.4,0.818181818182,2,0.727272727273,-3.3,0.363636363636,0.363636363636,0,1,-0.8,0.181818181818,0.1,1
0.0909090909091,0.0909090909091,0.272727272727,47.8,0.0909090909091,67.9,0.0909090909091,1.6,0.0909090909091,0.545454545455,0.2,0.92,-0.8,0.181818181818,0.35,0
0.181818181818,0.181818181818,0.181818181818,6.8,0.818181818182,7.8,0.727272727273,-1.1,0.0909090909091,0.363636363636,0.3,0.97,-0.7,0.181818181818,0.2,1
