Statistic,Value
Mean,0.15422405877
Std,0.381633636654
Max,1.6
Min,0.0
Var,0.145644232626
