AAWt,AAMt,Sstruct,SaccW,ShbondsW,SaccM,ShbondsM,yDDG,Result,Positiontype,ProteinPropens,Positionaccept,MOSST,SectorSuperficie,Functionalrelevancefunction,Clinical
0.0457252389861,0.0914504779722,0.0457252389861,0.896214684128,0.0914504779722,0.274351433917,0.0914504779722,-0.0914504779722,0.0914504779722,0.0914504779722,0.128030669161,0.133517697839,-0.109740573567,0.0457252389861,0.137175716958,0
0.0025403040379,0.0025403040379,0.0025403040379,0.635076009475,0.0050806080758,0.772252427522,0.0050806080758,-0.00812897292128,0.0050806080758,0.0050806080758,0.00711285130612,0.00599511752945,0.00406448646064,0.0025403040379,0.0025403040379,1
0.00595747010984,0.0119149402197,0.0119149402197,0.560002190325,0.0119149402197,0.826896851246,0.0119149402197,-0.0262128684833,0.00595747010984,0.0119149402197,0.0,0.0238298804394,-0.0190639043515,0.00595747010984,0.0142979282636,1
0.00632595224483,0.00632595224483,0.0126519044897,0.678142080646,0.0126519044897,0.731280079502,0.0126519044897,-0.0531379988566,0.00632595224483,0.0126519044897,0.0,0.0253038089793,-0.0328949516731,0.00632595224483,0.00253038089793,0
