AAWt,AAMt,Sstruct,SaccW,ShbondsW,SaccM,ShbondsM,yDDG,Result,Positiontype,ProteinPropens,Positionaccept,MOSST,SectorSuperficie,Functionalrelevancefunction,Clinical
0.09090909090909091,0.09090909090909091,0.5454545454545454,0.5,0.8181818181818182,0.2,0.8181818181818182,1.5,0.09090909090909091,0.6363636363636364,0,1,-1.3,0.18181818181818182,0,0
0.09090909090909091,0.09090909090909091,0.5454545454545454,0,0.8181818181818182,0,0.09090909090909091,0.6,0.18181818181818182,0.6363636363636364,0,1,-1.1,0.09090909090909091,0.5,0
0.09090909090909091,0.09090909090909091,0.5454545454545454,0,0.8181818181818182,0,0.8181818181818182,-0.6,0.09090909090909091,0.6363636363636364,0,1,-0.5,0.18181818181818182,0.25,0
0.09090909090909091,0.09090909090909091,0.09090909090909091,18.3,0.8181818181818182,27.8,0.09090909090909091,0.9,0.18181818181818182,0.2727272727272727,0.5,0.85,-0.7,0.2727272727272727,0.8,1
0.09090909090909091,0.09090909090909091,0.5454545454545454,0,0.8181818181818182,1.8,0.8181818181818182,-4.3,0.2727272727272727,0.6363636363636364,0,1,-0.8,0.18181818181818182,0.35,1
0.09090909090909091,0.09090909090909091,0.18181818181818182,111.8,0.8181818181818182,128.5,0.8181818181818182,-3,0.2727272727272727,0.2727272727272727,0.5,0.62,-0.3,0.09090909090909091,0.55,0
0.09090909090909091,0.18181818181818182,0.18181818181818182,1.4,0.8181818181818182,2,0.8181818181818182,-1.4,0.36363636363636365,0.6363636363636364,0,1,-0.6,0.2727272727272727,0.1,0
0.09090909090909091,0.09090909090909091,0.18181818181818182,68.8,0.18181818181818182,71.8,0.8181818181818182,-2.4,0.2727272727272727,0.6363636363636364,0,1,-1.1,0.2727272727272727,0,0
0.09090909090909091,0.18181818181818182,0.18181818181818182,0,0.8181818181818182,5.5,0.8181818181818182,-1.5,0.36363636363636365,0.6363636363636364,0,1,-0.6,0.18181818181818182,0.15,1
0.18181818181818182,0.09090909090909091,0.5454545454545454,0,0.8181818181818182,0,0.8181818181818182,-1.3,0.36363636363636365,0.09090909090909091,0.7,0.25,-0.1,0.18181818181818182,0,1
0.18181818181818182,0.09090909090909091,0.5454545454545454,4.9,0.18181818181818182,3.1,0.8181818181818182,-1.8,0.36363636363636365,0.2727272727272727,0.7,0.73,0,0.18181818181818182,0.75,0
