AAWt,AAMt,Sstruct,SaccW,ShbondsW,SaccM,ShbondsM,yDDG,Result,Positiontype,ProteinPropens,Positionaccept,MOSST,SectorSuperficie,Functionalrelevancefunction,Clinical
0.0023096353681991734,0.0023096353681991734,0.004619270736398347,0.5635510298405983,0.009238541472796694,0.8259256076680246,0.004619270736398347,0.0,0.004619270736398347,0.004619270736398347,0.0009238541472796695,0.007021291519325488,-0.0009238541472796695,0.004619270736398347,0.001847708294559339,0
0.0036434584861921096,0.0036434584861921096,0.007286916972384219,0.5640073736625386,0.014573833944768438,0.8248790012738936,0.0036434584861921096,-0.024775517706106344,0.0036434584861921096,0.0036434584861921096,0.0,0.014573833944768438,-0.01603121733924528,0.007286916972384219,0.0014573833944768438,1
0.005192182348854987,0.005192182348854987,0.005192182348854987,0.8286723028772559,0.020768729395419946,0.5586788207367965,0.005192182348854987,-0.006230618818625984,0.010384364697709973,0.010384364697709973,0.00830749175816798,0.011630488461435171,0.012461237637251968,0.005192182348854987,0.0,1
0.004607551269941778,0.004607551269941778,0.004607551269941778,0.7648535108103351,0.01843020507976711,0.6432141572838722,0.009215102539883556,0.01843020507976711,0.004607551269941778,0.004607551269941778,0.0165871845717904,0.004791853320739449,0.009215102539883556,0.004607551269941778,0.0,1
