Statistic,Value
Mean,7.51308016878
Std,2.10405420535
Max,10.0
Min,0.0
Var,4.42704409906
