AAWt,AAMt,Sstruct,SaccW,ShbondsW,SaccM,ShbondsM,yDDG,Result,Positiontype,ProteinPropens,Positionaccept,MOSST,SectorSuperficie,Functionalrelevancefunction,Clinical
0.0769230769231,0.0769230769231,0.307692307692,9.8,0.692307692308,17.2,0.0769230769231,-3.4,0.307692307692,0.307692307692,0,1,-0.9,0.0769230769231,0.1,0
0.0769230769231,0.0769230769231,0.230769230769,45.4,0.692307692308,41.5,0.307692307692,-1.8,0.230769230769,0.615384615385,0.1,0.57,-0.2,0.230769230769,0.1,0
0.0769230769231,0.0769230769231,0.307692307692,63.3,0.230769230769,97.8,0.307692307692,-0.4,0.230769230769,0.307692307692,0,1,-0.3,0.0769230769231,1,1
0.0769230769231,0.0769230769231,0.153846153846,99.4,0.230769230769,98.6,0.307692307692,-0.5,0.230769230769,0.615384615385,-0.1,0.71,-0.1,0.0769230769231,0.2,0
0.153846153846,0.0769230769231,0.230769230769,4.9,0.230769230769,3.1,0.615384615385,-1.8,0.230769230769,0.615384615385,0.7,0.73,0,0.230769230769,0.75,0
0.0769230769231,0.0769230769231,0.230769230769,0.3,0.692307692308,18,0.615384615385,-5.2,0.307692307692,0.307692307692,0.3,0.95,-0.7,0.153846153846,0.1,0
0.0769230769231,0.0769230769231,0.0769230769231,61,0.692307692308,89.4,0.615384615385,0,0.230769230769,0.615384615385,0.1,0.76,-0.1,0.230769230769,0.2,1
0.0769230769231,0.0769230769231,0.230769230769,16.3,0.692307692308,30.7,0.615384615385,1,0.0769230769231,0.615384615385,0.8,0.74,-0.4,0.0769230769231,0.65,1
0.153846153846,0.0769230769231,0.230769230769,74.6,0.692307692308,70.3,0.307692307692,1.1,0.153846153846,0.615384615385,0,0.79,-0.3,0.230769230769,0.35,1
0.0769230769231,0.153846153846,0.307692307692,6.7,0.692307692308,21.4,0.615384615385,-3.5,0.307692307692,0.615384615385,0.7,0.78,-0.1,0.230769230769,0.5,1
0.153846153846,0.153846153846,0.307692307692,52.4,0.0769230769231,29.7,0.615384615385,-2.3,0.307692307692,0.615384615385,0.2,0.91,-0.8,0.230769230769,0.6,0
0.153846153846,0.0769230769231,0.230769230769,0,0.692307692308,6,0.615384615385,1.6,0.153846153846,0.307692307692,0,1,-1,0.153846153846,0.75,0
0.0769230769231,0.0769230769231,0.153846153846,97.4,0.692307692308,89.5,0.615384615385,-1.8,0.230769230769,0.0769230769231,0.3,0.77,0,0.0769230769231,0,0
