AAWt,AAMt,Sstruct,SaccW,ShbondsW,SaccM,ShbondsM,yDDG,Result,Positiontype,ProteinPropens,Positionaccept,MOSST,SectorSuperficie,Functionalrelevancefunction,Clinical
0.0603571640283,0.0301785820142,0.0603571640283,0.422500148198,0.211250074099,0.603571640283,0.271607238128,-0.422500148198,0.0301785820142,0.150892910071,0.0,0.301785820142,-0.181071492085,0.0603571640283,0.0301785820142,0
0.0141712333536,0.00708561667678,0.00708561667678,0.860902426229,0.0247996583687,0.503078784052,0.0318852750455,0.0531421250759,0.0106284250152,0.00708561667678,0.0,0.0145255141874,0.0247996583687,0.00354280833839,0.0,1
0.000926699606884,0.00278009882065,0.00185339921377,0.608841641723,0.00185339921377,0.793254863493,0.000926699606884,0.00278009882065,0.00278009882065,0.00278009882065,0.00370679842754,0.00129737944964,-0.000926699606884,0.000926699606884,0.00139004941033,1
0.165663073313,0.124247304984,0.248494609969,0.207078841641,0.289910378297,0.496989219938,0.372741914953,-0.165663073313,0.124247304984,0.207078841641,0.0,0.414157683281,-0.331326146625,0.124247304984,0.0,0
0.000874863263816,0.000874863263816,0.0052491795829,0.647398815224,0.000874863263816,0.762005902784,0.00787376937435,0.00174972652763,0.00262458979145,0.00174972652763,0.00787376937435,0.006648960805,-0.00262458979145,0.00174972652763,0.000874863263816,1
0.133854896282,0.0334637240705,0.200782344423,0.167318620353,0.234246068494,0.501955861058,0.301173516635,0.468492136987,0.100391172212,0.167318620353,0.0,0.334637240705,-0.368100964776,0.100391172212,0.0,0
0.00461981246298,0.00230990623149,0.00230990623149,0.645618791702,0.00808467181022,0.763424009508,0.0103945780417,-0.0103945780417,0.00115495311575,0.00346485934724,-0.00115495311575,0.00230990623149,0.00461981246298,0.00230990623149,0.0,1
0.0323254091918,0.0646508183835,0.193952455151,0.0,0.226277864342,0.0,0.290928682726,0.808135229794,0.0323254091918,0.161627045959,0.0,0.323254091918,-0.0969762275753,0.0323254091918,0.161627045959,1
0.0549442255795,0.0824163383692,0.164832676738,0.0274721127897,0.192304789528,0.0824163383692,0.247249015108,-0.851635496482,0.0274721127897,0.0824163383692,0.137360563949,0.247249015108,-0.192304789528,0.0824163383692,0.0274721127897,1
0.00321057332351,0.00642114664701,0.019263439941,0.388479372144,0.00642114664701,0.918223970523,0.0288951599116,0.0481585998526,0.00963171997052,0.0160528666175,0.00963171997052,0.031142561238,-0.0224740132646,0.00642114664701,0.019263439941,1
