AAWt,AAMt,Sstruct,SaccW,ShbondsW,SaccM,ShbondsM,yDDG,Result,Positiontype,ProteinPropens,Positionaccept,MOSST,SectorSuperficie,Functionalrelevancefunction,Clinical
0.0198284721421,0.0198284721421,0.0594854164262,0.773310413541,0.0198284721421,0.376740970699,0.158627777137,-0.376740970699,0.0396569442842,0.0991423607104,0.0991423607104,0.17449055485,-0.158627777137,0.0396569442842,0.0991423607104,0
0.00224995936048,0.00224995936048,0.00674987808143,0.623238742852,0.00224995936048,0.780735898085,0.0179996748838,0.0089998374419,0.00674987808143,0.0112497968024,0.0,0.0224995936048,-0.0292494716862,0.00449991872095,0.00224995936048,1
0.000923878000798,0.000923878000798,0.00277163400239,0.563565580486,0.00739102400638,0.825946932713,0.00739102400638,0.0,0.00277163400239,0.00461939000399,0.000923878000798,0.00702147280606,-0.000923878000798,0.0018477560016,0.0018477560016,0
0.000586985908109,0.000586985908109,0.00117397181622,0.656250245265,0.00469588726487,0.75427689192,0.00469588726487,-0.0176095772433,0.00117397181622,0.00293492954054,0.00293492954054,0.00363931263027,-0.00176095772433,0.000586985908109,0.0032284224946,0
0.0270411976852,0.0180274651234,0.00901373256172,0.612933814197,0.0721098604938,0.775181000308,0.0180274651234,0.0450686628086,0.0270411976852,0.0450686628086,0.0270411976852,0.0874332058487,-0.0540823953703,0.0180274651234,0.0180274651234,0
0.019915538065,0.019915538065,0.0597466141951,0.0,0.15932430452,0.358479685171,0.15932430452,-0.856368136797,0.0398310761301,0.0995776903252,0.0,0.19915538065,-0.15932430452,0.0398310761301,0.0697043832277,1
0.0042997619598,0.0028665079732,0.0014332539866,0.609132944305,0.0114660318928,0.79258945459,0.0114660318928,0.0100327779062,0.0014332539866,0.007166269933,0.007166269933,0.0133292620754,-0.0085995239196,0.0028665079732,0.0014332539866,0
0.0413802944301,0.0413802944301,0.12414088329,0.0,0.331042355441,0.0,0.331042355441,-0.537943827592,0.0827605888602,0.206901472151,0.0,0.413802944301,-0.455183238731,0.0413802944301,0.206901472151,1
0.160990454891,0.107326969927,0.160990454891,0.0,0.429307879708,0.0,0.429307879708,-0.321980909781,0.0536634849635,0.268317424818,0.0,0.536634849635,-0.268317424818,0.107326969927,0.134158712409,0
0.000975418678631,0.00195083735726,0.00195083735726,0.727662334258,0.00780334942904,0.685719331077,0.00195083735726,0.0107296054649,0.000975418678631,0.00487709339315,0.0,0.00770580756118,-0.00292625603589,0.00195083735726,0.00341396537521,1
