AAWt,AAMt,Sstruct,SaccW,ShbondsW,SaccM,ShbondsM,yDDG,Result,Positiontype,ProteinPropens,Positionaccept,MOSST,SectorSuperficie,Functionalrelevancefunction,Clinical
0.0901851489726,0.0901851489726,0.180370297945,0.0,0.315648021404,0.0,0.270555446918,-0.75755525137,0.135277723459,0.180370297945,0.220953614983,0.246205456695,-0.157824010702,0.135277723459,0.0315648021404,1
0.0746637783957,0.0746637783957,0.0746637783957,0.0261323224385,0.261323224385,0.0261323224385,0.223991335187,-0.836234318032,0.111995667594,0.149327556791,0.130661612193,0.235190901947,-0.209058579508,0.111995667594,0.0261323224385,0
0.00254164833429,0.00254164833429,0.0101665933372,0.903810147675,0.0177915383401,0.425217766327,0.0152498900058,-0.0320247690121,0.00508329666859,0.0101665933372,0.0177915383401,0.0112086691542,-0.00533746150202,0.00254164833429,0.00444788458501,0
0.00631323548068,0.00315661774034,0.00315661774034,0.89048186455,0.0220963241824,0.452974645739,0.018939706442,0.00662889725471,0.00315661774034,0.0126264709614,0.0132577945094,0.0192238020387,-0.00220963241824,0.00315661774034,0.0132577945094,0
0.0176924308985,0.0353848617971,0.0707697235941,0.904083218915,0.12384701629,0.210539927693,0.0176924308985,-0.284848137466,0.0530772926956,0.0176924308985,0.0,0.12384701629,-0.0371541048869,0.0353848617971,0.117654665475,1
0.0679827875775,0.135965575155,0.135965575155,0.0,0.475879513043,0.0,0.407896725465,-0.618643366955,0.135965575155,0.135965575155,0.33311565913,0.118969878261,-0.0475879513043,0.135965575155,0.0,1
0.00354268268874,0.00177134134437,0.00708536537748,0.73776366993,0.0123993894106,0.674526783936,0.0106280480662,0.0123993894106,0.00177134134437,0.00354268268874,0.0111594504695,0.00694365806993,0.00371981682318,0.00531402403311,0.00123993894106,0
