AAWt,AAMt,Sstruct,SaccW,ShbondsW,SaccM,ShbondsM,yDDG,Result,Positiontype,ProteinPropens,Positionaccept,MOSST,SectorSuperficie,Functionalrelevancefunction,Clinical
0.0488537434216,0.0244268717108,0.0732806151324,0.0,0.146561230265,0.393272634544,0.0732806151324,-0.854940509878,0.0244268717108,0.146561230265,0.0,0.170988101976,-0.153889291778,0.0488537434216,0.0427470254939,0
0.0604058714582,0.0302029357291,0.0906088071873,0.253704660124,0.181217614375,0.803398090394,0.0906088071873,-0.359414935176,0.0604058714582,0.181217614375,0.0,0.211420550104,-0.147994385073,0.0604058714582,0.0211420550104,1
0.00292710420612,0.00292710420612,0.00292710420612,0.948674473202,0.0175626252367,0.313492860475,0.00878131261835,-0.00409794588856,0.00878131261835,0.0175626252367,0.0,0.0204897294428,-0.0204897294428,0.00585420841223,0.00717140530498,1
0.00117478053732,0.00234956107463,0.00234956107463,0.688303916814,0.0070486832239,0.725309503739,0.00469912214926,-0.00246703912836,0.00352434161195,0.00117478053732,0.00575642463285,0.00386502796777,0.00246703912836,0.00117478053732,0.0020558659403,1
0.00116490269106,0.00232980538212,0.00116490269106,0.516168382409,0.00116490269106,0.856203477929,0.00465961076424,-0.0130469101399,0.00232980538212,0.00698941614636,0.0,0.00815431883742,-0.0097851826049,0.00116490269106,0.00815431883742,1
0.0646602782594,0.0646602782594,0.193980834778,0.0,0.387961669556,0.0,0.258641113038,0.271573168689,0.0646602782594,0.387961669556,0.0,0.452621947816,-0.497884142597,0.0646602782594,0.226310973908,0
0.00299940920546,0.00299940920546,0.00599881841093,0.531195370288,0.0179964552328,0.846133336862,0.0119976368219,0.00209958644383,0.00899822761639,0.0179964552328,0.00629875933148,0.0203659885051,-0.0209958644383,0.00599881841093,0.00524896610956,0
