AAWt,AAMt,Sstruct,SaccW,ShbondsW,SaccM,ShbondsM,yDDG,Result,Positiontype,ProteinPropens,Positionaccept,MOSST,SectorSuperficie,Functionalrelevancefunction,Clinical
0.285714285714,0.142857142857,0.428571428571,0,0.857142857143,2.3,0.428571428571,-5,0.142857142857,0.857142857143,0,1,-0.9,0.285714285714,0.25,0
0.285714285714,0.142857142857,0.428571428571,1.2,0.857142857143,3.8,0.428571428571,-1.7,0.285714285714,0.857142857143,0,1,-0.7,0.285714285714,0.1,1
0.142857142857,0.142857142857,0.142857142857,46.3,0.857142857143,15.3,0.428571428571,-0.2,0.428571428571,0.857142857143,0,1,-1,0.285714285714,0.35,1
0.142857142857,0.285714285714,0.285714285714,83.7,0.857142857143,88.2,0.571428571429,-0.3,0.428571428571,0.142857142857,0.7,0.47,0.3,0.142857142857,0.25,1
0.142857142857,0.285714285714,0.142857142857,63.3,0.142857142857,105,0.571428571429,-1.6,0.285714285714,0.857142857143,0,1,-1.2,0.142857142857,1,1
0.142857142857,0.142857142857,0.428571428571,0,0.857142857143,0,0.571428571429,0.6,0.142857142857,0.857142857143,0,1,-1.1,0.142857142857,0.5,0
0.142857142857,0.142857142857,0.285714285714,25.3,0.857142857143,40.3,0.571428571429,0.1,0.428571428571,0.857142857143,0.3,0.97,-1,0.285714285714,0.25,0
