AAWt,AAMt,Sstruct,SaccW,ShbondsW,SaccM,ShbondsM,yDDG,Result,Positiontype,ProteinPropens,Positionaccept,MOSST,SectorSuperficie,Functionalrelevancefunction,Clinical
0.0165277253403,0.00826386267016,0.0330554506807,0.0,0.0413193133508,0.97761495388,0.0413193133508,-0.185110523812,0.0247915880105,0.0165277253403,0.052062334822,0.0271881081848,-0.0115694077382,0.0165277253403,0.0202464635419,1
0.00758959941607,0.00758959941607,0.0303583976643,0.0159381587737,0.0379479970803,0.956289526425,0.0379479970803,-0.276261418745,0.0227687982482,0.0151791988321,0.0159381587737,0.0504708361169,-0.0371890371387,0.00758959941607,0.00531271959125,0
0.0435151224392,0.0435151224392,0.0870302448784,0.0,0.108787806098,0.746284349832,0.108787806098,-0.609211714149,0.0652726836588,0.0435151224392,0.137072635683,0.0715823764125,-0.0456908785611,0.0435151224392,0.053306024988,0
0.0138617382447,0.00462057941491,0.00462057941491,0.359019020539,0.0231028970746,0.931508810046,0.00462057941491,-0.0226408391331,0.00462057941491,0.00924115882982,0.0161720279522,0.029433090873,-0.0226408391331,0.00924115882982,0.0161720279522,1
0.0849250103071,0.056616673538,0.028308336769,0.772817593794,0.056616673538,0.376500879028,0.141541683845,-0.376500879028,0.056616673538,0.056616673538,0.0990791786916,0.174379354497,-0.158526685907,0.056616673538,0.0990791786916,0
0.00132210889111,0.00264421778222,0.00132210889111,0.636727641958,0.00264421778222,0.770921694406,0.00132210889111,0.00370190489511,0.00132210889111,0.00264421778222,0.0,0.00925476223776,-0.0111057146853,0.00264421778222,0.0,0
0.206234281277,0.137489520851,0.274979041703,0.0,0.343723802128,0.0,0.343723802128,-0.673698652172,0.137489520851,0.0687447604257,0.336849326086,0.120303330745,-0.048121332298,0.137489520851,0.0,1
