AAWt,AAMt,Sstruct,SaccW,ShbondsW,SaccM,ShbondsM,yDDG,Result,Positiontype,ProteinPropens,Positionaccept,MOSST,SectorSuperficie,Functionalrelevancefunction,Clinical
0.181818181818,0.0909090909091,0.454545454545,0,0.727272727273,0,0.454545454545,0.6,0.0909090909091,0.545454545455,0,1,-1.1,0.0909090909091,0.5,0
0.0909090909091,0.272727272727,0.272727272727,14.4,0.272727272727,19.1,0.181818181818,-2.6,0.181818181818,0.0909090909091,0.2,0.48,-0.1,0.0909090909091,0.8,0
0.181818181818,0.0909090909091,0.454545454545,17.3,0.272727272727,0.3,0.363636363636,-1.1,0.272727272727,0.545454545455,0,1,-0.7,0.454545454545,0.85,0
0.181818181818,0.181818181818,0.454545454545,17.3,0.272727272727,27.7,0.454545454545,-2.5,0.181818181818,0.545454545455,0,1,-0.8,0.454545454545,0.85,0
0.181818181818,0.272727272727,0.272727272727,11.1,0.727272727273,28.8,0.181818181818,-0.7,0.181818181818,0.272727272727,0.5,0.91,-0.7,0.454545454545,0.5,1
0.0909090909091,0.0909090909091,0.181818181818,41.8,0.727272727273,68.1,0.454545454545,1.6,0.0909090909091,0.545454545455,0,0.95,-1,0.0909090909091,0.1,0
0.0909090909091,0.0909090909091,0.0909090909091,57.7,0.727272727273,87.8,0.454545454545,-1.2,0.272727272727,0.272727272727,0.7,0.79,0.1,0.0909090909091,0.35,0
0.181818181818,0.272727272727,0.181818181818,39.9,0.727272727273,26.9,0.454545454545,-0.3,0.181818181818,0.272727272727,0.4,0.56,0.6,0.0909090909091,0,1
0.0909090909091,0.0909090909091,0.454545454545,1.2,0.727272727273,4.4,0.363636363636,-0.4,0.181818181818,0.545454545455,0,1,-0.3,0.454545454545,0.1,0
0.0909090909091,0.181818181818,0.272727272727,0,0.727272727273,3.2,0.363636363636,-0.9,0.181818181818,0.545454545455,0,1,-0.8,0.0909090909091,0.15,1
0.181818181818,0.0909090909091,0.454545454545,0,0.727272727273,0,0.363636363636,-1.4,0.272727272727,0.0909090909091,0.7,0.25,-0.1,0.454545454545,0,1
