AAWt,AAMt,Sstruct,SaccW,ShbondsW,SaccM,ShbondsM,yDDG,Result,Positiontype,ProteinPropens,Positionaccept,MOSST,SectorSuperficie,Functionalrelevancefunction,Clinical
0.00166798055575,0.00333596111149,0.00333596111149,0.74592090453,0.00667192222299,0.665857837854,0.00667192222299,-0.00800630666758,0.00166798055575,0.00166798055575,0.00333596111149,0.00413659177825,0.00266876888919,0.00166798055575,0.00366955722264,1
0.012279988606,0.012279988606,0.0245599772119,0.76135929357,0.0491199544239,0.618911425741,0.0491199544239,-0.171919840484,0.012279988606,0.012279988606,0.0147359863272,0.00835039225206,-0.00491199544239,0.0368399658179,0.00491199544239,1
0.007791641148,0.007791641148,0.015583282296,0.58593141433,0.031166564592,0.807214022933,0.031166564592,0.0218165952144,0.007791641148,0.015583282296,0.0,0.031166564592,-0.0218165952144,0.023374923444,0.0031166564592,0
0.0451293682407,0.0902587364813,0.0902587364813,0.0902587364813,0.180517472963,0.72206989185,0.180517472963,0.541552418888,0.0451293682407,0.0902587364813,0.0,0.180517472963,-0.180517472963,0.135388104722,0.0,0
