AAWt,AAMt,Sstruct,SaccW,ShbondsW,SaccM,ShbondsM,yDDG,Result,Positiontype,ProteinPropens,Positionaccept,MOSST,SectorSuperficie,Functionalrelevancefunction,Clinical
0.0016498304444191223,0.0032996608888382446,0.006599321777676489,0.6455786529012025,0.009898982666514733,0.7633765466327278,0.009898982666514733,-0.01039393179984047,0.0016498304444191223,0.0049494913332573665,-0.0011548813110933856,0.002309762622186771,0.004619525244373542,0.008249152222095612,0.0,1
0.004143553598170971,0.004143553598170971,0.004143553598170971,0.0058009750374393605,0.024861321589025827,0.9890662438834109,0.024861321589025827,-0.13632291337982497,0.008287107196341943,0.004143553598170971,0.0145024375935984,0.02639443642034909,-0.02030341263103776,0.020717767990854858,0.0029004875187196803,0
0.008911871313885936,0.017823742627771873,0.035647485255543745,0.6924524010889372,0.05347122788331562,0.7049290209283777,0.05347122788331562,0.08733633887608218,0.008911871313885936,0.02673561394165781,0.03119154959860078,0.056768620269453424,-0.024953239678880624,0.044559356569429685,0.03119154959860078,1
0.0012871682865190875,0.0012871682865190875,0.0012871682865190875,0.6667531724168874,0.0012871682865190875,0.7451417210658998,0.0012871682865190875,0.004505089002816807,0.002574336573038175,0.002574336573038175,0.008109160205070253,0.006847735284281546,0.002703053401690084,0.006435841432595438,0.0009010178005633614,1
0.00627909318206778,0.00627909318206778,0.00627909318206778,0.8043518366228826,0.037674559092406676,0.5670021143407206,0.037674559092406676,-0.1538377829606606,0.01255818636413556,0.018837279546203338,0.02197682613723723,0.03736060443330329,-0.03516292181957957,0.00627909318206778,0.03516292181957957,0
0.0028695313943047575,0.0028695313943047575,0.01147812557721903,0.9300151248941718,0.017217188365828546,0.36356962765841283,0.017217188365828546,-0.028121407664186623,0.0028695313943047575,0.0028695313943047575,0.0,0.020086719760133303,-0.026112735688173294,0.014347656971523789,0.007030351916046656,0
0.0015886432818034864,0.0015886432818034864,0.006354573127213946,0.6616699268711521,0.00953185969082092,0.7495219003548851,0.00953185969082092,0.0,0.003177286563606973,0.003177286563606973,0.010008452675361965,0.006227481664669668,0.0044482011890497625,0.0015886432818034864,0.0011120502972624406,1
