AAWt,AAMt,Sstruct,SaccW,ShbondsW,SaccM,ShbondsM,yDDG,Result,Positiontype,ProteinPropens,Positionaccept,MOSST,SectorSuperficie,Functionalrelevancefunction,Clinical
0.181818181818,0.181818181818,0.181818181818,40.3,0.727272727273,20.5,0.727272727273,0.3,0.363636363636,0.636363636364,0.6,0.87,-0.1,0.0909090909091,0.6,0
0.272727272727,0.0909090909091,0.363636363636,11.1,0.727272727273,16.5,0.727272727273,0.2,0.363636363636,0.636363636364,0.5,0.91,-0.3,0.181818181818,0.5,0
0.0909090909091,0.0909090909091,0.272727272727,0,0.727272727273,0,0.727272727273,-1,0.272727272727,0.272727272727,0,1,-1.1,0.0909090909091,0.35,1
0.181818181818,0.181818181818,0.0909090909091,82.8,0.181818181818,74.3,0.272727272727,-0.7,0.272727272727,0.636363636364,0.8,0.64,-0.2,0.0909090909091,0.1,0
0.0909090909091,0.181818181818,0.363636363636,0,0.727272727273,0.2,0.727272727273,0,0.363636363636,0.636363636364,0.7,0.78,0,0.272727272727,0.1,0
0.272727272727,0.181818181818,0.363636363636,11.1,0.727272727273,46.4,0.272727272727,-0.4,0.363636363636,0.636363636364,0.5,0.91,-0.8,0.181818181818,0.5,0
0.0909090909091,0.181818181818,0.363636363636,21.2,0.727272727273,25.6,0.727272727273,0.8,0.0909090909091,0.636363636364,0,0.83,-0.6,0.0909090909091,0.25,0
0.272727272727,0.0909090909091,0.0909090909091,3.9,0.181818181818,1.9,0.727272727273,-1.9,0.181818181818,0.636363636364,0.5,0.88,-0.8,0.0909090909091,0.5,0
0.0909090909091,0.181818181818,0.181818181818,12.8,0.727272727273,39.6,0.272727272727,2.7,0.0909090909091,0.272727272727,0,1,-0.5,0.0909090909091,0.6,0
0.181818181818,0.181818181818,0.272727272727,44.8,0.0909090909091,47.1,0.727272727273,-1.4,0.181818181818,0.0909090909091,0.8,0.28,0.6,0.272727272727,0.15,1
0.181818181818,0.181818181818,0.272727272727,0,0.727272727273,0,0.727272727273,-0.8,0.272727272727,0.272727272727,0.3,0.96,0,0.272727272727,0.1,0
