Metric,Score
accuracy,0.620689655172
recall,0.310344827586
precision,0.310344827586
