AAWt,AAMt,Sstruct,SaccW,ShbondsW,SaccM,ShbondsM,yDDG,Result,Positiontype,ProteinPropens,Positionaccept,MOSST,SectorSuperficie,Functionalrelevancefunction,Clinical
0.0909090909091,0.0909090909091,0.272727272727,42.5,0.454545454545,55.3,0.727272727273,0.7,0.0909090909091,0.545454545455,0.5,0.93,-0.6,0.181818181818,0.1,0
0.0909090909091,0.0909090909091,0.181818181818,9.8,0.454545454545,17.2,0.0909090909091,-3.4,0.363636363636,0.454545454545,0,1,-0.9,0.0909090909091,0.1,0
0.0909090909091,0.0909090909091,0.181818181818,0,0.454545454545,5.2,0.727272727273,-5,0.363636363636,0.454545454545,0,1,-0.9,0.181818181818,0.35,1
0.0909090909091,0.0909090909091,0.181818181818,27.7,0.272727272727,34.7,0.727272727273,0.4,0.454545454545,0.454545454545,0,1,-1.3,0.181818181818,0.1,1
0.0909090909091,0.181818181818,0.181818181818,0.3,0.454545454545,0,0.727272727273,-5.1,0.363636363636,0.454545454545,0.3,0.95,-0.9,0.0909090909091,0.1,1
0.0909090909091,0.0909090909091,0.272727272727,99.4,0.272727272727,98.6,0.181818181818,-0.5,0.454545454545,0.545454545455,-0.1,0.71,-0.1,0.181818181818,0.2,0
0.0909090909091,0.0909090909091,0.272727272727,25.3,0.454545454545,40.3,0.181818181818,0.1,0.454545454545,0.454545454545,0.3,0.97,-1,0.181818181818,0.25,0
0.0909090909091,0.0909090909091,0.181818181818,91.7,0.272727272727,64.7,0.727272727273,0,0.454545454545,0.545454545455,0.5,0.9,-0.7,0.272727272727,0,0
0.0909090909091,0.0909090909091,0.181818181818,52.4,0.272727272727,29.7,0.727272727273,-2.3,0.363636363636,0.545454545455,0.2,0.91,-0.8,0.272727272727,0.6,0
0.0909090909091,0.181818181818,0.181818181818,66.5,0.272727272727,53.3,0.727272727273,0.3,0.454545454545,0.545454545455,0.7,0.85,-0.3,0.181818181818,0.25,1
0.0909090909091,0.0909090909091,0.181818181818,3.9,0.272727272727,1.9,0.727272727273,-1.9,0.0909090909091,0.545454545455,0.5,0.88,-0.8,0.272727272727,0.5,0
