algorithm,desc,actualScore,new score
SVC,linear,0.564516129032,0.538461538462
SVC,rbf,0.564516129032,0.769230769231
SVC,sigmoid,0.564516129032,0.538461538462
