AAWt,AAMt,Sstruct,SaccW,ShbondsW,SaccM,ShbondsM,yDDG,Result,Positiontype,ProteinPropens,Positionaccept,MOSST,SectorSuperficie,Functionalrelevancefunction,Clinical
0.028651854350985394,0.028651854350985394,0.08595556305295618,0.0,0.14325927175492698,0.36101336482241597,0.14325927175492698,-0.8624208159646604,0.05730370870197079,0.028651854350985394,0.0,0.20056298045689777,-0.16045038436551823,0.028651854350985394,0.07019704315991421,1
0.0027619019323608537,0.0027619019323608537,0.011047607729443415,0.39439959594112994,0.01380950966180427,0.918332392509984,0.01380950966180427,0.005799994057957793,0.011047607729443415,0.005523803864721707,0.011599988115915586,0.016239983362281822,0.0,0.0027619019323608537,0.0019333313526525978,0
0.002659797945013868,0.002659797945013868,0.007979393835041603,0.834112635556349,0.002659797945013868,0.5492482756453637,0.01329898972506934,-0.04468460547623298,0.005319595890027736,0.002659797945013868,0.014894868492077662,0.005213203972227182,-0.0018618585615097077,0.005319595890027736,0.002792787842264561,0
0.001272775691087397,0.001272775691087397,0.005091102764349588,0.8169947161090002,0.001272775691087397,0.5764401104934822,0.006363878455436986,0.0,0.005091102764349588,0.003818327073262191,0.00445471491880589,0.008018486853850601,-0.006236600886328245,0.001272775691087397,0.0,0
0.01600038319456563,0.01600038319456563,0.06400153277826252,0.6720160941717566,0.08000191597282816,0.6384152894631687,0.08000191597282816,0.3248077788496823,0.01600038319456563,0.048001149583696896,0.056001341180979713,0.06832163624079525,-0.04480107294478377,0.03200076638913126,0.06720160941717565,0
0.0018059544732589915,0.003611908946517983,0.005417863419776975,0.46774220857407883,0.009029772366294958,0.8836535237656247,0.003611908946517983,-0.005056672525125177,0.007223817893035966,0.003611908946517983,0.0025283362625625884,0.011251096368403518,-0.0025283362625625884,0.0018059544732589915,0.0,0
0.0009809863794826978,0.0019619727589653955,0.003923945517930791,0.7677199405831593,0.004904931897413489,0.64068220444015,0.0019619727589653955,-0.002746761862551554,0.003923945517930791,0.0029429591384480935,0.0034334523281894427,0.004257480886954909,-0.002746761862551554,0.0009809863794826978,0.003776797561008387,1
