AAWt,AAMt,Sstruct,SaccW,ShbondsW,SaccM,ShbondsM,yDDG,Result,Positiontype,ProteinPropens,Positionaccept,MOSST,SectorSuperficie,Functionalrelevancefunction,Clinical
0.142857142857,0.142857142857,0.285714285714,9.8,0.571428571429,17.2,0.142857142857,-3.4,0.285714285714,0.428571428571,0,1,-0.9,0.142857142857,0.1,0
0.142857142857,0.142857142857,0.428571428571,45.4,0.571428571429,41.5,0.428571428571,-1.8,0.285714285714,0.571428571429,0.1,0.57,-0.2,0.285714285714,0.1,0
0.142857142857,0.142857142857,0.285714285714,63.3,0.428571428571,97.8,0.428571428571,-0.4,0.428571428571,0.428571428571,0,1,-0.3,0.142857142857,1,1
0.142857142857,0.142857142857,0.142857142857,99.4,0.428571428571,98.6,0.428571428571,-0.5,0.428571428571,0.571428571429,-0.1,0.71,-0.1,0.142857142857,0.2,0
0.142857142857,0.142857142857,0.428571428571,4.9,0.428571428571,3.1,0.428571428571,-1.8,0.285714285714,0.571428571429,0.7,0.73,0,0.285714285714,0.75,0
0.142857142857,0.142857142857,0.428571428571,0.3,0.571428571429,18,0.428571428571,-5.2,0.285714285714,0.428571428571,0.3,0.95,-0.7,0.142857142857,0.1,0
0.142857142857,0.142857142857,0.142857142857,61,0.571428571429,89.4,0.428571428571,0,0.428571428571,0.571428571429,0.1,0.76,-0.1,0.142857142857,0.2,1
