Statistic,Value
Mean,2.28967860422
Std,1.15063594326
Max,4.0
Min,0.0
Var,1.32396307393
