AAWt,AAMt,Sstruct,SaccW,ShbondsW,SaccM,ShbondsM,yDDG,Result,Positiontype,ProteinPropens,Positionaccept,MOSST,SectorSuperficie,Functionalrelevancefunction,Clinical
0.00172851178617,0.00172851178617,0.00345702357233,0.857341845939,0.00172851178617,0.514405107563,0.00691404714467,-0.00967966600253,0.0051855353585,0.00172851178617,0.0041484282868,0.00926482317385,-0.00553123771573,0.00172851178617,0.00483983300127,0
0.00224698414503,0.00224698414503,0.00224698414503,0.744201148835,0.00449396829007,0.667803687904,0.00337047621755,-0.00629155560609,0.00337047621755,0.00337047621755,0.00719034926411,0.00575227941128,-0.00179758731603,0.00224698414503,0.000898793658013,0
0.00184323098176,0.00184323098176,0.00092161549088,0.71148715896,0.00368646196352,0.702639650247,0.00276484647264,0.00221187717811,0.00184323098176,0.00276484647264,0.00294916957082,0.00442375435623,0.00147458478541,0.00184323098176,0.00221187717811,0
0.00115682834473,0.00115682834473,0.00231365668946,0.636718320938,0.00462731337891,0.770910408927,0.00347048503418,0.00370185070313,0.00231365668946,0.00347048503418,0.0,0.00925462675782,-0.0111055521094,0.00231365668946,0.0,0
0.001270190954,0.001270190954,0.00254038190799,0.635095476998,0.00508076381598,0.772276100029,0.001270190954,-0.00812922210557,0.00381057286199,0.00381057286199,0.00711306934237,0.00599530130286,0.00406461105278,0.001270190954,0.00254038190799,1
0.0456188429409,0.0228094214704,0.0456188429409,0.0,0.0684282644113,0.894129321642,0.0912376858818,0.291960594822,0.0456188429409,0.0684282644113,0.0,0.182475371764,-0.237217983293,0.0228094214704,0.0273713057645,0
0.00720674769328,0.00720674769328,0.0144134953866,0.392047074514,0.0216202430798,0.870575121348,0.0288269907731,-0.282504509577,0.00720674769328,0.0216202430798,0.0172961944639,0.0559243620998,-0.0518885833916,0.0144134953866,0.0115307963092,0
0.00409044234584,0.00204522117292,0.00204522117292,0.605385467184,0.00613566351876,0.795181992031,0.00818088469167,0.0278150079517,0.00409044234584,0.00204522117292,0.00327235387667,0.0145619747512,-0.00654470775334,0.00204522117292,0.0,1
