Statistic,Value
Mean,0.287494031221
Std,0.0820776816933
Max,0.5495
Min,0.1
Var,0.00673674583214
