AAWt,AAMt,Sstruct,SaccW,ShbondsW,SaccM,ShbondsM,yDDG,Result,Positiontype,ProteinPropens,Positionaccept,MOSST,SectorSuperficie,Functionalrelevancefunction,Clinical
0.018678175137856103,0.018678175137856103,0.07471270055142441,0.9544547495444469,0.09339087568928052,0.07844833557899564,0.09339087568928052,0.0,0.037356350275712207,0.037356350275712207,0.0,0.13074722596499272,-0.14382194856149202,0.05603452541356831,0.1242098646667431,1
0.1376553777441777,0.06882768887208884,0.1376553777441777,0.0963587644209244,0.3441384443604443,0.1445381466313866,0.3441384443604443,-0.5299732043150842,0.20648306661626656,0.2753107554883554,0.2890762932627732,0.42879650167311356,-0.0481793822104622,0.1376553777441777,0.0481793822104622,0
0.003423090154409327,0.003423090154409327,0.003423090154409327,0.3067088778350757,0.017115450772046636,0.9488805908022655,0.006846180308818654,0.06469640391833628,0.003423090154409327,0.006846180308818654,0.0,0.02396163108086529,-0.011980815540432645,0.003423090154409327,0.014376978648519174,0
0.0035343506068353367,0.0035343506068353367,0.014137402427341347,0.27461904215110566,0.017671753034176684,0.9599296248164775,0.017671753034176684,0.027214499672632095,0.0035343506068353367,0.014137402427341347,0.01237022712392368,0.022513813365541098,-0.019792363398277887,0.01060305182050601,0.01237022712392368,1
0.001742478009185822,0.001742478009185822,0.006969912036743288,0.8111235132760002,0.003484956018371644,0.5842528764800061,0.00871239004592911,-0.017076284490021056,0.005227434027557466,0.006969912036743288,0.008538142245010528,0.01036774415465564,0.0,0.005227434027557466,0.003049336516075189,1
0.0021966298742178464,0.0021966298742178464,0.004393259748435693,0.6888631285547167,0.004393259748435693,0.7242288695296241,0.010983149371089233,-0.021526972767334895,0.00658988962265354,0.0021966298742178464,0.012301127295619942,0.00430539455346698,0.009225845471714955,0.004393259748435693,0.002306461367928739,1
0.0019619774791665196,0.0009809887395832598,0.003923954958333039,0.7677217875978591,0.004904943697916299,0.640683745821827,0.0019619774791665196,-0.0027467684708331274,0.0019619774791665196,0.003923954958333039,0.0034334605885414093,0.004257491129791347,-0.0027467684708331274,0.0009809887395832598,0.0037768066473955505,1
