AAWt,AAMt,Sstruct,SaccW,ShbondsW,SaccM,ShbondsM,yDDG,Result,Positiontype,ProteinPropens,Positionaccept,MOSST,SectorSuperficie,Functionalrelevancefunction,Clinical
0.14285714285714285,0.14285714285714285,0.5714285714285714,7.3,0.7142857142857143,0.6,0.7142857142857143,0,0.2857142857142857,0.2857142857142857,0,1,-1.1,0.42857142857142855,0.95,1
0.2857142857142857,0.14285714285714285,0.2857142857142857,0.2,0.7142857142857143,0.3,0.7142857142857143,-1.1,0.42857142857142855,0.5714285714285714,0.6,0.89,-0.1,0.2857142857142857,0.1,0
0.14285714285714285,0.14285714285714285,0.14285714285714285,12.8,0.7142857142857143,39.6,0.2857142857142857,2.7,0.14285714285714285,0.2857142857142857,0,1,-0.5,0.14285714285714285,0.6,0
0.14285714285714285,0.14285714285714285,0.5714285714285714,11.1,0.7142857142857143,38.8,0.7142857142857143,1.1,0.14285714285714285,0.5714285714285714,0.5,0.91,-0.8,0.42857142857142855,0.5,1
0.14285714285714285,0.14285714285714285,0.5714285714285714,66.5,0.2857142857142857,47.9,0.7142857142857143,-1.4,0.42857142857142855,0.5714285714285714,0.7,0.85,0,0.42857142857142855,0.25,1
0.14285714285714285,0.14285714285714285,0.2857142857142857,44.8,0.2857142857142857,47.1,0.7142857142857143,-1.4,0.42857142857142855,0.14285714285714285,0.8,0.28,0.6,0.2857142857142857,0.15,1
0.2857142857142857,0.14285714285714285,0.5714285714285714,111.8,0.7142857142857143,93.3,0.2857142857142857,-0.4,0.2857142857142857,0.5714285714285714,0.5,0.62,-0.4,0.14285714285714285,0.55,1
