AAWt,AAMt,Sstruct,SaccW,ShbondsW,SaccM,ShbondsM,yDDG,Result,Positiontype,ProteinPropens,Positionaccept,MOSST,SectorSuperficie,Functionalrelevancefunction,Clinical
0.00443479693588,0.00221739846794,0.00665219540382,0.521088639966,0.0155217892756,0.851481011689,0.0177391877435,-0.035478375487,0.0133043908076,0.0177391877435,0.0,0.0221739846794,-0.0199565862115,0.00221739846794,0.0133043908076,0
0.0421169315143,0.0210584657571,0.0631753972714,0.252701589086,0.1474092603,0.800221698771,0.168467726057,-0.357993917871,0.126350794543,0.168467726057,0.0,0.210584657571,-0.1474092603,0.0210584657571,0.0210584657571,1
0.0115067846708,0.00575339233541,0.00575339233541,0.391230678808,0.0402737463479,0.868762242648,0.0460271386833,-0.281916224435,0.0115067846708,0.0460271386833,0.0172601770062,0.0558079056535,-0.0517805310187,0.0172601770062,0.0115067846708,0
0.00081543692961,0.00163087385922,0.00081543692961,0.516171576443,0.00163087385922,0.85620877609,0.00081543692961,-0.0130469908738,0.00489262157766,0.00652349543688,0.0,0.0081543692961,-0.00978524315531,0.00081543692961,0.0081543692961,1
0.0239207070193,0.0239207070193,0.0717621210579,0.765462624617,0.0478414140386,0.0239207070193,0.191365656154,-0.454493433366,0.143524242116,0.191365656154,0.119603535096,0.220070504577,-0.143524242116,0.0239207070193,0.143524242116,1
0.00145741628457,0.00291483256914,0.00291483256914,0.564020102128,0.010201913992,0.824897617066,0.00145741628457,-0.0247760768377,0.00874449770741,0.0116593302766,0.0,0.0145741628457,-0.0160315791303,0.00145741628457,0.00145741628457,1
0.00531079727816,0.00531079727816,0.0159323918345,0.0159323918345,0.0371755809471,0.955943510069,0.0424863782253,-0.276161458464,0.0106215945563,0.0424863782253,0.0159323918345,0.0504525741425,-0.0371755809471,0.00531079727816,0.00531079727816,0
0.00224976575534,0.00224976575534,0.00449953151067,0.623185114228,0.00224976575534,0.780668717101,0.0179981260427,0.00899906302134,0.00449953151067,0.0179981260427,0.0,0.0224976575534,-0.0292469548194,0.00674929726601,0.00224976575534,1
0.127041114617,0.0635205573084,0.190561671925,0.0,0.444643901159,0.127041114617,0.508164458468,0.0,0.127041114617,0.0635205573084,0.444643901159,0.495460347006,0.0,0.0635205573084,0.0635205573084,0
0.046425835701,0.046425835701,0.139277507103,0.0,0.324980849907,0.046425835701,0.371406685608,-0.696387535515,0.278555014206,0.046425835701,-0.046425835701,0.297125348486,-0.232129178505,0.139277507103,0.046425835701,1
