AAWt,AAMt,Sstruct,SaccW,ShbondsW,SaccM,ShbondsM,yDDG,Result,Positiontype,ProteinPropens,Positionaccept,MOSST,SectorSuperficie,Functionalrelevancefunction,Clinical
0.09090909090909091,0.09090909090909091,0.09090909090909091,38.7,0.7272727272727273,56.6,0.2727272727272727,-1.7,0.45454545454545453,0.45454545454545453,0,1,-1.1,0.18181818181818182,0.1,1
0.18181818181818182,0.18181818181818182,0.45454545454545453,93.3,0.7272727272727273,102.6,0.36363636363636365,0.1,0.18181818181818182,0.45454545454545453,0,1,-1.1,0.18181818181818182,0.3,1
0.09090909090909091,0.09090909090909091,0.18181818181818182,11.1,0.7272727272727273,28.8,0.2727272727272727,-0.7,0.09090909090909091,0.5454545454545454,0.5,0.91,-0.7,0.18181818181818182,0.5,1
0.09090909090909091,0.09090909090909091,0.18181818181818182,17.3,0.09090909090909091,27.7,0.36363636363636365,-2.5,0.09090909090909091,0.45454545454545453,0,1,-0.8,0.18181818181818182,0.85,0
0.09090909090909091,0.09090909090909091,0.45454545454545453,47.8,0.18181818181818182,67.9,0.36363636363636365,1.6,0.09090909090909091,0.5454545454545454,0.2,0.92,-0.8,0.09090909090909091,0.35,0
0.18181818181818182,0.2727272727272727,0.45454545454545453,46.6,0.18181818181818182,81,0.2727272727272727,-1.3,0.45454545454545453,0.5454545454545454,0.6,0.9,0.3,0.09090909090909091,0.35,1
0.18181818181818182,0.2727272727272727,0.18181818181818182,0,0.7272727272727273,0,0.36363636363636365,-1.3,0.45454545454545453,0.45454545454545453,0,1,-1.1,0.09090909090909091,0.5,1
0.18181818181818182,0.18181818181818182,0.09090909090909091,39.9,0.7272727272727273,27.5,0.36363636363636365,2.8,0.09090909090909091,0.5454545454545454,0.4,0.56,-0.4,0.09090909090909091,0,1
0.18181818181818182,0.2727272727272727,0.45454545454545453,57.7,0.7272727272727273,87.8,0.36363636363636365,-1.2,0.45454545454545453,0.5454545454545454,0.7,0.79,0.1,0.09090909090909091,0.35,0
0.18181818181818182,0.18181818181818182,0.18181818181818182,23.5,0.7272727272727273,38.4,0.36363636363636365,-1.6,0.45454545454545453,0.45454545454545453,0,1,-0.9,0.18181818181818182,0.6,0
0.09090909090909091,0.18181818181818182,0.45454545454545453,40.3,0.7272727272727273,36.1,0.36363636363636365,0.6,0.18181818181818182,0.5454545454545454,0.6,0.87,0.3,0.18181818181818182,0.6,1
