AAWt,AAMt,Sstruct,SaccW,ShbondsW,SaccM,ShbondsM,yDDG,Result,Positiontype,ProteinPropens,Positionaccept,MOSST,SectorSuperficie,Functionalrelevancefunction,Clinical
0.142857142857,0.428571428571,0.428571428571,40.3,0.857142857143,46.6,0.285714285714,-2.2,0.571428571429,0.142857142857,0.6,0.87,-0.6,0.142857142857,0.6,0
0.142857142857,0.428571428571,0.428571428571,0,0.857142857143,0,0.571428571429,-2.9,0.571428571429,0.571428571429,0.3,0.96,-0.8,0.142857142857,0.35,1
0.285714285714,0.142857142857,0.428571428571,1.4,0.857142857143,2,0.571428571429,-1.4,0.285714285714,0.571428571429,0,1,-0.6,0.285714285714,0.1,0
0.142857142857,0.428571428571,0.428571428571,37,0.857142857143,69.9,0.142857142857,-0.4,0.142857142857,0.142857142857,0.2,0.89,-0.2,0.285714285714,0,0
0.285714285714,0.142857142857,0.428571428571,35.5,0.857142857143,58.8,0.285714285714,-1.1,0.285714285714,0.571428571429,0.3,0.95,-0.8,0.285714285714,0.1,0
0.142857142857,0.142857142857,0.428571428571,40.5,0.857142857143,73.3,0.571428571429,-2.7,0.571428571429,0.142857142857,0.3,0.44,-0.3,0.285714285714,0.6,0
0.142857142857,0.142857142857,0.142857142857,50.3,0.142857142857,72.2,0.571428571429,-2.4,0.571428571429,0.571428571429,0,1,-0.7,0.142857142857,0.1,0
