AAWt,AAMt,Sstruct,SaccW,ShbondsW,SaccM,ShbondsM,yDDG,Result,Positiontype,ProteinPropens,Positionaccept,MOSST,SectorSuperficie,Functionalrelevancefunction,Clinical
0.04504447381264459,0.04504447381264459,0.225222369063223,0.0,0.225222369063223,0.7567471600524291,0.27026684287586755,-0.25224905335080977,0.09008894762528918,0.18017789525057837,0.0,0.31531131668851214,-0.15765565834425607,0.09008894762528918,0.11035896084097925,1
0.0023369253669611443,0.004673850733922289,0.011684626834805721,0.6052636700429364,0.011684626834805721,0.7950220098401813,0.014021552201766865,0.027809411866837615,0.0023369253669611443,0.0023369253669611443,0.0032716955137456023,0.01455904503616793,-0.006543391027491205,0.0070107761008834325,0.0,1
0.06286200779505792,0.12572401559011584,0.31431003897528964,0.0,0.31431003897528964,0.0,0.3771720467703475,0.0,0.06286200779505792,0.2514480311802317,0.0,0.44003405456540545,-0.5720442709350271,0.06286200779505792,0.22001702728270273,1
0.0016499292495808253,0.0032998584991616505,0.0016499292495808253,0.645617315360977,0.008249646247904127,0.7634222637810478,0.009899575497484952,-0.0103945542723592,0.0032998584991616505,0.0032998584991616505,-0.001154950474706578,0.002309900949413156,0.004619801898826312,0.004949787748742476,0.0,1
0.004354109406883133,0.004354109406883133,0.021770547034415666,0.5272826491735474,0.004354109406883133,0.8442618139946395,0.004354109406883133,-0.07619691462045483,0.013062328220649398,0.017416437627532533,0.0,0.030478765848181932,-0.024383012678545545,0.013062328220649398,0.02590695097095464,0
0.001996181257406823,0.001996181257406823,0.001996181257406823,0.7321992852168226,0.001996181257406823,0.6791008637698013,0.011977087544440938,-0.04611178704609761,0.005988543772220469,0.003992362514813646,0.0027946537603695523,0.012715674609681463,-0.01117861504147821,0.001996181257406823,0.008383961281108656,0
0.040192715022492345,0.08038543004498469,0.20096357511246174,0.0,0.20096357511246174,0.0,0.2411562901349541,-0.8159121149565947,0.12057814506747705,0.16077086008996938,0.08440470154723394,0.27009504495114856,-0.22507920412595717,0.08038543004498469,0.09847215180510625,1
