AAWt,AAMt,Sstruct,SaccW,ShbondsW,SaccM,ShbondsM,yDDG,Result,Positiontype,ProteinPropens,Positionaccept,MOSST,SectorSuperficie,Functionalrelevancefunction,Clinical
0.00544148250845,0.00544148250845,0.0108829650169,0.552854622859,0.0217659300338,0.831458527292,0.0163244475254,0.017412744027,0.00544148250845,0.0217659300338,0.0,0.0217659300338,-0.028295709044,0.00544148250845,0.0,1
0.0766154195774,0.0766154195774,0.0766154195774,0.0,0.30646167831,0.735508027943,0.229846258732,-0.245169342648,0.0766154195774,0.30646167831,0.0,0.30646167831,-0.153230839155,0.0766154195774,0.107261587408,1
0.00598765897988,0.00598765897988,0.00598765897988,0.30656813977,0.0239506359195,0.948445182413,0.00598765897988,0.0646667169827,0.00598765897988,0.0239506359195,0.0,0.0239506359195,-0.0119753179598,0.00598765897988,0.0143703815517,0
0.015178998828,0.015178998828,0.0303579976559,0.443226765776,0.0607159953118,0.87431033249,0.0455369964839,-0.133575189686,0.015178998828,0.0607159953118,0.0,0.0607159953118,-0.0546443957806,0.015178998828,0.0576801955462,0
