AAWt,AAMt,Sstruct,SaccW,ShbondsW,SaccM,ShbondsM,yDDG,Result,Positiontype,ProteinPropens,Positionaccept,MOSST,Functionalrelevancefunction,Clinical
0.00628853089496,0.0125770617899,0.00628853089496,0.264118297588,0.0565967780546,0.861528732609,0.0503082471596,-0.408754508172,0.0314426544748,0.0565967780546,0.0628853089496,0.0597410435021,-0.0565967780546,0.00628853089496,0
0.177253358412,0.0886266792059,0.177253358412,0.0,0.398820056426,0.0,0.354506716823,0.132940018809,0.0443133396029,0.398820056426,0.0,0.443133396029,-0.398820056426,0.332350047022,1
0.0372076925089,0.0186038462545,0.0372076925089,0.0,0.0837173081451,0.930192312723,0.0744153850178,-0.306963463199,0.0465096156361,0.0837173081451,0.0,0.0930192312723,-0.0465096156361,0.0697644234542,0
0.0604380637156,0.0151095159289,0.0604380637156,0.0,0.13598564336,0.906570955734,0.120876127431,0.241752254862,0.0453285477867,0.13598564336,0.0,0.151095159289,-0.151095159289,0.113321369467,0
0.129284751147,0.0646423755734,0.129284751147,0.0,0.29089069008,0.0,0.258569502294,0.614102567947,0.0969635633601,0.29089069008,0.0,0.323211877867,-0.420175441227,0.2424089084,0
0.0542215409243,0.0180738469748,0.0542215409243,0.0542215409243,0.162664622773,0.0,0.144590775798,-0.921766195713,0.0903692348738,0.162664622773,0.0542215409243,0.17170154626,-0.162664622773,0.0180738469748,1
0.0893534103218,0.0595689402145,0.0893534103218,0.0893534103218,0.268060230965,0.119137880429,0.238275760858,-0.804180692896,0.148922350536,0.268060230965,0.0893534103218,0.282952466019,0.0,0.0297844701073,1
0.0159151193634,0.0053050397878,0.0159151193634,0.0159151193634,0.0477453580902,0.954907161804,0.0424403183024,-0.275862068966,0.026525198939,0.0477453580902,0.0159151193634,0.0503978779841,-0.0371352785146,0.0053050397878,0
0.00125086980351,0.00250173960703,0.00125086980351,0.522863577868,0.0112578282316,0.851842336192,0.00125086980351,0.0200139168562,0.00375260941054,0.0112578282316,0.0,0.0118832631334,-0.0125086980351,0.00125086980351,0
0.00106991944921,0.00106991944921,0.00106991944921,0.498582463333,0.00106991944921,0.866634753861,0.00106991944921,-0.0139089528397,0.00106991944921,0.00106991944921,0.00641951669527,0.0096292750429,0.00320975834763,0.00374471807224,1
