AAWt,AAMt,Sstruct,SaccW,ShbondsW,SaccM,ShbondsM,yDDG,Result,Positiontype,ProteinPropens,Positionaccept,MOSST,SectorSuperficie,Functionalrelevancefunction,Clinical
0.00261424552276,0.00522849104551,0.0156854731365,0.968316541629,0.0156854731365,0.242601984512,0.0182997186593,0.0376451355277,0.00522849104551,0.0156854731365,0.0,0.0209139641821,-0.0209139641821,0.00522849104551,0.00731988746372,1
0.0637706341348,0.0318853170674,0.191311902404,0.0,0.191311902404,0.816264116926,0.223197219472,-0.229574282885,0.0637706341348,0.191311902404,0.0,0.255082536539,-0.204066029231,0.0637706341348,0.0382623804809,1
0.0442365298433,0.0221182649217,0.13270958953,0.0,0.13270958953,0.867035984929,0.154827854452,0.283113790997,0.0442365298433,0.13270958953,0.0,0.176946119373,-0.230029955185,0.0442365298433,0.026541917906,0
0.0397640247098,0.0795280494196,0.0795280494196,0.0,0.238584148259,0.763469274428,0.278348172969,-0.254489758143,0.0795280494196,0.238584148259,0.0,0.318112197678,-0.159056098839,0.0397640247098,0.111339269187,1
0.110404601406,0.0552023007032,0.110404601406,0.0,0.331213804219,0.0,0.386416104922,0.0,0.16560690211,0.331213804219,0.0,0.441618405626,-0.574103927313,0.0552023007032,0.220809202813,1
0.00335240465439,0.0016762023272,0.0100572139632,0.674503816464,0.00335240465439,0.737529023967,0.0016762023272,-0.0214553897881,0.0016762023272,0.0100572139632,0.0,0.0134096186176,-0.0147505804793,0.0016762023272,0.00134096186176,0
0.00111366935689,0.00111366935689,0.00668201614134,0.816987840215,0.00222733871378,0.576435259126,0.00779568549823,0.0,0.00334100807067,0.00222733871378,0.00445467742756,0.00801841936961,-0.00623654839859,0.00111366935689,0.0,0
0.00625699923991,0.00625699923991,0.0375419954395,0.555621532504,0.0375419954395,0.825923899669,0.0437989946794,0.0100111987839,0.0187709977197,0.0125139984798,0.0250279969597,0.0455509544666,-0.0150167981758,0.0125139984798,0.0250279969597,0
