AAWt,AAMt,Sstruct,SaccW,ShbondsW,SaccM,ShbondsM,yDDG,Result,Positiontype,ProteinPropens,Positionaccept,MOSST,SectorSuperficie,Functionalrelevancefunction,Clinical
0.008813253518531568,0.008813253518531568,0.035253014074126274,0.7464825730196238,0.008813253518531568,0.6539434110750424,0.05287952111118941,0.024677109851888392,0.035253014074126274,0.017626507037063137,0.018507832388916293,0.05984199139082935,-0.055523497166748884,0.017626507037063137,0.03701566477783259,0
0.005653025092735733,0.005653025092735733,0.0169590752782072,0.569824929347762,0.011306050185471466,0.8112091008075777,0.005653025092735733,-0.12267064451236542,0.005653025092735733,0.005653025092735733,0.007914235129830027,0.018994164311592062,-0.007914235129830027,0.011306050185471466,0.03165694051932011,0
0.00819113116502278,0.00819113116502278,0.03276452466009112,0.9919459840842587,0.01638226233004556,0.01720137544654784,0.04914678699013668,-0.06307170997067542,0.00819113116502278,0.01638226233004556,0.0,0.05733791815515946,-0.040136542708611625,0.01638226233004556,0.04873723043188554,0
0.003353283634147611,0.006706567268295222,0.013413134536590444,0.6994949660831917,0.013413134536590444,0.7135787573466116,0.020119701804885665,-0.004694597087806656,0.013413134536590444,0.006706567268295222,0.0,0.019013118205616956,0.007041895631709983,0.003353283634147611,0.004694597087806656,0
0.0015886793676151531,0.0015886793676151531,0.00476603810284546,0.6616849566117113,0.0063547174704606125,0.7495389256408294,0.00953207620569092,0.0,0.0063547174704606125,0.0015886793676151531,0.010008680015975466,0.006227623121051401,0.0044483022293224294,0.0015886793676151531,0.0011120755573306074,1
0.06856933469182952,0.13713866938365904,0.2742773387673181,0.0,0.2742773387673181,0.431986808558526,0.4114160081509771,-0.19199413713712268,0.2742773387673181,0.06856933469182952,0.431986808558526,0.22559311113611913,0.287991205705684,0.06856933469182952,0.16799486999498234,1
0.0035348363549206566,0.0035348363549206566,0.01060450906476197,0.274656784777335,0.014139345419682627,0.9600615539964503,0.02120901812952394,0.02721823993288906,0.0035348363549206566,0.007069672709841313,0.012371927242222299,0.022516907580844583,-0.01979508358755568,0.007069672709841313,0.012371927242222299,1
