statistic,value
mean,0.713913043478
max,0.913043478261
min,0.391304347826
var,0.00692551984878
std,0.0832197082955
