statistic,value
mean,0.710384615385
max,0.961538461538
min,0.461538461538
var,0.00596020710058
std,0.0772023775578
