statistic,value
mean,0.715217391304
max,0.913043478261
min,0.391304347826
var,0.00712192816636
std,0.0843915171469
