AAWt,AAMt,Sstruct,SaccW,ShbondsW,SaccM,ShbondsM,yDDG,Result,Positiontype,ProteinPropens,Positionaccept,MOSST,SectorSuperficie,Functionalrelevancefunction,Clinical
0.00694987615779,0.00694987615779,0.0138997523156,0.391973015299,0.0138997523156,0.917383652828,0.0138997523156,-0.0472591578729,0.00694987615779,0.0208496284734,0.0194596532418,0.0236295789365,-0.0138997523156,0.00694987615779,0.0138997523156,1
0.00449381797791,0.00449381797791,0.00224690898895,0.744176257141,0.00449381797791,0.667781351517,0.00449381797791,-0.00629134516907,0.00224690898895,0.00674072696686,0.00719010876465,0.00575208701172,-0.00179752719116,0.00224690898895,0.000898763595581,0
0.00368636646597,0.00368636646597,0.00184318323298,0.711468727931,0.00368636646597,0.702621448413,0.00368636646597,0.00221181987958,0.00184318323298,0.00552954969895,0.00294909317277,0.00442363975916,0.00147454658639,0.00184318323298,0.00221181987958,0
0.0463486986776,0.0463486986776,0.0926973973552,0.0,0.0926973973552,0.0,0.0926973973552,-0.945513453023,0.0463486986776,0.0463486986776,0.0556184384131,0.177979002922,-0.18539479471,0.0463486986776,0.018539479471,1
