AAWt,AAMt,Sstruct,SaccW,ShbondsW,SaccM,ShbondsM,yDDG,Result,Positiontype,ProteinPropens,Positionaccept,MOSST,SectorSuperficie,Functionalrelevancefunction,Clinical
0.0769230769231,0.153846153846,0.461538461538,29.8,0.615384615385,33.5,0.923076923077,-2.1,0.230769230769,0.230769230769,0,0.81,-0.1,0.230769230769,0.2,0
0.0769230769231,0.0769230769231,0.461538461538,44.8,0.230769230769,47.1,0.923076923077,-1.4,0.307692307692,0.153846153846,0.8,0.28,0.6,0.307692307692,0.15,1
0.153846153846,0.230769230769,0.384615384615,25.4,0.615384615385,36.1,0.923076923077,-1,0.307692307692,0.538461538462,0,1,-0.5,0.153846153846,0,0
0.153846153846,0.230769230769,0.461538461538,0.5,0.615384615385,0.7,0.923076923077,-0.2,0.307692307692,0.538461538462,0,1,-0.8,0.307692307692,0,0
0.230769230769,0.153846153846,0.461538461538,0,0.615384615385,0,0.923076923077,0.7,0.307692307692,0.538461538462,0,1,-0.7,0.0769230769231,0.5,0
0.230769230769,0.230769230769,0.384615384615,66.5,0.230769230769,47.9,0.923076923077,-1.4,0.307692307692,0.230769230769,0.7,0.85,0,0.153846153846,0.25,1
0.0769230769231,0.0769230769231,0.461538461538,0,0.615384615385,0,0.923076923077,-1.4,0.307692307692,0.153846153846,0.7,0.25,-0.1,0.153846153846,0,1
0.0769230769231,0.0769230769231,0.461538461538,0.2,0.615384615385,0.3,0.923076923077,-0.8,0.0769230769231,0.230769230769,0.6,0.89,0.3,0.307692307692,0.1,0
0.0769230769231,0.0769230769231,0.0769230769231,9.8,0.615384615385,20.3,0.923076923077,-3.2,0.230769230769,0.538461538462,0,1,-0.8,0.153846153846,0.1,0
0.0769230769231,0.0769230769231,0.0769230769231,27.7,0.230769230769,34.7,0.923076923077,0.4,0.307692307692,0.538461538462,0,1,-1.3,0.230769230769,0.1,1
0.230769230769,0.0769230769231,0.384615384615,50.3,0.153846153846,35,0.923076923077,0.1,0.307692307692,0.538461538462,0,1,-1,0.230769230769,0.1,1
0.0769230769231,0.0769230769231,0.384615384615,14.4,0.153846153846,19.1,0.0769230769231,-2.6,0.230769230769,0.0769230769231,0.2,0.48,-0.1,0.0769230769231,0.8,0
0.0769230769231,0.0769230769231,0.384615384615,0,0.615384615385,4.9,0.923076923077,1.6,0.0769230769231,0.538461538462,0,1,-1.3,0.307692307692,0.15,0
