AAWt,AAMt,Sstruct,SaccW,ShbondsW,SaccM,ShbondsM,yDDG,Result,Positiontype,ProteinPropens,Positionaccept,MOSST,SectorSuperficie,Functionalrelevancefunction,Clinical
0.181818181818,0.0909090909091,0.363636363636,0,0.727272727273,4.9,0.818181818182,-4,0.181818181818,0.0909090909091,0.9,0.47,-0.3,0.0909090909091,0.35,0
0.181818181818,0.181818181818,0.363636363636,23.5,0.727272727273,34.7,0.818181818182,-1.1,0.181818181818,0.363636363636,0,1,-0.8,0.0909090909091,0.6,1
0.0909090909091,0.181818181818,0.181818181818,65.1,0.181818181818,64.1,0.181818181818,-0.4,0.363636363636,0.363636363636,0.1,0.8,0,0.181818181818,0.5,1
0.272727272727,0.181818181818,0.363636363636,7.3,0.727272727273,12.6,0.818181818182,1.4,0.181818181818,0.363636363636,0,1,-1,0.363636363636,0.95,0
0.272727272727,0.181818181818,0.363636363636,7.3,0.727272727273,14.4,0.818181818182,-2.2,0.181818181818,0.363636363636,0,1,-0.9,0.363636363636,0.95,0
0.0909090909091,0.0909090909091,0.363636363636,0.2,0.727272727273,0.3,0.818181818182,-1.1,0.181818181818,0.363636363636,0.6,0.89,-0.1,0.0909090909091,0.1,0
0.0909090909091,0.0909090909091,0.363636363636,1.2,0.727272727273,4.4,0.818181818182,-0.4,0.363636363636,0.363636363636,0,1,-0.3,0.363636363636,0.1,0
0.181818181818,0.0909090909091,0.0909090909091,18.3,0.727272727273,29.5,0.818181818182,0.8,0.0909090909091,0.363636363636,0.5,0.85,-0.5,0.181818181818,0.8,0
0.272727272727,0.181818181818,0.363636363636,74,0.181818181818,96.2,0.818181818182,1.6,0.181818181818,0.181818181818,0.9,0.76,-0.3,0.363636363636,0.1,1
0.181818181818,0.181818181818,0.181818181818,52.4,0.0909090909091,48,0.181818181818,-0.2,0.363636363636,0.363636363636,0.2,0.91,-0.7,0.181818181818,0.6,0
0.0909090909091,0.0909090909091,0.363636363636,84.5,0.727272727273,84.5,0.818181818182,0.3,0.363636363636,0.181818181818,0.9,0.25,0.2,0.181818181818,0.15,1
