Statistic,Value
Mean,2.22228650138
Std,1.3591676971
Max,5.0
Min,0.0
Var,1.84733682884
