Statistic,Value
Mean,41.041010101
Std,8.76841955728
Max,49.0
Min,23.61
Var,76.8851815325
