AAWt,AAMt,Sstruct,SaccW,ShbondsW,SaccM,ShbondsM,yDDG,Result,Positiontype,ProteinPropens,Positionaccept,MOSST,SectorSuperficie,Functionalrelevancefunction,Clinical
0.18181818181818182,0.09090909090909091,0.18181818181818182,40.3,0.9090909090909091,39.7,1.0,0.2,0.45454545454545453,0.45454545454545453,0.6,0.87,0,0.09090909090909091,0.6,0
0.09090909090909091,0.09090909090909091,0.45454545454545453,0,0.9090909090909091,0.1,1.0,-1.5,0.36363636363636365,0.09090909090909091,-0.1,0.64,-0.5,0.09090909090909091,0.1,1
0.36363636363636365,0.18181818181818182,0.45454545454545453,11.1,0.9090909090909091,23.1,1.0,-0.4,0.45454545454545453,0.45454545454545453,0.5,0.91,0,0.36363636363636365,0.5,1
0.18181818181818182,0.09090909090909091,0.18181818181818182,93.3,0.9090909090909091,96.3,1.0,-1,0.36363636363636365,0.36363636363636365,0,1,-1,0.09090909090909091,0.3,1
0.09090909090909091,0.09090909090909091,0.45454545454545453,50.8,0.9090909090909091,62.7,1.0,0.3,0.45454545454545453,0.45454545454545453,1,0.63,-0.2,0.09090909090909091,0.25,0
0.36363636363636365,0.18181818181818182,0.45454545454545453,11.1,0.9090909090909091,23.1,1.0,-0.4,0.45454545454545453,0.45454545454545453,0.5,0.91,0,0.36363636363636365,0.5,1
0.36363636363636365,0.09090909090909091,0.36363636363636365,4.9,0.09090909090909091,3.1,1.0,-1.8,0.36363636363636365,0.45454545454545453,0.7,0.73,0,0.36363636363636365,0.75,0
0.09090909090909091,0.09090909090909091,0.36363636363636365,1.2,0.9090909090909091,3.8,1.0,-1.7,0.36363636363636365,0.36363636363636365,0,1,-0.7,0.36363636363636365,0.1,1
0.18181818181818182,0.09090909090909091,0.36363636363636365,0,0.9090909090909091,0,1.0,-5.1,0.09090909090909091,0.36363636363636365,0.3,0.96,-1,0.09090909090909091,0.1,1
0.18181818181818182,0.09090909090909091,0.36363636363636365,13.7,0.9090909090909091,10.8,1.0,0.2,0.45454545454545453,0.09090909090909091,0.1,0.25,0.2,0.09090909090909091,0.35,0
0.36363636363636365,0.09090909090909091,0.45454545454545453,0,0.9090909090909091,6,1.0,1.6,0.09090909090909091,0.36363636363636365,0,1,-1,0.09090909090909091,0.75,0
