AAWt,AAMt,Sstruct,SaccW,ShbondsW,SaccM,ShbondsM,yDDG,Result,Positiontype,ProteinPropens,Positionaccept,MOSST,SectorSuperficie,Functionalrelevancefunction,Clinical
0.00478282540206,0.00956565080413,0.00478282540206,0.847038378705,0.0286969524124,0.525632511687,0.0286969524124,-0.0468716889402,0.00956565080413,0.0191313016083,0.0100439333443,0.03247538448,-0.0234358444701,0.00478282540206,0.00836994445361,1
0.00156350973649,0.00312701947297,0.00312701947297,0.712491386917,0.00156350973649,0.701546818762,0.00156350973649,-0.00437782726216,0.00312701947297,0.00469052920946,0.00109445681554,0.00875565452433,0.0,0.00156350973649,0.00547228407771,1
0.0674057559422,0.0674057559422,0.202217267827,0.0943680583191,0.404434535653,0.141552087479,0.404434535653,-0.519024320755,0.134811511884,0.202217267827,0.283104174957,0.41993785952,-0.0471840291596,0.0674057559422,0.0471840291596,0
0.0631118975058,0.126223795012,0.189335692518,0.0,0.378671385035,0.0,0.378671385035,0.0,0.126223795012,0.252447590023,0.0,0.441783282541,-0.574318267303,0.0631118975058,0.22089164127,1
0.0314892305567,0.0629784611133,0.0629784611133,0.308594459455,0.18893538334,0.440849227793,0.18893538334,-0.727401225859,0.0629784611133,0.125956922227,0.0,0.220424613897,-0.176339691117,0.0314892305567,0.0220424613897,1
0.0480979115709,0.0961958231418,0.0480979115709,0.0,0.288587469425,0.0,0.288587469425,0.639702223893,0.0480979115709,0.192391646284,0.0,0.336685380996,-0.437690995295,0.0480979115709,0.252514035747,0
0.00267805305334,0.00535610610667,0.00803415916001,0.85108526035,0.01606831832,0.521149124179,0.01606831832,-0.0562391141201,0.00535610610667,0.00803415916001,0.00187463713734,0.0106854316828,-0.00749854854934,0.00267805305334,0.00187463713734,1
