AAWt,AAMt,Sstruct,SaccW,ShbondsW,SaccM,ShbondsM,yDDG,Result,Positiontype,ProteinPropens,Positionaccept,MOSST,SectorSuperficie,Functionalrelevancefunction,Clinical
0.142857142857,0.285714285714,0.142857142857,25.3,0.857142857143,15.7,0.857142857143,-1.4,0.285714285714,0.571428571429,0.3,0.97,-0.7,0.142857142857,0.25,1
0.142857142857,0.285714285714,0.285714285714,65.1,0.142857142857,64.1,0.142857142857,-0.4,0.285714285714,0.428571428571,0.1,0.8,0,0.142857142857,0.5,1
0.142857142857,0.142857142857,0.428571428571,0.2,0.857142857143,0.3,0.857142857143,-1.1,0.285714285714,0.428571428571,0.6,0.89,-0.1,0.142857142857,0.1,0
0.142857142857,0.285714285714,0.428571428571,0,0.857142857143,0,0.857142857143,0,0.285714285714,0.571428571429,0,1,-1.3,0.142857142857,0.5,1
0.142857142857,0.285714285714,0.285714285714,1.4,0.857142857143,2,0.857142857143,-3.3,0.285714285714,0.571428571429,0,1,-0.8,0.142857142857,0.1,1
0.142857142857,0.285714285714,0.142857142857,0,0.857142857143,0,0.857142857143,1.9,0.142857142857,0.571428571429,0,1,-1.3,0.142857142857,0.75,0
0.142857142857,0.285714285714,0.428571428571,45.4,0.857142857143,27.8,0.857142857143,-3,0.285714285714,0.428571428571,0.1,0.57,-0.4,0.142857142857,0.1,1
