Statistic,Value
Mean,16.0029109275
Std,3.91652104206
Max,23.0
Min,8.0
Var,15.3391370729
