AAWt,AAMt,Sstruct,SaccW,ShbondsW,SaccM,ShbondsM,yDDG,Result,Positiontype,ProteinPropens,Positionaccept,MOSST,SectorSuperficie,Functionalrelevancefunction,Clinical
0.18181818181818182,0.09090909090909091,0.45454545454545453,0,0.8181818181818182,2.4,0.7272727272727273,-0.8,0.2727272727272727,0.2727272727272727,0,1,-0.5,0.18181818181818182,0.35,1
0.2727272727272727,0.18181818181818182,0.2727272727272727,61,0.8181818181818182,89.4,0.7272727272727273,0,0.2727272727272727,0.6363636363636364,0.1,0.76,-0.1,0.2727272727272727,0.2,1
0.2727272727272727,0.18181818181818182,0.2727272727272727,61,0.8181818181818182,89.4,0.7272727272727273,0,0.2727272727272727,0.6363636363636364,0.1,0.76,-0.1,0.2727272727272727,0.2,0
0.2727272727272727,0.18181818181818182,0.45454545454545453,19.6,0.8181818181818182,26.2,0.7272727272727273,3.3,0.09090909090909091,0.6363636363636364,-0.1,0.6,-0.5,0.18181818181818182,0.15,0
0.09090909090909091,0.09090909090909091,0.18181818181818182,37.1,0.8181818181818182,41.4,0.09090909090909091,-0.6,0.2727272727272727,0.6363636363636364,0.6,0.85,0.3,0.09090909090909091,0.6,1
0.09090909090909091,0.09090909090909091,0.09090909090909091,18.8,0.8181818181818182,25.9,0.7272727272727273,0.7,0.09090909090909091,0.2727272727272727,0,1,-0.7,0.18181818181818182,0.1,0
0.18181818181818182,0.09090909090909091,0.45454545454545453,0,0.8181818181818182,0,0.7272727272727273,1.9,0.09090909090909091,0.09090909090909091,0.7,0.25,1.1,0.18181818181818182,0,1
0.18181818181818182,0.09090909090909091,0.2727272727272727,3.9,0.18181818181818182,15.2,0.7272727272727273,-2.4,0.09090909090909091,0.6363636363636364,0.5,0.88,-0.3,0.2727272727272727,0.5,0
0.09090909090909091,0.18181818181818182,0.18181818181818182,65.1,0.18181818181818182,64.1,0.18181818181818182,-0.4,0.2727272727272727,0.6363636363636364,0.1,0.8,0,0.09090909090909091,0.5,1
0.18181818181818182,0.09090909090909091,0.45454545454545453,0,0.8181818181818182,0,0.7272727272727273,-1,0.2727272727272727,0.2727272727272727,0,1,-1.1,0.18181818181818182,0.35,1
0.09090909090909091,0.09090909090909091,0.45454545454545453,45.4,0.8181818181818182,41.5,0.18181818181818182,-1.8,0.09090909090909091,0.6363636363636364,0.1,0.57,-0.2,0.18181818181818182,0.1,0
