AAWt,AAMt,Sstruct,SaccW,ShbondsW,SaccM,ShbondsM,yDDG,Result,Positiontype,ProteinPropens,Positionaccept,MOSST,SectorSuperficie,Functionalrelevancefunction,Clinical
0.18181818181818182,0.09090909090909091,0.36363636363636365,21.2,0.7272727272727273,25.6,0.8181818181818182,0.8,0.09090909090909091,0.2727272727272727,0,0.83,-0.6,0.09090909090909091,0.25,0
0.09090909090909091,0.18181818181818182,0.45454545454545453,74,0.2727272727272727,87.1,0.8181818181818182,0.2,0.18181818181818182,0.09090909090909091,0.9,0.76,-0.3,0.2727272727272727,0.1,1
0.18181818181818182,0.09090909090909091,0.36363636363636365,14.4,0.2727272727272727,19.1,0.18181818181818182,-2.6,0.18181818181818182,0.09090909090909091,0.2,0.48,-0.1,0.18181818181818182,0.8,0
0.09090909090909091,0.18181818181818182,0.36363636363636365,6,0.7272727272727273,5.7,0.8181818181818182,2.9,0.18181818181818182,0.2727272727272727,0.5,0.61,-0.4,0.2727272727272727,0.6,0
0.18181818181818182,0.18181818181818182,0.45454545454545453,0.1,0.7272727272727273,4.9,0.8181818181818182,-4,0.18181818181818182,0.2727272727272727,0.5,0.9,-0.7,0.2727272727272727,0.1,0
0.18181818181818182,0.09090909090909091,0.09090909090909091,1.4,0.7272727272727273,2,0.8181818181818182,-1.4,0.18181818181818182,0.5454545454545454,0,1,-0.6,0.18181818181818182,0.1,0
0.09090909090909091,0.09090909090909091,0.09090909090909091,25.3,0.7272727272727273,56.7,0.18181818181818182,1.2,0.18181818181818182,0.5454545454545454,0.3,0.97,-0.7,0.09090909090909091,0.25,0
0.09090909090909091,0.18181818181818182,0.45454545454545453,0,0.7272727272727273,0,0.8181818181818182,2.5,0.18181818181818182,0.5454545454545454,0,1,-0.3,0.09090909090909091,0.5,1
0.18181818181818182,0.09090909090909091,0.36363636363636365,46.3,0.7272727272727273,11.6,0.8181818181818182,1.8,0.18181818181818182,0.5454545454545454,0,1,-1,0.2727272727272727,0.35,1
0.18181818181818182,0.18181818181818182,0.45454545454545453,0.5,0.7272727272727273,0.7,0.8181818181818182,-0.2,0.18181818181818182,0.5454545454545454,0,1,-0.8,0.2727272727272727,0,0
0.09090909090909091,0.18181818181818182,0.45454545454545453,17.3,0.2727272727272727,0.3,0.8181818181818182,-1.1,0.18181818181818182,0.5454545454545454,0,1,-0.7,0.2727272727272727,0.85,0
