Statistic,Value
Mean,0.484887368121
Std,0.0729581164318
Max,0.766666666667
Min,0.233333333333
Var,0.00532288675328
