AAWt,AAMt,Sstruct,SaccW,ShbondsW,SaccM,ShbondsM,yDDG,Result,Positiontype,ProteinPropens,Positionaccept,MOSST,SectorSuperficie,Functionalrelevancefunction,Clinical
0.0909090909091,0.0909090909091,0.181818181818,25.4,0.727272727273,38.2,0.454545454545,0.8,0.181818181818,0.454545454545,0,1,-1.3,0.0909090909091,0,1
0.272727272727,0.0909090909091,0.0909090909091,41.8,0.727272727273,68.1,0.363636363636,1.6,0.0909090909091,0.454545454545,0,0.95,-1,0.0909090909091,0.1,0
0.0909090909091,0.0909090909091,0.181818181818,46.3,0.727272727273,15.3,0.454545454545,-0.2,0.454545454545,0.454545454545,0,1,-1,0.181818181818,0.35,1
0.272727272727,0.181818181818,0.0909090909091,18.3,0.727272727273,27.8,0.181818181818,0.9,0.181818181818,0.545454545455,0.5,0.85,-0.7,0.272727272727,0.8,1
0.181818181818,0.0909090909091,0.363636363636,52.6,0.727272727273,74.5,0.454545454545,0.3,0.454545454545,0.454545454545,0,1,-1.1,0.181818181818,0.8,1
0.0909090909091,0.181818181818,0.0909090909091,4.9,0.181818181818,3,0.181818181818,2.1,0.0909090909091,0.545454545455,0.7,0.73,-0.2,0.181818181818,0.75,0
0.272727272727,0.0909090909091,0.363636363636,52.4,0.0909090909091,48,0.363636363636,-0.2,0.454545454545,0.545454545455,0.2,0.91,-0.7,0.272727272727,0.6,0
0.0909090909091,0.0909090909091,0.363636363636,1.4,0.727272727273,2,0.454545454545,-1.4,0.0909090909091,0.454545454545,0,1,-0.6,0.272727272727,0.1,0
0.181818181818,0.0909090909091,0.363636363636,40.3,0.727272727273,60.9,0.454545454545,-2.8,0.0909090909091,0.545454545455,0.6,0.87,-0.6,0.181818181818,0.6,1
0.0909090909091,0.0909090909091,0.0909090909091,64.7,0.727272727273,68.4,0.363636363636,-0.3,0.454545454545,0.545454545455,0.7,0.53,0.2,0.181818181818,0.1,1
0.0909090909091,0.0909090909091,0.0909090909091,99.4,0.181818181818,98.6,0.363636363636,-0.5,0.454545454545,0.545454545455,-0.1,0.71,-0.1,0.181818181818,0.2,0
