AAWt,AAMt,Sstruct,SaccW,ShbondsW,SaccM,ShbondsM,yDDG,Result,Positiontype,ProteinPropens,Positionaccept,MOSST,SectorSuperficie,Functionalrelevancefunction,Clinical
0.12021731851948748,0.12021731851948748,0.24043463703897497,0.09617385481558999,0.24043463703897497,0.14426078222338498,0.48086927407794994,-0.528956201485745,0.12021731851948748,0.12021731851948748,0.28852156444676996,0.4279736539293755,-0.048086927407794994,0.12021731851948748,0.048086927407794994,0
0.005442852552823766,0.005442852552823766,0.010885705105647531,0.5529938193668945,0.010885705105647531,0.8316678700714715,0.021771410211295063,0.01741712816903605,0.005442852552823766,0.010885705105647531,0.0,0.021771410211295063,-0.02830283327468358,0.005442852552823766,0.0,1
0.015411825500225055,0.015411825500225055,0.03082365100045011,0.7459323542108925,0.03082365100045011,0.6534614012095422,0.06164730200090022,0.024658920800360088,0.015411825500225055,0.03082365100045011,0.018494190600270063,0.05979788294087321,-0.0554825718008102,0.015411825500225055,0.03698838120054013,0
0.0034566001720960113,0.0034566001720960113,0.0069132003441920225,0.8572368426798108,0.0069132003441920225,0.5143421056078865,0.013826400688384045,-0.009678480481868831,0.0034566001720960113,0.0034566001720960113,0.004147920206515213,0.00926368846121731,-0.005530560275353619,0.0034566001720960113,0.0048392402409344155,0
