AAWt,AAMt,Sstruct,SaccW,ShbondsW,SaccM,ShbondsM,yDDG,Result,Positiontype,ProteinPropens,Positionaccept,MOSST,SectorSuperficie,Functionalrelevancefunction,Clinical
0.00460716005521,0.00460716005521,0.00460716005521,0.764788569164,0.0138214801656,0.643159543707,0.0184286402208,0.0184286402208,0.00460716005521,0.00460716005521,0.0165857761987,0.00479144645741,0.00921432011041,0.00921432011041,0.0,1
0.118048041162,0.118048041162,0.354144123487,0.0,0.354144123487,0.0,0.47219216465,-0.28331529879,0.118048041162,0.236096082325,0.0,0.47219216465,-0.236096082325,0.236096082325,0.118048041162,0
0.0180888726671,0.0180888726671,0.0542666180013,0.354541904275,0.0180888726671,0.918914731488,0.0723554906684,-0.101297686936,0.0180888726671,0.0180888726671,0.0506488434678,0.0528195081879,0.0144710981337,0.0361777453342,0.0542666180013,1
0.0487439652614,0.0487439652614,0.146231895784,0.0,0.146231895784,0.350956549882,0.194975861045,-0.838396202495,0.0487439652614,0.0974879305227,0.0,0.194975861045,-0.155980688836,0.0974879305227,0.0682415513659,1
