AAWt,AAMt,Sstruct,SaccW,ShbondsW,SaccM,ShbondsM,yDDG,Result,Positiontype,ProteinPropens,Positionaccept,MOSST,SectorSuperficie,Functionalrelevancefunction,Clinical
0.0031564447615,0.00631288952301,0.0031564447615,0.89043306722,0.018938668569,0.452949823276,0.0157822238075,0.00662853399916,0.012625779046,0.018938668569,0.0132570679983,0.0192227485976,-0.00220951133305,0.0031564447615,0.0132570679983,0
0.0142904590319,0.00714522951594,0.0285809180637,0.555184333388,0.0428713770956,0.825274009091,0.0357261475797,0.0100033213223,0.0285809180637,0.0428713770956,0.0250083033058,0.0455151120165,-0.0150049819835,0.0142904590319,0.0250083033058,0
0.0654710960424,0.0654710960424,0.0654710960424,0.0,0.392826576254,0.0,0.327355480212,-0.458297672296,0.130942192085,0.0654710960424,0.0,0.458297672296,-0.504127439526,0.0654710960424,0.160404185304,1
0.00128398688829,0.00128398688829,0.00128398688829,0.744198800455,0.00128398688829,0.667801580602,0.00256797377659,-0.00629153575264,0.00256797377659,0.00770392132976,0.00719032657445,0.00575226125956,-0.00179758164361,0.00128398688829,0.000898790821806,0
0.0723060695552,0.14461213911,0.289224278221,0.0,0.433836417331,0.101228497377,0.361530347776,0.0,0.289224278221,0.433836417331,0.354299740821,0.394791139772,0.0,0.0723060695552,0.0506142486887,0
0.00598272748595,0.00299136374298,0.0119654549719,0.232428962829,0.0179481824579,0.971594943718,0.00598272748595,-0.00837581848033,0.0119654549719,0.0179481824579,0.0104697731004,0.0190549870428,-0.0167516369607,0.00598272748595,0.0104697731004,0
0.00428990920907,0.00428990920907,0.0171596368363,0.636622526626,0.0257394552544,0.768751730266,0.0214495460454,0.0240234915708,0.00428990920907,0.0257394552544,0.0,0.0249243725047,-0.0180176186781,0.00428990920907,0.00750734111588,0
