AAWt,AAMt,Sstruct,SaccW,ShbondsW,SaccM,ShbondsM,yDDG,Result,Positiontype,ProteinPropens,Positionaccept,MOSST,SectorSuperficie,Functionalrelevancefunction,Clinical
0.18181818181818182,0.09090909090909091,0.5454545454545454,4.9,0.2727272727272727,1.5,0.8181818181818182,-0.3,0.2727272727272727,0.5454545454545454,0.7,0.73,-0.3,0.18181818181818182,0.75,1
0.2727272727272727,0.09090909090909091,0.2727272727272727,40.3,0.6363636363636364,46.6,0.09090909090909091,-2.2,0.36363636363636365,0.5454545454545454,0.6,0.87,-0.6,0.18181818181818182,0.6,0
0.18181818181818182,0.18181818181818182,0.5454545454545454,4.9,0.2727272727272727,12.7,0.8181818181818182,-1.4,0.09090909090909091,0.5454545454545454,0.7,0.73,0.2,0.18181818181818182,0.75,1
0.18181818181818182,0.09090909090909091,0.09090909090909091,16.3,0.6363636363636364,43.3,0.8181818181818182,1.6,0.09090909090909091,0.5454545454545454,0.8,0.74,-0.3,0.09090909090909091,0.65,1
0.09090909090909091,0.09090909090909091,0.5454545454545454,12.1,0.09090909090909091,9.4,0.8181818181818182,0.7,0.09090909090909091,0.45454545454545453,0.3,0.97,-0.2,0.18181818181818182,0.6,1
0.2727272727272727,0.18181818181818182,0.5454545454545454,0.3,0.6363636363636364,18,0.8181818181818182,-5.2,0.36363636363636365,0.45454545454545453,0.3,0.95,-0.7,0.09090909090909091,0.1,0
0.2727272727272727,0.18181818181818182,0.2727272727272727,52.6,0.6363636363636364,74.5,0.8181818181818182,0.3,0.2727272727272727,0.45454545454545453,0,1,-1.1,0.18181818181818182,0.8,1
0.09090909090909091,0.18181818181818182,0.2727272727272727,6.7,0.6363636363636364,38.3,0.8181818181818182,-2.2,0.36363636363636365,0.5454545454545454,0.7,0.78,-0.5,0.18181818181818182,0.5,0
0.09090909090909091,0.18181818181818182,0.5454545454545454,3.2,0.2727272727272727,0,0.8181818181818182,-2.1,0.36363636363636365,0.45454545454545453,0.5,0.92,-0.5,0.09090909090909091,0.6,1
0.18181818181818182,0.18181818181818182,0.5454545454545454,0,0.6363636363636364,0,0.8181818181818182,3.9,0.09090909090909091,0.45454545454545453,0,1,-1.1,0.09090909090909091,0.5,1
0.09090909090909091,0.09090909090909091,0.09090909090909091,64.7,0.6363636363636364,68.4,0.09090909090909091,-0.3,0.2727272727272727,0.5454545454545454,0.7,0.53,0.2,0.09090909090909091,0.1,1
