AAWt,AAMt,Sstruct,SaccW,ShbondsW,SaccM,ShbondsM,yDDG,Result,Positiontype,ProteinPropens,Positionaccept,MOSST,SectorSuperficie,Functionalrelevancefunction,Clinical
0.09090909090909091,0.2727272727272727,0.45454545454545453,0,0.7272727272727273,0,0.8181818181818182,-3.4,0.2727272727272727,0.45454545454545453,0.3,0.96,-1,0.09090909090909091,0.35,1
0.09090909090909091,0.2727272727272727,0.45454545454545453,0,0.7272727272727273,0,0.8181818181818182,-1.4,0.45454545454545453,0.18181818181818182,0.7,0.25,-0.1,0.5454545454545454,0,1
0.09090909090909091,0.18181818181818182,0.2727272727272727,12.8,0.7272727272727273,17.4,0.09090909090909091,-1.2,0.45454545454545453,0.45454545454545453,0,1,-0.8,0.2727272727272727,0.6,0
0.09090909090909091,0.09090909090909091,0.45454545454545453,45.4,0.7272727272727273,41.5,0.09090909090909091,-1.8,0.45454545454545453,0.36363636363636365,0.1,0.57,-0.2,0.5454545454545454,0.1,0
0.18181818181818182,0.18181818181818182,0.2727272727272727,7.3,0.7272727272727273,14.4,0.8181818181818182,-2.2,0.2727272727272727,0.45454545454545453,0,1,-0.9,0.5454545454545454,0.95,0
0.18181818181818182,0.18181818181818182,0.2727272727272727,35.7,0.2727272727272727,35.4,0.8181818181818182,2.2,0.18181818181818182,0.36363636363636365,0.4,0.76,-0.4,0.2727272727272727,0.25,1
0.18181818181818182,0.18181818181818182,0.2727272727272727,35.7,0.2727272727272727,35.4,0.8181818181818182,2.2,0.18181818181818182,0.36363636363636365,0.4,0.76,-0.4,0.2727272727272727,0.25,1
0.09090909090909091,0.18181818181818182,0.45454545454545453,1.2,0.7272727272727273,3.8,0.8181818181818182,-1.7,0.45454545454545453,0.45454545454545453,0,1,-0.7,0.5454545454545454,0.1,1
0.09090909090909091,0.09090909090909091,0.2727272727272727,66.5,0.2727272727272727,47.9,0.8181818181818182,-1.4,0.45454545454545453,0.36363636363636365,0.7,0.85,0,0.5454545454545454,0.25,1
0.09090909090909091,0.2727272727272727,0.45454545454545453,15.5,0.7272727272727273,12.6,0.8181818181818182,-3.5,0.2727272727272727,0.18181818181818182,0.3,0.17,-0.1,0.09090909090909091,0.1,1
0.18181818181818182,0.18181818181818182,0.2727272727272727,7.3,0.7272727272727273,12.6,0.8181818181818182,1.4,0.09090909090909091,0.45454545454545453,0,1,-1,0.5454545454545454,0.95,0
