Statistic,Value
Mean,15.0835720845
Std,3.87561555934
Max,19.0
Min,0.0
Var,15.0203959638
