AAWt,AAMt,Sstruct,SaccW,ShbondsW,SaccM,ShbondsM,yDDG,Result,Positiontype,ProteinPropens,Positionaccept,MOSST,SectorSuperficie,Functionalrelevancefunction,Clinical
0.142857142857,0.142857142857,0.571428571429,6,0.714285714286,5.7,0.428571428571,2.9,0.142857142857,0.714285714286,0.5,0.61,-0.4,0.142857142857,0.6,0
0.285714285714,0.285714285714,0.428571428571,52.6,0.714285714286,81.8,0.142857142857,-1.5,0.142857142857,0.142857142857,0,1,-1.3,0.285714285714,0.8,1
0.285714285714,0.142857142857,0.428571428571,40.3,0.714285714286,60.9,0.428571428571,-2.8,0.285714285714,0.714285714286,0.6,0.87,-0.6,0.285714285714,0.6,1
0.285714285714,0.285714285714,0.571428571429,11.1,0.714285714286,28.8,0.428571428571,-0.7,0.142857142857,0.714285714286,0.5,0.91,-0.7,0.285714285714,0.5,1
0.142857142857,0.142857142857,0.571428571429,14.4,0.142857142857,20.5,0.428571428571,-3.1,0.285714285714,0.142857142857,0.2,0.48,-0.2,0.142857142857,0.8,0
0.142857142857,0.142857142857,0.428571428571,65.7,0.142857142857,85.6,0.428571428571,0.3,0.285714285714,0.714285714286,0.4,0.14,-0.1,0.142857142857,0.15,1
0.285714285714,0.142857142857,0.571428571429,11.1,0.714285714286,16.5,0.428571428571,0.2,0.285714285714,0.714285714286,0.5,0.91,-0.3,0.285714285714,0.5,0
