AAWt,AAMt,Sstruct,SaccW,ShbondsW,SaccM,ShbondsM,yDDG,Result,Positiontype,ProteinPropens,Positionaccept,MOSST,Functionalrelevancefunction,Clinical
0.615384615385,0.153846153846,0.615384615385,0,0.846153846154,0,0.153846153846,0.6,0.153846153846,0.615384615385,0,1,-1.1,0.5,0
0.615384615385,0.153846153846,0.615384615385,0,0.846153846154,0,0.846153846154,-1.3,0.307692307692,0.615384615385,0,1,-1.1,0.5,1
0.615384615385,0.0769230769231,0.615384615385,0,0.846153846154,0,0.846153846154,0,0.307692307692,0.615384615385,0,1,-1.3,0.5,1
0.615384615385,0.0769230769231,0.615384615385,0,0.846153846154,0,0.846153846154,2.5,0.153846153846,0.615384615385,0,1,-0.3,0.5,1
0.615384615385,0.0769230769231,0.615384615385,0,0.846153846154,0,0.846153846154,0.7,0.307692307692,0.615384615385,0,1,-0.7,0.5,0
0.615384615385,0.0769230769231,0.615384615385,0,0.846153846154,0,0.846153846154,-0.2,0.307692307692,0.615384615385,0,1,-0.8,0.5,0
0.615384615385,0.0769230769231,0.615384615385,0,0.846153846154,0,0.846153846154,3.9,0.153846153846,0.615384615385,0,1,-1.1,0.5,1
0.615384615385,0.153846153846,0.615384615385,0,0.846153846154,0,0.846153846154,-1.3,0.307692307692,0.615384615385,0,1,-1.1,0.5,1
0.153846153846,0.153846153846,0.307692307692,62,0.153846153846,37.2,0.846153846154,-0.7,0.0769230769231,0.153846153846,0.3,0.67,-0.4,0.35,0
0.153846153846,0.153846153846,0.307692307692,62,0.153846153846,61.8,0.153846153846,0.6,0.153846153846,0.153846153846,0.3,0.67,0.6,0.35,1
0.0769230769231,0.0769230769231,0.0769230769231,97.4,0.846153846154,89.5,0.846153846154,-1.8,0.307692307692,0.0769230769231,0.3,0.77,0,0,0
0.153846153846,0.153846153846,0.307692307692,50.8,0.846153846154,23.9,0.846153846154,-1.8,0.307692307692,0.153846153846,1,0.63,-0.3,0.25,0
0.153846153846,0.0769230769231,0.307692307692,50.8,0.846153846154,62.7,0.846153846154,0.3,0.307692307692,0.153846153846,1,0.63,-0.2,0.25,0
