AAWt,AAMt,Sstruct,SaccW,ShbondsW,SaccM,ShbondsM,yDDG,Result,Positiontype,ProteinPropens,Positionaccept,MOSST,SectorSuperficie,Functionalrelevancefunction,Clinical
0.0810547381314,0.0405273690657,0.121582107197,0.0,0.364746321591,0.0810547381314,0.28369158346,-0.688965274117,0.0810547381314,0.28369158346,0.28369158346,0.316113478712,0.0810547381314,0.0810547381314,0.0405273690657,1
0.00219244610335,0.00219244610335,0.00219244610335,0.576613325181,0.00986600746508,0.816686173498,0.00767356136173,0.00328866915503,0.00328866915503,0.00219244610335,0.0,0.0109622305168,-0.0120584535684,0.00109622305168,0.0087697844134,1
0.0202078559832,0.0202078559832,0.0404157119664,0.0,0.0909353519244,0.939665303218,0.0202078559832,-0.303117839748,0.0202078559832,0.0101039279916,0.0909353519244,0.0474884615605,-0.0404157119664,0.0101039279916,0.0353637479706,0
0.00314953506495,0.00314953506495,0.0125981402598,0.633056548055,0.0283458155846,0.762187485718,0.0220467454547,-0.125981402598,0.0062990701299,0.0220467454547,0.0062990701299,0.0185822568832,-0.00314953506495,0.0062990701299,0.00314953506495,1
0.000901338896645,0.00180267779329,0.00270401668994,0.68231354476,0.000901338896645,0.730985845179,0.000901338896645,0.000901338896645,0.00270401668994,0.00630937227652,0.000901338896645,0.00648964005584,0.0,0.00180267779329,0.000901338896645,1
0.0933520056019,0.0466760028009,0.186704011204,0.0,0.420084025208,0.0,0.326732019607,0.0,0.140028008403,0.0933520056019,0.0,0.466760028009,-0.606788036412,0.0466760028009,0.233380014005,1
0.000951636050314,0.000951636050314,0.00190327210063,0.549094001031,0.00856472445282,0.835536452176,0.00190327210063,-0.0114196326038,0.00190327210063,0.0066614523522,0.0066614523522,0.00751792479748,0.000951636050314,0.000951636050314,0.0033307261761,0
0.00411810099404,0.00411810099404,0.00205905049702,0.821561148312,0.0185314544732,0.566238886681,0.0144133534792,0.0576534139166,0.00205905049702,0.0144133534792,0.00823620198809,0.0115306827833,-0.00823620198809,0.00411810099404,0.0,1
0.00247399875975,0.0049479975195,0.00742199627925,0.274613862332,0.0222659888378,0.959911518783,0.0173179913183,0.0272139863573,0.00247399875975,0.0173179913183,0.0123699937988,0.0225133887137,-0.019791990078,0.0049479975195,0.0123699937988,1
0.0987476738639,0.0987476738639,0.197495347728,0.0987476738639,0.444364532388,0.148121510796,0.345616858524,-0.394990695456,0.049373836932,0.345616858524,0.296243021592,0.439427148694,0.148121510796,0.0987476738639,0.049373836932,0
