Statistic,Value
Mean,0.279818523301
Std,0.17597553625
Max,0.657668092327
Min,0.0
Var,0.0309673893586
