AAWt,AAMt,Sstruct,SaccW,ShbondsW,SaccM,ShbondsM,yDDG,Result,Positiontype,ProteinPropens,Positionaccept,MOSST,SectorSuperficie,Functionalrelevancefunction,Clinical
0.007575430961901489,0.007575430961901489,0.03787715480950745,0.01590840501999313,0.04545258577140893,0.9545043011995877,0.053028016733310424,-0.2757456870132142,0.022726292885704467,0.03787715480950745,0.01590840501999313,0.050376615896644904,-0.0371196117133173,0.007575430961901489,0.005302801673331043,0
0.03380339649280172,0.06760679298560344,0.16901698246400862,0.7571960814387587,0.03380339649280172,0.02366237754496121,0.23662377544961208,-0.44958517335426296,0.03380339649280172,0.16901698246400862,0.11831188772480604,0.21769387341364313,-0.14197426526976725,0.03380339649280172,0.14197426526976725,1
0.06682239581758617,0.13364479163517234,0.33411197908793083,0.0,0.400934374905517,0.0,0.4677567707231032,-0.28065406243386193,0.06682239581758617,0.33411197908793083,0.0,0.4677567707231032,-0.2338783853615516,0.06682239581758617,0.1169391926807758,0
0.04618408066175702,0.04618408066175702,0.2309204033087851,0.16164428231614958,0.2771044839705421,0.4849328469484487,0.32328856463229916,0.45260399048521877,0.09236816132351404,0.2309204033087851,0.0,0.32328856463229916,-0.3556174210955291,0.04618408066175702,0.0,0
0.005355453191096383,0.0026777265955481916,0.013388632977740959,0.8509815120652152,0.016066359573289148,0.521085595493678,0.01874408616883734,-0.05623225850651202,0.008033179786644574,0.0026777265955481916,0.0018744086168837341,0.010684129116237282,-0.0074976344675349365,0.008033179786644574,0.0018744086168837341,1
0.005975449174584897,0.0029877245872924484,0.0029877245872924484,0.9683215387414825,0.01792634752375469,0.2426032364881468,0.02091407211104714,0.03764532979988485,0.005975449174584897,0.014938622936462243,0.0,0.02091407211104714,-0.02091407211104714,0.008963173761877346,0.007319925238866498,1
0.012401663997353311,0.012401663997353311,0.012401663997353311,0.017362329596294638,0.07440998398411987,0.8073483262277007,0.08681164798147319,-0.5642757118795757,0.037204991992059934,0.012401663997353311,0.04340582399073659,0.0789985996631406,-0.06944931838517855,0.037204991992059934,0.008681164798147319,1
