AAWt,AAMt,Sstruct,SaccW,ShbondsW,SaccM,ShbondsM,yDDG,Result,Positiontype,ProteinPropens,Positionaccept,MOSST,SectorSuperficie,Functionalrelevancefunction,Clinical
0.153846153846,0.0769230769231,0.384615384615,68.8,0.307692307692,71.8,0.692307692308,-2.4,0.307692307692,0.384615384615,0,1,-1.1,0.384615384615,0,0
0.153846153846,0.0769230769231,0.384615384615,1.4,0.615384615385,2,0.692307692308,-1.4,0.307692307692,0.384615384615,0,1,-0.6,0.384615384615,0.1,0
0.0769230769231,0.153846153846,0.384615384615,44.8,0.0769230769231,47.1,0.692307692308,-1.4,0.307692307692,0.0769230769231,0.8,0.28,0.6,0.153846153846,0.15,1
0.153846153846,0.230769230769,0.230769230769,14.4,0.307692307692,20.5,0.153846153846,-3.1,0.307692307692,0.0769230769231,0.2,0.48,-0.2,0.384615384615,0.8,0
0.0769230769231,0.0769230769231,0.384615384615,0,0.615384615385,0,0.692307692308,0,0.153846153846,0.384615384615,0,1,-1.3,0.0769230769231,0.5,1
0.153846153846,0.230769230769,0.384615384615,4.9,0.307692307692,3.1,0.692307692308,-1.8,0.307692307692,0.461538461538,0.7,0.73,0,0.307692307692,0.75,0
0.0769230769231,0.0769230769231,0.384615384615,20.1,0.615384615385,17.3,0.692307692308,-3,0.307692307692,0.461538461538,0.2,0.59,-0.3,0.307692307692,0.1,1
0.153846153846,0.153846153846,0.384615384615,45.4,0.615384615385,41.5,0.153846153846,-1.8,0.307692307692,0.461538461538,0.1,0.57,-0.2,0.307692307692,0.1,0
0.153846153846,0.153846153846,0.384615384615,68.8,0.307692307692,83.3,0.153846153846,0.4,0.153846153846,0.384615384615,0,1,-1.2,0.384615384615,0,0
0.153846153846,0.153846153846,0.384615384615,1.4,0.615384615385,2,0.692307692308,-3.3,0.307692307692,0.384615384615,0,1,-0.8,0.384615384615,0.1,1
0.0769230769231,0.230769230769,0.230769230769,6,0.615384615385,4.7,0.692307692308,0.5,0.0769230769231,0.461538461538,0.5,0.61,-0.3,0.153846153846,0.6,1
0.153846153846,0.0769230769231,0.230769230769,11.1,0.615384615385,11.3,0.692307692308,1.4,0.0769230769231,0.461538461538,0.5,0.91,-0.4,0.307692307692,0.5,1
0.0769230769231,0.0769230769231,0.384615384615,37.1,0.615384615385,41.4,0.153846153846,-0.6,0.0769230769231,0.461538461538,0.6,0.85,0.3,0.0769230769231,0.6,1
