AAWt,AAMt,Sstruct,SaccW,ShbondsW,SaccM,ShbondsM,yDDG,Result,Positiontype,ProteinPropens,Positionaccept,MOSST,SectorSuperficie,Functionalrelevancefunction,Clinical
0.0025241489816758495,0.0025241489816758495,0.005048297963351699,0.7120624277307571,0.012620744908379248,0.7014610020077187,0.012620744908379248,0.00353380857434619,0.005048297963351699,0.0075724469450275484,0.010601425723038568,0.015372067298405923,0.0,0.0025241489816758495,0.010601425723038568,0
0.0013595153120711978,0.0013595153120711978,0.0027190306241423956,0.5491082345455568,0.0067975765603559895,0.8355581107989581,0.0013595153120711978,-0.01141992862139806,0.0013595153120711978,0.004078545936213593,0.006661625029148869,0.007518119675753724,0.0009516607184498386,0.0013595153120711978,0.0033308125145744345,0
0.0511932117158046,0.1023864234316092,0.1023864234316092,0.0,0.255966058579023,0.0,0.255966058579023,-0.7883754604233909,0.1535796351474138,0.1535796351474138,0.10750574460318965,0.3440183827302069,-0.1433409928042529,0.1023864234316092,0.12542336870372126,0
0.02848861219947533,0.05697722439895066,0.05697722439895066,0.0,0.14244306099737664,0.35895651371338916,0.14244306099737664,-0.8575072272042074,0.08546583659842598,0.08546583659842598,0.0,0.1994202853963273,-0.15953622831706185,0.05697722439895066,0.06979709988871455,1
0.015577362178469537,0.015577362178469537,0.015577362178469537,0.3980016036598967,0.03894340544617385,0.8941405890441514,0.03894340544617385,-0.16901437963639449,0.023366043267704306,0.023366043267704306,0.0,0.05452076762464338,-0.05452076762464338,0.0077886810892347684,0.05179472924341121,1
0.02580685464339111,0.05161370928678222,0.02580685464339111,0.7045271317645773,0.05161370928678222,0.6322679387630822,0.12903427321695554,-0.162583184253364,0.02580685464339111,0.07742056393017333,0.09032399125186888,0.15897022460328925,-0.07225919300149511,0.02580685464339111,0.09032399125186888,0
0.0038131463030230016,0.0019065731515115008,0.0038131463030230016,0.9008558140891841,0.0038131463030230016,0.4337453919688664,0.0019065731515115008,-0.004003803618174152,0.0038131463030230016,0.0019065731515115008,0.009342208442406354,0.01161103049270504,0.0013346012060580505,0.0019065731515115008,0.0033365030151451263,0
