AAWt,AAMt,Sstruct,SaccW,ShbondsW,SaccM,ShbondsM,yDDG,Result,Positiontype,ProteinPropens,Positionaccept,MOSST,SectorSuperficie,Functionalrelevancefunction,Clinical
0.0769230769231,0.0769230769231,0.0769230769231,18.3,0.846153846154,12.9,0.692307692308,-3.5,0.0769230769231,0.461538461538,0.5,0.85,-0.8,0.153846153846,0.8,0
0.0769230769231,0.0769230769231,0.307692307692,14.1,0.846153846154,33,0.692307692308,-1.7,0.0769230769231,0.461538461538,0.7,0.85,-0.5,0.307692307692,0.5,1
0.0769230769231,0.0769230769231,0.0769230769231,99.4,0.153846153846,98.6,0.307692307692,-0.5,0.692307692308,0.461538461538,-0.1,0.71,-0.1,0.0769230769231,0.2,0
0.153846153846,0.230769230769,0.0769230769231,39.9,0.846153846154,26.9,0.307692307692,-0.3,0.692307692308,0.461538461538,0.4,0.56,0.6,0.0769230769231,0,1
0.0769230769231,0.0769230769231,0.307692307692,46.3,0.846153846154,11.8,0.692307692308,0.1,0.692307692308,0.230769230769,0,1,-1.2,0.307692307692,0.35,0
0.0769230769231,0.0769230769231,0.307692307692,25.4,0.846153846154,38.2,0.692307692308,0.8,0.153846153846,0.230769230769,0,1,-1.3,0.230769230769,0,1
0.0769230769231,0.0769230769231,0.307692307692,41.5,0.846153846154,34.9,0.692307692308,1,0.153846153846,0.230769230769,0.9,0.26,0.5,0.307692307692,0,1
0.0769230769231,0.230769230769,0.307692307692,37,0.846153846154,69.9,0.307692307692,-0.4,0.692307692308,0.0769230769231,0.2,0.89,-0.2,0.307692307692,0,0
0.153846153846,0.230769230769,0.307692307692,0,0.846153846154,0,0.692307692308,0,0.692307692308,0.230769230769,0,1,-1.3,0.0769230769231,0.5,1
0.0769230769231,0.0769230769231,0.153846153846,6.7,0.846153846154,17.7,0.692307692308,-0.3,0.692307692308,0.461538461538,0.7,0.78,-0.5,0.153846153846,0.5,1
0.0769230769231,0.153846153846,0.307692307692,84.5,0.846153846154,84.5,0.692307692308,0.3,0.692307692308,0.230769230769,0.9,0.25,0.2,0.230769230769,0.15,1
0.0769230769231,0.153846153846,0.307692307692,13.7,0.846153846154,10.8,0.692307692308,0.2,0.692307692308,0.230769230769,0.1,0.25,0.2,0.0769230769231,0.35,0
0.0769230769231,0.0769230769231,0.153846153846,65.1,0.153846153846,64.1,0.307692307692,-0.4,0.692307692308,0.461538461538,0.1,0.8,0,0.230769230769,0.5,1
