statistic,value
mean,0.658965517241
max,0.775862068966
min,0.534482758621
var,0.00233995243757
std,0.0483730548712
