statistic,value
mean,0.757
max,1.0
min,0.5
var,0.012651
std,0.112476664246
