statistic,value
mean,0.671739130435
max,0.826086956522
min,0.54347826087
var,0.00297258979207
std,0.0545214617565
