statistic,value
mean,0.744545454546
max,1.0
min,0.454545454545
var,0.0120157024793
std,0.109616159754
