statistic,value
mean,0.754285714286
max,1.0
min,0.428571428571
var,0.0167673469388
std,0.129488790784
