AAWt,AAMt,Sstruct,SaccW,ShbondsW,SaccM,ShbondsM,yDDG,Result,Positiontype,ProteinPropens,Positionaccept,MOSST,SectorSuperficie,Functionalrelevancefunction,Clinical
0.0012208216767124259,0.0012208216767124259,0.0048832867068497035,0.5409460849512759,0.0012208216767124259,0.8409019709195191,0.0024416433534248517,0.005982026215890887,0.0012208216767124259,0.0048832867068497035,0.0,0.008545751736986983,-0.004272875868493491,0.0012208216767124259,0.008545751736986983,1
0.07404919203770671,0.22214757611312014,0.07404919203770671,0.0,0.4442951522262403,0.0,0.29619676815082685,-0.6738476475431312,0.14809838407541343,0.07404919203770671,0.3628410409847629,0.12958608606598676,-0.05183443442639471,0.14809838407541343,0.0,1
0.001065280024202888,0.001065280024202888,0.004261120096811552,0.6957343838069062,0.006391680145217329,0.7181052643151669,0.004261120096811552,-0.007456960169420217,0.002130560048405776,0.004261120096811552,0.0,0.007456960169420217,-0.007456960169420217,0.002130560048405776,0.002237088050826065,1
0.0029271919874403907,0.008781575962321172,0.0058543839748807815,0.9487029231294306,0.017563151924642344,0.31350226185486585,0.011708767949761563,-0.004098068782416547,0.0058543839748807815,0.011708767949761563,0.0,0.020490343912082737,-0.020490343912082737,0.0058543839748807815,0.007171620369228957,1
0.004567654464654491,0.004567654464654491,0.018270617858617964,0.21422299439229564,0.027405926787926947,0.9751942282037339,0.009135308929308982,0.01598679062629072,0.009135308929308982,0.009135308929308982,0.022381506876807008,0.024939393377013525,0.003197358125258144,0.009135308929308982,0.01598679062629072,0
0.004632547013173876,0.006948820519760813,0.009265094026347752,0.6534207562081752,0.013897641039521626,0.7555684178486591,0.002316273506586938,-0.035670612001438846,0.004632547013173876,0.004632547013173876,0.00972834872766514,0.014106105655114451,-0.00972834872766514,0.002316273506586938,0.00972834872766514,0
0.0047246394909616525,0.0023623197454808263,0.0047246394909616525,0.44317118425220303,0.014173918472884956,0.8946104876135889,0.009449278981923305,-0.046301467011424194,0.0047246394909616525,0.009449278981923305,0.0,0.016536238218365782,-0.019843485862038938,0.0023623197454808263,0.0016536238218365785,0
