AAWt,AAMt,Sstruct,SaccW,ShbondsW,SaccM,ShbondsM,yDDG,Result,Positiontype,ProteinPropens,Positionaccept,MOSST,SectorSuperficie,Functionalrelevancefunction,Clinical
0.09090909090909091,0.2727272727272727,0.2727272727272727,78.1,0.45454545454545453,78.6,0.9090909090909091,-1,0.36363636363636365,0.18181818181818182,-0.1,0.21,0,0.45454545454545453,0,1
0.18181818181818182,0.09090909090909091,0.45454545454545453,0,0.45454545454545453,0,0.9090909090909091,0,0.36363636363636365,0.8181818181818182,0,1,-1.3,0.09090909090909091,0.5,1
0.09090909090909091,0.09090909090909091,0.45454545454545453,12.1,0.2727272727272727,10.6,0.9090909090909091,0.4,0.36363636363636365,0.8181818181818182,0.3,0.97,-0.9,0.09090909090909091,0.6,0
0.18181818181818182,0.09090909090909091,0.2727272727272727,66.5,0.2727272727272727,47.9,0.9090909090909091,-1.4,0.36363636363636365,0.18181818181818182,0.7,0.85,0,0.45454545454545453,0.25,1
0.09090909090909091,0.09090909090909091,0.09090909090909091,27.7,0.2727272727272727,34.7,0.9090909090909091,0.4,0.36363636363636365,0.8181818181818182,0,1,-1.3,0.09090909090909091,0.1,1
0.09090909090909091,0.2727272727272727,0.45454545454545453,1.2,0.45454545454545453,3.4,0.9090909090909091,-0.6,0.09090909090909091,0.8181818181818182,0,1,-0.5,0.45454545454545453,0.1,0
0.09090909090909091,0.18181818181818182,0.18181818181818182,11.9,0.45454545454545453,15.2,0.9090909090909091,-2.3,0.18181818181818182,0.8181818181818182,0,1,-1.2,0.18181818181818182,0.1,1
0.18181818181818182,0.2727272727272727,0.45454545454545453,17.3,0.2727272727272727,21,0.9090909090909091,-1.5,0.36363636363636365,0.8181818181818182,0,1,-1,0.45454545454545453,0.85,1
0.09090909090909091,0.18181818181818182,0.2727272727272727,46.3,0.45454545454545453,11.8,0.9090909090909091,0.1,0.36363636363636365,0.8181818181818182,0,1,-1.2,0.45454545454545453,0.35,0
0.09090909090909091,0.09090909090909091,0.18181818181818182,63.3,0.2727272727272727,105,0.09090909090909091,-1.6,0.36363636363636365,0.8181818181818182,0,1,-1.2,0.18181818181818182,1,1
0.18181818181818182,0.09090909090909091,0.45454545454545453,3.2,0.2727272727272727,0,0.9090909090909091,-2.1,0.18181818181818182,0.8181818181818182,0.5,0.92,-0.5,0.09090909090909091,0.6,1
