feature,mean,var,std,min,max
SaccW,0.327273326645,0.113035963463,0.336208214449,0.0,0.992474060857
SaccM,0.467925521344,0.121238011778,0.348192492421,0.0,0.978314102275
yDDG,-0.235538652346,0.172172559957,0.414936814416,-0.94148639032,0.891243819478
ProteinPropens,0.0574595627821,0.00889707055599,0.0943242840206,-0.0486493691065,0.460508955998
Positionaccept,0.183845011155,0.0211966915193,0.145590835973,0.00836719162144,0.562401123643
MOSST,-0.118475033585,0.0236344986341,0.153735157443,-0.6143277029,0.4250508368
Functionalrelevancefunction,0.062707032249,0.00485135166583,0.0696516451049,0.0,0.375303350019
