AAWt,AAMt,Sstruct,SaccW,ShbondsW,SaccM,ShbondsM,yDDG,Result,Positiontype,ProteinPropens,Positionaccept,MOSST,SectorSuperficie,Functionalrelevancefunction,Clinical
0.00111204138648,0.00111204138648,0.00556020693241,0.661664624957,0.00889633109186,0.749515894489,0.0111204138648,0.0,0.00222408277296,0.00222408277296,0.0100083724783,0.0062274317643,0.00444816554593,0.00444816554593,0.00111204138648,1
0.00365919648659,0.00365919648659,0.00609866081099,0.811121887861,0.0012197321622,0.584251705692,0.012197321622,-0.0170762502708,0.00243946432439,0.00487892864879,0.00853812513538,0.0103677233787,0.0,0.00243946432439,0.00304933040549,1
0.120580180659,0.0401933935529,0.120580180659,0.0,0.321547148423,0.0,0.401933935529,-0.522514116188,0.0803867871058,0.160773574212,0.0,0.401933935529,-0.442127329082,0.0401933935529,0.200966967765,1
0.0663266924754,0.0663266924754,0.165816731189,0.0,0.265306769902,0.0,0.331633462377,0.630103578516,0.0994900387131,0.132653384951,0.0,0.331633462377,-0.43112350109,0.0331633462377,0.248725096783,0
0.0737585684486,0.0737585684486,0.110637852673,0.0,0.295034273794,0.0,0.368792842243,0.700706400262,0.110637852673,0.0737585684486,0.25815498957,0.0921982105607,0.405672126467,0.0737585684486,0.0,1
0.0465746432833,0.13972392985,0.13972392985,0.232873216416,0.372597146266,0.326022502983,0.465746432833,-0.0931492865665,0.0931492865665,0.186298573133,0.0,0.465746432833,-0.372597146266,0.186298573133,0.0,0
0.00647412305966,0.00215804101989,0.0107902050994,0.351760686242,0.0172643281591,0.934431761611,0.0215804101989,0.0345286563182,0.00647412305966,0.00863216407955,0.0172643281591,0.0159695035472,-0.00647412305966,0.00863216407955,0.0140272666293,1
0.000821417632848,0.000821417632848,0.000821417632848,0.51338602053,0.000821417632848,0.857560008694,0.00821417632848,-0.0295710347825,0.00246425289854,0.00328567053139,0.00574992342994,0.00484636403381,-0.0016428352657,0.000821417632848,0.00205354408212,1
0.0192014993116,0.0576044979348,0.096007496558,0.0,0.153611994493,0.787261471776,0.192014993116,-0.48003748279,0.0576044979348,0.0768059972464,0.0,0.192014993116,-0.153611994493,0.0768059972464,0.0288022489674,0
0.00439488267725,0.00439488267725,0.00439488267725,0.804263529936,0.035159061418,0.566939865365,0.0439488267725,-0.153820893704,0.0131846480317,0.017579530709,0.0219744133862,0.0373565027566,-0.035159061418,0.00439488267725,0.035159061418,0
