AAWt,AAMt,Sstruct,SaccW,ShbondsW,SaccM,ShbondsM,yDDG,Result,Positiontype,ProteinPropens,Positionaccept,MOSST,SectorSuperficie,Functionalrelevancefunction,Clinical
0.09090909090909091,0.09090909090909091,0.5454545454545454,6,0.9090909090909091,5.7,0.8181818181818182,2.9,0.09090909090909091,0.18181818181818182,0.5,0.61,-0.4,0.36363636363636365,0.6,0
0.18181818181818182,0.18181818181818182,0.5454545454545454,0,0.9090909090909091,0.1,0.8181818181818182,-1.5,0.36363636363636365,0.09090909090909091,-0.1,0.64,-0.5,0.18181818181818182,0.1,1
0.09090909090909091,0.09090909090909091,0.5454545454545454,0,0.9090909090909091,3.7,0.8181818181818182,-2,0.36363636363636365,0.7272727272727273,0,1,-1.3,0.36363636363636365,0.15,0
0.18181818181818182,0.09090909090909091,0.36363636363636365,0.5,0.9090909090909091,0.7,0.8181818181818182,-0.2,0.18181818181818182,0.7272727272727273,0,1,-0.8,0.36363636363636365,0,0
0.09090909090909091,0.18181818181818182,0.09090909090909091,6.7,0.9090909090909091,38.3,0.8181818181818182,-2.2,0.18181818181818182,0.18181818181818182,0.7,0.78,-0.5,0.09090909090909091,0.5,0
0.2727272727272727,0.09090909090909091,0.36363636363636365,0,0.9090909090909091,0,0.09090909090909091,0.6,0.09090909090909091,0.7272727272727273,0,1,-1.1,0.18181818181818182,0.5,0
0.09090909090909091,0.09090909090909091,0.5454545454545454,0,0.9090909090909091,0,0.8181818181818182,1.9,0.09090909090909091,0.7272727272727273,0,1,-1.3,0.09090909090909091,0.75,0
0.2727272727272727,0.18181818181818182,0.36363636363636365,0,0.9090909090909091,0,0.8181818181818182,-1.3,0.36363636363636365,0.7272727272727273,0,1,-1.1,0.18181818181818182,0.5,1
0.09090909090909091,0.09090909090909091,0.36363636363636365,0,0.9090909090909091,1.8,0.8181818181818182,-4.3,0.18181818181818182,0.7272727272727273,0,1,-0.8,0.09090909090909091,0.35,1
0.09090909090909091,0.09090909090909091,0.5454545454545454,18.8,0.9090909090909091,43.1,0.8181818181818182,-0.4,0.18181818181818182,0.7272727272727273,0,1,-0.9,0.36363636363636365,0.1,1
0.2727272727272727,0.18181818181818182,0.5454545454545454,50.3,0.09090909090909091,55,0.09090909090909091,-1.6,0.36363636363636365,0.7272727272727273,0,1,-1.1,0.18181818181818182,0.1,0
