AAWt,AAMt,Sstruct,SaccW,ShbondsW,SaccM,ShbondsM,yDDG,Result,Positiontype,ProteinPropens,Positionaccept,MOSST,SectorSuperficie,Functionalrelevancefunction,Clinical
0.181818181818,0.0909090909091,0.363636363636,0,0.909090909091,0.2,0.727272727273,-1.7,0.181818181818,0.636363636364,0.7,0.78,0.2,0.181818181818,0.1,1
0.181818181818,0.181818181818,0.181818181818,52.6,0.909090909091,74.5,0.727272727273,0.3,0.272727272727,0.272727272727,0,1,-1.1,0.0909090909091,0.8,1
0.181818181818,0.181818181818,0.363636363636,0,0.909090909091,9.3,0.181818181818,-3,0.181818181818,0.0909090909091,0.9,0.47,-0.4,0.0909090909091,0.35,0
0.0909090909091,0.0909090909091,0.363636363636,20.1,0.909090909091,24.2,0.727272727273,-4,0.181818181818,0.636363636364,0.2,0.59,-0.1,0.181818181818,0.1,1
0.0909090909091,0.181818181818,0.363636363636,75.7,0.0909090909091,81.1,0.0909090909091,0.1,0.272727272727,0.636363636364,0.1,0.72,0,0.181818181818,0.1,1
0.181818181818,0.0909090909091,0.363636363636,0,0.909090909091,0,0.727272727273,0,0.272727272727,0.272727272727,0,1,-1.3,0.0909090909091,0.5,1
0.0909090909091,0.0909090909091,0.181818181818,57.7,0.909090909091,87.8,0.181818181818,-1.2,0.181818181818,0.636363636364,0.7,0.79,0.1,0.0909090909091,0.35,0
0.181818181818,0.181818181818,0.0909090909091,39.9,0.909090909091,27.5,0.727272727273,2.8,0.0909090909091,0.636363636364,0.4,0.56,-0.4,0.181818181818,0,1
0.181818181818,0.181818181818,0.363636363636,11.1,0.909090909091,38.8,0.727272727273,1.1,0.181818181818,0.636363636364,0.5,0.91,-0.8,0.181818181818,0.5,1
0.181818181818,0.181818181818,0.363636363636,0.2,0.909090909091,0.3,0.727272727273,-0.8,0.0909090909091,0.636363636364,0.6,0.89,0.3,0.181818181818,0.1,0
0.181818181818,0.0909090909091,0.363636363636,0,0.909090909091,0,0.727272727273,1.9,0.181818181818,0.272727272727,0,1,-1.3,0.0909090909091,0.75,0
