AAWt,AAMt,Sstruct,SaccW,ShbondsW,SaccM,ShbondsM,yDDG,Result,Positiontype,ProteinPropens,Positionaccept,MOSST,SectorSuperficie,Functionalrelevancefunction,Clinical
0.0769230769231,0.0769230769231,0.307692307692,0,0.769230769231,6,0.769230769231,1.6,0.153846153846,0.461538461538,0,1,-1,0.0769230769231,0.75,0
0.0769230769231,0.0769230769231,0.307692307692,75.7,0.230769230769,81.1,0.0769230769231,0.1,0.230769230769,0.153846153846,0.1,0.72,0,0.0769230769231,0.1,1
0.153846153846,0.153846153846,0.384615384615,14.1,0.769230769231,33,0.769230769231,-1.7,0.153846153846,0.153846153846,0.7,0.85,-0.5,0.384615384615,0.5,1
0.0769230769231,0.153846153846,0.384615384615,1.2,0.769230769231,0.8,0.769230769231,-5,0.384615384615,0.461538461538,0,1,-0.9,0.384615384615,0.1,0
0.153846153846,0.0769230769231,0.307692307692,20.4,0.769230769231,47.5,0.769230769231,0.3,0.230769230769,0.0769230769231,0.6,0.84,0,0.0769230769231,0.1,0
0.153846153846,0.153846153846,0.0769230769231,0.2,0.769230769231,34.1,0.769230769231,-4.7,0.384615384615,0.0769230769231,0.5,0.91,-0.7,0.384615384615,0.1,0
0.0769230769231,0.0769230769231,0.0769230769231,83.7,0.769230769231,88.2,0.153846153846,-0.3,0.230769230769,0.230769230769,0.7,0.47,0.3,0.153846153846,0.25,1
0.153846153846,0.153846153846,0.384615384615,40.5,0.769230769231,73.3,0.769230769231,-2.7,0.384615384615,0.230769230769,0.3,0.44,-0.3,0.384615384615,0.6,0
0.0769230769231,0.153846153846,0.384615384615,74,0.230769230769,96.2,0.769230769231,1.6,0.153846153846,0.230769230769,0.9,0.76,-0.3,0.384615384615,0.1,1
0.0769230769231,0.0769230769231,0.384615384615,0,0.769230769231,0,0.769230769231,-2.2,0.384615384615,0.461538461538,0.3,0.96,-0.4,0.0769230769231,0.35,0
0.153846153846,0.0769230769231,0.153846153846,12.8,0.769230769231,39.6,0.153846153846,2.7,0.0769230769231,0.461538461538,0,1,-0.5,0.0769230769231,0.6,0
0.153846153846,0.153846153846,0.153846153846,68.8,0.230769230769,71.5,0.769230769231,-3.7,0.384615384615,0.461538461538,0,1,-0.5,0.0769230769231,0,0
0.0769230769231,0.0769230769231,0.307692307692,0,0.769230769231,3.7,0.769230769231,-2,0.153846153846,0.461538461538,0,1,-1.3,0.153846153846,0.15,0
