AAWt,AAMt,Sstruct,SaccW,ShbondsW,SaccM,ShbondsM,yDDG,Result,Positiontype,ProteinPropens,Positionaccept,MOSST,SectorSuperficie,Functionalrelevancefunction,Clinical
0.03800307497515761,0.025335383316771744,0.012667691658385872,0.020268306653417396,0.10134153326708698,0.9120737994037827,0.07600614995031522,-0.3648295197615131,0.025335383316771744,0.012667691658385872,0.05067076663354349,0.09222079527304915,-0.06080491996025218,0.025335383316771744,0.010134153326708698,0
0.11630265977338548,0.05815132988669274,0.11630265977338548,0.0,0.46521063909354193,0.0,0.34890797932015644,0.32564744736547935,0.11630265977338548,0.34890797932015644,0.0,0.46521063909354193,-0.32564744736547935,0.11630265977338548,0.23260531954677097,0
0.0020120104581234123,0.004024020916246825,0.0020120104581234123,0.4072309167241786,0.0160960836649873,0.9126479438047798,0.0020120104581234123,0.019315300397984757,0.004024020916246825,0.012072062748740472,0.004828825099496189,0.015613201155037677,-0.011267258565491108,0.0020120104581234123,0.004024020916246825,0
0.023588900697508478,0.015725933798338986,0.007862966899169493,0.26419568781209496,0.06290373519335594,0.8617811721489763,0.047177801395016955,-0.4088742787568136,0.015725933798338986,0.047177801395016955,0.06290373519335594,0.05975854843368814,-0.05661336167402035,0.007862966899169493,0.006290373519335595,0
0.008441779847188522,0.008441779847188522,0.016883559694377045,0.49299994307580974,0.06753423877750818,0.8509314085966031,0.05065067908313114,0.09454793428851145,0.016883559694377045,0.05065067908313114,0.0,0.06753423877750818,-0.06753423877750818,0.016883559694377045,0.06415752683863277,0
0.10828067210368261,0.054140336051841306,0.10828067210368261,0.0,0.43312268841473045,0.0,0.3248420163110478,0.0,0.10828067210368261,0.3248420163110478,0.0,0.43312268841473045,-0.5630594949391496,0.10828067210368261,0.21656134420736523,1
0.011232218379969374,0.007488145586646249,0.007488145586646249,0.7038856851447474,0.029952582346584995,0.706880943379406,0.022464436759938748,-0.023962065877268,0.0037440727933231244,0.022464436759938748,0.0,0.029952582346584995,-0.029952582346584995,0.0037440727933231244,0.017971549407950996,0
0.0011895634104914338,0.0011895634104914338,0.0011895634104914338,0.549102470282846,0.00951650728393147,0.8355493395291832,0.0011895634104914338,-0.011419808740717765,0.0011895634104914338,0.0011895634104914338,0.0066615550987520296,0.007518040754305863,0.0009516507283931472,0.0011895634104914338,0.0033307775493760148,0
