AAWt,AAMt,Sstruct,SaccW,ShbondsW,SaccM,ShbondsM,yDDG,Result,Positiontype,ProteinPropens,Positionaccept,MOSST,SectorSuperficie,Functionalrelevancefunction,Clinical
0.09090909090909091,0.09090909090909091,0.6363636363636364,6,0.8181818181818182,5.7,0.9090909090909091,2.9,0.09090909090909091,0.2727272727272727,0.5,0.61,-0.4,0.36363636363636365,0.6,0
0.45454545454545453,0.2727272727272727,0.18181818181818182,15.5,0.8181818181818182,12.6,0.9090909090909091,-3.5,0.6363636363636364,0.09090909090909091,0.3,0.17,-0.1,0.36363636363636365,0.1,1
0.45454545454545453,0.2727272727272727,0.18181818181818182,0,0.8181818181818182,4.9,0.9090909090909091,-4,0.6363636363636364,0.09090909090909091,0.9,0.47,-0.3,0.09090909090909091,0.35,0
0.09090909090909091,0.09090909090909091,0.6363636363636364,26.8,0.8181818181818182,54.1,0.9090909090909091,-2.8,0.6363636363636364,0.5454545454545454,0,1,-1.2,0.09090909090909091,0.1,0
0.45454545454545453,0.18181818181818182,0.6363636363636364,23.5,0.8181818181818182,34.7,0.9090909090909091,-1.1,0.18181818181818182,0.5454545454545454,0,1,-0.8,0.09090909090909091,0.6,1
0.45454545454545453,0.09090909090909091,0.6363636363636364,0,0.8181818181818182,0,0.9090909090909091,-2.4,0.6363636363636364,0.2727272727272727,0.7,0.78,-0.5,0.36363636363636365,0.1,1
0.09090909090909091,0.09090909090909091,0.6363636363636364,46.3,0.8181818181818182,18.1,0.9090909090909091,-1.4,0.18181818181818182,0.5454545454545454,0,1,-1.3,0.09090909090909091,0.35,0
0.09090909090909091,0.09090909090909091,0.6363636363636364,50.3,0.18181818181818182,72.2,0.9090909090909091,-2.4,0.6363636363636364,0.5454545454545454,0,1,-0.7,0.09090909090909091,0.1,0
0.09090909090909091,0.2727272727272727,0.09090909090909091,96.5,0.18181818181818182,68,0.9090909090909091,-8.7,0.6363636363636364,0.2727272727272727,0.4,0.6,-0.1,0.09090909090909091,0.3,0
0.45454545454545453,0.09090909090909091,0.09090909090909091,9.8,0.8181818181818182,17.2,0.09090909090909091,-3.4,0.6363636363636364,0.5454545454545454,0,1,-0.9,0.09090909090909091,0.1,0
0.09090909090909091,0.18181818181818182,0.6363636363636364,0,0.8181818181818182,3.2,0.9090909090909091,-0.9,0.09090909090909091,0.5454545454545454,0,1,-0.8,0.36363636363636365,0.15,1
