Statistic,Value
Mean,0.663410815939
Std,0.0988308102168
Max,0.75
Min,0.25
Var,0.0097675290481
