Statistic,Value
Mean,0.619655048509
Std,0.0866571467617
Max,0.739130434783
Min,0.260869565217
Var,0.00750946108487
