Statistic,Value
Mean,0.589221014493
Std,0.0654544178053
Max,0.695652173913
Min,0.260869565217
Var,0.00428428081023
