AAWt,AAMt,Sstruct,SaccW,ShbondsW,SaccM,ShbondsM,yDDG,Result,Positiontype,ProteinPropens,Positionaccept,MOSST,SectorSuperficie,Functionalrelevancefunction,Clinical
0.142857142857,0.142857142857,0.285714285714,1.2,0.857142857143,0.8,0.714285714286,-5,0.285714285714,0.571428571429,0,1,-0.9,0.428571428571,0.1,0
0.142857142857,0.142857142857,0.285714285714,18.8,0.857142857143,43.1,0.714285714286,-0.4,0.571428571429,0.571428571429,0,1,-0.9,0.142857142857,0.1,1
0.142857142857,0.142857142857,0.428571428571,63.3,0.142857142857,97.8,0.285714285714,-0.4,0.571428571429,0.571428571429,0,1,-0.3,0.285714285714,1,1
0.142857142857,0.142857142857,0.428571428571,12.8,0.857142857143,33.3,0.714285714286,-3.5,0.285714285714,0.571428571429,0,1,-1.2,0.285714285714,0.6,0
0.142857142857,0.142857142857,0.428571428571,6.7,0.857142857143,30.5,0.285714285714,0.5,0.571428571429,0.285714285714,0.7,0.78,0.1,0.142857142857,0.5,0
0.142857142857,0.142857142857,0.285714285714,37,0.857142857143,48.6,0.714285714286,1.7,0.142857142857,0.142857142857,0.2,0.89,-0.4,0.428571428571,0,1
0.142857142857,0.142857142857,0.285714285714,11.1,0.857142857143,23.1,0.714285714286,-0.4,0.571428571429,0.285714285714,0.5,0.91,0,0.428571428571,0.5,1
