AAWt,AAMt,Sstruct,SaccW,ShbondsW,SaccM,ShbondsM,yDDG,Result,Positiontype,ProteinPropens,Positionaccept,MOSST,SectorSuperficie,Functionalrelevancefunction,Clinical
0.04539425989051737,0.04539425989051737,0.09078851978103473,0.8897274938541404,0.04539425989051737,0.2723655593431042,0.1361827796715521,-0.09078851978103473,0.09078851978103473,0.1361827796715521,0.1271039276934486,0.1325512388803107,-0.10894622373724167,0.04539425989051737,0.1361827796715521,0
0.007187499606933624,0.014374999213867248,0.007187499606933624,0.5261249712275413,0.021562498820800875,0.8481249536181676,0.021562498820800875,0.0229999987421876,0.007187499606933624,0.021562498820800875,0.014374999213867248,0.024437498663574322,-0.014374999213867248,0.007187499606933624,0.0229999987421876,0
0.012403320803604212,0.012403320803604212,0.012403320803604212,0.48621017550128515,0.03720996241081264,0.8533484712879698,0.012403320803604212,-0.16868516292901728,0.012403320803604212,0.012403320803604212,0.0,0.049613283214416846,-0.04465195489297517,0.012403320803604212,0.004961328321441685,0
0.1167587088081107,0.2335174176162214,0.2335174176162214,0.09340696704648857,0.35027612642433215,0.14011045056973284,0.35027612642433215,-0.3736278681859543,0.2335174176162214,0.35027612642433215,0.2802209011394657,0.4156610033568741,0.14011045056973284,0.1167587088081107,0.046703483523244285,0
