AAWt,AAMt,Sstruct,SaccW,ShbondsW,SaccM,ShbondsM,yDDG,Result,Positiontype,ProteinPropens,Positionaccept,MOSST,SectorSuperficie,Functionalrelevancefunction,Clinical
0.2727272727272727,0.18181818181818182,0.36363636363636365,0,0.9090909090909091,2.2,0.9090909090909091,-6.5,0.2727272727272727,0.2727272727272727,0.7,0.78,-0.5,0.09090909090909091,0.1,0
0.2727272727272727,0.18181818181818182,0.36363636363636365,23.5,0.9090909090909091,23.6,0.9090909090909091,-0.8,0.18181818181818182,0.6363636363636364,0,1,-1,0.18181818181818182,0.6,0
0.18181818181818182,0.09090909090909091,0.45454545454545453,29.8,0.9090909090909091,33.5,0.9090909090909091,-2.1,0.2727272727272727,0.2727272727272727,0,0.81,-0.1,0.18181818181818182,0.2,0
0.2727272727272727,0.09090909090909091,0.36363636363636365,23.5,0.9090909090909091,34.7,0.9090909090909091,-1.1,0.18181818181818182,0.6363636363636364,0,1,-0.8,0.18181818181818182,0.6,1
0.09090909090909091,0.09090909090909091,0.09090909090909091,6.8,0.9090909090909091,7.8,0.9090909090909091,-1.1,0.18181818181818182,0.6363636363636364,0.3,0.97,-0.7,0.18181818181818182,0.2,1
0.09090909090909091,0.18181818181818182,0.45454545454545453,37,0.9090909090909091,48.6,0.9090909090909091,1.7,0.18181818181818182,0.09090909090909091,0.2,0.89,-0.4,0.09090909090909091,0,1
0.09090909090909091,0.09090909090909091,0.45454545454545453,0,0.9090909090909091,0,0.9090909090909091,2.5,0.09090909090909091,0.6363636363636364,0,1,-0.3,0.09090909090909091,0.5,1
0.09090909090909091,0.18181818181818182,0.36363636363636365,0,0.9090909090909091,0,0.9090909090909091,1.9,0.18181818181818182,0.6363636363636364,0,1,-1.3,0.18181818181818182,0.75,0
0.09090909090909091,0.09090909090909091,0.45454545454545453,0.3,0.9090909090909091,0,0.9090909090909091,-5.1,0.2727272727272727,0.6363636363636364,0.3,0.95,-0.9,0.18181818181818182,0.1,1
0.18181818181818182,0.09090909090909091,0.45454545454545453,0,0.9090909090909091,2.4,0.9090909090909091,-0.8,0.18181818181818182,0.6363636363636364,0,1,-0.5,0.09090909090909091,0.35,1
0.09090909090909091,0.09090909090909091,0.09090909090909091,96.5,0.09090909090909091,95.3,0.09090909090909091,0.3,0.09090909090909091,0.2727272727272727,0.4,0.6,0.2,0.09090909090909091,0.3,0
