Metric,Score
accuracy,0.636363636364
recall,0.363636363636
precision,0.363636363636
