AAWt,AAMt,Sstruct,SaccW,ShbondsW,SaccM,ShbondsM,yDDG,Result,Positiontype,ProteinPropens,Positionaccept,MOSST,SectorSuperficie,Functionalrelevancefunction,Clinical
0.09040556682835417,0.045202783414177085,0.09040556682835417,0.8859745549178709,0.09040556682835417,0.2712167004850625,0.18081113365670834,-0.0542433400970125,0.09040556682835417,0.09040556682835417,0.12656779355969583,0.1319921275693971,-0.0542433400970125,0.09040556682835417,0.13560835024253126,1
0.2313501149277095,0.11567505746385474,0.2313501149277095,0.0,0.2313501149277095,0.4164302068698771,0.462700229855419,-0.1850800919421676,0.2313501149277095,0.11567505746385474,0.4164302068698771,0.21746910803204691,0.27762013791325135,0.11567505746385474,0.16194508044939662,1
0.09677427410973104,0.04838713705486552,0.04838713705486552,0.754839338055902,0.09677427410973104,0.46451651572670893,0.19354854821946207,0.2709679675072469,0.04838713705486552,0.09677427410973104,0.09677427410973104,0.17032272243312663,-0.13548398375362344,0.04838713705486552,0.09677427410973104,0
0.01450330914723613,0.007251654573618065,0.007251654573618065,0.005801323658894453,0.01450330914723613,0.9891256838415041,0.02900661829447226,-0.13633110598401962,0.007251654573618065,0.007251654573618065,0.01450330914723613,0.02639602264796976,-0.020304632806130582,0.01450330914723613,0.0029006618294472263,0
