AAWt,AAMt,Sstruct,SaccW,ShbondsW,SaccM,ShbondsM,yDDG,Result,Positiontype,ProteinPropens,Positionaccept,MOSST,SectorSuperficie,Functionalrelevancefunction,Clinical
0.14285714285714285,0.14285714285714285,0.2857142857142857,40.3,0.7142857142857143,39.7,0.7142857142857143,0.2,0.2857142857142857,0.42857142857142855,0.6,0.87,0,0.14285714285714285,0.6,0
0.14285714285714285,0.14285714285714285,0.2857142857142857,57.7,0.7142857142857143,87.8,0.14285714285714285,-1.2,0.14285714285714285,0.42857142857142855,0.7,0.79,0.1,0.14285714285714285,0.35,0
0.14285714285714285,0.2857142857142857,0.2857142857142857,0,0.7142857142857143,0,0.7142857142857143,-2.2,0.42857142857142855,0.42857142857142855,0.3,0.96,-0.4,0.2857142857142857,0.35,0
0.14285714285714285,0.2857142857142857,0.2857142857142857,0,0.7142857142857143,1.8,0.7142857142857143,-4.3,0.42857142857142855,0.42857142857142855,0,1,-0.8,0.2857142857142857,0.35,1
0.2857142857142857,0.2857142857142857,0.2857142857142857,7.3,0.7142857142857143,16.4,0.7142857142857143,-3.1,0.42857142857142855,0.42857142857142855,0,1,-1,0.14285714285714285,0.95,1
0.14285714285714285,0.2857142857142857,0.14285714285714285,3.9,0.2857142857142857,3.5,0.7142857142857143,-0.9,0.14285714285714285,0.42857142857142855,0.5,0.88,-0.4,0.14285714285714285,0.5,0
0.2857142857142857,0.14285714285714285,0.2857142857142857,67.5,0.2857142857142857,32.5,0.14285714285714285,-0.3,0.2857142857142857,0.14285714285714285,0.7,0.87,0.1,0.14285714285714285,0.25,0
