AAWt,AAMt,Sstruct,SaccW,ShbondsW,SaccM,ShbondsM,yDDG,Result,Positiontype,ProteinPropens,Positionaccept,MOSST,SectorSuperficie,Functionalrelevancefunction,Clinical
0.0403129548348,0.0100782387087,0.0503911935434,0.0,0.0907041483782,0.937276199908,0.0201564774174,-0.302347161261,0.0503911935434,0.0201564774174,0.0907041483782,0.0473677219308,-0.0403129548348,0.0302347161261,0.0352738354804,0
0.00109609143393,0.00219218286785,0.00548045716963,0.630252574508,0.00986482290534,0.77603273522,0.00876873147141,-0.014249188641,0.00109609143393,0.00219218286785,0.00986482290534,0.00339788344517,0.00109609143393,0.00328827430178,0.00383632001874,1
0.0446767051609,0.0446767051609,0.223383525804,0.0,0.402090346448,0.0,0.357413641287,0.0,0.134030115483,0.223383525804,0.0,0.446767051609,-0.580797167091,0.0446767051609,0.223383525804,1
0.0875376219065,0.0218844054766,0.0437688109532,0.306381676673,0.19695964929,0.503341325962,0.175075243813,-0.678416569775,0.109422027383,0.109422027383,0.0,0.218844054766,-0.19695964929,0.0437688109532,0.0218844054766,0
0.0133259320931,0.0266518641861,0.0666296604653,0.0,0.119933388837,0.692948468839,0.106607456744,-0.666296604653,0.0666296604653,0.0666296604653,0.0,0.133259320931,-0.119933388837,0.0399777962792,0.0466407623257,1
0.0011739733715,0.0011739733715,0.00234794674301,0.807693679594,0.0011739733715,0.589334632495,0.00234794674301,-0.00469589348601,0.00352192011451,0.00586986685752,0.0,0.011739733715,-0.00939178697202,0.00234794674301,0.0,0
0.0251755377059,0.00629388442648,0.00629388442648,0.264343145912,0.0566449598384,0.862262166428,0.0503510754119,-0.409102487721,0.0314694221324,0.0314694221324,0.0629388442648,0.0597919020516,-0.0566449598384,0.00629388442648,0.00629388442648,0
0.00163589626916,0.00163589626916,0.00817948134578,0.605281619588,0.0147230664224,0.79504558681,0.0130871701532,0.0278102365757,0.00163589626916,0.00327179253831,0.00327179253831,0.0145594767955,-0.00654358507662,0.00490768880747,0.0,1
0.0116027449418,0.00290068623546,0.00290068623546,0.00580137247091,0.0261061761191,0.989134006291,0.0232054898837,-0.136332253066,0.0145034311773,0.00290068623546,0.0145034311773,0.0263962447427,-0.0203048036482,0.00870205870637,0.00290068623546,0
0.00389247083526,0.00389247083526,0.00389247083526,0.432064262714,0.0350322375174,0.899160762946,0.0311397666821,-0.0155698833411,0.0116774125058,0.00778494167053,0.0194623541763,0.0354214846009,0.0,0.0116774125058,0.0194623541763,1
