AAWt,AAMt,Sstruct,SaccW,ShbondsW,SaccM,ShbondsM,yDDG,Result,Positiontype,ProteinPropens,Positionaccept,MOSST,SectorSuperficie,Functionalrelevancefunction,Clinical
0.117753043514,0.117753043514,0.353259130542,0.0,0.117753043514,0.0,0.235506087028,0.282607304433,0.117753043514,0.353259130542,0.0,0.471012174056,-0.518113391461,0.117753043514,0.235506087028,0
0.0103714094003,0.0103714094003,0.0103714094003,0.597393181459,0.031114228201,0.792375678185,0.0103714094003,-0.107862657763,0.0207428188007,0.0103714094003,0.00829712752027,0.0199131060486,-0.00414856376013,0.0103714094003,0.0331885100811,0
0.0286215895137,0.0143107947569,0.0429323842706,0.990306997175,0.0429323842706,0.0171729537082,0.0143107947569,-0.0629674969302,0.0143107947569,0.0429323842706,0.0,0.0572431790274,-0.0400702253192,0.0286215895137,0.0486567021733,0
0.0152290287568,0.00761451437838,0.0228435431352,0.526924394984,0.0228435431352,0.843688193125,0.0152290287568,-0.0761451437838,0.0152290287568,0.0228435431352,0.0,0.0304580575135,-0.0243664460108,0.0152290287568,0.0258893488865,0
