AAWt,AAMt,Sstruct,SaccW,ShbondsW,SaccM,ShbondsM,yDDG,Result,Positiontype,ProteinPropens,Positionaccept,MOSST,SectorSuperficie,Functionalrelevancefunction,Clinical
0.003100028823681197,0.003100028823681197,0.006200057647362394,0.737806860036125,0.00930008647104359,0.6745662720330284,0.00930008647104359,0.012400115294724788,0.003100028823681197,0.003100028823681197,0.011160103765252309,0.006944064565045882,0.0037200345884174364,0.003100028823681197,0.001240011529472479,0
0.1252601851067924,0.1252601851067924,0.1252601851067924,0.0,0.37578055532037724,0.4509366663844527,0.37578055532037724,-0.20041629617086787,0.1252601851067924,0.1252601851067924,0.4509366663844527,0.23548914800076973,0.30062444425630175,0.1252601851067924,0.17536425914950937,1
0.01098779033864949,0.01098779033864949,0.01098779033864949,0.8043062527891427,0.03296337101594847,0.5669699814743137,0.03296337101594847,-0.15382906474109287,0.02197558067729898,0.01098779033864949,0.02197558067729898,0.037358487151408264,-0.03516092908367837,0.02197558067729898,0.03516092908367837,0
0.010372525192771601,0.010372525192771601,0.020745050385543203,0.5974574511036442,0.010372525192771601,0.7924609247277504,0.010372525192771601,-0.10787426200482465,0.020745050385543203,0.010372525192771601,0.008298020154217281,0.01991524837012147,-0.0041490100771086405,0.020745050385543203,0.033192080616869124,0
