AAWt,AAMt,Sstruct,SaccW,ShbondsW,SaccM,ShbondsM,yDDG,Result,Positiontype,ProteinPropens,Positionaccept,MOSST,SectorSuperficie,Functionalrelevancefunction,Clinical
0.21398024625545645,0.3209703693831847,0.21398024625545645,0.0,0.3209703693831847,0.0,0.3209703693831847,-0.599144689515278,0.21398024625545645,0.21398024625545645,0.299572344757639,0.10699012312772822,-0.042796049251091296,0.21398024625545645,0.0,1
0.04265255309189447,0.1279576592756834,0.04265255309189447,0.238854297314609,0.1279576592756834,0.34122042473515574,0.1279576592756834,-0.8359900406011316,0.08530510618378893,0.04265255309189447,0.0,0.17061021236757787,-0.17061021236757787,0.08530510618378893,0.01706102123675779,0
0.21398024625545645,0.3209703693831847,0.21398024625545645,0.0,0.3209703693831847,0.0,0.3209703693831847,-0.599144689515278,0.21398024625545645,0.21398024625545645,0.299572344757639,0.10699012312772822,-0.042796049251091296,0.21398024625545645,0.0,1
0.009889495840866961,0.009889495840866961,0.009889495840866961,0.5696349604339369,0.009889495840866961,0.8109386589510907,0.009889495840866961,-0.12262974842675031,0.019778991681733922,0.009889495840866961,0.00791159667269357,0.018987832014464565,-0.00791159667269357,0.019778991681733922,0.03164638669077428,0
