AAWt,AAMt,Sstruct,SaccW,ShbondsW,SaccM,ShbondsM,yDDG,Result,Positiontype,ProteinPropens,Positionaccept,MOSST,SectorSuperficie,Functionalrelevancefunction,Clinical
0.00592737199991684,0.02370948799966736,0.01778211599975052,0.5974790975916175,0.00592737199991684,0.7924896363888816,0.01778211599975052,-0.10787817039848649,0.01778211599975052,0.01185474399983368,0.008298320799883577,0.019915969919720583,-0.004149160399941789,0.00592737199991684,0.03319328319953431,0
0.002568633650686641,0.002568633650686641,0.002568633650686641,0.6670741590833208,0.012843168253433207,0.7443900319689887,0.007705900952059924,-0.010788261332883893,0.005137267301373282,0.002568633650686641,0.010788261332883893,0.015283370221585515,0.005394130666441946,0.002568633650686641,0.010788261332883893,1
0.052527780897564796,0.10505556179512959,0.0787916713463472,0.05515416994244304,0.131319452243912,0.0,0.0787916713463472,-0.9376208890215316,0.0787916713463472,0.0787916713463472,0.05515416994244304,0.17465487148440295,-0.16546250982732913,0.026263890448782398,0.018384723314147682,1
0.0016317199410584248,0.0016317199410584248,0.004895159823175274,0.7081664544193564,0.0016317199410584248,0.7058820465018746,0.0016317199410584248,0.006853223752445384,0.0016317199410584248,0.0032634398821168495,0.003426611876222692,0.007652766523564013,0.006853223752445384,0.0016317199410584248,0.003997713855593141,1
0.07529819480295089,0.30119277921180354,0.22589458440885266,0.0,0.37649097401475445,0.0,0.22589458440885266,-0.6852135727068531,0.07529819480295089,0.07529819480295089,0.3689611545344594,0.13177184090516406,-0.05270873636206563,0.15059638960590177,0.0,1
0.03584298460958809,0.03584298460958809,0.10752895382876428,0.30108107072053997,0.17921492304794048,0.8530630337081966,0.10752895382876428,-0.15054053536026998,0.07168596921917618,0.10752895382876428,0.0,0.25090089226711665,-0.12545044613355832,0.07168596921917618,0.025090089226711666,0
0.007228679782159602,0.014457359564319204,0.010843019673239402,0.6780501635665708,0.018071699455399007,0.7311809599654437,0.010843019673239402,-0.05313079639887308,0.010843019673239402,0.010843019673239402,0.0,0.02530037923755861,-0.03289049300882619,0.003614339891079801,0.002530037923755861,0
