AAWt,AAMt,Sstruct,SaccW,ShbondsW,SaccM,ShbondsM,yDDG,Result,Positiontype,ProteinPropens,Positionaccept,MOSST,SectorSuperficie,Functionalrelevancefunction,Clinical
0.00708974909895,0.00708974909895,0.0141794981979,0.486356788188,0.0283589963958,0.853605791513,0.00708974909895,-0.168736028555,0.0141794981979,0.0212692472968,0.0,0.0496282436926,-0.0446654193234,0.00708974909895,0.00496282436926,0
0.00232103722518,0.00232103722518,0.00696311167555,0.737625630164,0.00928414890074,0.674261313916,0.00696311167555,-0.0292450690373,0.00464207445037,0.00928414890074,0.00162472605763,0.00926093852849,-0.00324945211526,0.00464207445037,0.00162472605763,0
0.00122612379152,0.00122612379152,0.00245224758304,0.543295452023,0.00367837137456,0.839404347675,0.00367837137456,-0.00343314661626,0.00367837137456,0.00367837137456,0.0,0.00858286654064,-0.00257485996219,0.00122612379152,0.00858286654064,1
0.00102030162842,0.00102030162842,0.00102030162842,0.709925873054,0.00306090488526,0.704212183935,0.00306090488526,-0.00357105569947,0.00306090488526,0.00408120651368,-0.000714211139893,0.00507089909324,-0.000714211139893,0.00102030162842,0.00142842227979,0
0.0227224341621,0.0227224341621,0.0681673024862,0.779379491759,0.0681673024862,0.493076821317,0.0681673024862,-0.286302670442,0.0454448683241,0.0908897366483,0.111339927394,0.116111638568,0.0,0.0454448683241,0.119292779351,0
0.00759660392096,0.00759660392096,0.0227898117629,0.015952868234,0.0303864156838,0.957172094041,0.0227898117629,-0.276516382723,0.0151932078419,0.0227898117629,0.015952868234,0.0505174160744,-0.0372233592127,0.00759660392096,0.00531762274467,0
0.0013198633411,0.0013198633411,0.0013198633411,0.563581646651,0.00527945336441,0.825970478862,0.00395959002331,0.0,0.00395959002331,0.00527945336441,0.000923904338772,0.00702167297467,-0.000923904338772,0.0013198633411,0.00184780867754,1
