Metric,Score
accuracy,0.391304347826
recall,0.173913043478
precision,0.173913043478
