Metric,Score
accuracy,0.564516129032
recall,0.564516129032
precision,0.564516129032
