AAWt,AAMt,Sstruct,SaccW,ShbondsW,SaccM,ShbondsM,yDDG,Result,Positiontype,ProteinPropens,Positionaccept,MOSST,SectorSuperficie,Functionalrelevancefunction,Clinical
0.142857142857,0.285714285714,0.285714285714,91.7,0.285714285714,64.7,0.857142857143,0,0.571428571429,0.428571428571,0.5,0.9,-0.7,0.142857142857,0,0
0.285714285714,0.142857142857,0.571428571429,0,0.714285714286,16.9,0.857142857143,-3.2,0.142857142857,0.285714285714,0.9,0.47,-0.2,0.142857142857,0.35,1
0.285714285714,0.142857142857,0.285714285714,0,0.714285714286,0.2,0.857142857143,0,0.571428571429,0.428571428571,0.7,0.78,0,0.285714285714,0.1,0
0.142857142857,0.142857142857,0.571428571429,0,0.714285714286,0,0.857142857143,-0.8,0.142857142857,0.142857142857,0.3,0.96,0,0.285714285714,0.1,0
0.142857142857,0.285714285714,0.142857142857,39.9,0.714285714286,27.5,0.857142857143,2.8,0.142857142857,0.428571428571,0.4,0.56,-0.4,0.142857142857,0,1
0.142857142857,0.142857142857,0.571428571429,74,0.285714285714,87.1,0.857142857143,0.2,0.571428571429,0.142857142857,0.9,0.76,-0.3,0.285714285714,0.1,1
0.142857142857,0.142857142857,0.571428571429,37,0.714285714286,69.9,0.142857142857,-0.4,0.571428571429,0.285714285714,0.2,0.89,-0.2,0.285714285714,0,0
