Statistic,Value
Mean,0.542205269478
Std,0.0680653794886
Max,0.74358974359
Min,0.282051282051
Var,0.00463289588493
