Statistic,Value
Mean,0.516737891738
Std,0.103992872527
Max,0.717948717949
Min,0.307692307692
Var,0.0108145175365
