AAWt,AAMt,Sstruct,SaccW,ShbondsW,SaccM,ShbondsM,yDDG,Result,Positiontype,ProteinPropens,Positionaccept,MOSST,SectorSuperficie,Functionalrelevancefunction,Clinical
0.181818181818,0.0909090909091,0.363636363636,52.6,0.818181818182,81.8,0.454545454545,-1.5,0.272727272727,0.545454545455,0,1,-1.3,0.0909090909091,0.8,1
0.181818181818,0.0909090909091,0.272727272727,4.9,0.181818181818,2.1,0.545454545455,2.5,0.0909090909091,0.363636363636,0.7,0.73,-0.4,0.363636363636,0.75,1
0.0909090909091,0.0909090909091,0.272727272727,0,0.818181818182,0,0.454545454545,0.6,0.0909090909091,0.545454545455,0,1,-1.1,0.181818181818,0.5,0
0.0909090909091,0.0909090909091,0.363636363636,57.7,0.818181818182,87.8,0.454545454545,-1.2,0.272727272727,0.363636363636,0.7,0.79,0.1,0.181818181818,0.35,0
0.0909090909091,0.181818181818,0.272727272727,7.3,0.818181818182,0.6,0.545454545455,0,0.454545454545,0.545454545455,0,1,-1.1,0.363636363636,0.95,1
0.181818181818,0.0909090909091,0.272727272727,26.8,0.818181818182,40.7,0.545454545455,0,0.454545454545,0.545454545455,0,1,-1.2,0.0909090909091,0.1,0
0.0909090909091,0.0909090909091,0.0909090909091,97.4,0.818181818182,89.5,0.545454545455,-1.8,0.272727272727,0.0909090909091,0.3,0.77,0,0.181818181818,0,0
0.0909090909091,0.0909090909091,0.363636363636,63.3,0.181818181818,97.8,0.454545454545,-0.4,0.454545454545,0.545454545455,0,1,-0.3,0.181818181818,1,1
0.0909090909091,0.0909090909091,0.363636363636,93.3,0.818181818182,102.6,0.454545454545,0.1,0.454545454545,0.545454545455,0,1,-1.1,0.0909090909091,0.3,1
0.181818181818,0.181818181818,0.272727272727,11.1,0.818181818182,16.5,0.545454545455,0.2,0.454545454545,0.363636363636,0.5,0.91,-0.3,0.363636363636,0.5,0
0.0909090909091,0.0909090909091,0.272727272727,20.1,0.818181818182,24.2,0.545454545455,-4,0.0909090909091,0.363636363636,0.2,0.59,-0.1,0.363636363636,0.1,1
