AAWt,AAMt,Sstruct,SaccW,ShbondsW,SaccM,ShbondsM,yDDG,Result,Positiontype,ProteinPropens,Positionaccept,MOSST,SectorSuperficie,Functionalrelevancefunction,Clinical
0.0144636272426,0.00723181362129,0.0289272544851,0.0,0.0433908817277,0.977741201598,0.0433908817277,-0.185134428705,0.0216954408639,0.0144636272426,0.0520690580733,0.027191619216,-0.0115709017941,0.0144636272426,0.0202490781396,1
0.00664062157512,0.00664062157512,0.0265624863005,0.0159374917803,0.0398437294507,0.956249506817,0.0398437294507,-0.276249857525,0.0199218647254,0.0199218647254,0.0159374917803,0.0504687239709,-0.0371874808207,0.00664062157512,0.0053124972601,0
0.0381162114119,0.0381162114119,0.0762324228238,0.0,0.114348634236,0.747077743673,0.114348634236,-0.60985938259,0.0571743171178,0.0381162114119,0.137218361083,0.0716584774543,-0.0457394536943,0.0381162114119,0.0533626959766,0
0.0121290290564,0.00404300968546,0.00808601937093,0.359019260069,0.0242580581128,0.931509431531,0.00404300968546,-0.0226408542386,0.00404300968546,0.00808601937093,0.0161720387419,0.0294331105102,-0.0226408542386,0.00808601937093,0.0161720387419,1
0.0744427965994,0.0496285310663,0.0248142655331,0.774205084634,0.0496285310663,0.377176836104,0.148885593199,-0.377176836104,0.0496285310663,0.0496285310663,0.0992570621325,0.174692429353,-0.158811299412,0.0496285310663,0.0992570621325,0
0.00115684614861,0.00231369229721,0.00115684614861,0.636728120193,0.00231369229721,0.770922273432,0.00115684614861,0.00370190767554,0.00115684614861,0.00347053844582,0.0,0.00925476918885,-0.0111057230266,0.00231369229721,0.0,0
0.182089260182,0.121392840122,0.242785680243,0.0,0.364178520365,0.0,0.364178520365,-0.679799904681,0.121392840122,0.0606964200608,0.33989995234,0.121392840122,-0.0485571360486,0.121392840122,0.0,1
0.00272181939034,0.00272181939034,0.00544363878067,0.553073700116,0.016330916342,0.831788005687,0.016330916342,0.0174196440981,0.00272181939034,0.00816545817101,0.0,0.0217745551227,-0.0283069216595,0.00272181939034,0.0,1
