Statistic,Value
Mean,2.11674208145
Std,1.20479444614
Max,4.0
Min,0.0
Var,1.45152965746
