AAWt,AAMt,Sstruct,SaccW,ShbondsW,SaccM,ShbondsM,yDDG,Result,Positiontype,ProteinPropens,Positionaccept,MOSST,SectorSuperficie,Functionalrelevancefunction,Clinical
0.153846153846,0.0769230769231,0.307692307692,14.4,0.153846153846,17.1,0.0769230769231,1.1,0.230769230769,0.153846153846,0.2,0.48,0.8,0.230769230769,0.8,0
0.230769230769,0.0769230769231,0.615384615385,0.1,0.692307692308,0.3,0.923076923077,-3.1,0.538461538462,0.307692307692,0.5,0.9,-0.7,0.153846153846,0.1,1
0.0769230769231,0.230769230769,0.615384615385,12.1,0.153846153846,10.6,0.923076923077,0.4,0.0769230769231,0.461538461538,0.3,0.97,-0.9,0.230769230769,0.6,0
0.153846153846,0.230769230769,0.615384615385,40.5,0.692307692308,73.3,0.923076923077,-2.7,0.538461538462,0.0769230769231,0.3,0.44,-0.3,0.384615384615,0.6,0
0.153846153846,0.230769230769,0.307692307692,62,0.153846153846,37.2,0.923076923077,-0.7,0.0769230769231,0.153846153846,0.3,0.67,-0.4,0.0769230769231,0.35,0
0.230769230769,0.230769230769,0.0769230769231,1.4,0.692307692308,2,0.923076923077,-4.9,0.538461538462,0.461538461538,0,1,-1,0.230769230769,0.1,0
0.0769230769231,0.0769230769231,0.615384615385,1.2,0.692307692308,0.8,0.923076923077,-5,0.538461538462,0.461538461538,0,1,-0.9,0.384615384615,0.1,0
0.153846153846,0.0769230769231,0.307692307692,46.3,0.692307692308,11.6,0.923076923077,1.8,0.230769230769,0.461538461538,0,1,-1,0.384615384615,0.35,1
0.153846153846,0.0769230769231,0.615384615385,4.9,0.153846153846,2.1,0.923076923077,2.5,0.0769230769231,0.307692307692,0.7,0.73,-0.4,0.384615384615,0.75,1
0.0769230769231,0.0769230769231,0.615384615385,0,0.692307692308,1.8,0.923076923077,-4.3,0.538461538462,0.461538461538,0,1,-0.8,0.0769230769231,0.35,1
0.230769230769,0.230769230769,0.615384615385,0.1,0.692307692308,4.9,0.923076923077,-4,0.538461538462,0.307692307692,0.5,0.9,-0.7,0.153846153846,0.1,0
0.0769230769231,0.230769230769,0.615384615385,0.3,0.692307692308,18,0.923076923077,-5.2,0.538461538462,0.461538461538,0.3,0.95,-0.7,0.0769230769231,0.1,0
0.153846153846,0.0769230769231,0.307692307692,11.1,0.692307692308,11.3,0.923076923077,1.4,0.230769230769,0.307692307692,0.5,0.91,-0.4,0.384615384615,0.5,1
