AAWt,AAMt,Sstruct,SaccW,ShbondsW,SaccM,ShbondsM,yDDG,Result,Positiontype,ProteinPropens,Positionaccept,MOSST,SectorSuperficie,Functionalrelevancefunction,Clinical
0.0373534182707,0.00933835456767,0.0466917728384,0.0,0.0653684819737,0.933835456767,0.0653684819737,-0.308165700733,0.0186767091353,0.0653684819737,0.0,0.0933835456767,-0.0466917728384,0.0186767091353,0.0700376592575,0
0.0519174131651,0.10383482633,0.20766965266,0.0,0.363421892156,0.0,0.363421892156,-0.10383482633,0.155752239495,0.363421892156,0.0,0.519174131651,-0.415339305321,0.0519174131651,0.259587065826,0
0.0180246023479,0.0360492046957,0.0720984093915,0.216295228174,0.126172216435,0.144196818783,0.126172216435,-0.901230117393,0.0360492046957,0.126172216435,0.0,0.180246023479,-0.162221421131,0.0720984093915,0.0180246023479,0
0.00205022230228,0.00205022230228,0.0102511115114,0.549459577011,0.014351556116,0.834440477028,0.014351556116,0.0,0.00615066690684,0.014351556116,0.0,0.0205022230228,-0.0246026676274,0.00205022230228,0.00205022230228,0
0.0634318406216,0.0317159203108,0.0634318406216,0.777040047615,0.0475738804662,0.475738804662,0.0158579601554,0.333017163263,0.0158579601554,0.0475738804662,0.111005721088,0.115763109134,-0.0317159203108,0.0634318406216,0.118934701165,0
0.0155694115536,0.00389235288841,0.0194617644421,0.432051170614,0.0272464702189,0.899133517223,0.0272464702189,-0.0155694115536,0.0116770586652,0.0116770586652,0.0194617644421,0.0354204112845,0.0,0.0155694115536,0.0194617644421,1
0.000975416358504,0.00195083271701,0.00487708179252,0.727660603444,0.00682791450953,0.685717700028,0.00195083271701,0.0107295799435,0.00195083271701,0.00292624907551,0.0,0.00770578923218,-0.00292624907551,0.00390166543402,0.00341395725476,1
0.000854580376662,0.000854580376662,0.000854580376662,0.540949378427,0.00256374112999,0.840907090635,0.00170916075332,0.00598206263663,0.000854580376662,0.00598206263663,0.0,0.00854580376662,-0.00427290188331,0.000854580376662,0.00854580376662,1
0.134591665795,0.0336479164488,0.168239582244,0.0,0.235535415142,0.0,0.235535415142,0.639310412528,0.0672958328977,0.235535415142,0.0,0.336479164488,-0.437422913835,0.0672958328977,0.252359373366,0
0.0242918881844,0.0242918881844,0.0971675527376,0.777340421901,0.0728756645532,0.0242918881844,0.170043217291,-0.461545875503,0.0242918881844,0.170043217291,0.121459440922,0.223485371296,-0.145751329106,0.0242918881844,0.145751329106,1
