feature,mean,var,std,min,max
SaccW,31.7,791.777777778,28.1385461205,0.0,99.4
SaccM,34.2,807.757777778,28.4210798137,0.1,98.6
yDDG,-0.938888888889,1.97459876543,1.40520417215,-4.9,1.5
ProteinPropens,0.205555555556,0.0716358024691,0.267648654899,-0.1,0.8
Positionaccept,0.845,0.0323916666667,0.179976850363,0.41,1.0
MOSST,-0.4,0.255555555556,0.505525029603,-1.3,0.7
Functionalrelevancefunction,0.144444444444,0.00358024691358,0.0598351645237,0.0,0.2
