AAWt,AAMt,Sstruct,SaccW,ShbondsW,SaccM,ShbondsM,yDDG,Result,Positiontype,ProteinPropens,Positionaccept,MOSST,SectorSuperficie,Functionalrelevancefunction,Clinical
0.153846153846,0.0769230769231,0.230769230769,23.5,0.769230769231,38.4,0.769230769231,-1.6,0.538461538462,0.769230769231,0,1,-0.9,0.0769230769231,0.6,0
0.153846153846,0.0769230769231,0.384615384615,1.2,0.769230769231,3.8,0.769230769231,-1.7,0.538461538462,0.769230769231,0,1,-0.7,0.153846153846,0.1,1
0.153846153846,0.0769230769231,0.0769230769231,6.8,0.769230769231,15.1,0.769230769231,-4.9,0.230769230769,0.769230769231,0.3,0.97,-0.9,0.230769230769,0.2,0
0.0769230769231,0.153846153846,0.0769230769231,63.3,0.153846153846,105,0.0769230769231,-1.6,0.538461538462,0.769230769231,0,1,-1.2,0.0769230769231,1,1
0.0769230769231,0.0769230769231,0.384615384615,3.2,0.153846153846,0.1,0.769230769231,-1.9,0.538461538462,0.769230769231,0.5,0.92,-0.6,0.0769230769231,0.6,1
0.0769230769231,0.153846153846,0.153846153846,38.7,0.769230769231,56.6,0.153846153846,-1.7,0.538461538462,0.769230769231,0,1,-1.1,0.0769230769231,0.1,1
0.0769230769231,0.0769230769231,0.384615384615,0.3,0.769230769231,18,0.769230769231,-5.2,0.230769230769,0.769230769231,0.3,0.95,-0.7,0.0769230769231,0.1,0
0.0769230769231,0.0769230769231,0.153846153846,27.7,0.0769230769231,34.7,0.769230769231,0.4,0.230769230769,0.769230769231,0,1,-1.3,0.230769230769,0.1,1
0.153846153846,0.0769230769231,0.230769230769,0,0.769230769231,0.2,0.769230769231,0,0.230769230769,0.0769230769231,0.7,0.78,0,0.0769230769231,0.1,0
0.0769230769231,0.0769230769231,0.230769230769,0,0.769230769231,0.1,0.769230769231,-1.5,0.538461538462,0.0769230769231,-0.1,0.64,-0.5,0.230769230769,0.1,1
0.0769230769231,0.0769230769231,0.0769230769231,7.7,0.769230769231,9,0.153846153846,-2,0.538461538462,0.769230769231,0,1,-1,0.0769230769231,0.1,0
0.0769230769231,0.0769230769231,0.384615384615,40.5,0.769230769231,29.7,0.769230769231,-3.3,0.230769230769,0.0769230769231,0.3,0.44,-0.3,0.153846153846,0.6,0
0.0769230769231,0.0769230769231,0.384615384615,0,0.769230769231,0,0.769230769231,0.7,0.230769230769,0.769230769231,0,1,-0.7,0.0769230769231,0.5,0
