AAWt,AAMt,Sstruct,SaccW,ShbondsW,SaccM,ShbondsM,yDDG,Result,Positiontype,ProteinPropens,Positionaccept,MOSST,SectorSuperficie,Functionalrelevancefunction,Clinical
0.18181818181818182,0.18181818181818182,0.45454545454545453,11.1,1.0,28.8,0.18181818181818182,-0.7,0.18181818181818182,0.5454545454545454,0.5,0.91,-0.7,0.36363636363636365,0.5,1
0.2727272727272727,0.2727272727272727,0.18181818181818182,0.1,1.0,4.9,0.8181818181818182,-4,0.45454545454545453,0.5454545454545454,0.5,0.9,-0.7,0.09090909090909091,0.1,0
0.18181818181818182,0.18181818181818182,0.45454545454545453,26.8,1.0,28.9,0.18181818181818182,-2.1,0.45454545454545453,0.45454545454545453,0,1,-1.3,0.09090909090909091,0.1,0
0.09090909090909091,0.18181818181818182,0.36363636363636365,6.7,1.0,38.3,0.8181818181818182,-2.2,0.45454545454545453,0.5454545454545454,0.7,0.78,-0.5,0.2727272727272727,0.5,0
0.09090909090909091,0.09090909090909091,0.45454545454545453,46.3,1.0,18.1,0.8181818181818182,-1.4,0.18181818181818182,0.45454545454545453,0,1,-1.3,0.36363636363636365,0.35,0
0.18181818181818182,0.09090909090909091,0.36363636363636365,40.3,1.0,36.1,0.8181818181818182,0.6,0.09090909090909091,0.5454545454545454,0.6,0.87,0.3,0.09090909090909091,0.6,1
0.09090909090909091,0.2727272727272727,0.45454545454545453,50.8,1.0,23.9,0.8181818181818182,-1.8,0.18181818181818182,0.5454545454545454,1,0.63,-0.3,0.09090909090909091,0.25,0
0.2727272727272727,0.18181818181818182,0.36363636363636365,1.4,1.0,2,0.8181818181818182,-3.3,0.45454545454545453,0.45454545454545453,0,1,-0.8,0.2727272727272727,0.1,1
0.18181818181818182,0.18181818181818182,0.45454545454545453,11.1,1.0,38.8,0.8181818181818182,1.1,0.09090909090909091,0.5454545454545454,0.5,0.91,-0.8,0.36363636363636365,0.5,1
0.2727272727272727,0.2727272727272727,0.36363636363636365,35.5,1.0,26.6,0.8181818181818182,-3.7,0.45454545454545453,0.45454545454545453,0.3,0.95,-1,0.2727272727272727,0.1,0
0.09090909090909091,0.18181818181818182,0.18181818181818182,1.2,1.0,3.4,0.8181818181818182,-0.6,0.18181818181818182,0.45454545454545453,0,1,-0.5,0.36363636363636365,0.1,0
