Statistic,Value
Mean,0.127868781476
Std,0.150470765228
Max,0.833333333333
Min,0.0
Var,0.0226414511883
