AAWt,AAMt,Sstruct,SaccW,ShbondsW,SaccM,ShbondsM,yDDG,Result,Positiontype,ProteinPropens,Positionaccept,MOSST,SectorSuperficie,Functionalrelevancefunction,Clinical
0.0769230769231,0.0769230769231,0.230769230769,25.4,0.769230769231,38.2,0.538461538462,0.8,0.153846153846,0.538461538462,0,1,-1.3,0.0769230769231,0,1
0.230769230769,0.0769230769231,0.0769230769231,41.8,0.769230769231,68.1,0.307692307692,1.6,0.0769230769231,0.538461538462,0,0.95,-1,0.153846153846,0.1,0
0.0769230769231,0.0769230769231,0.230769230769,46.3,0.769230769231,15.3,0.538461538462,-0.2,0.384615384615,0.538461538462,0,1,-1,0.230769230769,0.35,1
0.230769230769,0.153846153846,0.0769230769231,18.3,0.769230769231,27.8,0.153846153846,0.9,0.153846153846,0.461538461538,0.5,0.85,-0.7,0.230769230769,0.8,1
0.230769230769,0.0769230769231,0.307692307692,52.6,0.769230769231,74.5,0.538461538462,0.3,0.384615384615,0.538461538462,0,1,-1.1,0.153846153846,0.8,1
0.0769230769231,0.153846153846,0.153846153846,4.9,0.153846153846,3,0.153846153846,2.1,0.0769230769231,0.461538461538,0.7,0.73,-0.2,0.230769230769,0.75,0
0.230769230769,0.153846153846,0.307692307692,52.4,0.0769230769231,48,0.307692307692,-0.2,0.384615384615,0.461538461538,0.2,0.91,-0.7,0.230769230769,0.6,0
0.0769230769231,0.0769230769231,0.307692307692,1.4,0.769230769231,2,0.538461538462,-1.4,0.0769230769231,0.538461538462,0,1,-0.6,0.230769230769,0.1,0
0.230769230769,0.0769230769231,0.307692307692,40.3,0.769230769231,60.9,0.538461538462,-2.8,0.230769230769,0.461538461538,0.6,0.87,-0.6,0.153846153846,0.6,1
0.0769230769231,0.0769230769231,0.0769230769231,64.7,0.769230769231,68.4,0.307692307692,-0.3,0.384615384615,0.461538461538,0.7,0.53,0.2,0.153846153846,0.1,1
0.0769230769231,0.0769230769231,0.0769230769231,99.4,0.153846153846,98.6,0.307692307692,-0.5,0.384615384615,0.461538461538,-0.1,0.71,-0.1,0.153846153846,0.2,0
0.0769230769231,0.153846153846,0.230769230769,7.3,0.769230769231,14.4,0.538461538462,-2.2,0.230769230769,0.538461538462,0,1,-0.9,0.230769230769,0.95,0
0.230769230769,0.0769230769231,0.153846153846,0.3,0.769230769231,0.4,0.538461538462,-2.7,0.230769230769,0.538461538462,0.3,0.95,0,0.153846153846,0.1,1
