Statistic,Value
Mean,3.55505050505
Std,0.756483347062
Max,6.0
Min,0.0
Var,0.572267054382
