Metric,Score
accuracy,0.714285714286
recall,0.142857142857
precision,0.428571428571
