AAWt,AAMt,Sstruct,SaccW,ShbondsW,SaccM,ShbondsM,yDDG,Result,Positiontype,ProteinPropens,Positionaccept,MOSST,SectorSuperficie,Functionalrelevancefunction,Clinical
0.0404278892096,0.0404278892096,0.121283667629,0.0,0.404278892096,0.0808557784191,0.323423113677,-0.687274116563,0.121283667629,0.161711556838,0.282995224467,0.315337535835,0.0808557784191,0.0808557784191,0.0404278892096,1
0.0087890014699,0.00439450073495,0.0087890014699,0.804193634496,0.0439450073495,0.566890594809,0.0351560058796,-0.153807525723,0.0131835022049,0.0175780029398,0.0219725036748,0.0373532562471,-0.0351560058796,0.0087890014699,0.0351560058796,0
0.000836726486175,0.00167345297235,0.00251017945852,0.707033880818,0.00836726486175,0.707033880818,0.0066938118894,0.00251017945852,0.00251017945852,0.00167345297235,0.00753053837557,0.00209181621544,0.00167345297235,0.000836726486175,0.00125508972926,1
0.00109607694873,0.00219215389746,0.00438430779492,0.630244245519,0.0109607694873,0.7760224797,0.00876861558983,-0.0142490003335,0.00328823084619,0.00438430779492,0.00986469253856,0.00339783854106,0.00109607694873,0.00109607694873,0.00383626932055,1
0.0483792313835,0.096758462767,0.193516925534,0.0,0.483792313835,0.0,0.387033851068,-0.628930007985,0.14513769415,0.096758462767,0.338654619684,0.120948078459,-0.0483792313835,0.096758462767,0.0,1
0.0497518595105,0.099503719021,0.199007438042,0.0,0.497518595105,0.0,0.398014876084,-0.099503719021,0.149255578531,0.199007438042,0.0,0.497518595105,-0.398014876084,0.0497518595105,0.248759297552,0
0.0140397243163,0.0140397243163,0.0561588972653,0.0280794486326,0.140397243163,0.645827318551,0.112317794531,-0.716025940132,0.042119172949,0.0561588972653,0.0842383458979,0.124953546415,-0.0701986215816,0.0280794486326,0.0140397243163,1
0.00250184334534,0.00125092167267,0.00125092167267,0.522885259177,0.0125092167267,0.85187765909,0.00125092167267,0.0200147467628,0.00125092167267,0.00500368669069,0.0,0.0118837558904,-0.0125092167267,0.00125092167267,0.00125092167267,0
0.0124127865425,0.0248255730851,0.0372383596276,0.906133417606,0.124127865425,0.211017371223,0.0124127865425,-0.285494090479,0.0372383596276,0.0496511461702,0.0,0.124127865425,-0.0372383596276,0.0248255730851,0.117921472154,1
0.00174108259491,0.00348216518982,0.00348216518982,0.67379896423,0.0174108259491,0.738219020242,0.0139286607593,0.0,0.00522324778473,0.00696433037964,0.0,0.0174108259491,-0.0104464955695,0.00348216518982,0.00174108259491,0
