Statistic,Value
Mean,0.318712403649
Std,0.177708699743
Max,0.653787878788
Min,0.0
Var,0.0315803819644
