AAWt,AAMt,Sstruct,SaccW,ShbondsW,SaccM,ShbondsM,yDDG,Result,Positiontype,ProteinPropens,Positionaccept,MOSST,SectorSuperficie,Functionalrelevancefunction,Clinical
0.18181818181818182,0.2727272727272727,0.5454545454545454,44.8,0.09090909090909091,29.5,0.9090909090909091,-2.4,0.5454545454545454,0.18181818181818182,0.8,0.28,-0.1,0.09090909090909091,0.15,0
0.09090909090909091,0.2727272727272727,0.5454545454545454,57.5,0.8181818181818182,70.8,0.9090909090909091,-1.3,0.09090909090909091,0.2727272727272727,0.9,0.31,0.1,0.18181818181818182,0.35,1
0.18181818181818182,0.2727272727272727,0.36363636363636365,1.4,0.8181818181818182,2,0.9090909090909091,-4.9,0.5454545454545454,0.5454545454545454,0,1,-1,0.18181818181818182,0.1,0
0.09090909090909091,0.09090909090909091,0.5454545454545454,0,0.8181818181818182,0,0.9090909090909091,-2.9,0.5454545454545454,0.5454545454545454,0.3,0.96,-0.8,0.18181818181818182,0.35,1
0.18181818181818182,0.2727272727272727,0.5454545454545454,0,0.8181818181818182,0,0.9090909090909091,-0.2,0.18181818181818182,0.5454545454545454,0,1,-0.8,0.18181818181818182,0.5,0
0.18181818181818182,0.09090909090909091,0.36363636363636365,9.8,0.8181818181818182,20.3,0.9090909090909091,-3.2,0.5454545454545454,0.5454545454545454,0,1,-0.8,0.09090909090909091,0.1,0
0.09090909090909091,0.09090909090909091,0.36363636363636365,63.3,0.09090909090909091,98.4,0.09090909090909091,0.7,0.09090909090909091,0.5454545454545454,0,1,-0.5,0.09090909090909091,1,1
0.18181818181818182,0.2727272727272727,0.5454545454545454,0,0.8181818181818182,0,0.9090909090909091,-0.2,0.18181818181818182,0.5454545454545454,0,1,-0.8,0.18181818181818182,0.5,0
0.09090909090909091,0.09090909090909091,0.09090909090909091,111.8,0.8181818181818182,128.5,0.9090909090909091,-3,0.5454545454545454,0.2727272727272727,0.5,0.62,-0.3,0.09090909090909091,0.55,0
0.09090909090909091,0.2727272727272727,0.5454545454545454,40.5,0.8181818181818182,29.7,0.9090909090909091,-3.3,0.5454545454545454,0.18181818181818182,0.3,0.44,-0.3,0.09090909090909091,0.6,0
0.18181818181818182,0.09090909090909091,0.36363636363636365,6.7,0.8181818181818182,25.3,0.9090909090909091,1.2,0.09090909090909091,0.2727272727272727,0.7,0.78,-0.6,0.18181818181818182,0.5,1
