Metric,Score
accuracy,0.818181818182
recall,0.454545454545
precision,0.454545454545
