AAWt,AAMt,Sstruct,SaccW,ShbondsW,SaccM,ShbondsM,yDDG,Result,Positiontype,ProteinPropens,Positionaccept,MOSST,SectorSuperficie,Functionalrelevancefunction,Clinical
0.0909090909091,0.0909090909091,0.0909090909091,18.3,0.909090909091,12.9,0.727272727273,-3.5,0.0909090909091,0.454545454545,0.5,0.85,-0.8,0.181818181818,0.8,0
0.0909090909091,0.0909090909091,0.272727272727,14.1,0.909090909091,33,0.727272727273,-1.7,0.0909090909091,0.454545454545,0.7,0.85,-0.5,0.363636363636,0.5,1
0.0909090909091,0.0909090909091,0.0909090909091,99.4,0.0909090909091,98.6,0.272727272727,-0.5,0.636363636364,0.454545454545,-0.1,0.71,-0.1,0.0909090909091,0.2,0
0.181818181818,0.272727272727,0.0909090909091,39.9,0.909090909091,26.9,0.272727272727,-0.3,0.636363636364,0.454545454545,0.4,0.56,0.6,0.0909090909091,0,1
0.0909090909091,0.0909090909091,0.363636363636,46.3,0.909090909091,11.8,0.727272727273,0.1,0.636363636364,0.272727272727,0,1,-1.2,0.363636363636,0.35,0
0.0909090909091,0.0909090909091,0.363636363636,25.4,0.909090909091,38.2,0.727272727273,0.8,0.181818181818,0.272727272727,0,1,-1.3,0.181818181818,0,1
0.0909090909091,0.0909090909091,0.363636363636,41.5,0.909090909091,34.9,0.727272727273,1,0.181818181818,0.181818181818,0.9,0.26,0.5,0.363636363636,0,1
0.0909090909091,0.272727272727,0.272727272727,37,0.909090909091,69.9,0.272727272727,-0.4,0.636363636364,0.0909090909091,0.2,0.89,-0.2,0.363636363636,0,0
0.181818181818,0.272727272727,0.272727272727,0,0.909090909091,0,0.727272727273,0,0.636363636364,0.272727272727,0,1,-1.3,0.0909090909091,0.5,1
0.0909090909091,0.0909090909091,0.0909090909091,6.7,0.909090909091,17.7,0.727272727273,-0.3,0.636363636364,0.454545454545,0.7,0.78,-0.5,0.181818181818,0.5,1
0.0909090909091,0.0909090909091,0.363636363636,84.5,0.909090909091,84.5,0.727272727273,0.3,0.636363636364,0.181818181818,0.9,0.25,0.2,0.181818181818,0.15,1
