AAWt,AAMt,Sstruct,SaccW,ShbondsW,SaccM,ShbondsM,yDDG,Result,Positiontype,ProteinPropens,Positionaccept,MOSST,SectorSuperficie,Functionalrelevancefunction,Clinical
0.009643639851631542,0.009643639851631542,0.03857455940652617,0.49278999641837185,0.05786183910978925,0.850569034913902,0.05786183910978925,0.09450767054598912,0.03857455940652617,0.028930919554894626,0.0,0.0675054789614208,-0.0675054789614208,0.028930919554894626,0.06413020501334976,0
0.004673710353143654,0.004673710353143654,0.004673710353143654,0.6052454907321033,0.014021131059430965,0.7949981310697357,0.014021131059430965,0.027808576601204747,0.009347420706287309,0.004673710353143654,0.0032715972472005584,0.014558607750042486,-0.006543194494401117,0.007010565529715482,0.0,1
0.06716668069470925,0.06716668069470925,0.268666722778837,0.0,0.4030000841682555,0.0,0.4030000841682555,0.14105002945888945,0.06716668069470925,0.20150004208412775,0.0,0.4701667648629648,-0.42315008837666834,0.06716668069470925,0.3526250736472236,1
0.013381205810644793,0.013381205810644793,0.013381205810644793,0.6369453965866921,0.08028723486386875,0.7399806813286571,0.08028723486386875,-0.14050266101177034,0.013381205810644793,0.04014361743193438,0.028100532202354065,0.09085838745427814,-0.046834220337256774,0.013381205810644793,0.018733688134902712,1
0.018244673353422943,0.018244673353422943,0.07297869341369177,0.7662762808437636,0.10946804012053765,0.6002497533276149,0.10946804012053765,0.0638563567369803,0.018244673353422943,0.018244673353422943,0.0638563567369803,0.07790475521911597,-0.03831381404218818,0.018244673353422943,0.07662762808437636,1
0.006367749125327064,0.006367749125327064,0.025470996501308255,0.6418691118329681,0.006367749125327064,0.7622195703016497,0.006367749125327064,0.0490316682650184,0.025470996501308255,0.006367749125327064,0.00891484877545789,0.021395637061098934,0.03565939510183156,0.006367749125327064,0.03565939510183156,0
0.004673710353143654,0.004673710353143654,0.004673710353143654,0.6052454907321033,0.014021131059430965,0.7949981310697357,0.014021131059430965,0.027808576601204747,0.009347420706287309,0.004673710353143654,0.0032715972472005584,0.014558607750042486,-0.006543194494401117,0.007010565529715482,0.0,1
