AAWt,AAMt,Sstruct,SaccW,ShbondsW,SaccM,ShbondsM,yDDG,Result,Positiontype,ProteinPropens,Positionaccept,MOSST,SectorSuperficie,Functionalrelevancefunction,Clinical
0.004077228025899983,0.008154456051799966,0.004077228025899983,0.8203382788110766,0.004077228025899983,0.5708119236259976,0.016308912103599933,0.0016308912103599935,0.004077228025899983,0.016308912103599933,0.0,0.016308912103599933,-0.016308912103599933,0.004077228025899983,0.0016308912103599935,1
0.142988519197758,0.071494259598879,0.071494259598879,0.4003678537537224,0.142988519197758,0.571954076791032,0.285977038395516,-0.4003678537537224,0.071494259598879,0.285977038395516,0.0,0.285977038395516,-0.1715862230373096,0.142988519197758,0.028597703839551607,0
0.031431469671988,0.015715734835994,0.015715734835994,0.2640243452446992,0.031431469671988,0.8612222690124711,0.062862939343976,-0.40860910573584397,0.015715734835994,0.062862939343976,0.062862939343976,0.059719792376777193,-0.056576645409578394,0.015715734835994,0.0062862939343976,0
0.00802184546851386,0.01604369093702772,0.00802184546851386,0.38825732067607077,0.00802184546851386,0.9176991215979855,0.03208738187405544,0.048131072811083156,0.00802184546851386,0.03208738187405544,0.00962621456221663,0.031124760417833772,-0.022461167311838802,0.01604369093702772,0.01925242912443326,1
