Statistic,Value
Mean,0.591204250295
Std,0.0681139929088
Max,0.785714285714
Min,0.214285714286
Var,0.00463951602998
