AAWt,AAMt,Sstruct,SaccW,ShbondsW,SaccM,ShbondsM,yDDG,Result,Positiontype,ProteinPropens,Positionaccept,MOSST,SectorSuperficie,Functionalrelevancefunction,Clinical
0.00225320698147,0.00450641396293,0.00225320698147,0.682271073988,0.00225320698147,0.730940344788,0.00450641396293,0.000901282792587,0.0067596209444,0.00901282792587,0.000901282792587,0.00648923610663,0.0,0.00225320698147,0.000901282792587,1
0.0023096415285,0.0023096415285,0.0023096415285,0.563552532954,0.004619283057,0.825927810592,0.004619283057,0.0,0.0069289245855,0.009238566114,0.0009238566114,0.00702131024664,-0.0009238566114,0.0023096415285,0.0018477132228,1
0.00231655679994,0.00463311359988,0.00231655679994,0.608791127025,0.00231655679994,0.7931890483,0.00463311359988,0.00277986815993,0.00694967039983,0.00926622719977,0.00370649087991,0.00129727180797,-0.000926622719977,0.00231655679994,0.00138993407997,1
0.00468678087231,0.00468678087231,0.00468678087231,0.851119406411,0.00937356174461,0.521170033001,0.00937356174461,-0.0562413704677,0.00468678087231,0.0187471234892,0.00187471234892,0.0106858603889,-0.00749884939569,0.00468678087231,0.00187471234892,1
