AAWt,AAMt,Sstruct,SaccW,ShbondsW,SaccM,ShbondsM,yDDG,Result,Positiontype,ProteinPropens,Positionaccept,MOSST,SectorSuperficie,Functionalrelevancefunction,Clinical
0.00586791233637,0.00586791233637,0.0117358246727,0.699455150496,0.0234716493455,0.713538140103,0.0176037370091,-0.0046943298691,0.00586791233637,0.00586791233637,0.0,0.0190120359699,0.00704149480365,0.00586791233637,0.0046943298691,0
0.074810408827,0.074810408827,0.149620817654,0.0897724905924,0.299241635308,0.119696654123,0.224431226481,-0.807952415331,0.074810408827,0.224431226481,0.0897724905924,0.284279553543,0.0,0.074810408827,0.0299241635308,1
0.0115028882202,0.0115028882202,0.0230057764404,0.588947876874,0.0460115528808,0.800601020126,0.0115028882202,-0.055213863457,0.0230057764404,0.0345086646606,0.0,0.0460115528808,-0.0368092423046,0.0115028882202,0.0276069317285,0
0.00186419369966,0.00186419369966,0.00372838739933,0.695717088715,0.00745677479866,0.718087413111,0.00559258109899,-0.00745677479866,0.00372838739933,0.00559258109899,0.0,0.00745677479866,-0.00745677479866,0.00186419369966,0.0022370324396,1
