AAWt,AAMt,Sstruct,SaccW,ShbondsW,SaccM,ShbondsM,yDDG,Result,Positiontype,ProteinPropens,Positionaccept,MOSST,SectorSuperficie,Functionalrelevancefunction,Clinical
0.09090909090909091,0.18181818181818182,0.45454545454545453,45.5,0.18181818181818182,50.6,0.2727272727272727,1.2,0.09090909090909091,0.5454545454545454,0.9,0.69,-0.2,0.09090909090909091,0.1,1
0.09090909090909091,0.18181818181818182,0.36363636363636365,6.7,0.6363636363636364,38.3,0.7272727272727273,-2.2,0.2727272727272727,0.5454545454545454,0.7,0.78,-0.5,0.2727272727272727,0.5,0
0.18181818181818182,0.09090909090909091,0.45454545454545453,57.5,0.6363636363636364,70.8,0.7272727272727273,-1.3,0.18181818181818182,0.5454545454545454,0.9,0.31,0.1,0.18181818181818182,0.35,1
0.18181818181818182,0.09090909090909091,0.45454545454545453,0,0.6363636363636364,0,0.7272727272727273,-0.6,0.09090909090909091,0.36363636363636365,0,1,-0.5,0.18181818181818182,0.25,0
0.09090909090909091,0.09090909090909091,0.18181818181818182,18.8,0.6363636363636364,25.9,0.7272727272727273,0.7,0.18181818181818182,0.36363636363636365,0,1,-0.7,0.18181818181818182,0.1,0
0.09090909090909091,0.18181818181818182,0.36363636363636365,57.7,0.6363636363636364,87.8,0.2727272727272727,-1.2,0.18181818181818182,0.5454545454545454,0.7,0.79,0.1,0.18181818181818182,0.35,0
0.09090909090909091,0.09090909090909091,0.18181818181818182,41.5,0.6363636363636364,34.9,0.7272727272727273,1,0.18181818181818182,0.09090909090909091,0.9,0.26,0.5,0.09090909090909091,0,1
0.09090909090909091,0.09090909090909091,0.45454545454545453,0.2,0.6363636363636364,0.5,0.7272727272727273,-5.1,0.2727272727272727,0.5454545454545454,0.6,0.89,-0.6,0.18181818181818182,0.1,0
0.09090909090909091,0.18181818181818182,0.36363636363636365,63.3,0.18181818181818182,97.8,0.2727272727272727,-0.4,0.18181818181818182,0.36363636363636365,0,1,-0.3,0.18181818181818182,1,1
0.09090909090909091,0.18181818181818182,0.36363636363636365,52.4,0.18181818181818182,48.6,0.7272727272727273,-3.3,0.2727272727272727,0.5454545454545454,0.2,0.91,-0.8,0.2727272727272727,0.6,0
0.09090909090909091,0.18181818181818182,0.45454545454545453,12.1,0.18181818181818182,10.6,0.7272727272727273,0.4,0.18181818181818182,0.36363636363636365,0.3,0.97,-0.9,0.2727272727272727,0.6,0
