AAWt,AAMt,Sstruct,SaccW,ShbondsW,SaccM,ShbondsM,yDDG,Result,Positiontype,ProteinPropens,Positionaccept,MOSST,SectorSuperficie,Functionalrelevancefunction,Clinical
0.0171874621181,0.0171874621181,0.0343749242361,0.991143648808,0.0171874621181,0.0171874621181,0.0401040782755,-0.0630206944329,0.0171874621181,0.0401040782755,0.0,0.0572915403935,-0.0401040782755,0.0229166161574,0.0486978093345,0
0.0124436076613,0.00829573844087,0.0248872153226,0.717581375135,0.0124436076613,0.676102682931,0.00829573844087,0.141027553495,0.00414786922043,0.029035084543,0.0,0.0414786922043,-0.0539222998656,0.0165914768817,0.0352568883737,1
0.00492068486603,0.00984136973205,0.0295241091962,0.762706154234,0.0344447940622,0.620006293119,0.0344447940622,-0.172223970311,0.0196827394641,0.00984136973205,0.0147620545981,0.00836516427224,-0.00492068486603,0.00492068486603,0.00492068486603,1
0.0179172343658,0.0537517030974,0.107503406195,0.21500681239,0.125420640561,0.143337874926,0.125420640561,-0.895861718291,0.0716689374632,0.125420640561,0.0,0.179172343658,-0.161255109292,0.0716689374632,0.0179172343658,0
0.00184313789856,0.00368627579712,0.00184313789856,0.764902227903,0.0129019652899,0.643255126598,0.0129019652899,0.0184313789856,0.00184313789856,0.00368627579712,0.0165882410871,0.00479215853626,0.00921568949281,0.00737255159425,0.0,1
0.0251783754419,0.0503567508837,0.151070252651,0.0,0.176248628093,0.0,0.176248628093,-0.856064765023,0.100713501767,0.176248628093,0.0755351263256,0.241712404242,-0.251783754419,0.0503567508837,0.0881243140465,1
0.00151176533596,0.00151176533596,0.00151176533596,0.736229718611,0.00529117867585,0.676514987841,0.00529117867585,-0.0136058880236,0.00226764800394,0.000755882667979,0.00226764800394,0.00582029654344,0.0,0.000755882667979,0.0,0
0.0786310842309,0.0524207228206,0.157262168462,0.83873156513,0.0786310842309,0.0524207228206,0.0524207228206,0.314524336924,0.0262103614103,0.183472529872,0.131051807051,0.241135324975,-0.131051807051,0.0262103614103,0.157262168462,0
0.00460697434133,0.00460697434133,0.00460697434133,0.589692715691,0.0322488203893,0.801613535392,0.00460697434133,-0.055283692096,0.013820923024,0.0322488203893,0.0,0.0460697434133,-0.0368557947307,0.00460697434133,0.027641846048,0
0.00485209211811,0.00727813817717,0.00485209211811,0.613789652941,0.0169823224134,0.786038923134,0.0169823224134,-0.0606511514764,0.00970418423622,0.0169823224134,0.00727813817717,0.0235326467728,0.0,0.00485209211811,0.00606511514764,0
