AAWt,AAMt,Sstruct,SaccW,ShbondsW,SaccM,ShbondsM,yDDG,Result,Positiontype,ProteinPropens,Positionaccept,MOSST,SectorSuperficie,Functionalrelevancefunction,Clinical
0.050504895914237465,0.025252447957118732,0.025252447957118732,0.020201958365694987,0.10100979182847493,0.9090881264562743,0.10100979182847493,-0.36363525058250973,0.025252447957118732,0.025252447957118732,0.050504895914237465,0.09191891056391219,-0.060605875097084955,0.025252447957118732,0.010100979182847494,0
0.08227736043454371,0.08227736043454371,0.08227736043454371,0.16455472086908743,0.32910944173817486,0.49366416260726226,0.32910944173817486,0.46075321843344474,0.08227736043454371,0.16455472086908743,0.0,0.32910944173817486,-0.36202038591199237,0.08227736043454371,0.0,0
0.004447862137349725,0.004447862137349725,0.004447862137349725,0.9038055863094641,0.0177914485493989,0.42521562033063365,0.0177914485493989,-0.03202460738891802,0.00889572427469945,0.004447862137349725,0.0177914485493989,0.011208612586121307,-0.00533743456481967,0.004447862137349725,0.004447862137349725,0
0.003728374442437039,0.0018641872212185194,0.0018641872212185194,0.6957146709587515,0.007456748884874078,0.7180849176133737,0.007456748884874078,-0.007456748884874078,0.003728374442437039,0.003728374442437039,0.0,0.007456748884874078,-0.007456748884874078,0.0018641872212185194,0.0022370246654622233,1
