AAWt,AAMt,Sstruct,SaccW,ShbondsW,SaccM,ShbondsM,yDDG,Result,Positiontype,ProteinPropens,Positionaccept,MOSST,SectorSuperficie,Functionalrelevancefunction,Clinical
0.0769230769231,0.0769230769231,0.230769230769,42.5,0.538461538462,55.3,0.769230769231,0.7,0.0769230769231,0.538461538462,0.5,0.93,-0.6,0.230769230769,0.1,0
0.0769230769231,0.0769230769231,0.153846153846,9.8,0.538461538462,17.2,0.0769230769231,-3.4,0.384615384615,0.461538461538,0,1,-0.9,0.0769230769231,0.1,0
0.0769230769231,0.153846153846,0.153846153846,0,0.538461538462,5.2,0.769230769231,-5,0.384615384615,0.461538461538,0,1,-0.9,0.153846153846,0.35,1
0.0769230769231,0.0769230769231,0.153846153846,27.7,0.230769230769,34.7,0.769230769231,0.4,0.461538461538,0.461538461538,0,1,-1.3,0.153846153846,0.1,1
0.0769230769231,0.153846153846,0.153846153846,0.3,0.538461538462,0,0.769230769231,-5.1,0.384615384615,0.461538461538,0.3,0.95,-0.9,0.0769230769231,0.1,1
0.0769230769231,0.0769230769231,0.230769230769,99.4,0.230769230769,98.6,0.153846153846,-0.5,0.461538461538,0.538461538462,-0.1,0.71,-0.1,0.153846153846,0.2,0
0.153846153846,0.0769230769231,0.230769230769,25.3,0.538461538462,40.3,0.153846153846,0.1,0.461538461538,0.461538461538,0.3,0.97,-1,0.153846153846,0.25,0
0.0769230769231,0.0769230769231,0.307692307692,91.7,0.230769230769,64.7,0.769230769231,0,0.461538461538,0.538461538462,0.5,0.9,-0.7,0.230769230769,0,0
0.0769230769231,0.153846153846,0.153846153846,52.4,0.230769230769,29.7,0.769230769231,-2.3,0.384615384615,0.538461538462,0.2,0.91,-0.8,0.230769230769,0.6,0
0.0769230769231,0.153846153846,0.307692307692,66.5,0.230769230769,53.3,0.769230769231,0.3,0.461538461538,0.538461538462,0.7,0.85,-0.3,0.230769230769,0.25,1
0.153846153846,0.0769230769231,0.153846153846,3.9,0.230769230769,1.9,0.769230769231,-1.9,0.0769230769231,0.538461538462,0.5,0.88,-0.8,0.230769230769,0.5,0
0.153846153846,0.153846153846,0.307692307692,0,0.538461538462,4.1,0.769230769231,-2.5,0.384615384615,0.461538461538,0,1,-0.8,0.0769230769231,0.15,0
0.153846153846,0.153846153846,0.307692307692,11.1,0.538461538462,16.5,0.769230769231,0.2,0.461538461538,0.538461538462,0.5,0.91,-0.3,0.230769230769,0.5,0
