Metric,Score
accuracy,0.507851851852
recall,0.9
precision,0.188455840456
neg_log_loss,-0.711863982073
f1,0.0648648648649
