Statistic,Value
Mean,0.0320992534036
Std,0.0483990429599
Max,0.173913043478
Min,0.0
Var,0.00234246735943
