AAWt,AAMt,Sstruct,SaccW,ShbondsW,SaccM,ShbondsM,yDDG,Result,Positiontype,ProteinPropens,Positionaccept,MOSST,SectorSuperficie,Functionalrelevancefunction,Clinical
0.142857142857,0.285714285714,0.142857142857,66.5,0.285714285714,53.3,0.714285714286,0.3,0.285714285714,0.428571428571,0.7,0.85,-0.3,0.142857142857,0.25,1
0.142857142857,0.142857142857,0.285714285714,61,0.714285714286,93.7,0.714285714286,0.3,0.285714285714,0.428571428571,0.1,0.76,0.7,0.285714285714,0.2,1
0.142857142857,0.142857142857,0.142857142857,6.8,0.714285714286,7.8,0.714285714286,-1.1,0.285714285714,0.428571428571,0.3,0.97,-0.7,0.142857142857,0.2,1
0.142857142857,0.142857142857,0.285714285714,0,0.714285714286,4.9,0.714285714286,-4,0.285714285714,0.142857142857,0.9,0.47,-0.3,0.142857142857,0.35,0
0.142857142857,0.142857142857,0.142857142857,47.8,0.285714285714,67.9,0.142857142857,1.6,0.142857142857,0.428571428571,0.2,0.92,-0.8,0.142857142857,0.35,0
0.142857142857,0.285714285714,0.285714285714,0,0.714285714286,0,0.714285714286,-5.1,0.285714285714,0.428571428571,0.3,0.96,-1,0.142857142857,0.1,1
0.142857142857,0.142857142857,0.285714285714,38.7,0.714285714286,56.6,0.142857142857,-1.7,0.285714285714,0.428571428571,0,1,-1.1,0.285714285714,0.1,1
