AAWt,AAMt,Sstruct,SaccW,ShbondsW,SaccM,ShbondsM,yDDG,Result,Positiontype,ProteinPropens,Positionaccept,MOSST,SectorSuperficie,Functionalrelevancefunction,Clinical
0.0909090909091,0.0909090909091,0.181818181818,84.5,0.818181818182,84.5,0.545454545455,0.3,0.181818181818,0.0909090909091,0.9,0.25,0.2,0.272727272727,0.15,1
0.0909090909091,0.0909090909091,0.0909090909091,25.3,0.818181818182,15.7,0.545454545455,-1.4,0.272727272727,0.636363636364,0.3,0.97,-0.7,0.0909090909091,0.25,1
0.0909090909091,0.0909090909091,0.272727272727,0,0.818181818182,0,0.545454545455,-1.3,0.272727272727,0.636363636364,0,1,-1.1,0.0909090909091,0.5,1
0.0909090909091,0.0909090909091,0.181818181818,25.4,0.818181818182,38.2,0.545454545455,0.8,0.181818181818,0.636363636364,0,1,-1.3,0.272727272727,0,1
0.181818181818,0.181818181818,0.454545454545,47.8,0.0909090909091,67.9,0.272727272727,1.6,0.0909090909091,0.272727272727,0.2,0.92,-0.8,0.272727272727,0.35,0
0.0909090909091,0.0909090909091,0.454545454545,63.3,0.0909090909091,98.4,0.272727272727,0.7,0.181818181818,0.636363636364,0,1,-0.5,0.181818181818,1,1
0.181818181818,0.181818181818,0.454545454545,12.8,0.818181818182,39.6,0.272727272727,2.7,0.0909090909091,0.636363636364,0,1,-0.5,0.181818181818,0.6,0
0.0909090909091,0.0909090909091,0.272727272727,1.2,0.818181818182,4.4,0.545454545455,-0.4,0.181818181818,0.636363636364,0,1,-0.3,0.181818181818,0.1,0
0.0909090909091,0.0909090909091,0.454545454545,35.5,0.818181818182,58.8,0.181818181818,-1.1,0.272727272727,0.636363636364,0.3,0.95,-0.8,0.0909090909091,0.1,0
0.0909090909091,0.0909090909091,0.272727272727,20.1,0.818181818182,24.2,0.545454545455,-4,0.181818181818,0.272727272727,0.2,0.59,-0.1,0.181818181818,0.1,1
0.0909090909091,0.0909090909091,0.454545454545,40.3,0.818181818182,46.6,0.181818181818,-2.2,0.181818181818,0.272727272727,0.6,0.87,-0.6,0.0909090909091,0.6,0
