feature,mean,var,std,min,max
SaccW,0.772175267734,0.00125542812733,0.0354320212143,0.705838745235,0.834128059529
SaccM,0.62316103874,0.00159751083757,0.0399688733588,0.549258432056,0.679113956975
yDDG,-0.0341161560637,0.00455740542945,0.0675085581941,-0.23220014065,0.0641124686878
ProteinPropens,0.0133995789693,0.000337795543528,0.0183792149867,0.0,0.090492146825
Positionaccept,0.0261859043327,0.00127588692356,0.0357195593977,0.00413671352363,0.159266178412
MOSST,-0.0111868622417,0.000355764844317,0.0188617296216,-0.07239371746,0.0124639920484
Functionalrelevancefunction,0.0127664938689,0.000444999407426,0.0210950090644,0.0,0.090492146825
