AAWt,AAMt,Sstruct,SaccW,ShbondsW,SaccM,ShbondsM,yDDG,Result,Positiontype,ProteinPropens,Positionaccept,MOSST,SectorSuperficie,Functionalrelevancefunction,Clinical
0.153846153846,0.0769230769231,0.307692307692,52.6,0.769230769231,81.8,0.461538461538,-1.5,0.230769230769,0.538461538462,0,1,-1.3,0.0769230769231,0.8,1
0.153846153846,0.0769230769231,0.307692307692,4.9,0.230769230769,2.1,0.538461538462,2.5,0.0769230769231,0.384615384615,0.7,0.73,-0.4,0.307692307692,0.75,1
0.0769230769231,0.0769230769231,0.307692307692,0,0.769230769231,0,0.461538461538,0.6,0.0769230769231,0.538461538462,0,1,-1.1,0.153846153846,0.5,0
0.0769230769231,0.0769230769231,0.307692307692,57.7,0.769230769231,87.8,0.461538461538,-1.2,0.230769230769,0.384615384615,0.7,0.79,0.1,0.153846153846,0.35,0
0.0769230769231,0.153846153846,0.230769230769,7.3,0.769230769231,0.6,0.538461538462,0,0.461538461538,0.538461538462,0,1,-1.1,0.307692307692,0.95,1
0.153846153846,0.0769230769231,0.230769230769,26.8,0.769230769231,40.7,0.538461538462,0,0.461538461538,0.538461538462,0,1,-1.2,0.0769230769231,0.1,0
0.0769230769231,0.0769230769231,0.153846153846,97.4,0.769230769231,89.5,0.538461538462,-1.8,0.230769230769,0.0769230769231,0.3,0.77,0,0.153846153846,0,0
0.0769230769231,0.0769230769231,0.307692307692,63.3,0.230769230769,97.8,0.461538461538,-0.4,0.461538461538,0.538461538462,0,1,-0.3,0.153846153846,1,1
0.0769230769231,0.0769230769231,0.307692307692,93.3,0.769230769231,102.6,0.461538461538,0.1,0.461538461538,0.538461538462,0,1,-1.1,0.0769230769231,0.3,1
0.153846153846,0.153846153846,0.230769230769,11.1,0.769230769231,16.5,0.538461538462,0.2,0.461538461538,0.384615384615,0.5,0.91,-0.3,0.307692307692,0.5,0
0.0769230769231,0.0769230769231,0.307692307692,20.1,0.769230769231,24.2,0.538461538462,-4,0.153846153846,0.384615384615,0.2,0.59,-0.1,0.307692307692,0.1,1
0.0769230769231,0.0769230769231,0.307692307692,0,0.769230769231,2.3,0.538461538462,-5,0.153846153846,0.538461538462,0,1,-0.9,0.0769230769231,0.25,0
0.0769230769231,0.0769230769231,0.153846153846,99.4,0.230769230769,98.6,0.461538461538,-0.5,0.461538461538,0.384615384615,-0.1,0.71,-0.1,0.0769230769231,0.2,0
