Metric,Score
accuracy,0.585435897436
recall,0.596153846154
precision,0.568354366222
neg_log_loss,-0.690752053306
f1,0.569425859498
