AAWt,AAMt,Sstruct,SaccW,ShbondsW,SaccM,ShbondsM,yDDG,Result,Positiontype,ProteinPropens,Positionaccept,MOSST,SectorSuperficie,Functionalrelevancefunction,Clinical
0.18181818181818182,0.09090909090909091,0.2727272727272727,9.8,0.7272727272727273,17.2,0.09090909090909091,-3.4,0.6363636363636364,0.6363636363636364,0,1,-0.9,0.09090909090909091,0.1,0
0.18181818181818182,0.09090909090909091,0.18181818181818182,46.3,0.7272727272727273,15.3,0.8181818181818182,-0.2,0.2727272727272727,0.6363636363636364,0,1,-1,0.2727272727272727,0.35,1
0.09090909090909091,0.09090909090909091,0.09090909090909091,6.8,0.7272727272727273,6,0.8181818181818182,-2.2,0.6363636363636364,0.6363636363636364,0.3,0.97,-0.4,0.18181818181818182,0.2,0
0.18181818181818182,0.2727272727272727,0.18181818181818182,46.3,0.7272727272727273,11.8,0.8181818181818182,0.1,0.2727272727272727,0.6363636363636364,0,1,-1.2,0.2727272727272727,0.35,0
0.09090909090909091,0.09090909090909091,0.2727272727272727,52.4,0.18181818181818182,48.6,0.8181818181818182,-3.3,0.6363636363636364,0.2727272727272727,0.2,0.91,-0.8,0.18181818181818182,0.6,0
0.09090909090909091,0.09090909090909091,0.09090909090909091,27.7,0.18181818181818182,34.7,0.8181818181818182,0.4,0.2727272727272727,0.6363636363636364,0,1,-1.3,0.18181818181818182,0.1,1
0.09090909090909091,0.09090909090909091,0.36363636363636365,20.1,0.7272727272727273,17.3,0.8181818181818182,-3,0.6363636363636364,0.2727272727272727,0.2,0.59,-0.3,0.2727272727272727,0.1,1
0.18181818181818182,0.2727272727272727,0.36363636363636365,0,0.7272727272727273,16.9,0.8181818181818182,-3.2,0.6363636363636364,0.09090909090909091,0.9,0.47,-0.2,0.09090909090909091,0.35,1
0.09090909090909091,0.09090909090909091,0.36363636363636365,3.2,0.09090909090909091,0,0.8181818181818182,-2.1,0.6363636363636364,0.6363636363636364,0.5,0.92,-0.5,0.09090909090909091,0.6,1
0.09090909090909091,0.2727272727272727,0.36363636363636365,0,0.7272727272727273,0,0.09090909090909091,0.6,0.09090909090909091,0.6363636363636364,0,1,-1.1,0.09090909090909091,0.5,0
0.09090909090909091,0.09090909090909091,0.2727272727272727,6.7,0.7272727272727273,21.4,0.8181818181818182,-3.5,0.6363636363636364,0.2727272727272727,0.7,0.78,-0.1,0.18181818181818182,0.5,1
