AAWt,AAMt,Sstruct,SaccW,ShbondsW,SaccM,ShbondsM,yDDG,Result,Positiontype,ProteinPropens,Positionaccept,MOSST,SectorSuperficie,Functionalrelevancefunction,Clinical
0.00154859586621,0.00154859586621,0.00464578759862,0.629349360026,0.0108401710634,0.776775686488,0.0108401710634,0.00371663007889,0.00309719173241,0.00464578759862,0.0123887669296,0.00780492316567,-0.00247775338593,0.00154859586621,0.00309719173241,0
0.00224744752033,0.00224744752033,0.00449489504065,0.667042424033,0.0157321326423,0.744354618732,0.00224744752033,-0.0107877480976,0.00674234256098,0.00674234256098,0.0107877480976,0.0152826431382,0.00539387404878,0.00224744752033,0.0107877480976,1
0.00435271968199,0.002176359841,0.002176359841,0.673801006772,0.015234518887,0.738221258066,0.015234518887,0.0,0.00435271968199,0.00870543936398,0.0,0.017410878728,-0.0104465272368,0.00435271968199,0.0017410878728,0
0.0168871704044,0.0168871704044,0.0253307556067,0.49310537581,0.0591050964155,0.851113388384,0.0591050964155,0.0945681542649,0.0168871704044,0.0337743408089,0.0,0.0675486816178,-0.0675486816178,0.0253307556067,0.0641712475369,0
0.0019261765794,0.0019261765794,0.0019261765794,0.718849099431,0.00674161802789,0.694964509846,0.00674161802789,-0.00385235315879,0.00288926486909,0.00385235315879,0.0,0.00770470631758,-0.00847517694934,0.0019261765794,0.00231141189528,0
0.00935106004245,0.00467553002123,0.00935106004245,0.751825227413,0.0327287101486,0.647093354938,0.0327287101486,-0.112212720509,0.00467553002123,0.0140265900637,0.00748084803396,0.0220685017002,-0.0112212720509,0.0140265900637,0.00374042401698,1
0.00748888048084,0.00748888048084,0.0112333207213,0.703954765199,0.0262110816829,0.706950317391,0.0262110816829,-0.0239644175387,0.0112333207213,0.0149777609617,0.0,0.0299555219234,-0.0299555219234,0.00374444024042,0.017973313154,0
0.00205946772349,0.00205946772349,0.00205946772349,0.609602446153,0.00102973386175,0.792483179999,0.00720813703222,0.0131805934303,0.00205946772349,0.00102973386175,0.00741408380457,0.00626078187941,-0.00247136126819,0.00308920158524,0.000823787089396,1
