feature,mean,var,std,min,max
SaccW,41.2818181818,225.296033058,15.009864525,23.5,76.9
SaccM,45.4545454545,345.089752066,18.5765915083,20.5,81.8
yDDG,-0.954545454545,1.2279338843,1.10812178225,-2.8,0.6
ProteinPropens,0.272727272727,0.0892561983471,0.298757758639,0.0,0.6
Positionaccept,0.940909090909,0.00419008264463,0.0647308477052,0.87,1.0
MOSST,-0.645454545455,0.23520661157,0.484981042485,-1.3,0.3
Functionalrelevancefunction,0.609090909091,0.0153719008264,0.123983469973,0.3,0.8
