AAWt,AAMt,Sstruct,SaccW,ShbondsW,SaccM,ShbondsM,yDDG,Result,Positiontype,ProteinPropens,Positionaccept,MOSST,SectorSuperficie,Functionalrelevancefunction,Clinical
0.3076923076923077,0.07692307692307693,0.3076923076923077,1.4,0.8461538461538461,2,1.0,-4.9,0.38461538461538464,0.46153846153846156,0,1,-1,0.3076923076923077,0.1,0
0.07692307692307693,0.15384615384615385,0.46153846153846156,0,0.8461538461538461,0,1.0,-0.2,0.15384615384615385,0.46153846153846156,0,1,-0.8,0.07692307692307693,0.5,0
0.15384615384615385,0.07692307692307693,0.46153846153846156,12.1,0.15384615384615385,28.6,1.0,1.5,0.15384615384615385,0.46153846153846156,0.3,0.97,-0.7,0.3076923076923077,0.6,1
0.3076923076923077,0.07692307692307693,0.46153846153846156,0,0.8461538461538461,16.9,1.0,-3.2,0.38461538461538464,0.07692307692307693,0.9,0.47,-0.2,0.07692307692307693,0.35,1
0.3076923076923077,0.15384615384615385,0.3076923076923077,93.3,0.8461538461538461,96.3,1.0,-1,0.07692307692307693,0.46153846153846156,0,1,-1,0.3076923076923077,0.3,1
0.07692307692307693,0.07692307692307693,0.46153846153846156,45.4,0.8461538461538461,36.8,1.0,-3.6,0.38461538461538464,0.38461538461538464,0.1,0.57,-0.3,0.15384615384615385,0.1,0
0.07692307692307693,0.15384615384615385,0.07692307692307693,18.3,0.8461538461538461,29.5,1.0,0.8,0.07692307692307693,0.38461538461538464,0.5,0.85,-0.5,0.3076923076923077,0.8,0
0.23076923076923078,0.15384615384615385,0.46153846153846156,0,0.8461538461538461,0,1.0,-0.8,0.07692307692307693,0.46153846153846156,0.3,0.96,0,0.23076923076923078,0.1,0
0.23076923076923078,0.15384615384615385,0.46153846153846156,0.2,0.8461538461538461,4.6,1.0,-5.1,0.38461538461538464,0.38461538461538464,0.6,0.89,-0.5,0.23076923076923078,0.1,1
0.15384615384615385,0.07692307692307693,0.3076923076923077,35.7,0.15384615384615385,35.4,1.0,2.2,0.07692307692307693,0.38461538461538464,0.4,0.76,-0.4,0.07692307692307693,0.25,1
0.3076923076923077,0.15384615384615385,0.07692307692307693,0.2,0.8461538461538461,34.1,1.0,-4.7,0.38461538461538464,0.07692307692307693,0.5,0.91,-0.7,0.15384615384615385,0.1,0
0.23076923076923078,0.07692307692307693,0.3076923076923077,40.3,0.8461538461538461,36.1,1.0,0.6,0.15384615384615385,0.38461538461538464,0.6,0.87,0.3,0.07692307692307693,0.6,1
0.07692307692307693,0.07692307692307693,0.07692307692307693,0,0.8461538461538461,4.9,1.0,1.6,0.15384615384615385,0.46153846153846156,0,1,-1.3,0.23076923076923078,0.15,0
