AAWt,AAMt,Sstruct,SaccW,ShbondsW,SaccM,ShbondsM,yDDG,Result,Positiontype,ProteinPropens,Positionaccept,MOSST,SectorSuperficie,Functionalrelevancefunction,Clinical
0.0769230769231,0.0769230769231,0.307692307692,26.8,0.846153846154,40.7,0.769230769231,0,0.230769230769,0.538461538462,0,1,-1.2,0.0769230769231,0.1,0
0.0769230769231,0.153846153846,0.153846153846,3.2,0.153846153846,33.2,0.769230769231,-5.8,0.307692307692,0.538461538462,0.5,0.92,-0.8,0.0769230769231,0.6,1
0.230769230769,0.0769230769231,0.307692307692,25.4,0.846153846154,36.1,0.769230769231,-1,0.230769230769,0.538461538462,0,1,-0.5,0.153846153846,0,0
0.230769230769,0.153846153846,0.153846153846,0.2,0.846153846154,34.1,0.769230769231,-4.7,0.307692307692,0.0769230769231,0.5,0.91,-0.7,0.0769230769231,0.1,0
0.0769230769231,0.0769230769231,0.153846153846,6.8,0.846153846154,8.6,0.153846153846,0.5,0.230769230769,0.538461538462,0.3,0.97,-0.6,0.0769230769231,0.2,0
0.0769230769231,0.153846153846,0.307692307692,50.8,0.846153846154,23.9,0.769230769231,-1.8,0.230769230769,0.384615384615,1,0.63,-0.3,0.0769230769231,0.25,0
0.230769230769,0.230769230769,0.153846153846,19.6,0.846153846154,26.2,0.769230769231,3.3,0.0769230769231,0.384615384615,-0.1,0.6,-0.5,0.0769230769231,0.15,0
0.230769230769,0.230769230769,0.307692307692,1.4,0.846153846154,2,0.769230769231,-3.3,0.307692307692,0.538461538462,0,1,-0.8,0.307692307692,0.1,1
0.230769230769,0.153846153846,0.307692307692,1.4,0.846153846154,2,0.769230769231,-4.9,0.307692307692,0.538461538462,0,1,-1,0.307692307692,0.1,0
0.0769230769231,0.230769230769,0.0769230769231,3.9,0.153846153846,1.9,0.769230769231,-1.9,0.230769230769,0.384615384615,0.5,0.88,-0.8,0.307692307692,0.5,0
0.0769230769231,0.0769230769231,0.307692307692,6.7,0.846153846154,30.5,0.153846153846,0.5,0.230769230769,0.384615384615,0.7,0.78,0.1,0.307692307692,0.5,0
0.0769230769231,0.0769230769231,0.307692307692,37.1,0.846153846154,41.4,0.0769230769231,-0.6,0.0769230769231,0.384615384615,0.6,0.85,0.3,0.0769230769231,0.6,1
0.230769230769,0.0769230769231,0.307692307692,25.4,0.846153846154,38.2,0.769230769231,0.8,0.0769230769231,0.538461538462,0,1,-1.3,0.153846153846,0,1
