AAWt,AAMt,Sstruct,SaccW,ShbondsW,SaccM,ShbondsM,yDDG,Result,Positiontype,ProteinPropens,Positionaccept,MOSST,SectorSuperficie,Functionalrelevancefunction,Clinical
0.153846153846,0.0769230769231,0.153846153846,9.8,0.846153846154,17.2,0.0769230769231,-3.4,0.307692307692,0.461538461538,0,1,-0.9,0.0769230769231,0.1,0
0.0769230769231,0.0769230769231,0.307692307692,50.8,0.846153846154,23.9,0.769230769231,-1.8,0.153846153846,0.538461538462,1,0.63,-0.3,0.153846153846,0.25,0
0.0769230769231,0.0769230769231,0.307692307692,11.1,0.846153846154,11.3,0.769230769231,1.4,0.230769230769,0.538461538462,0.5,0.91,-0.4,0.307692307692,0.5,1
0.230769230769,0.153846153846,0.384615384615,1.2,0.846153846154,3.8,0.769230769231,-1.7,0.153846153846,0.461538461538,0,1,-0.7,0.307692307692,0.1,1
0.0769230769231,0.153846153846,0.307692307692,6,0.846153846154,5.7,0.769230769231,2.9,0.0769230769231,0.538461538462,0.5,0.61,-0.4,0.230769230769,0.6,0
0.153846153846,0.153846153846,0.384615384615,0,0.846153846154,0,0.153846153846,0.6,0.153846153846,0.461538461538,0,1,-1.1,0.153846153846,0.5,0
0.153846153846,0.0769230769231,0.384615384615,45.5,0.153846153846,50.6,0.153846153846,1.2,0.230769230769,0.538461538462,0.9,0.69,-0.2,0.0769230769231,0.1,1
0.0769230769231,0.153846153846,0.153846153846,68.8,0.153846153846,71.8,0.769230769231,-2.4,0.307692307692,0.461538461538,0,1,-1.1,0.0769230769231,0,0
0.230769230769,0.0769230769231,0.0769230769231,6.8,0.846153846154,6.3,0.769230769231,-0.7,0.0769230769231,0.461538461538,0.3,0.97,-0.3,0.0769230769231,0.2,1
0.230769230769,0.0769230769231,0.0769230769231,42.5,0.846153846154,55.3,0.769230769231,0.7,0.153846153846,0.538461538462,0.5,0.93,-0.6,0.307692307692,0.1,0
0.0769230769231,0.0769230769231,0.384615384615,0.2,0.846153846154,0.5,0.769230769231,-5.1,0.307692307692,0.538461538462,0.6,0.89,-0.6,0.230769230769,0.1,0
0.153846153846,0.153846153846,0.384615384615,0.1,0.846153846154,0.1,0.769230769231,-3.2,0.307692307692,0.538461538462,0.5,0.9,-0.8,0.230769230769,0.1,0
0.0769230769231,0.153846153846,0.307692307692,46.3,0.846153846154,11.6,0.769230769231,1.8,0.230769230769,0.461538461538,0,1,-1,0.307692307692,0.35,1
