AAWt,AAMt,Sstruct,SaccW,ShbondsW,SaccM,ShbondsM,yDDG,Result,Positiontype,ProteinPropens,Positionaccept,MOSST,SectorSuperficie,Functionalrelevancefunction,Clinical
0.14285714285714285,0.2857142857142857,0.5714285714285714,55.9,0.8571428571428571,66.1,0.8571428571428571,-0.9,0.14285714285714285,0.42857142857142855,-0.1,0.2,0.4,0.7142857142857143,0,1
0.14285714285714285,0.14285714285714285,0.14285714285714285,0.2,0.8571428571428571,34.1,0.8571428571428571,-4.7,0.2857142857142857,0.14285714285714285,0.5,0.91,-0.7,0.7142857142857143,0.1,0
0.14285714285714285,0.2857142857142857,0.5714285714285714,11.1,0.8571428571428571,11.3,0.8571428571428571,1.4,0.14285714285714285,0.42857142857142855,0.5,0.91,-0.4,0.7142857142857143,0.5,1
0.14285714285714285,0.14285714285714285,0.14285714285714285,74,0.14285714285714285,82.7,0.14285714285714285,0.5,0.2857142857142857,0.2857142857142857,0.9,0.76,0.3,0.7142857142857143,0.1,1
0.14285714285714285,0.14285714285714285,0.14285714285714285,18.3,0.8571428571428571,12.9,0.8571428571428571,-3.5,0.2857142857142857,0.42857142857142855,0.5,0.85,-0.8,0.14285714285714285,0.8,0
0.14285714285714285,0.14285714285714285,0.5714285714285714,46.3,0.8571428571428571,18.1,0.8571428571428571,-1.4,0.14285714285714285,0.14285714285714285,0,1,-1.3,0.7142857142857143,0.35,0
0.14285714285714285,0.14285714285714285,0.5714285714285714,59.5,0.8571428571428571,67.4,0.8571428571428571,0,0.2857142857142857,0.2857142857142857,0.9,0.56,0.4,0.14285714285714285,0.1,1
