AAWt,AAMt,Sstruct,SaccW,ShbondsW,SaccM,ShbondsM,yDDG,Result,Positiontype,ProteinPropens,Positionaccept,MOSST,SectorSuperficie,Functionalrelevancefunction,Clinical
0.454545454545,0.0909090909091,0.454545454545,0,0.727272727273,10,0.727272727273,-3.3,0.181818181818,0.636363636364,0,1,-0.5,0.181818181818,0.75,0
0.0909090909091,0.181818181818,0.454545454545,0,0.727272727273,0,0.727272727273,-0.2,0.272727272727,0.636363636364,0,1,-0.8,0.0909090909091,0.5,0
0.0909090909091,0.181818181818,0.454545454545,1.2,0.727272727273,0.8,0.727272727273,-5,0.181818181818,0.636363636364,0,1,-0.9,0.454545454545,0.1,0
0.0909090909091,0.0909090909091,0.454545454545,26.8,0.727272727273,40.7,0.727272727273,0,0.272727272727,0.636363636364,0,1,-1.2,0.0909090909091,0.1,0
0.454545454545,0.181818181818,0.454545454545,4.9,0.272727272727,3,0.0909090909091,2.1,0.0909090909091,0.272727272727,0.7,0.73,-0.2,0.454545454545,0.75,0
0.454545454545,0.0909090909091,0.454545454545,11.1,0.727272727273,23.1,0.727272727273,-0.4,0.272727272727,0.272727272727,0.5,0.91,0,0.454545454545,0.5,1
0.0909090909091,0.181818181818,0.454545454545,74.6,0.727272727273,70.3,0.181818181818,1.1,0.272727272727,0.272727272727,0,0.79,-0.3,0.454545454545,0.35,1
0.0909090909091,0.0909090909091,0.0909090909091,63.3,0.272727272727,98.4,0.181818181818,0.7,0.0909090909091,0.636363636364,0,1,-0.5,0.0909090909091,1,1
0.454545454545,0.181818181818,0.454545454545,0,0.727272727273,0,0.727272727273,1.9,0.272727272727,0.636363636364,0,1,-1.3,0.181818181818,0.75,0
0.0909090909091,0.0909090909091,0.454545454545,3.2,0.272727272727,0.1,0.727272727273,-1.9,0.0909090909091,0.636363636364,0.5,0.92,-0.6,0.0909090909091,0.6,1
0.454545454545,0.181818181818,0.454545454545,0,0.727272727273,0,0.727272727273,1.9,0.272727272727,0.0909090909091,0.7,0.25,1.1,0.454545454545,0,1
