Metric,Score
accuracy,0.431034482759
recall,0.103448275862
precision,0.103448275862
