AAWt,AAMt,Sstruct,SaccW,ShbondsW,SaccM,ShbondsM,yDDG,Result,Positiontype,ProteinPropens,Positionaccept,MOSST,SectorSuperficie,Functionalrelevancefunction,Clinical
0.08200027552138864,0.08200027552138864,0.16400055104277728,0.16400055104277728,0.2460008265641659,0.4920016531283318,0.32800110208555455,0.45920154291977633,0.08200027552138864,0.2460008265641659,0.0,0.32800110208555455,-0.36080121229411,0.08200027552138864,0.0,0
0.007370403130305862,0.007370403130305862,0.014740806260611724,0.09434116006791503,0.007370403130305862,0.9787895357046185,0.029481612521223447,-0.17099335262309598,0.014740806260611724,0.022111209390917586,0.014740806260611724,0.02712308351952557,-0.023585290016978757,0.007370403130305862,0.017688967512734067,1
0.010976204890177092,0.021952409780354183,0.010976204890177092,0.2941622910567461,0.03292861467053128,0.9395631385991591,0.043904819560708366,-0.1536668684624793,0.021952409780354183,0.010976204890177092,0.030733373692495857,0.03424575925735253,-0.004390481956070837,0.010976204890177092,0.021952409780354183,1
0.007487463378578598,0.014974926757157196,0.007487463378578598,0.7038215575863882,0.022462390135735793,0.7068165429378197,0.02994985351431439,-0.023959882811451512,0.007487463378578598,0.022462390135735793,0.0,0.02994985351431439,-0.02994985351431439,0.007487463378578598,0.017969912108588632,0
