AAWt,AAMt,Sstruct,SaccW,ShbondsW,SaccM,ShbondsM,yDDG,Result,Positiontype,ProteinPropens,Positionaccept,MOSST,SectorSuperficie,Functionalrelevancefunction,Clinical
0.0909090909091,0.0909090909091,0.0909090909091,27.7,0.0909090909091,34.7,0.818181818182,0.4,0.181818181818,0.636363636364,0,1,-1.3,0.0909090909091,0.1,1
0.181818181818,0.181818181818,0.0909090909091,39.9,0.818181818182,27.5,0.818181818182,2.8,0.0909090909091,0.363636363636,0.4,0.56,-0.4,0.0909090909091,0,1
0.181818181818,0.0909090909091,0.363636363636,0,0.818181818182,0,0.0909090909091,0.6,0.181818181818,0.636363636364,0,1,-1.1,0.0909090909091,0.5,0
0.0909090909091,0.181818181818,0.363636363636,7.3,0.818181818182,1.7,0.0909090909091,-2.3,0.272727272727,0.636363636364,0,1,-0.3,0.181818181818,0.95,1
0.272727272727,0.181818181818,0.363636363636,0.3,0.818181818182,0,0.818181818182,-5.1,0.272727272727,0.636363636364,0.3,0.95,-0.9,0.0909090909091,0.1,1
0.272727272727,0.0909090909091,0.363636363636,111.8,0.818181818182,92.1,0.818181818182,-0.5,0.272727272727,0.363636363636,0.5,0.62,-0.1,0.0909090909091,0.55,0
0.0909090909091,0.0909090909091,0.363636363636,25.4,0.818181818182,38.2,0.818181818182,0.8,0.181818181818,0.636363636364,0,1,-1.3,0.0909090909091,0,1
0.0909090909091,0.181818181818,0.363636363636,4.9,0.0909090909091,1.5,0.818181818182,-0.5,0.272727272727,0.363636363636,0.7,0.73,-0.6,0.181818181818,0.75,0
0.0909090909091,0.181818181818,0.363636363636,0,0.818181818182,0.3,0.818181818182,-3.6,0.272727272727,0.363636363636,0.7,0.78,-0.6,0.0909090909091,0.1,0
0.272727272727,0.181818181818,0.0909090909091,52.6,0.818181818182,74.5,0.818181818182,0.3,0.181818181818,0.636363636364,0,1,-1.1,0.0909090909091,0.8,1
0.0909090909091,0.0909090909091,0.363636363636,0,0.818181818182,2.4,0.818181818182,-0.8,0.272727272727,0.636363636364,0,1,-0.5,0.0909090909091,0.35,1
