AAWt,AAMt,Sstruct,SaccW,ShbondsW,SaccM,ShbondsM,yDDG,Result,Positiontype,ProteinPropens,Positionaccept,MOSST,SectorSuperficie,Functionalrelevancefunction,Clinical
0.285714285714,0.142857142857,0.285714285714,52.6,0.857142857143,81.8,0.428571428571,-1.5,0.428571428571,0.571428571429,0,1,-1.3,0.142857142857,0.8,1
0.142857142857,0.142857142857,0.285714285714,4.9,0.142857142857,2.1,0.571428571429,2.5,0.142857142857,0.285714285714,0.7,0.73,-0.4,0.285714285714,0.75,1
0.142857142857,0.142857142857,0.285714285714,0,0.857142857143,0,0.428571428571,0.6,0.142857142857,0.571428571429,0,1,-1.1,0.285714285714,0.5,0
0.142857142857,0.142857142857,0.285714285714,57.7,0.857142857143,87.8,0.428571428571,-1.2,0.428571428571,0.285714285714,0.7,0.79,0.1,0.142857142857,0.35,0
0.142857142857,0.142857142857,0.285714285714,7.3,0.857142857143,0.6,0.571428571429,0,0.285714285714,0.571428571429,0,1,-1.1,0.285714285714,0.95,1
0.285714285714,0.142857142857,0.285714285714,26.8,0.857142857143,40.7,0.571428571429,0,0.285714285714,0.571428571429,0,1,-1.2,0.142857142857,0.1,0
0.142857142857,0.142857142857,0.142857142857,97.4,0.857142857143,89.5,0.571428571429,-1.8,0.428571428571,0.142857142857,0.3,0.77,0,0.285714285714,0,0
