Statistic,Value
Mean,1.46789797713
Std,0.859055071972
Max,4.0
Min,0.0
Var,0.73797561668
