AAWt,AAMt,Sstruct,SaccW,ShbondsW,SaccM,ShbondsM,yDDG,Result,Positiontype,ProteinPropens,Positionaccept,MOSST,SectorSuperficie,Functionalrelevancefunction,Clinical
0.142857142857,0.142857142857,0.285714285714,62,0.142857142857,37.2,0.428571428571,-0.7,0.428571428571,0.142857142857,0.3,0.67,-0.4,0.142857142857,0.35,0
0.285714285714,0.285714285714,0.285714285714,82.8,0.571428571429,74.3,0.428571428571,-0.7,0.428571428571,0.428571428571,0.8,0.64,-0.2,0.285714285714,0.1,0
0.285714285714,0.285714285714,0.142857142857,96.5,0.571428571429,95.3,0.428571428571,0.3,0.285714285714,0.428571428571,0.4,0.6,0.2,0.285714285714,0.3,0
0.142857142857,0.142857142857,0.285714285714,68.8,0.571428571429,83.3,0.428571428571,0.4,0.285714285714,0.428571428571,0,1,-1.2,0.285714285714,0,0
0.142857142857,0.142857142857,0.285714285714,62.5,0.571428571429,76,0.142857142857,-0.8,0.428571428571,0.428571428571,0.7,0.59,0.4,0.142857142857,0.25,1
0.142857142857,0.142857142857,0.285714285714,0,0.285714285714,4.9,0.428571428571,1.6,0.142857142857,0.428571428571,0,1,-1.3,0.142857142857,0.15,0
0.142857142857,0.142857142857,0.285714285714,6.8,0.285714285714,15.1,0.428571428571,-4.9,0.142857142857,0.428571428571,0.3,0.97,-0.9,0.285714285714,0.2,0
