AAWt,AAMt,Sstruct,SaccW,ShbondsW,SaccM,ShbondsM,yDDG,Result,Positiontype,ProteinPropens,Positionaccept,MOSST,SectorSuperficie,Functionalrelevancefunction,Clinical
0.2857142857142857,0.14285714285714285,0.2857142857142857,0,0.8571428571428571,0,1.0,-0.8,0.2857142857142857,0.42857142857142855,0.3,0.96,0,0.14285714285714285,0.1,0
0.2857142857142857,0.14285714285714285,0.42857142857142855,40.3,0.8571428571428571,20.5,1.0,0.3,0.2857142857142857,0.5714285714285714,0.6,0.87,-0.1,0.2857142857142857,0.6,0
0.14285714285714285,0.14285714285714285,0.2857142857142857,20.1,0.8571428571428571,17.3,1.0,-3,0.42857142857142855,0.5714285714285714,0.2,0.59,-0.3,0.14285714285714285,0.1,1
0.14285714285714285,0.2857142857142857,0.42857142857142855,6.7,0.8571428571428571,21.4,1.0,-3.5,0.42857142857142855,0.5714285714285714,0.7,0.78,-0.1,0.2857142857142857,0.5,1
0.2857142857142857,0.2857142857142857,0.2857142857142857,23.5,0.8571428571428571,23.6,1.0,-0.8,0.2857142857142857,0.42857142857142855,0,1,-1,0.2857142857142857,0.6,0
0.2857142857142857,0.14285714285714285,0.42857142857142855,9.8,0.8571428571428571,20.3,1.0,-3.2,0.42857142857142855,0.42857142857142855,0,1,-0.8,0.14285714285714285,0.1,0
0.14285714285714285,0.14285714285714285,0.2857142857142857,91.7,0.14285714285714285,64.7,1.0,0,0.2857142857142857,0.5714285714285714,0.5,0.9,-0.7,0.2857142857142857,0,0
