Statistic,Value
Mean,0.0319992414261
Std,0.0483189909746
Max,0.173913043478
Min,0.0
Var,0.00233472488881
