AAWt,AAMt,Sstruct,SaccW,ShbondsW,SaccM,ShbondsM,yDDG,Result,Positiontype,ProteinPropens,Positionaccept,MOSST,SectorSuperficie,Functionalrelevancefunction,Clinical
0.00382801376165,0.0076560275233,0.0153120550466,0.924848124814,0.0114840412849,0.367489321118,0.0306241100932,-0.0796226862423,0.0076560275233,0.0191400688082,0.00612482201864,0.0275616990839,-0.0244992880746,0.0076560275233,0.00306241100932,0
0.00719535864723,0.00719535864723,0.00719535864723,0.391427510409,0.0359767932361,0.869199324585,0.0575628691778,-0.282058058971,0.0143907172945,0.0215860759417,0.0172688607533,0.0558359831025,-0.05180658226,0.00719535864723,0.0115125738356,0
0.00111786181887,0.00111786181887,0.00223572363774,0.545516567609,0.00558930909435,0.837949219425,0.00894289455096,0.00268286836529,0.00111786181887,0.00558930909435,0.000894289455096,0.00679659985873,0.00626002618567,0.00223572363774,0.00178857891019,1
0.0181066552894,0.00905332764472,0.00905332764472,0.354890443673,0.0271599829341,0.919818088703,0.0724266211577,-0.101397269621,0.0181066552894,0.0452666382236,0.0506986348104,0.0528714334451,0.0144853242315,0.0181066552894,0.0543199658683,1
0.0488525905932,0.0488525905932,0.0488525905932,0.762100413254,0.0732788858898,0.371279688509,0.195410362373,-0.371279688509,0.0488525905932,0.122131476483,0.0977051811865,0.171961118888,-0.156328289898,0.0488525905932,0.0977051811865,0
0.00374488657166,0.00748977314332,0.0149795462866,0.704038675472,0.0187244328583,0.707034584729,0.0299590925733,-0.0239672740586,0.00748977314332,0.011234659715,0.0,0.0299590925733,-0.0299590925733,0.00374488657166,0.017975455544,0
0.00358891664685,0.00358891664685,0.0143556665874,0.467994730749,0.0179445832343,0.881437928466,0.0287113331748,0.0287113331748,0.00358891664685,0.0179445832343,0.0229690665398,0.0212463865494,-0.0114845332699,0.0071778332937,0.0186623665636,1
0.0326059991428,0.0652119982855,0.130423996571,0.0,0.163029995714,0.834713578055,0.260847993142,-0.234763193828,0.0652119982855,0.0978179974283,0.0,0.260847993142,-0.208678394514,0.0652119982855,0.0391271989713,1
