Statistic,Value
Mean,0.207548054383
Std,0.252023770669
Max,1.0
Min,0.0
Var,0.0635159809824
