Statistic,Value
Mean,0.425782749121
Std,0.106554698227
Max,0.568965517241
Min,0.103448275862
Var,0.0113539037143
