AAWt,AAMt,Sstruct,SaccW,ShbondsW,SaccM,ShbondsM,yDDG,Result,Positiontype,ProteinPropens,Positionaccept,MOSST,SectorSuperficie,Functionalrelevancefunction,Clinical
0.153846153846,0.230769230769,0.153846153846,6.7,0.769230769231,30.5,0.153846153846,0.5,0.384615384615,0.461538461538,0.7,0.78,0.1,0.153846153846,0.5,0
0.153846153846,0.153846153846,0.230769230769,0,0.769230769231,5.2,0.769230769231,-5,0.307692307692,0.384615384615,0,1,-0.9,0.0769230769231,0.35,1
0.0769230769231,0.153846153846,0.384615384615,84.5,0.769230769231,84.5,0.769230769231,0.3,0.384615384615,0.153846153846,0.9,0.25,0.2,0.153846153846,0.15,1
0.153846153846,0.153846153846,0.230769230769,20.1,0.769230769231,17.3,0.769230769231,-3,0.307692307692,0.461538461538,0.2,0.59,-0.3,0.384615384615,0.1,1
0.0769230769231,0.230769230769,0.384615384615,46.3,0.769230769231,11.8,0.769230769231,0.1,0.384615384615,0.384615384615,0,1,-1.2,0.384615384615,0.35,0
0.0769230769231,0.0769230769231,0.153846153846,62.5,0.230769230769,76,0.0769230769231,-0.8,0.0769230769231,0.461538461538,0.7,0.59,0.4,0.153846153846,0.25,1
0.0769230769231,0.230769230769,0.384615384615,0,0.769230769231,0,0.769230769231,-2.4,0.307692307692,0.461538461538,0.7,0.78,-0.5,0.0769230769231,0.1,1
0.153846153846,0.153846153846,0.0769230769231,96.5,0.230769230769,68,0.769230769231,-8.7,0.307692307692,0.461538461538,0.4,0.6,-0.1,0.153846153846,0.3,0
0.0769230769231,0.0769230769231,0.384615384615,11.1,0.769230769231,38.8,0.769230769231,1.1,0.153846153846,0.461538461538,0.5,0.91,-0.8,0.384615384615,0.5,1
0.153846153846,0.153846153846,0.384615384615,7.3,0.769230769231,0.6,0.769230769231,0,0.384615384615,0.384615384615,0,1,-1.1,0.384615384615,0.95,1
0.153846153846,0.0769230769231,0.153846153846,6.8,0.769230769231,8.6,0.153846153846,0.5,0.384615384615,0.384615384615,0.3,0.97,-0.6,0.153846153846,0.2,0
0.153846153846,0.0769230769231,0.230769230769,74,0.230769230769,96.2,0.769230769231,1.6,0.153846153846,0.153846153846,0.9,0.76,-0.3,0.384615384615,0.1,1
0.153846153846,0.153846153846,0.153846153846,6.8,0.769230769231,7.9,0.769230769231,-1.5,0.0769230769231,0.384615384615,0.3,0.97,-0.5,0.153846153846,0.2,1
