Statistic,Value
Mean,2.28021120294
Std,1.4068729535
Max,6.0
Min,0.0
Var,1.97929150728
