AAWt,AAMt,Sstruct,SaccW,ShbondsW,SaccM,ShbondsM,yDDG,Result,Positiontype,ProteinPropens,Positionaccept,MOSST,SectorSuperficie,Functionalrelevancefunction,Clinical
0.09090909090909091,0.18181818181818182,0.09090909090909091,12.1,0.18181818181818182,10.6,0.9090909090909091,0.4,0.5454545454545454,0.5454545454545454,0.3,0.97,-0.9,0.18181818181818182,0.6,0
0.09090909090909091,0.09090909090909091,0.18181818181818182,40.3,0.8181818181818182,39.7,0.9090909090909091,0.2,0.5454545454545454,0.45454545454545453,0.6,0.87,0,0.09090909090909091,0.6,0
0.2727272727272727,0.18181818181818182,0.6363636363636364,46.3,0.8181818181818182,15.3,0.9090909090909091,-0.2,0.5454545454545454,0.5454545454545454,0,1,-1,0.5454545454545454,0.35,1
0.18181818181818182,0.09090909090909091,0.6363636363636364,11.1,0.8181818181818182,46.4,0.09090909090909091,-0.4,0.5454545454545454,0.45454545454545453,0.5,0.91,-0.8,0.5454545454545454,0.5,0
0.09090909090909091,0.09090909090909091,0.6363636363636364,25.4,0.8181818181818182,38.2,0.9090909090909091,0.8,0.09090909090909091,0.5454545454545454,0,1,-1.3,0.09090909090909091,0,1
0.09090909090909091,0.09090909090909091,0.09090909090909091,39.9,0.8181818181818182,27.5,0.9090909090909091,2.8,0.09090909090909091,0.45454545454545453,0.4,0.56,-0.4,0.09090909090909091,0,1
0.18181818181818182,0.09090909090909091,0.6363636363636364,11.1,0.8181818181818182,16.5,0.9090909090909091,0.2,0.5454545454545454,0.45454545454545453,0.5,0.91,-0.3,0.5454545454545454,0.5,0
0.09090909090909091,0.09090909090909091,0.6363636363636364,7.3,0.8181818181818182,12.6,0.9090909090909091,1.4,0.09090909090909091,0.5454545454545454,0,1,-1,0.5454545454545454,0.95,0
0.09090909090909091,0.18181818181818182,0.18181818181818182,52.4,0.18181818181818182,48.6,0.9090909090909091,-3.3,0.09090909090909091,0.45454545454545453,0.2,0.91,-0.8,0.18181818181818182,0.6,0
0.2727272727272727,0.09090909090909091,0.6363636363636364,46.3,0.8181818181818182,18.1,0.9090909090909091,-1.4,0.09090909090909091,0.5454545454545454,0,1,-1.3,0.5454545454545454,0.35,0
0.2727272727272727,0.18181818181818182,0.6363636363636364,46.3,0.8181818181818182,15.3,0.9090909090909091,-0.2,0.5454545454545454,0.5454545454545454,0,1,-1,0.5454545454545454,0.35,1
