Statistic,Value
Mean,0.589928459647
Std,0.0487299787774
Max,0.730952380952
Min,0.442857142857
Var,0.00237461083164
