AAWt,AAMt,Sstruct,SaccW,ShbondsW,SaccM,ShbondsM,yDDG,Result,Positiontype,ProteinPropens,Positionaccept,MOSST,SectorSuperficie,Functionalrelevancefunction,Clinical
0.14285714285714285,0.14285714285714285,0.42857142857142855,7.3,1.0,12.6,1.0,1.4,0.14285714285714285,0.7142857142857143,0,1,-1,0.14285714285714285,0.95,0
0.14285714285714285,0.2857142857142857,0.2857142857142857,6.7,1.0,17.7,1.0,-0.3,0.42857142857142855,0.14285714285714285,0.7,0.78,-0.5,0.14285714285714285,0.5,1
0.14285714285714285,0.14285714285714285,0.2857142857142857,0,1.0,0,1.0,-0.2,0.42857142857142855,0.7142857142857143,0,1,-0.8,0.14285714285714285,0.5,0
0.14285714285714285,0.2857142857142857,0.42857142857142855,26.8,1.0,40.7,1.0,0,0.42857142857142855,0.7142857142857143,0,1,-1.2,0.14285714285714285,0.1,0
0.2857142857142857,0.2857142857142857,0.2857142857142857,76.9,1.0,43.2,1.0,-1.9,0.2857142857142857,0.7142857142857143,0,1,-1,0.14285714285714285,0.3,1
0.14285714285714285,0.14285714285714285,0.42857142857142855,0,1.0,3.7,1.0,-2,0.2857142857142857,0.7142857142857143,0,1,-1.3,0.14285714285714285,0.15,0
0.2857142857142857,0.2857142857142857,0.2857142857142857,0,1.0,4.9,1.0,-4,0.14285714285714285,0.14285714285714285,0.9,0.47,-0.3,0.14285714285714285,0.35,0
