AAWt,AAMt,Sstruct,SaccW,ShbondsW,SaccM,ShbondsM,yDDG,Result,Positiontype,ProteinPropens,Positionaccept,MOSST,SectorSuperficie,Functionalrelevancefunction,Clinical
0.00963826321258757,0.00963826321258757,0.028914789637762707,0.4925152501632248,0.067467842488113,0.8500948153502237,0.067467842488113,0.09445497948335818,0.00963826321258757,0.04819131606293785,0.0,0.067467842488113,-0.067467842488113,0.00963826321258757,0.06409445036370734,0
0.0075055382127008395,0.015011076425401679,0.015011076425401679,0.3520097421756694,0.05253876748890588,0.929936184553634,0.05253876748890588,-0.01576163024667176,0.02251661463810252,0.0075055382127008395,0.036777137242234116,0.04098023864134659,-0.02626938374445294,0.0075055382127008395,0.02626938374445294,1
0.06543219201210658,0.06543219201210658,0.13086438402421316,0.0,0.45802534408474604,0.0,0.45802534408474604,-0.09160506881694921,0.19629657603631973,0.3271609600605329,0.0,0.45802534408474604,-0.36642027526779686,0.06543219201210658,0.22901267204237302,0
0.0029281752073889327,0.0058563504147778654,0.008784525622166799,0.5493256689061639,0.02049722645172253,0.834237116585107,0.02049722645172253,0.0,0.008784525622166799,0.014640876036944665,0.0,0.02049722645172253,-0.024596671742067033,0.0029281752073889327,0.002049722645172253,0
0.003237484012562504,0.003237484012562504,0.003237484012562504,0.871368821981198,0.011331194043968765,0.48950758269945066,0.011331194043968765,-0.021529268683540652,0.003237484012562504,0.00809371003140626,0.0,0.011331194043968765,-0.011331194043968765,0.001618742006281252,0.003399358213190629,1
0.029634052709970334,0.029634052709970334,0.088902158129911,0.0,0.20743836896979234,0.7675219651882317,0.20743836896979234,-0.4148767379395847,0.05926810541994067,0.1481702635498517,0.0,0.20743836896979234,-0.2696698796607301,0.029634052709970334,0.03111575534546885,0
0.043290280587728415,0.043290280587728415,0.043290280587728415,0.0,0.15151598205704947,0.7424283120795425,0.15151598205704947,-0.6060639282281979,0.021645140293864207,0.021645140293864207,0.13636438385134453,0.07121251156681324,-0.04545479461711484,0.021645140293864207,0.05303059371996731,0
