Statistic,Value
Mean,1.37441689624
Std,0.795101194089
Max,2.22
Min,0.0
Var,0.632185908842
