AAWt,AAMt,Sstruct,SaccW,ShbondsW,SaccM,ShbondsM,yDDG,Result,Positiontype,ProteinPropens,Positionaccept,MOSST,SectorSuperficie,Functionalrelevancefunction,Clinical
0.05533398012985904,0.11066796025971808,0.1660019403895771,0.0,0.3873378609090133,0.0,0.4426718410388723,0.13280155231166169,0.22133592051943615,0.2766699006492952,0.0,0.4426718410388723,-0.39840465693498506,0.05533398012985904,0.3320038807791542,1
0.05128002844114238,0.05128002844114238,0.2564001422057119,0.0,0.35896019908799665,0.0,0.410240227529139,-0.410240227529139,0.05128002844114238,0.2564001422057119,0.0,0.410240227529139,-0.45126425028205297,0.05128002844114238,0.14358407963519865,1
0.05549392985100224,0.05549392985100224,0.27746964925501116,0.0,0.38845750895701564,0.0,0.4439514388080179,0.31076600716561253,0.22197571940400895,0.27746964925501116,0.0,0.4439514388080179,-0.31076600716561253,0.05549392985100224,0.22197571940400895,0
0.02502472412864899,0.02502472412864899,0.12512362064324495,0.24023735163503027,0.1751730689005429,0.8808702893284445,0.2001977930291919,-0.08007911721167676,0.10009889651459596,0.12512362064324495,0.0,0.2001977930291919,-0.06005933790875757,0.05004944825729798,0.02001977930291919,0
0.004832922584346233,0.0024164612921731164,0.007249383876519349,0.3943664828826526,0.016915229045211814,0.9182552910257842,0.01933169033738493,0.005799507101215479,0.009665845168692466,0.0024164612921731164,0.011599014202430959,0.016238619883403343,0.0,0.0024164612921731164,0.0019331690337384931,0
0.03768811506695975,0.03768811506695975,0.09422028766739939,0.015075246026783902,0.13190840273435914,0.7386870553124112,0.150752460267839,-0.603009841071356,0.03768811506695975,0.03768811506695975,0.0753762301339195,0.1356772142410551,-0.1055267221874873,0.018844057533479876,0.015075246026783902,0
0.0011279722424839434,0.0011279722424839434,0.00338391672745183,0.7047570571039677,0.007895805697387603,0.7092689460739036,0.009023777939871547,-0.009023777939871547,0.0011279722424839434,0.0022559444849678868,-0.0009023777939871547,0.0018949933673730248,0.0,0.0022559444849678868,0.0,1
0.02925015117394697,0.02925015117394697,0.14625075586973485,0.7488038700530425,0.02925015117394697,0.0,0.23400120939157576,-0.49140253972230913,0.05850030234789394,0.14625075586973485,0.11700060469578788,0.2152811126402497,-0.11700060469578788,0.02925015117394697,0.14040072563494546,1
