AAWt,AAMt,Sstruct,SaccW,ShbondsW,SaccM,ShbondsM,yDDG,Result,Positiontype,ProteinPropens,Positionaccept,MOSST,SectorSuperficie,Functionalrelevancefunction,Clinical
0.0845456257331,0.0422728128665,0.0845456257331,0.0,0.169091251466,0.388909878372,0.1268184386,-0.845456257331,0.0422728128665,0.1268184386,0.0,0.169091251466,-0.152182126319,0.0422728128665,0.0422728128665,0
0.103650598154,0.0518252990769,0.103650598154,0.248761435569,0.207301196308,0.787744545969,0.155475897231,-0.352412033723,0.0518252990769,0.155475897231,0.0,0.207301196308,-0.145110837415,0.103650598154,0.0207301196308,1
0.00512153699197,0.00512153699197,0.00512153699197,0.948508650913,0.0204861479679,0.313438063909,0.0153646109759,-0.00409722959358,0.0102430739839,0.0153646109759,0.0,0.0204861479679,-0.0204861479679,0.0102430739839,0.00717015178876,1
0.00205585512311,0.00205585512311,0.00205585512311,0.688300295216,0.00822342049243,0.725305687432,0.00205585512311,-0.00246702614773,0.00411171024621,0.00205585512311,0.0057563943447,0.00386500763144,0.00246702614773,0.00205585512311,0.00205585512311,1
