AAWt,AAMt,Sstruct,SaccW,ShbondsW,SaccM,ShbondsM,yDDG,Result,Positiontype,ProteinPropens,Positionaccept,MOSST,SectorSuperficie,Functionalrelevancefunction,Clinical
0.285714285714,0.285714285714,0.428571428571,12.1,0.142857142857,28.6,0.571428571429,1.5,0.285714285714,0.571428571429,0.3,0.97,-0.7,0.142857142857,0.6,1
0.285714285714,0.285714285714,0.285714285714,6,0.714285714286,5.7,0.571428571429,2.9,0.285714285714,0.428571428571,0.5,0.61,-0.4,0.142857142857,0.6,0
0.285714285714,0.142857142857,0.142857142857,39.9,0.714285714286,26.9,0.428571428571,-0.3,0.285714285714,0.428571428571,0.4,0.56,0.6,0.142857142857,0,1
0.142857142857,0.142857142857,0.428571428571,17.3,0.142857142857,27.7,0.428571428571,-2.5,0.142857142857,0.571428571429,0,1,-0.8,0.285714285714,0.85,0
0.142857142857,0.142857142857,0.285714285714,11.1,0.714285714286,38.8,0.571428571429,1.1,0.285714285714,0.428571428571,0.5,0.91,-0.8,0.285714285714,0.5,1
0.285714285714,0.142857142857,0.428571428571,0,0.714285714286,0,0.571428571429,-0.2,0.285714285714,0.571428571429,0,1,-0.8,0.142857142857,0.5,0
0.142857142857,0.142857142857,0.142857142857,12.8,0.714285714286,39.6,0.428571428571,2.7,0.285714285714,0.571428571429,0,1,-0.5,0.142857142857,0.6,0
