Metric,Score
accuracy,0.540652173913
recall,0.258181818182
precision,0.575555555556
neg_log_loss,-0.700598590343
f1,0.322543859649
