AAWt,AAMt,Sstruct,SaccW,ShbondsW,SaccM,ShbondsM,yDDG,Result,Positiontype,ProteinPropens,Positionaccept,MOSST,SectorSuperficie,Functionalrelevancefunction,Clinical
0.03747888747185353,0.03747888747185353,0.14991554988741412,0.0,0.14991554988741412,0.8395270793695191,0.26235221230297473,-0.23611699107267725,0.03747888747185353,0.07495777494370706,0.0,0.26235221230297473,-0.20988176984237977,0.03747888747185353,0.039352831845446204,1
0.008747505437295938,0.008747505437295938,0.017495010874591876,0.9246113247221808,0.004373752718647969,0.36739522836642946,0.030616269030535787,-0.07960229947939305,0.013121258155943907,0.02186876359323985,0.006123253806107158,0.02755464212748221,-0.024493015224428632,0.017495010874591876,0.003061626903053579,0
0.009652620946945537,0.009652620946945537,0.038610483787782146,0.4932489303889169,0.038610483787782146,0.8513611675205963,0.06756834662861876,0.09459568528006625,0.009652620946945537,0.019305241893891073,0.0,0.06756834662861876,-0.06756834662861876,0.038610483787782146,0.06418992929718781,0
0.004737589031782941,0.004737589031782941,0.004737589031782941,0.8688738284289915,0.004737589031782941,0.4924723798538368,0.016581561611240296,-0.03813759170585268,0.007106383547674413,0.011843972579457355,0.0033163123222480595,0.01508922106622867,-0.013265249288992238,0.0023687945158914706,0.009948936966744178,0
0.0026778802078698595,0.0026778802078698595,0.0026778802078698595,0.8510303300610413,0.010711520831479438,0.5211154884514747,0.01874516145508902,-0.056235484365267055,0.008033640623609579,0.013389401039349299,0.001874516145508902,0.01068474202940074,-0.007498064582035608,0.010711520831479438,0.001874516145508902,1
0.0025239238612579876,0.0025239238612579876,0.005047847722515975,0.7119989212608783,0.01009569544503195,0.7013984410435948,0.017667467028805915,0.0035334934057611833,0.0025239238612579876,0.01261961930628994,0.010600480217283548,0.015370696315061145,0.0,0.0025239238612579876,0.010600480217283548,0
0.001742393366340365,0.001742393366340365,0.00696957346536146,0.81108411203144,0.00348478673268073,0.5842244957339244,0.012196753564382556,-0.017075454990135578,0.001742393366340365,0.008711966831701827,0.008537727495067789,0.010367240529725173,0.0,0.00696957346536146,0.003049188391095639,1
