Statistic,Value
Mean,0.672057682797
Std,0.191620156523
Max,1.0
Min,0.0
Var,0.0367182843858
