Statistic,Value
Mean,0.540063390503
Std,0.0628201518324
Max,0.838709677419
Min,0.274193548387
Var,0.00394637147624
