statistic,value
mean,0.6946875
max,0.84375
min,0.53125
var,0.00384482421875
std,0.0620066465691
