statistic,value
mean,0.695
max,0.84375
min,0.53125
var,0.003928125
std,0.0626747556836
