statistic,value
mean,0.695
max,0.875
min,0.53125
var,0.00383046875
std,0.0618907808159
