statistic,value
mean,0.6940625
max,0.875
min,0.53125
var,0.00399013671875
std,0.0631675289904
