AAWt,AAMt,Sstruct,SaccW,ShbondsW,SaccM,ShbondsM,yDDG,Result,Positiontype,ProteinPropens,Positionaccept,MOSST,SectorSuperficie,Functionalrelevancefunction,Clinical
0.09090909090909091,0.09090909090909091,0.09090909090909091,25.3,0.8181818181818182,40.3,0.2727272727272727,0.1,0.45454545454545453,0.45454545454545453,0.3,0.97,-1,0.09090909090909091,0.25,0
0.18181818181818182,0.09090909090909091,0.2727272727272727,24.3,0.8181818181818182,14.2,0.7272727272727273,1.5,0.18181818181818182,0.18181818181818182,0,0.41,0.7,0.18181818181818182,0,1
0.09090909090909091,0.09090909090909091,0.2727272727272727,6.7,0.8181818181818182,17.7,0.7272727272727273,-0.3,0.45454545454545453,0.36363636363636365,0.7,0.78,-0.5,0.18181818181818182,0.5,1
0.09090909090909091,0.09090909090909091,0.2727272727272727,68.8,0.09090909090909091,83.3,0.2727272727272727,0.4,0.45454545454545453,0.45454545454545453,0,1,-1.2,0.18181818181818182,0,0
0.18181818181818182,0.18181818181818182,0.2727272727272727,25.4,0.8181818181818182,36.1,0.7272727272727273,-1,0.09090909090909091,0.45454545454545453,0,1,-0.5,0.09090909090909091,0,0
0.09090909090909091,0.09090909090909091,0.18181818181818182,40.5,0.8181818181818182,73.3,0.7272727272727273,-2.7,0.18181818181818182,0.18181818181818182,0.3,0.44,-0.3,0.09090909090909091,0.6,0
0.2727272727272727,0.09090909090909091,0.18181818181818182,0,0.8181818181818182,0,0.7272727272727273,0.7,0.45454545454545453,0.45454545454545453,0,1,-0.7,0.09090909090909091,0.5,0
0.09090909090909091,0.18181818181818182,0.09090909090909091,6.8,0.8181818181818182,15.1,0.7272727272727273,-4.9,0.18181818181818182,0.45454545454545453,0.3,0.97,-0.9,0.18181818181818182,0.2,0
0.09090909090909091,0.09090909090909091,0.2727272727272727,35.7,0.09090909090909091,35.4,0.7272727272727273,2.2,0.09090909090909091,0.36363636363636365,0.4,0.76,-0.4,0.09090909090909091,0.25,1
0.2727272727272727,0.09090909090909091,0.09090909090909091,39.9,0.8181818181818182,26.9,0.2727272727272727,-0.3,0.45454545454545453,0.36363636363636365,0.4,0.56,0.6,0.09090909090909091,0,1
0.2727272727272727,0.09090909090909091,0.2727272727272727,16.3,0.8181818181818182,43.3,0.7272727272727273,1.6,0.18181818181818182,0.36363636363636365,0.8,0.74,-0.3,0.09090909090909091,0.65,1
