Statistic,Value
Mean,0.337677602471
Std,0.103263473425
Max,0.727272727273
Min,0.212727272727
Var,0.0106633449439
