feature,mean,var,std,min,max
SaccW,0.0554919883113,0.00937877252743,0.0968440629436,0.0,0.250758692603
SaccM,0.0904485625927,0.027611355983,0.166166651236,0.0,0.533970533129
yDDG,0.0732217562673,0.110561359591,0.332507683506,-0.455692990979,0.658067576615
ProteinPropens,0.0359587288495,0.0142233319852,0.119261611532,0.0,0.431504746194
Positionaccept,0.476678844746,0.00351381769381,0.059277463625,0.346351356113,0.562401123643
MOSST,-0.409605918092,0.0231172359855,0.152043533192,-0.6143277029,0.0
Functionalrelevancefunction,0.168178140241,0.0149388066966,0.122224411214,0.0,0.375303350019
