Statistic,Value
Mean,0.475735180663
Std,0.0449203206869
Max,0.619117647059
Min,0.363636363636
Var,0.00201783521062
