AAWt,AAMt,Sstruct,SaccW,ShbondsW,SaccM,ShbondsM,yDDG,Result,Positiontype,ProteinPropens,Positionaccept,MOSST,SectorSuperficie,Functionalrelevancefunction,Clinical
0.18181818181818182,0.18181818181818182,0.36363636363636365,1.2,0.8181818181818182,0.8,0.8181818181818182,-5,0.45454545454545453,0.5454545454545454,0,1,-0.9,0.18181818181818182,0.1,0
0.18181818181818182,0.18181818181818182,0.36363636363636365,1.2,0.8181818181818182,3.4,0.8181818181818182,-0.6,0.18181818181818182,0.5454545454545454,0,1,-0.5,0.18181818181818182,0.1,0
0.18181818181818182,0.09090909090909091,0.09090909090909091,3.9,0.18181818181818182,15.2,0.8181818181818182,-2.4,0.45454545454545453,0.36363636363636365,0.5,0.88,-0.3,0.36363636363636365,0.5,0
0.09090909090909091,0.18181818181818182,0.36363636363636365,0,0.8181818181818182,0,0.8181818181818182,-0.8,0.18181818181818182,0.5454545454545454,0.3,0.96,0,0.36363636363636365,0.1,0
0.36363636363636365,0.2727272727272727,0.36363636363636365,0.1,0.8181818181818182,0.3,0.8181818181818182,-3.1,0.45454545454545453,0.36363636363636365,0.5,0.9,-0.7,0.36363636363636365,0.1,1
0.18181818181818182,0.09090909090909091,0.36363636363636365,0,0.8181818181818182,0,0.8181818181818182,1.9,0.18181818181818182,0.5454545454545454,0,1,-1.3,0.09090909090909091,0.75,0
0.09090909090909091,0.09090909090909091,0.36363636363636365,14.4,0.18181818181818182,20.5,0.18181818181818182,-3.1,0.45454545454545453,0.09090909090909091,0.2,0.48,-0.2,0.36363636363636365,0.8,0
0.36363636363636365,0.2727272727272727,0.18181818181818182,93.3,0.8181818181818182,99.2,0.18181818181818182,0.1,0.09090909090909091,0.5454545454545454,0,1,-1,0.36363636363636365,0.3,1
0.36363636363636365,0.18181818181818182,0.18181818181818182,93.3,0.8181818181818182,96.3,0.8181818181818182,-1,0.09090909090909091,0.5454545454545454,0,1,-1,0.36363636363636365,0.3,1
0.09090909090909091,0.09090909090909091,0.36363636363636365,16.3,0.8181818181818182,43.3,0.8181818181818182,1.6,0.18181818181818182,0.36363636363636365,0.8,0.74,-0.3,0.36363636363636365,0.65,1
0.36363636363636365,0.2727272727272727,0.36363636363636365,0,0.8181818181818182,0.3,0.8181818181818182,-3.6,0.45454545454545453,0.36363636363636365,0.7,0.78,-0.6,0.36363636363636365,0.1,0
