AAWt,AAMt,Sstruct,SaccW,ShbondsW,SaccM,ShbondsM,yDDG,Result,Positiontype,ProteinPropens,Positionaccept,MOSST,SectorSuperficie,Functionalrelevancefunction,Clinical
0.0909090909091,0.0909090909091,0.272727272727,14.4,0.181818181818,20.5,0.181818181818,-3.1,0.272727272727,0.0909090909091,0.2,0.48,-0.2,0.363636363636,0.8,0
0.0909090909091,0.0909090909091,0.272727272727,11.1,0.818181818182,23.1,0.727272727273,-0.4,0.181818181818,0.272727272727,0.5,0.91,0,0.181818181818,0.5,1
0.363636363636,0.0909090909091,0.272727272727,93.3,0.818181818182,96.3,0.727272727273,-1,0.272727272727,0.636363636364,0,1,-1,0.363636363636,0.3,1
0.363636363636,0.181818181818,0.454545454545,0.1,0.818181818182,4.9,0.727272727273,-4,0.272727272727,0.272727272727,0.5,0.9,-0.7,0.181818181818,0.1,0
0.363636363636,0.181818181818,0.272727272727,93.3,0.818181818182,92.8,0.727272727273,-0.6,0.181818181818,0.636363636364,0,1,-0.3,0.363636363636,0.3,0
0.0909090909091,0.181818181818,0.454545454545,0,0.818181818182,0,0.727272727273,-3.4,0.272727272727,0.636363636364,0.3,0.96,-1,0.0909090909091,0.35,1
0.0909090909091,0.0909090909091,0.454545454545,0,0.818181818182,0,0.0909090909091,0.6,0.0909090909091,0.636363636364,0,1,-1.1,0.0909090909091,0.5,0
0.0909090909091,0.0909090909091,0.272727272727,75.7,0.181818181818,81.1,0.181818181818,0.1,0.181818181818,0.272727272727,0.1,0.72,0,0.0909090909091,0.1,1
0.0909090909091,0.0909090909091,0.454545454545,1.2,0.818181818182,3.8,0.727272727273,-1.7,0.272727272727,0.636363636364,0,1,-0.7,0.181818181818,0.1,1
0.0909090909091,0.0909090909091,0.454545454545,0,0.818181818182,0,0.727272727273,-0.8,0.181818181818,0.636363636364,0.3,0.96,0,0.181818181818,0.1,0
0.363636363636,0.181818181818,0.272727272727,1.4,0.818181818182,2,0.727272727273,-1.4,0.272727272727,0.636363636364,0,1,-0.6,0.363636363636,0.1,0
