AAWt,AAMt,Sstruct,SaccW,ShbondsW,SaccM,ShbondsM,yDDG,Result,Positiontype,ProteinPropens,Positionaccept,MOSST,SectorSuperficie,Functionalrelevancefunction,Clinical
0.142857142857,0.142857142857,0.285714285714,84.5,0.714285714286,84.5,0.571428571429,0.3,0.142857142857,0.142857142857,0.9,0.25,0.2,0.428571428571,0.15,1
0.142857142857,0.142857142857,0.142857142857,25.3,0.714285714286,15.7,0.571428571429,-1.4,0.285714285714,0.714285714286,0.3,0.97,-0.7,0.142857142857,0.25,1
0.142857142857,0.142857142857,0.142857142857,0,0.714285714286,0,0.571428571429,-1.3,0.285714285714,0.714285714286,0,1,-1.1,0.142857142857,0.5,1
0.142857142857,0.142857142857,0.285714285714,25.4,0.714285714286,38.2,0.571428571429,0.8,0.285714285714,0.714285714286,0,1,-1.3,0.428571428571,0,1
0.285714285714,0.285714285714,0.428571428571,47.8,0.142857142857,67.9,0.428571428571,1.6,0.142857142857,0.142857142857,0.2,0.92,-0.8,0.428571428571,0.35,0
0.142857142857,0.142857142857,0.428571428571,63.3,0.142857142857,98.4,0.428571428571,0.7,0.285714285714,0.714285714286,0,1,-0.5,0.285714285714,1,1
0.285714285714,0.285714285714,0.428571428571,12.8,0.714285714286,39.6,0.428571428571,2.7,0.142857142857,0.714285714286,0,1,-0.5,0.285714285714,0.6,0
