AAWt,AAMt,Sstruct,SaccW,ShbondsW,SaccM,ShbondsM,yDDG,Result,Positiontype,ProteinPropens,Positionaccept,MOSST,SectorSuperficie,Functionalrelevancefunction,Clinical
0.142857142857,0.142857142857,0.285714285714,68.8,0.428571428571,71.8,0.857142857143,-2.4,0.428571428571,0.428571428571,0,1,-1.1,0.428571428571,0,0
0.142857142857,0.142857142857,0.285714285714,1.4,0.428571428571,2,0.857142857143,-1.4,0.428571428571,0.428571428571,0,1,-0.6,0.428571428571,0.1,0
0.142857142857,0.142857142857,0.571428571429,44.8,0.142857142857,47.1,0.857142857143,-1.4,0.428571428571,0.142857142857,0.8,0.28,0.6,0.142857142857,0.15,1
0.142857142857,0.285714285714,0.142857142857,14.4,0.428571428571,20.5,0.142857142857,-3.1,0.428571428571,0.142857142857,0.2,0.48,-0.2,0.428571428571,0.8,0
0.142857142857,0.142857142857,0.571428571429,0,0.428571428571,0,0.857142857143,0,0.142857142857,0.428571428571,0,1,-1.3,0.142857142857,0.5,1
0.142857142857,0.285714285714,0.571428571429,4.9,0.428571428571,3.1,0.857142857143,-1.8,0.428571428571,0.285714285714,0.7,0.73,0,0.285714285714,0.75,0
0.142857142857,0.142857142857,0.571428571429,20.1,0.428571428571,17.3,0.857142857143,-3,0.428571428571,0.285714285714,0.2,0.59,-0.3,0.285714285714,0.1,1
