AAWt,AAMt,Sstruct,SaccW,ShbondsW,SaccM,ShbondsM,yDDG,Result,Positiontype,ProteinPropens,Positionaccept,MOSST,SectorSuperficie,Functionalrelevancefunction,Clinical
0.18181818181818182,0.09090909090909091,0.2727272727272727,35.5,0.7272727272727273,26.6,0.8181818181818182,-3.7,0.2727272727272727,0.7272727272727273,0.3,0.95,-1,0.18181818181818182,0.1,0
0.36363636363636365,0.09090909090909091,0.45454545454545453,50.3,0.09090909090909091,72.2,0.8181818181818182,-2.4,0.2727272727272727,0.7272727272727273,0,1,-0.7,0.18181818181818182,0.1,0
0.09090909090909091,0.09090909090909091,0.2727272727272727,29.8,0.7272727272727273,30.4,0.8181818181818182,-0.2,0.36363636363636365,0.2727272727272727,0,0.81,0.3,0.18181818181818182,0.2,0
0.18181818181818182,0.09090909090909091,0.2727272727272727,93.3,0.7272727272727273,102.6,0.18181818181818182,0.1,0.36363636363636365,0.7272727272727273,0,1,-1.1,0.18181818181818182,0.3,1
0.09090909090909091,0.09090909090909091,0.45454545454545453,0,0.7272727272727273,0,0.8181818181818182,1.9,0.09090909090909091,0.7272727272727273,0,1,-1.3,0.09090909090909091,0.75,0
0.36363636363636365,0.09090909090909091,0.2727272727272727,0,0.7272727272727273,0,0.8181818181818182,-1.3,0.18181818181818182,0.7272727272727273,0,1,-1.1,0.09090909090909091,0.5,1
0.09090909090909091,0.09090909090909091,0.2727272727272727,12.8,0.7272727272727273,39.6,0.18181818181818182,2.7,0.09090909090909091,0.7272727272727273,0,1,-0.5,0.09090909090909091,0.6,0
0.36363636363636365,0.18181818181818182,0.45454545454545453,66.5,0.18181818181818182,53.3,0.8181818181818182,0.3,0.36363636363636365,0.2727272727272727,0.7,0.85,-0.3,0.36363636363636365,0.25,1
0.09090909090909091,0.09090909090909091,0.45454545454545453,7.3,0.7272727272727273,16.4,0.8181818181818182,-3.1,0.2727272727272727,0.7272727272727273,0,1,-1,0.36363636363636365,0.95,1
0.36363636363636365,0.18181818181818182,0.45454545454545453,66.5,0.18181818181818182,53.3,0.8181818181818182,0.3,0.36363636363636365,0.2727272727272727,0.7,0.85,-0.3,0.36363636363636365,0.25,1
0.09090909090909091,0.09090909090909091,0.2727272727272727,1.2,0.7272727272727273,3.8,0.8181818181818182,-1.7,0.18181818181818182,0.7272727272727273,0,1,-0.7,0.36363636363636365,0.1,1
