AAWt,AAMt,Sstruct,SaccW,ShbondsW,SaccM,ShbondsM,yDDG,Result,Positiontype,ProteinPropens,Positionaccept,MOSST,SectorSuperficie,Functionalrelevancefunction,Clinical
0.0909090909091,0.0909090909091,0.181818181818,6.7,0.727272727273,25.3,0.818181818182,1.2,0.181818181818,0.545454545455,0.7,0.78,-0.6,0.272727272727,0.5,1
0.272727272727,0.181818181818,0.0909090909091,4.2,0.727272727273,13.7,0.818181818182,-6.5,0.272727272727,0.363636363636,1,0.95,-0.9,0.0909090909091,0.1,0
0.272727272727,0.0909090909091,0.181818181818,93.3,0.727272727273,102.6,0.181818181818,0.1,0.272727272727,0.363636363636,0,1,-1.1,0.272727272727,0.3,1
0.0909090909091,0.0909090909091,0.454545454545,91.7,0.181818181818,64.7,0.818181818182,0,0.272727272727,0.545454545455,0.5,0.9,-0.7,0.272727272727,0,0
0.0909090909091,0.0909090909091,0.454545454545,75.7,0.181818181818,90.9,0.181818181818,-0.6,0.0909090909091,0.545454545455,0.1,0.72,-0.2,0.0909090909091,0.1,1
0.181818181818,0.181818181818,0.454545454545,11.1,0.727272727273,16.5,0.818181818182,0.2,0.272727272727,0.545454545455,0.5,0.91,-0.3,0.363636363636,0.5,0
0.0909090909091,0.181818181818,0.454545454545,66.5,0.0909090909091,47.9,0.818181818182,-1.4,0.181818181818,0.545454545455,0.7,0.85,0,0.363636363636,0.25,1
0.0909090909091,0.0909090909091,0.454545454545,46.3,0.727272727273,11.6,0.818181818182,1.8,0.181818181818,0.363636363636,0,1,-1,0.363636363636,0.35,1
0.181818181818,0.0909090909091,0.181818181818,0,0.727272727273,0,0.818181818182,-1.3,0.181818181818,0.0909090909091,0.7,0.25,-0.1,0.363636363636,0,1
0.272727272727,0.0909090909091,0.181818181818,0.1,0.727272727273,0.3,0.818181818182,-3.1,0.272727272727,0.545454545455,0.5,0.9,-0.7,0.0909090909091,0.1,1
0.0909090909091,0.181818181818,0.0909090909091,25.3,0.727272727273,32.4,0.818181818182,-2.5,0.272727272727,0.363636363636,0.3,0.97,0,0.0909090909091,0.25,0
