AAWt,AAMt,Sstruct,SaccW,ShbondsW,SaccM,ShbondsM,yDDG,Result,Positiontype,ProteinPropens,Positionaccept,MOSST,SectorSuperficie,Functionalrelevancefunction,Clinical
0.011437336253365155,0.011437336253365155,0.011437336253365155,0.5444172056601814,0.04574934501346062,0.7960386032342147,0.04574934501346062,-0.24247152857134127,0.011437336253365155,0.04574934501346062,0.0,0.04574934501346062,-0.04574934501346062,0.011437336253365155,0.004574934501346062,0
0.1080935176523046,0.1080935176523046,0.2161870353046092,0.0,0.4323740706092184,0.0,0.4323740706092184,-0.34589925648737474,0.1080935176523046,0.4323740706092184,0.1297122211827655,0.4150791077848497,0.0,0.2161870353046092,0.04323740706092184,0
0.10277106932970123,0.10277106932970123,0.20554213865940246,0.0,0.4110842773188049,0.0,0.4110842773188049,0.2877589941231634,0.20554213865940246,0.4110842773188049,0.0,0.4110842773188049,-0.2877589941231634,0.10277106932970123,0.20554213865940246,0
0.005309881556904706,0.005309881556904706,0.005309881556904706,0.39930309307923395,0.021239526227618825,0.9154235804103714,0.021239526227618825,-0.00849581049104753,0.010619763113809412,0.021239526227618825,0.0,0.021239526227618825,-0.019115573604856943,0.010619763113809412,0.0021239526227618826,1
