AAWt,AAMt,Sstruct,SaccW,ShbondsW,SaccM,ShbondsM,yDDG,Result,Positiontype,ProteinPropens,Positionaccept,MOSST,SectorSuperficie,Functionalrelevancefunction,Clinical
0.0909090909091,0.181818181818,0.545454545455,14.1,0.636363636364,33,0.636363636364,-1.7,0.272727272727,0.454545454545,0.7,0.85,-0.5,0.0909090909091,0.5,1
0.181818181818,0.181818181818,0.0909090909091,82.8,0.363636363636,74.3,0.272727272727,-0.7,0.0909090909091,0.454545454545,0.8,0.64,-0.2,0.181818181818,0.1,0
0.181818181818,0.181818181818,0.0909090909091,96.5,0.363636363636,95.3,0.272727272727,0.3,0.181818181818,0.454545454545,0.4,0.6,0.2,0.0909090909091,0.3,0
0.0909090909091,0.181818181818,0.545454545455,0,0.636363636364,0,0.636363636364,-5.1,0.272727272727,0.545454545455,0.3,0.96,-1,0.363636363636,0.1,1
0.0909090909091,0.0909090909091,0.545454545455,0.5,0.636363636364,0.2,0.636363636364,1.5,0.181818181818,0.545454545455,0,1,-1.3,0.363636363636,0,0
0.272727272727,0.181818181818,0.545454545455,45.5,0.363636363636,50.6,0.272727272727,1.2,0.181818181818,0.454545454545,0.9,0.69,-0.2,0.0909090909091,0.1,1
0.0909090909091,0.0909090909091,0.545454545455,0,0.636363636364,0,0.636363636364,-3.4,0.272727272727,0.545454545455,0.3,0.96,-1,0.0909090909091,0.35,1
0.0909090909091,0.181818181818,0.272727272727,0,0.636363636364,4.1,0.636363636364,-2.5,0.272727272727,0.545454545455,0,1,-0.8,0.363636363636,0.15,0
0.272727272727,0.181818181818,0.272727272727,50.3,0.363636363636,55,0.0909090909091,-1.6,0.272727272727,0.545454545455,0,1,-1.1,0.181818181818,0.1,0
0.272727272727,0.181818181818,0.545454545455,0,0.636363636364,0,0.636363636364,0,0.181818181818,0.545454545455,0,1,-1.3,0.0909090909091,0.5,1
0.0909090909091,0.0909090909091,0.272727272727,6,0.636363636364,15.4,0.636363636364,-1.4,0.272727272727,0.454545454545,0.5,0.61,-0.3,0.363636363636,0.6,0
