feature,mean,var,std,min,max
SaccW,78.1857142857,1548.73836735,39.3540133576,21.2,111.8
SaccM,75.4,1216.51428571,34.878564846,25.6,128.5
yDDG,-0.557142857143,1.62816326531,1.27599500991,-3.0,1.2
ProteinPropens,0.414285714286,0.0869387755102,0.294853820579,0.0,0.9
Positionaccept,0.714285714286,0.0187387755102,0.136889647199,0.62,1.0
MOSST,-0.314285714286,0.161224489796,0.40152769493,-1.0,0.4
Functionalrelevancefunction,0.414285714286,0.0290816326531,0.170533376947,0.1,0.55
