AAWt,AAMt,Sstruct,SaccW,ShbondsW,SaccM,ShbondsM,yDDG,Result,Positiontype,ProteinPropens,Positionaccept,MOSST,SectorSuperficie,Functionalrelevancefunction,Clinical
0.2727272727272727,0.2727272727272727,0.45454545454545453,30.2,0.2727272727272727,12,0.7272727272727273,-2.6,0.5454545454545454,0.45454545454545453,0.2,0.9,-0.8,0.5454545454545454,0.1,0
0.09090909090909091,0.18181818181818182,0.18181818181818182,38.7,0.6363636363636364,56.6,0.18181818181818182,-1.7,0.18181818181818182,0.36363636363636365,0,1,-1.1,0.36363636363636365,0.1,1
0.18181818181818182,0.2727272727272727,0.09090909090909091,93.3,0.6363636363636364,90.2,0.7272727272727273,-0.5,0.09090909090909091,0.36363636363636365,0,1,-1.1,0.36363636363636365,0.3,0
0.09090909090909091,0.18181818181818182,0.09090909090909091,3.2,0.2727272727272727,33.2,0.7272727272727273,-5.8,0.5454545454545454,0.36363636363636365,0.5,0.92,-0.8,0.09090909090909091,0.6,1
0.09090909090909091,0.09090909090909091,0.09090909090909091,42.5,0.6363636363636364,55.3,0.7272727272727273,0.7,0.09090909090909091,0.45454545454545453,0.5,0.93,-0.6,0.5454545454545454,0.1,0
0.18181818181818182,0.18181818181818182,0.09090909090909091,0.2,0.6363636363636364,34.1,0.7272727272727273,-4.7,0.5454545454545454,0.18181818181818182,0.5,0.91,-0.7,0.5454545454545454,0.1,0
0.09090909090909091,0.09090909090909091,0.45454545454545453,7.3,0.6363636363636364,14.4,0.7272727272727273,-2.2,0.5454545454545454,0.36363636363636365,0,1,-0.9,0.5454545454545454,0.95,0
0.09090909090909091,0.09090909090909091,0.45454545454545453,66.5,0.09090909090909091,47.9,0.7272727272727273,-1.4,0.18181818181818182,0.45454545454545453,0.7,0.85,0,0.5454545454545454,0.25,1
0.2727272727272727,0.2727272727272727,0.18181818181818182,18.3,0.6363636363636364,12.9,0.7272727272727273,-3.5,0.5454545454545454,0.45454545454545453,0.5,0.85,-0.8,0.36363636363636365,0.8,0
0.09090909090909091,0.18181818181818182,0.45454545454545453,14.4,0.2727272727272727,20.5,0.18181818181818182,-3.1,0.5454545454545454,0.18181818181818182,0.2,0.48,-0.2,0.36363636363636365,0.8,0
0.2727272727272727,0.09090909090909091,0.45454545454545453,74.6,0.6363636363636364,70.3,0.09090909090909091,1.1,0.09090909090909091,0.45454545454545453,0,0.79,-0.3,0.5454545454545454,0.35,1
