AAWt,AAMt,Sstruct,SaccW,ShbondsW,SaccM,ShbondsM,yDDG,Result,Positiontype,ProteinPropens,Positionaccept,MOSST,SectorSuperficie,Functionalrelevancefunction,Clinical
0.153846153846,0.0769230769231,0.461538461538,74.6,0.923076923077,70.3,0.307692307692,1.1,0.0769230769231,0.461538461538,0,0.79,-0.3,0.153846153846,0.35,1
0.0769230769231,0.230769230769,0.230769230769,0,0.923076923077,0,0.615384615385,-2.9,0.230769230769,0.461538461538,0.3,0.96,-0.8,0.0769230769231,0.35,1
0.0769230769231,0.153846153846,0.307692307692,6.7,0.923076923077,17.7,0.615384615385,-0.3,0.384615384615,0.461538461538,0.7,0.78,-0.5,0.153846153846,0.5,1
0.0769230769231,0.0769230769231,0.230769230769,0,0.923076923077,0,0.615384615385,-1.3,0.307692307692,0.461538461538,0,1,-1.1,0.153846153846,0.5,1
0.0769230769231,0.153846153846,0.307692307692,68.8,0.0769230769231,71.8,0.615384615385,-2.4,0.230769230769,0.461538461538,0,1,-1.1,0.153846153846,0,0
0.307692307692,0.230769230769,0.461538461538,111.8,0.923076923077,93.3,0.307692307692,-0.4,0.384615384615,0.461538461538,0.5,0.62,-0.4,0.0769230769231,0.55,1
0.153846153846,0.0769230769231,0.307692307692,12.8,0.923076923077,17.4,0.0769230769231,-1.2,0.307692307692,0.461538461538,0,1,-0.8,0.0769230769231,0.6,0
0.0769230769231,0.0769230769231,0.461538461538,11.1,0.923076923077,46.4,0.307692307692,-0.4,0.384615384615,0.461538461538,0.5,0.91,-0.8,0.153846153846,0.5,0
0.307692307692,0.230769230769,0.307692307692,52.6,0.923076923077,81.8,0.307692307692,-1.5,0.307692307692,0.461538461538,0,1,-1.3,0.0769230769231,0.8,1
0.0769230769231,0.0769230769231,0.461538461538,0,0.923076923077,5.5,0.615384615385,-1.5,0.307692307692,0.461538461538,0,1,-0.6,0.230769230769,0.15,1
0.307692307692,0.0769230769231,0.230769230769,0.2,0.923076923077,4.6,0.615384615385,-5.1,0.230769230769,0.461538461538,0.6,0.89,-0.5,0.230769230769,0.1,1
0.307692307692,0.0769230769231,0.461538461538,59.5,0.923076923077,67.4,0.615384615385,0,0.384615384615,0.0769230769231,0.9,0.56,0.4,0.230769230769,0.1,1
0.0769230769231,0.0769230769231,0.461538461538,50.8,0.923076923077,62.7,0.615384615385,0.3,0.384615384615,0.461538461538,1,0.63,-0.2,0.153846153846,0.25,0
