AAWt,AAMt,Sstruct,SaccW,ShbondsW,SaccM,ShbondsM,yDDG,Result,Positiontype,ProteinPropens,Positionaccept,MOSST,SectorSuperficie,Functionalrelevancefunction,Clinical
0.00544220769717,0.00544220769717,0.0108844153943,0.552928302032,0.0217688307887,0.831569336127,0.0108844153943,0.0174150646309,0.0108844153943,0.0163266230915,0.0,0.0217688307887,-0.0282994800253,0.00544220769717,0.0,1
0.00625418021546,0.00312709010773,0.00312709010773,0.522849466013,0.0125083604309,0.851819345346,0.00312709010773,0.0200133766895,0.00312709010773,0.00938127032319,0.0,0.0118829424094,-0.0125083604309,0.00312709010773,0.00125083604309,0
0.00512207443111,0.00512207443111,0.0102441488622,0.948608184641,0.0204882977244,0.313470955184,0.0102441488622,-0.00409765954489,0.00512207443111,0.0153662232933,0.0,0.0204882977244,-0.0204882977244,0.00512207443111,0.00717090420355,1
0.0149909369705,0.00749546848524,0.00749546848524,0.548668293119,0.0299818739409,0.833496095558,0.00749546848524,0.0269836865469,0.0149909369705,0.00749546848524,0.0149909369705,0.0254845928498,-0.0209873117587,0.00749546848524,0.0239854991528,1
