algorithm,desc,actualScore,new score
SVC,linear,0.555555555556,0.695652173913
SVC,sigmoid,0.555555555556,0.695652173913
