algorithm,desc,actualScore,new score
SVC,linear,0.555555555556,0.448275862069
SVC,sigmoid,0.555555555556,0.448275862069
