algorithm,desc,actualScore,new score
SVC,linear,0.555555555556,0.454545454545
SVC,sigmoid,0.555555555556,0.454545454545
