AAWt,AAMt,Sstruct,SaccW,ShbondsW,SaccM,ShbondsM,yDDG,Result,Positiontype,ProteinPropens,Positionaccept,MOSST,SectorSuperficie,Functionalrelevancefunction,Clinical
0.00633598751875,0.00316799375938,0.0126719750375,0.521134973417,0.0190079625563,0.85155672252,0.0158399687969,-0.035481530105,0.00633598751875,0.00633598751875,0.0,0.0221759563156,-0.0199583606841,0.00633598751875,0.0133055737894,0
0.0854974147843,0.0427487073921,0.128246122176,0.418937332443,0.256492244353,0.59848190349,0.213743536961,-0.418937332443,0.0854974147843,0.0854974147843,0.0,0.299240951745,-0.179544571047,0.128246122176,0.0299240951745,0
0.00565167068975,0.00565167068975,0.022606682759,0.569688405527,0.00565167068975,0.811014743979,0.0113033413795,-0.122641253968,0.0113033413795,0.00565167068975,0.00791233896565,0.0189896135176,-0.00791233896565,0.0169550120692,0.0316493558626,0
0.00231631700263,0.00231631700263,0.0069489510079,0.653433026443,0.0138979020158,0.755582606259,0.00463263400527,-0.0356712818406,0.00463263400527,0.0069489510079,0.00972853141107,0.014106370546,-0.00972853141107,0.00463263400527,0.00972853141107,0
0.00263283739068,0.00263283739068,0.0105313495627,0.764839261992,0.0157970243441,0.643202174542,0.0131641869534,0.0184298617347,0.00526567478135,0.00263283739068,0.0165868755613,0.00479176405103,0.00921493086737,0.00263283739068,0.0,1
0.00543829418574,0.0108765883715,0.0163148825572,0.255055997311,0.0326297651145,0.963121900295,0.0271914709287,0.0456816711602,0.00543829418574,0.0163148825572,0.0266476415101,0.0296930862542,-0.0228408355801,0.0163148825572,0.0190340296501,1
0.00429073840948,0.00858147681896,0.0171629536379,0.636745579966,0.0257444304569,0.768900322978,0.0214536920474,0.0240281350931,0.00858147681896,0.0128722152284,0.0,0.0249291901591,-0.0180211013198,0.00429073840948,0.00750879221659,0
