AAWt,AAMt,Sstruct,SaccW,ShbondsW,SaccM,ShbondsM,yDDG,Result,Positiontype,ProteinPropens,Positionaccept,MOSST,SectorSuperficie,Functionalrelevancefunction,Clinical
0.153846153846,0.153846153846,0.307692307692,0,0.769230769231,0,0.692307692308,-1,0.230769230769,0.384615384615,0,1,-1.1,0.0769230769231,0.35,1
0.307692307692,0.0769230769231,0.461538461538,11.1,0.769230769231,46.4,0.153846153846,-0.4,0.0769230769231,0.615384615385,0.5,0.91,-0.8,0.461538461538,0.5,0
0.0769230769231,0.153846153846,0.461538461538,111.8,0.769230769231,92.1,0.692307692308,-0.5,0.230769230769,0.615384615385,0.5,0.62,-0.1,0.0769230769231,0.55,0
0.0769230769231,0.0769230769231,0.230769230769,68.8,0.230769230769,71.8,0.692307692308,-2.4,0.307692307692,0.384615384615,0,1,-1.1,0.153846153846,0,0
0.0769230769231,0.0769230769231,0.230769230769,1.4,0.769230769231,2,0.692307692308,-1.4,0.307692307692,0.384615384615,0,1,-0.6,0.153846153846,0.1,0
0.0769230769231,0.0769230769231,0.230769230769,62.5,0.230769230769,104.4,0.692307692308,-3.6,0.307692307692,0.615384615385,0.7,0.59,-0.2,0.153846153846,0.25,1
0.0769230769231,0.0769230769231,0.307692307692,45.4,0.769230769231,41.5,0.153846153846,-1.8,0.307692307692,0.615384615385,0.1,0.57,-0.2,0.461538461538,0.1,0
0.153846153846,0.0769230769231,0.307692307692,29.8,0.769230769231,33.5,0.692307692308,-2.1,0.307692307692,0.615384615385,0,0.81,-0.1,0.0769230769231,0.2,0
0.307692307692,0.0769230769231,0.307692307692,4.9,0.230769230769,3.1,0.692307692308,-1.8,0.307692307692,0.615384615385,0.7,0.73,0,0.461538461538,0.75,0
0.307692307692,0.0769230769231,0.461538461538,11.1,0.769230769231,11.3,0.692307692308,1.4,0.0769230769231,0.615384615385,0.5,0.91,-0.4,0.461538461538,0.5,1
0.0769230769231,0.153846153846,0.461538461538,7.3,0.769230769231,1.7,0.153846153846,-2.3,0.307692307692,0.384615384615,0,1,-0.3,0.461538461538,0.95,1
0.0769230769231,0.0769230769231,0.461538461538,25.4,0.769230769231,36.1,0.692307692308,-1,0.307692307692,0.384615384615,0,1,-0.5,0.153846153846,0,0
0.307692307692,0.153846153846,0.461538461538,11.1,0.769230769231,28.8,0.153846153846,-0.7,0.230769230769,0.615384615385,0.5,0.91,-0.7,0.461538461538,0.5,1
