AAWt,AAMt,Sstruct,SaccW,ShbondsW,SaccM,ShbondsM,yDDG,Result,Positiontype,ProteinPropens,Positionaccept,MOSST,SectorSuperficie,Functionalrelevancefunction,Clinical
0.014245534582319955,0.014245534582319955,0.05698213832927982,0.7806552951111335,0.05698213832927982,0.6154070939562221,0.04273660374695987,0.011396427665855965,0.014245534582319955,0.014245534582319955,0.005698213832927982,0.014245534582319955,0.011396427665855965,0.04273660374695987,0.019943748415247934,0
0.00406119848941457,0.00406119848941457,0.01624479395765828,0.7375136456776858,0.01624479395765828,0.6741589492428186,0.00406119848941457,-0.029240629123784903,0.00406119848941457,0.00406119848941457,0.001624479395765828,0.009259532555865218,-0.003248958791531656,0.00406119848941457,0.001624479395765828,0
0.14495798639215954,0.14495798639215954,0.2899159727843191,0.0,0.2899159727843191,0.6957983346823657,0.2174369795882393,-0.23193277822745526,0.14495798639215954,0.14495798639215954,0.0,0.2899159727843191,-0.14495798639215954,0.2174369795882393,0.10147059047451167,1
0.14495798639215954,0.14495798639215954,0.2899159727843191,0.0,0.2899159727843191,0.6957983346823657,0.2174369795882393,-0.23193277822745526,0.14495798639215954,0.14495798639215954,0.0,0.2899159727843191,-0.14495798639215954,0.2174369795882393,0.10147059047451167,1
