AAWt,AAMt,Sstruct,SaccW,ShbondsW,SaccM,ShbondsM,yDDG,Result,Positiontype,ProteinPropens,Positionaccept,MOSST,SectorSuperficie,Functionalrelevancefunction,Clinical
0.006583941933503577,0.006583941933503577,0.013167883867007154,0.5899211972419205,0.026335767734014307,0.8019241275007356,0.006583941933503577,-0.055305112241430046,0.013167883867007154,0.019751825800510728,0.0,0.04608759353452504,-0.03687007482762003,0.006583941933503577,0.027652556120715023,0
0.03447325826358404,0.03447325826358404,0.10341977479075214,0.7722009851042827,0.10341977479075214,0.0,0.10341977479075214,-0.5067568964746856,0.03447325826358404,0.10341977479075214,0.12065640392254418,0.22200778321748127,-0.12065640392254418,0.03447325826358404,0.144787684707053,1
0.026359228547679057,0.07907768564303717,0.07907768564303717,0.9041215391853917,0.07907768564303717,0.2767718997506301,0.07907768564303717,-0.05535437995012602,0.10543691419071623,0.07907768564303717,0.1291602198836274,0.13469565787864,-0.05535437995012602,0.052718457095358114,0.13838594987531505,1
0.009135213633690529,0.013702820450535792,0.009135213633690529,0.2142207597100429,0.018270427267381057,0.9751840553964639,0.013702820450535792,0.015986623858958424,0.018270427267381057,0.013702820450535792,0.02238127340254179,0.024939133219975144,0.003197324771791685,0.009135213633690529,0.015986623858958424,0
0.06178838733902055,0.06178838733902055,0.030894193669510274,0.0,0.1235767746780411,0.8001596160403162,0.09268258100853081,-0.43251871137314385,0.06178838733902055,0.09268258100853081,0.0,0.21625935568657192,-0.2811371623925435,0.030894193669510274,0.032438903352985785,0
0.0036119148366015427,0.0036119148366015427,0.0054178722549023135,0.4677429713398998,0.0072238296732030855,0.8836549647745675,0.0054178722549023135,-0.0050566807712421604,0.0072238296732030855,0.0018059574183007714,0.0025283403856210802,0.011251114716013805,-0.0025283403856210802,0.0036119148366015427,0.0,0
0.002106524041894079,0.003159786062841119,0.0010532620209470396,0.7114784951497253,0.003159786062841119,0.7026310941737701,0.003159786062841119,0.002211850243988783,0.004213048083788158,0.003159786062841119,0.0029491336586517113,0.004423700487977566,0.0014745668293258557,0.002106524041894079,0.002211850243988783,0
