Metric,Score
accuracy,0.363636363636
recall,0.181818181818
precision,0.181818181818
