AAWt,AAMt,Sstruct,SaccW,ShbondsW,SaccM,ShbondsM,yDDG,Result,Positiontype,ProteinPropens,Positionaccept,MOSST,SectorSuperficie,Functionalrelevancefunction,Clinical
0.00807994623946,0.00807994623946,0.00807994623946,0.358749613032,0.0242398387184,0.930809806786,0.0161598924789,-0.0226238494705,0.0242398387184,0.0161598924789,0.0161598924789,0.0294110043116,-0.0226238494705,0.0242398387184,0.0161598924789,1
0.00254028764511,0.00254028764511,0.00254028764511,0.635071911278,0.00254028764511,0.772247444114,0.00508057529022,-0.00812892046435,0.00762086293533,0.00508057529022,0.00711280540631,0.00599507884246,0.00406446023218,0.00254028764511,0.00254028764511,1
0.0253659303196,0.0253659303196,0.0253659303196,0.0202927442557,0.0760977909588,0.913173491505,0.0507318606392,-0.365269396602,0.0253659303196,0.0253659303196,0.0507318606392,0.0923319863633,-0.060878232767,0.0760977909588,0.0101463721278,0
0.0609801444387,0.0609801444387,0.0609801444387,0.292704693306,0.182940433316,0.829329964367,0.121960288877,-0.146352346653,0.182940433316,0.0609801444387,0.0,0.243920577755,-0.121960288877,0.182940433316,0.0243920577755,0
