AAWt,AAMt,Sstruct,SaccW,ShbondsW,SaccM,ShbondsM,yDDG,Result,Positiontype,ProteinPropens,Positionaccept,MOSST,SectorSuperficie,Functionalrelevancefunction,Clinical
0.09090909090909091,0.18181818181818182,0.36363636363636365,3.2,0.36363636363636365,0.1,0.8181818181818182,-1.9,0.09090909090909091,0.5454545454545454,0.5,0.92,-0.6,0.09090909090909091,0.6,1
0.09090909090909091,0.09090909090909091,0.36363636363636365,11.9,0.5454545454545454,15.2,0.8181818181818182,-2.3,0.2727272727272727,0.5454545454545454,0,1,-1.2,0.09090909090909091,0.1,1
0.18181818181818182,0.09090909090909091,0.36363636363636365,0,0.5454545454545454,0,0.8181818181818182,-3.4,0.2727272727272727,0.5454545454545454,0.3,0.96,-1,0.09090909090909091,0.35,1
0.2727272727272727,0.18181818181818182,0.36363636363636365,40.3,0.5454545454545454,39.7,0.8181818181818182,0.2,0.36363636363636365,0.36363636363636365,0.6,0.87,0,0.18181818181818182,0.6,0
0.09090909090909091,0.18181818181818182,0.09090909090909091,27.7,0.09090909090909091,34.7,0.8181818181818182,0.4,0.36363636363636365,0.5454545454545454,0,1,-1.3,0.09090909090909091,0.1,1
0.18181818181818182,0.18181818181818182,0.18181818181818182,18.8,0.5454545454545454,25.9,0.8181818181818182,0.7,0.09090909090909091,0.5454545454545454,0,1,-0.7,0.18181818181818182,0.1,0
0.09090909090909091,0.09090909090909091,0.18181818181818182,67.5,0.36363636363636365,32.5,0.09090909090909091,-0.3,0.36363636363636365,0.09090909090909091,0.7,0.87,0.1,0.09090909090909091,0.25,0
0.2727272727272727,0.09090909090909091,0.36363636363636365,40.3,0.5454545454545454,60.9,0.8181818181818182,-2.8,0.2727272727272727,0.36363636363636365,0.6,0.87,-0.6,0.18181818181818182,0.6,1
0.09090909090909091,0.09090909090909091,0.36363636363636365,68.8,0.36363636363636365,83.3,0.09090909090909091,0.4,0.36363636363636365,0.5454545454545454,0,1,-1.2,0.09090909090909091,0,0
0.2727272727272727,0.18181818181818182,0.36363636363636365,0.2,0.5454545454545454,0.3,0.8181818181818182,-0.8,0.09090909090909091,0.36363636363636365,0.6,0.89,0.3,0.18181818181818182,0.1,0
0.09090909090909091,0.18181818181818182,0.36363636363636365,4.9,0.36363636363636365,2.1,0.8181818181818182,2.5,0.09090909090909091,0.36363636363636365,0.7,0.73,-0.4,0.09090909090909091,0.75,1
