AAWt,AAMt,Sstruct,SaccW,ShbondsW,SaccM,ShbondsM,yDDG,Result,Positiontype,ProteinPropens,Positionaccept,MOSST,SectorSuperficie,Functionalrelevancefunction,Clinical
0.181818181818,0.0909090909091,0.181818181818,1.4,0.727272727273,2,0.909090909091,-1.4,0.0909090909091,0.454545454545,0,1,-0.6,0.181818181818,0.1,0
0.363636363636,0.181818181818,0.181818181818,24.3,0.727272727273,14.2,0.909090909091,1.5,0.272727272727,0.181818181818,0,0.41,0.7,0.181818181818,0,1
0.0909090909091,0.272727272727,0.181818181818,65.7,0.181818181818,85.6,0.0909090909091,0.3,0.272727272727,0.363636363636,0.4,0.14,-0.1,0.0909090909091,0.15,1
0.363636363636,0.272727272727,0.636363636364,0.5,0.727272727273,1.2,0.909090909091,-0.4,0.272727272727,0.454545454545,0,1,-0.8,0.272727272727,0,0
0.0909090909091,0.0909090909091,0.636363636364,74,0.0909090909091,87.1,0.909090909091,0.2,0.272727272727,0.181818181818,0.9,0.76,-0.3,0.181818181818,0.1,1
0.363636363636,0.0909090909091,0.636363636364,0.5,0.727272727273,1.5,0.909090909091,1.4,0.272727272727,0.454545454545,0,1,-1.1,0.272727272727,0,0
0.363636363636,0.181818181818,0.181818181818,55.9,0.727272727273,66.1,0.909090909091,-0.9,0.0909090909091,0.363636363636,-0.1,0.2,0.4,0.181818181818,0,1
0.0909090909091,0.181818181818,0.636363636364,0,0.727272727273,0,0.909090909091,2.5,0.0909090909091,0.454545454545,0,1,-0.3,0.0909090909091,0.5,1
0.181818181818,0.272727272727,0.636363636364,0.1,0.727272727273,0.3,0.909090909091,-3.1,0.181818181818,0.363636363636,0.5,0.9,-0.7,0.272727272727,0.1,1
0.0909090909091,0.181818181818,0.636363636364,12.1,0.181818181818,28.6,0.909090909091,1.5,0.272727272727,0.454545454545,0.3,0.97,-0.7,0.181818181818,0.6,1
0.0909090909091,0.0909090909091,0.636363636364,29.8,0.727272727273,33.5,0.909090909091,-2.1,0.181818181818,0.363636363636,0,0.81,-0.1,0.181818181818,0.2,0
