Statistic,Value
Mean,0.540404040404
Std,0.108424827743
Max,0.9
Min,0.1
Var,0.0117559432711
