Statistic,Value
Mean,0.208140791073
Std,0.230803983357
Max,0.777777777778
Min,0.0
Var,0.0532704787334
