Statistic,Value
Mean,37.8084388186
Std,24.408055591
Max,135.0
Min,0.0
Var,595.753177731
