Statistic,Value
Mean,0.454628933968
Std,0.181588449106
Max,0.909090909091
Min,0.0
Var,0.0329743648486
