Statistic,Value
Mean,0.559974747475
Std,0.181711835832
Max,0.818181818182
Min,0.0
Var,0.0330191912816
