Statistic,Value
Mean,0.517316875044
Std,0.0775756502179
Max,0.604615384615
Min,0.153846153846
Var,0.00601798150673
