AAWt,AAMt,Sstruct,SaccW,ShbondsW,SaccM,ShbondsM,yDDG,Result,Positiontype,ProteinPropens,Positionaccept,MOSST,SectorSuperficie,Functionalrelevancefunction,Clinical
0.272727272727,0.0909090909091,0.181818181818,1.4,0.727272727273,2.3,0.909090909091,-3.1,0.272727272727,0.272727272727,0,1,-0.9,0.181818181818,0.1,0
0.181818181818,0.0909090909091,0.545454545455,21.2,0.727272727273,25.6,0.909090909091,0.8,0.0909090909091,0.545454545455,0,0.83,-0.6,0.0909090909091,0.25,0
0.0909090909091,0.272727272727,0.272727272727,44.8,0.181818181818,47.1,0.909090909091,-1.4,0.181818181818,0.0909090909091,0.8,0.28,0.6,0.181818181818,0.15,1
0.0909090909091,0.0909090909091,0.272727272727,0.3,0.727272727273,0,0.909090909091,-5.1,0.272727272727,0.272727272727,0.3,0.95,-0.9,0.0909090909091,0.1,1
0.181818181818,0.0909090909091,0.545454545455,74.6,0.727272727273,70.3,0.0909090909091,1.1,0.0909090909091,0.545454545455,0,0.79,-0.3,0.363636363636,0.35,1
0.272727272727,0.272727272727,0.545454545455,0,0.727272727273,0,0.909090909091,-2.4,0.272727272727,0.545454545455,0.7,0.78,-0.5,0.181818181818,0.1,1
0.272727272727,0.0909090909091,0.181818181818,93.3,0.727272727273,96.3,0.909090909091,-1,0.181818181818,0.272727272727,0,1,-1,0.181818181818,0.3,1
0.181818181818,0.272727272727,0.272727272727,4.9,0.0909090909091,1.5,0.909090909091,-0.3,0.181818181818,0.545454545455,0.7,0.73,-0.3,0.363636363636,0.75,1
0.181818181818,0.0909090909091,0.545454545455,11.1,0.727272727273,23.1,0.909090909091,-0.4,0.181818181818,0.545454545455,0.5,0.91,0,0.363636363636,0.5,1
0.181818181818,0.0909090909091,0.545454545455,62,0.181818181818,37.2,0.909090909091,-0.7,0.181818181818,0.0909090909091,0.3,0.67,-0.4,0.0909090909091,0.35,0
0.181818181818,0.0909090909091,0.545454545455,55.9,0.727272727273,66.1,0.909090909091,-0.9,0.181818181818,0.545454545455,-0.1,0.2,0.4,0.363636363636,0,1
