AAWt,AAMt,Sstruct,SaccW,ShbondsW,SaccM,ShbondsM,yDDG,Result,Positiontype,ProteinPropens,Positionaccept,MOSST,SectorSuperficie,Functionalrelevancefunction,Clinical
0.181818181818,0.272727272727,0.363636363636,40.3,0.909090909091,46.6,0.181818181818,-2.2,0.363636363636,0.272727272727,0.6,0.87,-0.6,0.181818181818,0.6,0
0.0909090909091,0.272727272727,0.363636363636,0,0.909090909091,0,0.727272727273,-2.9,0.363636363636,0.545454545455,0.3,0.96,-0.8,0.0909090909091,0.35,1
0.181818181818,0.0909090909091,0.363636363636,1.4,0.909090909091,2,0.727272727273,-1.4,0.181818181818,0.545454545455,0,1,-0.6,0.272727272727,0.1,0
0.0909090909091,0.272727272727,0.363636363636,37,0.909090909091,69.9,0.0909090909091,-0.4,0.181818181818,0.0909090909091,0.2,0.89,-0.2,0.181818181818,0,0
0.181818181818,0.0909090909091,0.363636363636,35.5,0.909090909091,58.8,0.181818181818,-1.1,0.181818181818,0.545454545455,0.3,0.95,-0.8,0.272727272727,0.1,0
0.181818181818,0.0909090909091,0.363636363636,40.5,0.909090909091,73.3,0.727272727273,-2.7,0.363636363636,0.0909090909091,0.3,0.44,-0.3,0.181818181818,0.6,0
0.181818181818,0.0909090909091,0.181818181818,50.3,0.0909090909091,72.2,0.727272727273,-2.4,0.363636363636,0.545454545455,0,1,-0.7,0.0909090909091,0.1,0
0.181818181818,0.0909090909091,0.363636363636,40.3,0.909090909091,20.5,0.727272727273,0.3,0.181818181818,0.272727272727,0.6,0.87,-0.1,0.181818181818,0.6,0
0.181818181818,0.181818181818,0.0909090909091,18.3,0.909090909091,29.5,0.727272727273,0.8,0.0909090909091,0.272727272727,0.5,0.85,-0.5,0.272727272727,0.8,0
0.0909090909091,0.181818181818,0.181818181818,0,0.909090909091,6,0.727272727273,1.6,0.0909090909091,0.545454545455,0,1,-1,0.0909090909091,0.75,0
0.181818181818,0.0909090909091,0.363636363636,0,0.909090909091,0,0.727272727273,3.9,0.0909090909091,0.545454545455,0,1,-1.1,0.0909090909091,0.5,1
