AAWt,AAMt,Sstruct,SaccW,ShbondsW,SaccM,ShbondsM,yDDG,Result,Positiontype,ProteinPropens,Positionaccept,MOSST,SectorSuperficie,Functionalrelevancefunction,Clinical
0.07692307692307693,0.3076923076923077,0.07692307692307693,3.9,0.07692307692307693,2.4,1.0,1.4,0.07692307692307693,0.3076923076923077,0.5,0.88,-0.7,0.07692307692307693,0.5,0
0.07692307692307693,0.15384615384615385,0.23076923076923078,40.5,0.8461538461538461,29.7,1.0,-3.3,0.38461538461538464,0.3076923076923077,0.3,0.44,-0.3,0.15384615384615385,0.6,0
0.07692307692307693,0.07692307692307693,0.6153846153846154,7.3,0.8461538461538461,14.4,1.0,-2.2,0.38461538461538464,0.23076923076923078,0,1,-0.9,0.15384615384615385,0.95,0
0.15384615384615385,0.15384615384615385,0.6153846153846154,0,0.8461538461538461,0.1,1.0,-1.5,0.15384615384615385,0.15384615384615385,-0.1,0.64,-0.5,0.15384615384615385,0.1,1
0.38461538461538464,0.3076923076923077,0.6153846153846154,59.5,0.8461538461538461,67.4,1.0,0,0.3076923076923077,0.3076923076923077,0.9,0.56,0.4,0.3076923076923077,0.1,1
0.38461538461538464,0.15384615384615385,0.6153846153846154,111.8,0.8461538461538461,128.5,1.0,-3,0.38461538461538464,0.3076923076923077,0.5,0.62,-0.3,0.15384615384615385,0.55,0
0.38461538461538464,0.15384615384615385,0.6153846153846154,111.8,0.8461538461538461,128.5,1.0,-3,0.38461538461538464,0.3076923076923077,0.5,0.62,-0.3,0.15384615384615385,0.55,0
0.38461538461538464,0.07692307692307693,0.07692307692307693,40.3,0.8461538461538461,20.5,1.0,0.3,0.3076923076923077,0.3076923076923077,0.6,0.87,-0.1,0.07692307692307693,0.6,0
0.38461538461538464,0.3076923076923077,0.6153846153846154,59.5,0.8461538461538461,67.4,1.0,0,0.3076923076923077,0.3076923076923077,0.9,0.56,0.4,0.3076923076923077,0.1,1
0.07692307692307693,0.3076923076923077,0.6153846153846154,18.8,0.8461538461538461,25.9,1.0,0.7,0.07692307692307693,0.23076923076923078,0,1,-0.7,0.3076923076923077,0.1,0
0.07692307692307693,0.15384615384615385,0.23076923076923078,44.8,0.07692307692307693,29.5,1.0,-2.4,0.38461538461538464,0.3076923076923077,0.8,0.28,-0.1,0.3076923076923077,0.15,0
0.15384615384615385,0.15384615384615385,0.6153846153846154,0,0.8461538461538461,0.1,1.0,-1.5,0.15384615384615385,0.15384615384615385,-0.1,0.64,-0.5,0.15384615384615385,0.1,1
0.07692307692307693,0.07692307692307693,0.23076923076923078,0,0.8461538461538461,0,1.0,0,0.3076923076923077,0.23076923076923078,0,1,-1.3,0.07692307692307693,0.5,1
