AAWt,AAMt,Sstruct,SaccW,ShbondsW,SaccM,ShbondsM,yDDG,Result,Positiontype,ProteinPropens,Positionaccept,MOSST,SectorSuperficie,Functionalrelevancefunction,Clinical
0.100809729818,0.100809729818,0.302429189455,0.0,0.302429189455,0.0,0.302429189455,-0.524210595055,0.100809729818,0.100809729818,0.0,0.403238919273,-0.4435628112,0.100809729818,0.201619459636,1
0.0144477682273,0.0288955364546,0.0433433046818,0.0,0.0433433046818,0.976669132164,0.0433433046818,-0.184931433309,0.0288955364546,0.0144477682273,0.0520119656182,0.0271618042673,-0.0115582145818,0.0144477682273,0.0202268755182,1
0.00496423630503,0.00496423630503,0.0148927089151,0.804206281414,0.0148927089151,0.589751273037,0.0148927089151,-0.0655279192264,0.00992847261005,0.00496423630503,0.00595708356603,0.00873705589685,-0.00595708356603,0.00496423630503,0.0119141671321,0
0.00224700541699,0.00449401083398,0.00224700541699,0.744208194107,0.00224700541699,0.66781000993,0.00224700541699,-0.00629161516757,0.00224700541699,0.00224700541699,0.00719041733437,0.0057523338675,-0.00179760433359,0.00224700541699,0.000898802166796,0
