AAWt,AAMt,Sstruct,SaccW,ShbondsW,SaccM,ShbondsM,yDDG,Result,Positiontype,ProteinPropens,Positionaccept,MOSST,SectorSuperficie,Functionalrelevancefunction,Clinical
0.00278018950126,0.00556037900251,0.0166811370075,0.392006719677,0.0166811370075,0.917462535414,0.0166811370075,-0.0472632215213,0.00556037900251,0.011120758005,0.0194613265088,0.0236316107607,-0.0139009475063,0.00278018950126,0.0139009475063,1
0.00179761431746,0.00179761431746,0.000898807158728,0.744212327427,0.00359522863491,0.667813718935,0.00269642147618,-0.0062916501111,0.000898807158728,0.00359522863491,0.00719045726983,0.00575236581586,-0.00179761431746,0.00179761431746,0.000898807158728,0
0.00147459468007,0.00147459468007,0.000737297340033,0.711491933132,0.00294918936013,0.702644365051,0.0022118920201,0.0022118920201,0.00147459468007,0.00294918936013,0.00294918936013,0.0044237840402,0.00147459468007,0.000737297340033,0.0022118920201,0
0.0183489018456,0.0366978036912,0.110093411073,0.0,0.110093411073,0.0,0.110093411073,-0.935793994125,0.0550467055367,0.110093411073,0.0550467055367,0.176149457718,-0.183489018456,0.0550467055367,0.0183489018456,1
0.0382919790534,0.0382919790534,0.22975187432,0.191459895267,0.22975187432,0.0765839581067,0.22975187432,0.574379685801,0.0765839581067,0.22975187432,0.0,0.382919790534,-0.497795727694,0.11487593716,0.0,0
0.00440684211346,0.0029378947423,0.00881368422691,0.668371053874,0.00587578948461,0.743287369803,0.00440684211346,0.0176273684538,0.0029378947423,0.00587578948461,0.0132205263404,0.0101357368609,-0.0029378947423,0.00146894737115,0.00146894737115,1
0.0256039343775,0.0256039343775,0.153623606265,0.0,0.153623606265,0.0,0.153623606265,-0.870533768836,0.0768118031326,0.153623606265,0.0768118031326,0.245797770024,-0.256039343775,0.0256039343775,0.0896137703213,1
0.0195843274502,0.0391686549004,0.0391686549004,0.0,0.117505964701,0.802957425458,0.117505964701,-0.489608186255,0.0587529823506,0.117505964701,0.0,0.195843274502,-0.156674619601,0.0587529823506,0.0293764911753,0
0.00402307820082,0.00268205213388,0.00268205213388,0.674536111671,0.00536410426776,0.737564336817,0.00134102606694,-0.021456417071,0.00268205213388,0.00804615640164,0.0,0.0134102606694,-0.0147512867363,0.00268205213388,0.00134102606694,0
0.140487871737,0.0936585811582,0.280975743475,0.0,0.280975743475,0.0,0.280975743475,0.0,0.0936585811582,0.280975743475,0.0,0.468292905791,-0.608780777528,0.0468292905791,0.234146452895,1
