AAWt,AAMt,Sstruct,SaccW,ShbondsW,SaccM,ShbondsM,yDDG,Result,Positiontype,ProteinPropens,Positionaccept,MOSST,SectorSuperficie,Functionalrelevancefunction,Clinical
0.0769230769231,0.0769230769231,0.0769230769231,27.7,0.0769230769231,34.7,0.846153846154,0.4,0.307692307692,0.615384615385,0,1,-1.3,0.0769230769231,0.1,1
0.153846153846,0.153846153846,0.0769230769231,39.9,0.846153846154,27.5,0.846153846154,2.8,0.0769230769231,0.384615384615,0.4,0.56,-0.4,0.0769230769231,0,1
0.153846153846,0.0769230769231,0.384615384615,0,0.846153846154,0,0.0769230769231,0.6,0.153846153846,0.615384615385,0,1,-1.1,0.153846153846,0.5,0
0.0769230769231,0.153846153846,0.384615384615,7.3,0.846153846154,1.7,0.0769230769231,-2.3,0.230769230769,0.615384615385,0,1,-0.3,0.153846153846,0.95,1
0.230769230769,0.153846153846,0.384615384615,0.3,0.846153846154,0,0.846153846154,-5.1,0.230769230769,0.615384615385,0.3,0.95,-0.9,0.0769230769231,0.1,1
0.230769230769,0.153846153846,0.384615384615,111.8,0.846153846154,92.1,0.846153846154,-0.5,0.230769230769,0.384615384615,0.5,0.62,-0.1,0.0769230769231,0.55,0
0.153846153846,0.0769230769231,0.384615384615,25.4,0.846153846154,38.2,0.846153846154,0.8,0.153846153846,0.615384615385,0,1,-1.3,0.0769230769231,0,1
0.0769230769231,0.230769230769,0.384615384615,4.9,0.0769230769231,1.5,0.846153846154,-0.5,0.230769230769,0.384615384615,0.7,0.73,-0.6,0.153846153846,0.75,0
0.0769230769231,0.230769230769,0.384615384615,0,0.846153846154,0.3,0.846153846154,-3.6,0.230769230769,0.384615384615,0.7,0.78,-0.6,0.153846153846,0.1,0
0.230769230769,0.153846153846,0.0769230769231,52.6,0.846153846154,74.5,0.846153846154,0.3,0.307692307692,0.615384615385,0,1,-1.1,0.0769230769231,0.8,1
0.0769230769231,0.0769230769231,0.384615384615,0,0.846153846154,2.4,0.846153846154,-0.8,0.230769230769,0.615384615385,0,1,-0.5,0.0769230769231,0.35,1
0.153846153846,0.230769230769,0.384615384615,0.5,0.846153846154,1.2,0.846153846154,-0.4,0.307692307692,0.615384615385,0,1,-0.8,0.153846153846,0,0
0.0769230769231,0.153846153846,0.384615384615,50.8,0.846153846154,62.7,0.846153846154,0.3,0.307692307692,0.384615384615,1,0.63,-0.2,0.153846153846,0.25,0
