AAWt,AAMt,Sstruct,SaccW,ShbondsW,SaccM,ShbondsM,yDDG,Result,Positiontype,ProteinPropens,Positionaccept,MOSST,SectorSuperficie,Functionalrelevancefunction,Clinical
0.06393958318805364,0.02131319439601788,0.1065659719800894,0.014919236077212517,0.12787916637610727,0.7310425677834133,0.12787916637610727,-0.5967694430885006,0.08525277758407152,0.1065659719800894,0.07459618038606257,0.13427312469491265,-0.1044346525404876,0.08525277758407152,0.014919236077212517,0
0.004354769928164634,0.004354769928164634,0.021773849640823174,0.5273626383007373,0.004354769928164634,0.8443898890711227,0.004354769928164634,-0.0762084737428811,0.017419079712658537,0.004354769928164634,0.0,0.030483389497152444,-0.024386711597721957,0.004354769928164634,0.025910881072579574,0
0.05121000225583976,0.05121000225583976,0.1280250056395994,0.03584700157908783,0.15363000676751926,0.08961750394771957,0.15363000676751926,-0.9140985402667396,0.10242000451167951,0.1280250056395994,0.10754100473726348,0.15951915702694086,-0.10754100473726348,0.10242000451167951,0.017923500789543915,0
0.1664506265484875,0.05548354218282916,0.05548354218282916,0.0,0.332901253096975,0.07767695905596084,0.332901253096975,-0.6602541519756671,0.05548354218282916,0.27741771091414585,0.2718693566958629,0.30294014031824723,0.07767695905596084,0.22193416873131663,0.03883847952798042,1
0.004107322344076687,0.004107322344076687,0.004107322344076687,0.5261479922762237,0.02464393406446012,0.8481620640518359,0.02464393406446012,0.02300100512682945,0.004107322344076687,0.020536611720383437,0.014375628204268406,0.02443856794725629,-0.014375628204268406,0.004107322344076687,0.02300100512682945,0
0.05121000225583976,0.05121000225583976,0.1280250056395994,0.03584700157908783,0.15363000676751926,0.08961750394771957,0.15363000676751926,-0.9140985402667396,0.10242000451167951,0.1280250056395994,0.10754100473726348,0.15951915702694086,-0.10754100473726348,0.10242000451167951,0.017923500789543915,0
0.19709281688274094,0.06569760562758031,0.3284880281379016,0.0,0.3941856337654819,0.413894915453756,0.3941856337654819,-0.1839532957572249,0.06569760562758031,0.06569760562758031,0.413894915453756,0.21614512251473925,0.27592994363583734,0.06569760562758031,0.16095913378757176,1
