AAWt,AAMt,Sstruct,SaccW,ShbondsW,SaccM,ShbondsM,yDDG,Result,Positiontype,ProteinPropens,Positionaccept,MOSST,SectorSuperficie,Functionalrelevancefunction,Clinical
0.142857142857,0.285714285714,0.714285714286,29.8,0.714285714286,33.5,1.0,-2.1,0.142857142857,0.285714285714,0,0.81,-0.1,0.142857142857,0.2,0
0.142857142857,0.142857142857,0.714285714286,44.8,0.285714285714,47.1,1.0,-1.4,0.571428571429,0.285714285714,0.8,0.28,0.6,0.285714285714,0.15,1
0.285714285714,0.428571428571,0.285714285714,25.4,0.714285714286,36.1,1.0,-1,0.571428571429,0.428571428571,0,1,-0.5,0.142857142857,0,0
0.285714285714,0.428571428571,0.714285714286,0.5,0.714285714286,0.7,1.0,-0.2,0.285714285714,0.428571428571,0,1,-0.8,0.285714285714,0,0
0.285714285714,0.285714285714,0.714285714286,0,0.714285714286,0,1.0,0.7,0.285714285714,0.428571428571,0,1,-0.7,0.142857142857,0.5,0
0.285714285714,0.428571428571,0.285714285714,66.5,0.285714285714,47.9,1.0,-1.4,0.571428571429,0.285714285714,0.7,0.85,0,0.285714285714,0.25,1
0.142857142857,0.142857142857,0.714285714286,0,0.714285714286,0,1.0,-1.4,0.571428571429,0.285714285714,0.7,0.25,-0.1,0.285714285714,0,1
