Metric,Score
accuracy,0.574455840456
recall,0.321794871795
precision,0.653787878788
neg_log_loss,-0.695363219298
f1,0.404184916391
