AAWt,AAMt,Sstruct,SaccW,ShbondsW,SaccM,ShbondsM,yDDG,Result,Positiontype,ProteinPropens,Positionaccept,MOSST,SectorSuperficie,Functionalrelevancefunction,Clinical
0.07692307692307693,0.07692307692307693,0.46153846153846156,29.8,1.0,33.5,0.7692307692307693,-2.1,0.46153846153846156,0.6923076923076923,0,0.81,-0.1,0.07692307692307693,0.2,0
0.07692307692307693,0.07692307692307693,0.23076923076923078,16.3,1.0,43.3,0.7692307692307693,1.6,0.07692307692307693,0.6923076923076923,0.8,0.74,-0.3,0.3076923076923077,0.65,1
0.15384615384615385,0.07692307692307693,0.46153846153846156,45.4,1.0,41.5,0.07692307692307693,-1.8,0.3076923076923077,0.6923076923076923,0.1,0.57,-0.2,0.23076923076923078,0.1,0
0.07692307692307693,0.15384615384615385,0.46153846153846156,40.5,1.0,73.3,0.7692307692307693,-2.7,0.46153846153846156,0.07692307692307693,0.3,0.44,-0.3,0.23076923076923078,0.6,0
0.15384615384615385,0.15384615384615385,0.46153846153846156,45.4,1.0,36.8,0.7692307692307693,-3.6,0.46153846153846156,0.6923076923076923,0.1,0.57,-0.3,0.23076923076923078,0.1,0
0.15384615384615385,0.15384615384615385,0.3076923076923077,1.4,1.0,2,0.7692307692307693,-1.4,0.3076923076923077,0.23076923076923078,0,1,-0.6,0.07692307692307693,0.1,0
0.07692307692307693,0.07692307692307693,0.46153846153846156,57.5,1.0,70.8,0.7692307692307693,-1.3,0.3076923076923077,0.6923076923076923,0.9,0.31,0.1,0.07692307692307693,0.35,1
0.07692307692307693,0.15384615384615385,0.23076923076923078,0,1.0,5.5,0.7692307692307693,-1.5,0.3076923076923077,0.23076923076923078,0,1,-0.6,0.3076923076923077,0.15,1
0.23076923076923078,0.07692307692307693,0.3076923076923077,40.3,1.0,20.5,0.7692307692307693,0.3,0.07692307692307693,0.6923076923076923,0.6,0.87,-0.1,0.15384615384615385,0.6,0
0.15384615384615385,0.07692307692307693,0.3076923076923077,9.8,1.0,17.2,0.15384615384615385,-3.4,0.46153846153846156,0.23076923076923078,0,1,-0.9,0.07692307692307693,0.1,0
0.23076923076923078,0.15384615384615385,0.46153846153846156,0.2,1.0,4.6,0.7692307692307693,-5.1,0.46153846153846156,0.6923076923076923,0.6,0.89,-0.5,0.3076923076923077,0.1,1
0.07692307692307693,0.15384615384615385,0.23076923076923078,6,1.0,4.7,0.7692307692307693,0.5,0.07692307692307693,0.6923076923076923,0.5,0.61,-0.3,0.3076923076923077,0.6,1
0.23076923076923078,0.07692307692307693,0.3076923076923077,40.3,1.0,46.6,0.15384615384615385,-2.2,0.46153846153846156,0.6923076923076923,0.6,0.87,-0.6,0.15384615384615385,0.6,0
