AAWt,AAMt,Sstruct,SaccW,ShbondsW,SaccM,ShbondsM,yDDG,Result,Positiontype,ProteinPropens,Positionaccept,MOSST,SectorSuperficie,Functionalrelevancefunction,Clinical
0.2727272727272727,0.09090909090909091,0.18181818181818182,0.2,0.6363636363636364,9,0.8181818181818182,-3.6,0.2727272727272727,0.09090909090909091,0.5,0.91,-0.6,0.36363636363636365,0.1,0
0.18181818181818182,0.2727272727272727,0.18181818181818182,27.7,0.2727272727272727,34.7,0.8181818181818182,0.4,0.2727272727272727,0.45454545454545453,0,1,-1.3,0.2727272727272727,0.1,1
0.09090909090909091,0.09090909090909091,0.18181818181818182,6.8,0.6363636363636364,8.6,0.09090909090909091,0.5,0.2727272727272727,0.45454545454545453,0.3,0.97,-0.6,0.2727272727272727,0.2,0
0.09090909090909091,0.09090909090909091,0.2727272727272727,44.8,0.2727272727272727,47.1,0.8181818181818182,-1.4,0.36363636363636365,0.2727272727272727,0.8,0.28,0.6,0.18181818181818182,0.15,1
0.09090909090909091,0.09090909090909091,0.2727272727272727,40.5,0.6363636363636364,73.3,0.8181818181818182,-2.7,0.2727272727272727,0.2727272727272727,0.3,0.44,-0.3,0.36363636363636365,0.6,0
0.18181818181818182,0.2727272727272727,0.2727272727272727,41.5,0.6363636363636364,34.9,0.8181818181818182,1,0.09090909090909091,0.2727272727272727,0.9,0.26,0.5,0.36363636363636365,0,1
0.2727272727272727,0.09090909090909091,0.2727272727272727,0,0.6363636363636364,0.2,0.8181818181818182,-1.7,0.36363636363636365,0.18181818181818182,0.7,0.78,0.2,0.18181818181818182,0.1,1
0.18181818181818182,0.2727272727272727,0.18181818181818182,27.7,0.2727272727272727,34.7,0.8181818181818182,0.4,0.2727272727272727,0.45454545454545453,0,1,-1.3,0.2727272727272727,0.1,1
0.09090909090909091,0.09090909090909091,0.2727272727272727,17.3,0.09090909090909091,0.3,0.8181818181818182,-1.1,0.36363636363636365,0.45454545454545453,0,1,-0.7,0.36363636363636365,0.85,0
0.18181818181818182,0.09090909090909091,0.2727272727272727,50.8,0.6363636363636364,23.9,0.8181818181818182,-1.8,0.36363636363636365,0.18181818181818182,1,0.63,-0.3,0.09090909090909091,0.25,0
0.2727272727272727,0.09090909090909091,0.09090909090909091,9.8,0.6363636363636364,17.2,0.09090909090909091,-3.4,0.2727272727272727,0.45454545454545453,0,1,-0.9,0.09090909090909091,0.1,0
