AAWt,AAMt,Sstruct,SaccW,ShbondsW,SaccM,ShbondsM,yDDG,Result,Positiontype,ProteinPropens,Positionaccept,MOSST,SectorSuperficie,Functionalrelevancefunction,Clinical
0.36363636363636365,0.09090909090909091,0.5454545454545454,0,0.8181818181818182,6,0.8181818181818182,1.6,0.18181818181818182,0.5454545454545454,0,1,-1,0.36363636363636365,0.75,0
0.36363636363636365,0.09090909090909091,0.18181818181818182,4.9,0.18181818181818182,3,0.09090909090909091,2.1,0.09090909090909091,0.2727272727272727,0.7,0.73,-0.2,0.09090909090909091,0.75,0
0.18181818181818182,0.09090909090909091,0.5454545454545454,111.8,0.8181818181818182,128.5,0.8181818181818182,-3,0.2727272727272727,0.2727272727272727,0.5,0.62,-0.3,0.09090909090909091,0.55,0
0.18181818181818182,0.09090909090909091,0.18181818181818182,0,0.8181818181818182,0,0.8181818181818182,-0.2,0.2727272727272727,0.5454545454545454,0,1,-0.8,0.18181818181818182,0.5,0
0.36363636363636365,0.09090909090909091,0.5454545454545454,0,0.8181818181818182,10,0.8181818181818182,-3.3,0.2727272727272727,0.5454545454545454,0,1,-0.5,0.36363636363636365,0.75,0
0.09090909090909091,0.18181818181818182,0.09090909090909091,97.4,0.8181818181818182,89.5,0.8181818181818182,-1.8,0.18181818181818182,0.09090909090909091,0.3,0.77,0,0.18181818181818182,0,0
0.18181818181818182,0.09090909090909091,0.5454545454545454,59.5,0.8181818181818182,67.4,0.8181818181818182,0,0.2727272727272727,0.09090909090909091,0.9,0.56,0.4,0.09090909090909091,0.1,1
0.36363636363636365,0.18181818181818182,0.5454545454545454,0,0.8181818181818182,0,0.8181818181818182,1.9,0.18181818181818182,0.5454545454545454,0,1,-1.3,0.36363636363636365,0.75,0
0.09090909090909091,0.09090909090909091,0.09090909090909091,57.7,0.8181818181818182,87.8,0.09090909090909091,-1.2,0.18181818181818182,0.2727272727272727,0.7,0.79,0.1,0.09090909090909091,0.35,0
0.18181818181818182,0.09090909090909091,0.5454545454545454,50.3,0.18181818181818182,35,0.8181818181818182,0.1,0.2727272727272727,0.5454545454545454,0,1,-1,0.09090909090909091,0.1,1
0.09090909090909091,0.09090909090909091,0.09090909090909091,4.2,0.8181818181818182,13.7,0.8181818181818182,-6.5,0.2727272727272727,0.5454545454545454,1,0.95,-0.9,0.36363636363636365,0.1,0
