AAWt,AAMt,Sstruct,SaccW,ShbondsW,SaccM,ShbondsM,yDDG,Result,Positiontype,ProteinPropens,Positionaccept,MOSST,SectorSuperficie,Functionalrelevancefunction,Clinical
0.0149552642277,0.0149552642277,0.0299105284554,0.358926341465,0.0598210569109,0.921244276428,0.0598210569109,-0.0837494796753,0.0149552642277,0.0448657926832,0.0299105284554,0.0364908447156,-0.0179463170733,0.0299105284554,0.0358926341465,0
0.00514639088448,0.010292781769,0.00514639088448,0.821363985163,0.0205855635379,0.566102997293,0.0205855635379,0.0576395779062,0.00514639088448,0.0154391726534,0.00823422541517,0.0115279155812,-0.00823422541517,0.00514639088448,0.0,1
0.00277993588002,0.00555987176005,0.00555987176005,0.661624739445,0.0111197435201,0.749470713254,0.0111197435201,0.0,0.00555987176005,0.00277993588002,0.0100077691681,0.00622705637125,0.00444789740804,0.00555987176005,0.00111197435201,1
0.00223562446466,0.00223562446466,0.00223562446466,0.545492369376,0.00894249785863,0.837912049353,0.00894249785863,0.00268274935759,0.00447124892931,0.00670687339397,0.000894249785863,0.00679629837256,0.00625974850104,0.00223562446466,0.00178849957173,1
