AAWt,AAMt,Sstruct,SaccW,ShbondsW,SaccM,ShbondsM,yDDG,Result,Positiontype,ProteinPropens,Positionaccept,MOSST,SectorSuperficie,Functionalrelevancefunction,Clinical
0.285714285714,0.142857142857,0.571428571429,23.5,0.857142857143,38.4,0.714285714286,-1.6,0.285714285714,0.285714285714,0,1,-0.9,0.285714285714,0.6,0
0.285714285714,0.142857142857,0.428571428571,1.4,0.857142857143,2,0.714285714286,-1.4,0.285714285714,0.285714285714,0,1,-0.6,0.428571428571,0.1,0
0.142857142857,0.142857142857,0.571428571429,14.4,0.142857142857,20.5,0.285714285714,-3.1,0.285714285714,0.142857142857,0.2,0.48,-0.2,0.428571428571,0.8,0
0.142857142857,0.142857142857,0.428571428571,40.3,0.857142857143,46.6,0.285714285714,-2.2,0.285714285714,0.428571428571,0.6,0.87,-0.6,0.285714285714,0.6,0
0.142857142857,0.142857142857,0.571428571429,41.5,0.857142857143,34.9,0.714285714286,1,0.285714285714,0.142857142857,0.9,0.26,0.5,0.142857142857,0,1
0.142857142857,0.285714285714,0.428571428571,6.7,0.857142857143,25.3,0.714285714286,1.2,0.142857142857,0.428571428571,0.7,0.78,-0.6,0.428571428571,0.5,1
0.142857142857,0.285714285714,0.571428571429,21.2,0.857142857143,25.6,0.714285714286,0.8,0.285714285714,0.428571428571,0,0.83,-0.6,0.142857142857,0.25,0
