AAWt,AAMt,Sstruct,SaccW,ShbondsW,SaccM,ShbondsM,yDDG,Result,Positiontype,ProteinPropens,Positionaccept,MOSST,SectorSuperficie,Functionalrelevancefunction,Clinical
0.18181818181818182,0.09090909090909091,0.2727272727272727,20.4,0.7272727272727273,47.5,0.7272727272727273,0.3,0.18181818181818182,0.09090909090909091,0.6,0.84,0,0.09090909090909091,0.1,0
0.2727272727272727,0.18181818181818182,0.2727272727272727,0,0.7272727272727273,10,0.7272727272727273,-3.3,0.45454545454545453,0.45454545454545453,0,1,-0.5,0.2727272727272727,0.75,0
0.09090909090909091,0.09090909090909091,0.36363636363636365,0.3,0.7272727272727273,0.4,0.7272727272727273,-2.7,0.45454545454545453,0.45454545454545453,0.3,0.95,0,0.2727272727272727,0.1,1
0.18181818181818182,0.09090909090909091,0.2727272727272727,74.6,0.7272727272727273,70.3,0.18181818181818182,1.1,0.2727272727272727,0.36363636363636365,0,0.79,-0.3,0.2727272727272727,0.35,1
0.18181818181818182,0.18181818181818182,0.09090909090909091,41.8,0.7272727272727273,68.1,0.18181818181818182,1.6,0.2727272727272727,0.45454545454545453,0,0.95,-1,0.2727272727272727,0.1,0
0.18181818181818182,0.2727272727272727,0.09090909090909091,0.2,0.7272727272727273,9,0.7272727272727273,-3.6,0.45454545454545453,0.09090909090909091,0.5,0.91,-0.6,0.2727272727272727,0.1,0
0.09090909090909091,0.09090909090909091,0.36363636363636365,0,0.7272727272727273,5.2,0.7272727272727273,-5,0.45454545454545453,0.45454545454545453,0,1,-0.9,0.18181818181818182,0.35,1
0.2727272727272727,0.2727272727272727,0.36363636363636365,4.9,0.18181818181818182,1.5,0.7272727272727273,-0.5,0.09090909090909091,0.36363636363636365,0.7,0.73,-0.6,0.2727272727272727,0.75,0
0.09090909090909091,0.2727272727272727,0.09090909090909091,65.7,0.09090909090909091,85.6,0.09090909090909091,0.3,0.18181818181818182,0.36363636363636365,0.4,0.14,-0.1,0.09090909090909091,0.15,1
0.09090909090909091,0.09090909090909091,0.36363636363636365,0,0.7272727272727273,0,0.7272727272727273,-2.9,0.45454545454545453,0.45454545454545453,0.3,0.96,-0.8,0.18181818181818182,0.35,1
0.2727272727272727,0.09090909090909091,0.09090909090909091,3.9,0.18181818181818182,2.4,0.7272727272727273,1.4,0.2727272727272727,0.36363636363636365,0.5,0.88,-0.7,0.09090909090909091,0.5,0
