AAWt,AAMt,Sstruct,SaccW,ShbondsW,SaccM,ShbondsM,yDDG,Result,Positiontype,ProteinPropens,Positionaccept,MOSST,SectorSuperficie,Functionalrelevancefunction,Clinical
0.119131729808,0.0595658649039,0.119131729808,0.0,0.357395189424,0.0833922108655,0.238263459616,-0.708833792357,0.119131729808,0.238263459616,0.291872738029,0.325229622375,0.0833922108655,0.0595658649039,0.0416961054327,1
0.00156604145724,0.00156604145724,0.00313208291447,0.576616464555,0.00939624874342,0.816690619949,0.00626416582895,0.0032886870602,0.00469812437171,0.00313208291447,0.0,0.0109622902007,-0.0120585192207,0.00156604145724,0.00876983216053,1
0.028848387909,0.028848387909,0.0432725818636,0.0,0.0865451637271,0.939015026439,0.028848387909,-0.302908073045,0.028848387909,0.0144241939545,0.0908724219135,0.0474555981104,-0.0403877430727,0.0144241939545,0.0353392751886,0
0.00450008516554,0.00450008516554,0.0135002554966,0.633161982791,0.0270005109932,0.762314427042,0.0180003406621,-0.126002384635,0.00900017033107,0.0180003406621,0.00630011923175,0.0185853517337,-0.00315005961588,0.00450008516554,0.00315005961588,1
0.00128762829748,0.00257525659495,0.00257525659495,0.682314234833,0.00128762829748,0.730986584477,0.00128762829748,0.000901339808233,0.00386288489243,0.0051505131899,0.000901339808233,0.00648964661928,0.0,0.00128762829748,0.000901339808233,1
0.0672581499536,0.0672581499536,0.201774449861,0.0,0.403548899722,0.0,0.269032599815,0.0,0.201774449861,0.134516299907,0.0,0.470807049675,-0.612049164578,0.0672581499536,0.235403524838,1
0.00135948515986,0.00135948515986,0.00271897031973,0.549096056069,0.00815691095918,0.835539579252,0.00271897031973,-0.0114196753429,0.00271897031973,0.00543794063946,0.00666147728333,0.00751795293405,0.000951639611905,0.00135948515986,0.00333073864167,0
