AAWt,AAMt,Sstruct,SaccW,ShbondsW,SaccM,ShbondsM,yDDG,Result,Positiontype,ProteinPropens,Positionaccept,MOSST,SectorSuperficie,Functionalrelevancefunction,Clinical
0.285714285714,0.142857142857,0.285714285714,0,0.857142857143,0.2,0.571428571429,-1.7,0.285714285714,0.571428571429,0.7,0.78,0.2,0.142857142857,0.1,1
0.142857142857,0.142857142857,0.285714285714,52.6,0.857142857143,74.5,0.571428571429,0.3,0.428571428571,0.285714285714,0,1,-1.1,0.142857142857,0.8,1
0.285714285714,0.285714285714,0.428571428571,0,0.857142857143,9.3,0.285714285714,-3,0.285714285714,0.142857142857,0.9,0.47,-0.4,0.142857142857,0.35,0
0.142857142857,0.142857142857,0.428571428571,20.1,0.857142857143,24.2,0.571428571429,-4,0.285714285714,0.571428571429,0.2,0.59,-0.1,0.142857142857,0.1,1
0.142857142857,0.285714285714,0.285714285714,75.7,0.142857142857,81.1,0.142857142857,0.1,0.428571428571,0.571428571429,0.1,0.72,0,0.142857142857,0.1,1
0.142857142857,0.142857142857,0.428571428571,0,0.857142857143,0,0.571428571429,0,0.428571428571,0.285714285714,0,1,-1.3,0.142857142857,0.5,1
0.142857142857,0.142857142857,0.285714285714,57.7,0.857142857143,87.8,0.285714285714,-1.2,0.285714285714,0.571428571429,0.7,0.79,0.1,0.142857142857,0.35,0
