Statistic,Value
Mean,0.454898636717
Std,0.150740103654
Max,0.846153846154
Min,0.0769230769231
Var,0.0227225788497
