Statistic,Value
Mean,0.63141025641
Std,0.122593535249
Max,0.846153846154
Min,0.307692307692
Var,0.0150291748849
