AAWt,AAMt,Sstruct,SaccW,ShbondsW,SaccM,ShbondsM,yDDG,Result,Positiontype,ProteinPropens,Positionaccept,MOSST,SectorSuperficie,Functionalrelevancefunction,Clinical
0.0023300884707454176,0.0023300884707454176,0.006990265412236253,0.8204241505494616,0.004660176941490835,0.5708716753326274,0.013980530824472506,0.0016310619295217925,0.00932035388298167,0.00932035388298167,0.0,0.016310619295217925,-0.016310619295217925,0.004660176941490835,0.0016310619295217925,1
0.020137519069478763,0.040275038138957525,0.060412557208436295,0.0,0.10068759534739383,0.310117793669973,0.12082511441687259,-0.9162571176612838,0.040275038138957525,0.060412557208436295,0.09867384344044594,0.10995085411935407,-0.07048131674317568,0.040275038138957525,0.014096263348635136,0
0.001020302690570504,0.001020302690570504,0.003060908071711512,0.7099266120989567,0.002040605381141008,0.7042129170317618,0.001020302690570504,-0.003571059416996764,0.004081210762282016,0.003060908071711512,-0.0007142118833993529,0.005070904372135405,-0.0007142118833993529,0.002040605381141008,0.0014284237667987058,0
0.018594034777245548,0.037188069554491096,0.055782104331736644,0.9501551771172475,0.09297017388622775,0.0780949460644313,0.11156420866347329,0.0,0.07437613910898219,0.07437613910898219,0.0,0.13015824344071886,-0.14317406778479075,0.037188069554491096,0.1236503312686829,1
0.002047498313186446,0.002047498313186446,0.006142494939559338,0.6091307481729678,0.010237491565932231,0.7925865970344733,0.012284989879118677,0.010032741734613587,0.002047498313186446,0.006142494939559338,0.007166244096152562,0.013329214018843766,-0.008599492915383073,0.004094996626372892,0.0014332488192305125,0
0.060744553185203755,0.060744553185203755,0.060744553185203755,0.21260593614821316,0.3037227659260188,0.5102542467557115,0.36446731911122254,-0.17008474891857053,0.24297821274081502,0.24297821274081502,0.0,0.4252118722964263,-0.34016949783714107,0.12148910637040751,0.0,0
0.0034657209717406127,0.0034657209717406127,0.010397162915221837,0.6137791840952626,0.017328604858703064,0.786025516390771,0.020794325830443675,-0.060650117005460726,0.006931441943481225,0.01386288388696245,0.007278014040655287,0.02353224539811876,0.0,0.0034657209717406127,0.006065011700546073,0
