Statistic,Value
Mean,0.724486845909
Std,0.23309323385
Max,1.0
Min,0.0
Var,0.0543324556668
