Statistic,Value
Mean,4.57607739666
Std,1.06832104493
Max,6.0
Min,0.0
Var,1.14130985505
