AAWt,AAMt,Sstruct,SaccW,ShbondsW,SaccM,ShbondsM,yDDG,Result,Positiontype,ProteinPropens,Positionaccept,MOSST,SectorSuperficie,Functionalrelevancefunction
0.0185580874255,0.00927904371275,0.0123720582837,0.772016436901,0.0378894284937,0.475087038093,0.151557713975,0.277134105554,0.0185580874255,0.0757788569874,0.0989764662693,0.174198580634,-0.138567052777,0.0355696675655,0.0989764662693
0.0153381386386,0.0076690693193,0.054322574345,0.80167337951,0.0313153663871,0.343574305504,0.125261465548,0.409017030362,0.00702998020935,0.0626307327742,0.114524768501,0.119432972866,-0.065442724858,0.0370671683766,0.122705109109
0.0149337028745,0.00560013857795,0.0528901976806,0.780534870242,0.0304896433688,0.477878491985,0.0143114652548,0.334514944389,0.00684461381749,0.0609792867376,0.111504981463,0.116283766383,-0.0318585661323,0.0360897819468,0.119469622996
0.00840456442704,0.00945513498041,0.0892984970372,0.860627397328,0.0514779571156,0.053789212333,0.038871110475,0.322735273998,0.0252136932811,0.126068466406,0.134473030833,0.247430376732,-0.134473030833,0.00420228221352,0.161367636999
