AAWt,AAMt,Sstruct,SaccW,ShbondsW,SaccM,ShbondsM,yDDG,Result,Positiontype,ProteinPropens,Positionaccept,MOSST,SectorSuperficie,Functionalrelevancefunction,Clinical
0.00623685012294,0.00623685012294,0.00207895004098,0.516619085184,0.0103947502049,0.855695836868,0.00207895004098,-0.0160079153155,0.00207895004098,0.00831580016392,0.00436579508606,0.0138250177725,-0.0116421202295,0.00415790008196,0.00145526502869,0
0.00917406637247,0.00917406637247,0.00917406637247,0.388521710874,0.00458703318623,0.918324043884,0.0275221991174,0.0481638484554,0.00458703318623,0.0183481327449,0.00963276969109,0.0311459553345,-0.0224764626125,0.00917406637247,0.0192655393822,1
0.00162256585516,0.00162256585516,0.00649026342065,0.571305437603,0.00162256585516,0.820044783199,0.00973539513098,-0.0272591063667,0.00324513171033,0.00649026342065,0.0,0.0113579609861,-0.0079505726903,0.00162256585516,0.00113579609861,0
0.116402420544,0.116402420544,0.0776016136958,0.0271605647935,0.194004034239,0.0814816943806,0.232804841087,-0.841977508599,0.0776016136958,0.116402420544,0.135802823968,0.244445083142,-0.190123953555,0.155203227392,0.0271605647935,1
0.0366886023075,0.110065806923,0.14675440923,0.0,0.183443011538,0.821824691688,0.220131613845,-0.231138194537,0.0366886023075,0.14675440923,0.0,0.256820216153,-0.205456172922,0.14675440923,0.0385230324229,1
0.230584019296,0.0768613397653,0.307445359061,0.0,0.384306698826,0.107605875671,0.461168038592,0.0,0.0768613397653,0.230584019296,0.37662056485,0.419662915118,0.0,0.307445359061,0.0538029378357,0
0.0318826312569,0.0318826312569,0.0637652625137,0.669535256394,0.0797065781422,0.636058493574,0.0956478937706,0.323608707257,0.0159413156284,0.0478239468853,0.0557946046995,0.0680694177334,-0.0446356837596,0.0637652625137,0.0669535256394,0
