AAWt,AAMt,Sstruct,SaccW,ShbondsW,SaccM,ShbondsM,yDDG,Result,Positiontype,ProteinPropens,Positionaccept,MOSST,SectorSuperficie,Functionalrelevancefunction,Clinical
0.0769230769231,0.153846153846,0.384615384615,40.5,0.769230769231,73.3,0.846153846154,-2.7,0.230769230769,0.230769230769,0.3,0.44,-0.3,0.384615384615,0.6,0
0.153846153846,0.0769230769231,0.384615384615,19.6,0.769230769231,26.2,0.846153846154,3.3,0.0769230769231,0.461538461538,-0.1,0.6,-0.5,0.307692307692,0.15,0
0.0769230769231,0.0769230769231,0.0769230769231,11.9,0.769230769231,15.2,0.846153846154,-2.3,0.230769230769,0.230769230769,0,1,-1.2,0.0769230769231,0.1,1
0.0769230769231,0.0769230769231,0.384615384615,74,0.230769230769,87.1,0.846153846154,0.2,0.230769230769,0.230769230769,0.9,0.76,-0.3,0.384615384615,0.1,1
0.153846153846,0.153846153846,0.384615384615,0.2,0.769230769231,4.6,0.846153846154,-5.1,0.230769230769,0.461538461538,0.6,0.89,-0.5,0.307692307692,0.1,1
0.0769230769231,0.0769230769231,0.384615384615,6,0.769230769231,4.7,0.846153846154,0.5,0.230769230769,0.461538461538,0.5,0.61,-0.3,0.307692307692,0.6,1
0.153846153846,0.307692307692,0.0769230769231,6.8,0.769230769231,7.8,0.846153846154,-1.1,0.153846153846,0.230769230769,0.3,0.97,-0.7,0.0769230769231,0.2,1
0.153846153846,0.0769230769231,0.0769230769231,3.9,0.230769230769,2.6,0.846153846154,-1.8,0.153846153846,0.461538461538,0.5,0.88,0,0.0769230769231,0.5,1
0.153846153846,0.307692307692,0.384615384615,1.2,0.769230769231,3.4,0.846153846154,-0.6,0.0769230769231,0.230769230769,0,1,-0.5,0.384615384615,0.1,0
0.153846153846,0.0769230769231,0.384615384615,11.1,0.769230769231,46.4,0.153846153846,-0.4,0.230769230769,0.461538461538,0.5,0.91,-0.8,0.384615384615,0.5,0
0.153846153846,0.307692307692,0.384615384615,21.2,0.769230769231,25.6,0.846153846154,0.8,0.230769230769,0.461538461538,0,0.83,-0.6,0.0769230769231,0.25,0
0.0769230769231,0.0769230769231,0.384615384615,45.9,0.230769230769,58.7,0.153846153846,-0.1,0.230769230769,0.0769230769231,1,0.57,0.4,0.384615384615,0.1,0
0.153846153846,0.307692307692,0.384615384615,59.5,0.769230769231,54.4,0.846153846154,1,0.230769230769,0.230769230769,0.9,0.56,0.3,0.307692307692,0.1,0
