Statistic,Value
Mean,0.516705516706
Std,0.0934842051798
Max,0.730769230769
Min,0.153846153846
Var,0.0087392966181
