AAWt,AAMt,Sstruct,SaccW,ShbondsW,SaccM,ShbondsM,yDDG,Result,Positiontype,ProteinPropens,Positionaccept,MOSST,SectorSuperficie,Functionalrelevancefunction,Clinical
0.0769230769231,0.0769230769231,0.461538461538,6,0.692307692308,5.7,0.615384615385,2.9,0.0769230769231,0.692307692308,0.5,0.61,-0.4,0.307692307692,0.6,0
0.307692307692,0.153846153846,0.230769230769,52.6,0.692307692308,81.8,0.153846153846,-1.5,0.0769230769231,0.0769230769231,0,1,-1.3,0.153846153846,0.8,1
0.307692307692,0.0769230769231,0.230769230769,40.3,0.692307692308,60.9,0.615384615385,-2.8,0.307692307692,0.692307692308,0.6,0.87,-0.6,0.153846153846,0.6,1
0.153846153846,0.153846153846,0.461538461538,11.1,0.692307692308,28.8,0.230769230769,-0.7,0.153846153846,0.692307692308,0.5,0.91,-0.7,0.153846153846,0.5,1
0.0769230769231,0.0769230769231,0.461538461538,14.4,0.230769230769,20.5,0.230769230769,-3.1,0.307692307692,0.0769230769231,0.2,0.48,-0.2,0.230769230769,0.8,0
0.230769230769,0.0769230769231,0.230769230769,65.7,0.0769230769231,85.6,0.230769230769,0.3,0.307692307692,0.692307692308,0.4,0.14,-0.1,0.0769230769231,0.15,1
0.153846153846,0.153846153846,0.461538461538,11.1,0.692307692308,16.5,0.615384615385,0.2,0.307692307692,0.692307692308,0.5,0.91,-0.3,0.153846153846,0.5,0
0.0769230769231,0.153846153846,0.153846153846,0.1,0.692307692308,0.1,0.615384615385,-3.2,0.307692307692,0.692307692308,0.5,0.9,-0.8,0.307692307692,0.1,0
0.0769230769231,0.0769230769231,0.461538461538,24.3,0.692307692308,14.2,0.615384615385,1.5,0.0769230769231,0.153846153846,0,0.41,0.7,0.0769230769231,0,1
0.307692307692,0.0769230769231,0.461538461538,59.5,0.692307692308,67.4,0.615384615385,0,0.307692307692,0.153846153846,0.9,0.56,0.4,0.307692307692,0.1,1
0.230769230769,0.153846153846,0.153846153846,96.5,0.230769230769,95.3,0.153846153846,0.3,0.307692307692,0.692307692308,0.4,0.6,0.2,0.230769230769,0.3,0
0.230769230769,0.153846153846,0.153846153846,96.5,0.230769230769,68,0.615384615385,-8.7,0.307692307692,0.692307692308,0.4,0.6,-0.1,0.230769230769,0.3,0
0.307692307692,0.0769230769231,0.153846153846,0.2,0.692307692308,0.3,0.615384615385,-0.8,0.153846153846,0.692307692308,0.6,0.89,0.3,0.307692307692,0.1,0
