Statistic,Value
Mean,0.690366972477
Std,0.143270620979
Max,0.75
Min,0.25
Var,0.0205264708358
