Statistic,Value
Mean,0.664848197343
Std,0.144622539887
Max,0.75
Min,0.0
Var,0.0209156790432
