AAWt,AAMt,Sstruct,SaccW,ShbondsW,SaccM,ShbondsM,yDDG,Result,Positiontype,ProteinPropens,Positionaccept,MOSST,SectorSuperficie,Functionalrelevancefunction,Clinical
0.142857142857,0.142857142857,0.142857142857,9.8,0.857142857143,17.2,0.142857142857,-3.4,0.142857142857,0.428571428571,0,1,-0.9,0.142857142857,0.1,0
0.142857142857,0.142857142857,0.428571428571,50.8,0.857142857143,23.9,0.571428571429,-1.8,0.285714285714,0.571428571429,1,0.63,-0.3,0.285714285714,0.25,0
0.142857142857,0.142857142857,0.428571428571,11.1,0.857142857143,11.3,0.571428571429,1.4,0.285714285714,0.571428571429,0.5,0.91,-0.4,0.285714285714,0.5,1
0.142857142857,0.285714285714,0.428571428571,1.2,0.857142857143,3.8,0.571428571429,-1.7,0.285714285714,0.428571428571,0,1,-0.7,0.285714285714,0.1,1
0.142857142857,0.285714285714,0.428571428571,6,0.857142857143,5.7,0.571428571429,2.9,0.142857142857,0.571428571429,0.5,0.61,-0.4,0.142857142857,0.6,0
0.285714285714,0.142857142857,0.428571428571,0,0.857142857143,0,0.285714285714,0.6,0.142857142857,0.428571428571,0,1,-1.1,0.285714285714,0.5,0
0.285714285714,0.142857142857,0.428571428571,45.5,0.142857142857,50.6,0.285714285714,1.2,0.285714285714,0.571428571429,0.9,0.69,-0.2,0.142857142857,0.1,1
