AAWt,AAMt,Sstruct,SaccW,ShbondsW,SaccM,ShbondsM,yDDG,Result,Positiontype,ProteinPropens,Positionaccept,MOSST,SectorSuperficie,Functionalrelevancefunction,Clinical
0.181818181818,0.181818181818,0.181818181818,66.5,0.272727272727,53.3,0.727272727273,0.3,0.363636363636,0.545454545455,0.7,0.85,-0.3,0.0909090909091,0.25,1
0.0909090909091,0.181818181818,0.181818181818,61,0.727272727273,93.7,0.727272727273,0.3,0.363636363636,0.545454545455,0.1,0.76,0.7,0.272727272727,0.2,1
0.0909090909091,0.0909090909091,0.0909090909091,6.8,0.727272727273,7.8,0.727272727273,-1.1,0.272727272727,0.363636363636,0.3,0.97,-0.7,0.0909090909091,0.2,1
0.0909090909091,0.0909090909091,0.272727272727,0,0.727272727273,4.9,0.727272727273,-4,0.181818181818,0.0909090909091,0.9,0.47,-0.3,0.0909090909091,0.35,0
0.0909090909091,0.0909090909091,0.272727272727,47.8,0.272727272727,67.9,0.181818181818,1.6,0.0909090909091,0.545454545455,0.2,0.92,-0.8,0.0909090909091,0.35,0
0.0909090909091,0.181818181818,0.272727272727,0,0.727272727273,0,0.727272727273,-5.1,0.181818181818,0.363636363636,0.3,0.96,-1,0.181818181818,0.1,1
0.0909090909091,0.0909090909091,0.181818181818,38.7,0.727272727273,56.6,0.0909090909091,-1.7,0.272727272727,0.363636363636,0,1,-1.1,0.272727272727,0.1,1
0.181818181818,0.0909090909091,0.272727272727,35.7,0.272727272727,35.4,0.727272727273,2.2,0.0909090909091,0.545454545455,0.4,0.76,-0.4,0.0909090909091,0.25,1
0.181818181818,0.181818181818,0.272727272727,0,0.727272727273,0,0.727272727273,0.7,0.363636363636,0.363636363636,0,1,-0.7,0.0909090909091,0.5,0
0.0909090909091,0.0909090909091,0.272727272727,6.7,0.727272727273,30.5,0.181818181818,0.5,0.363636363636,0.545454545455,0.7,0.78,0.1,0.272727272727,0.5,0
0.181818181818,0.0909090909091,0.181818181818,6,0.727272727273,15.4,0.727272727273,-1.4,0.272727272727,0.545454545455,0.5,0.61,-0.3,0.181818181818,0.6,0
