AAWt,AAMt,Sstruct,SaccW,ShbondsW,SaccM,ShbondsM,yDDG,Result,Positiontype,ProteinPropens,Positionaccept,MOSST,SectorSuperficie,Functionalrelevancefunction,Clinical
0.285714285714,0.142857142857,0.285714285714,3.9,0.428571428571,2.6,0.714285714286,-1.8,0.142857142857,0.714285714286,0.5,0.88,0,0.285714285714,0.5,1
0.285714285714,0.142857142857,0.285714285714,3.9,0.428571428571,3.5,0.714285714286,-0.9,0.428571428571,0.714285714286,0.5,0.88,-0.4,0.285714285714,0.5,0
0.142857142857,0.142857142857,0.142857142857,6.8,0.428571428571,6.3,0.714285714286,-0.7,0.428571428571,0.285714285714,0.3,0.97,-0.3,0.142857142857,0.2,1
0.285714285714,0.285714285714,0.142857142857,0.1,0.428571428571,4.9,0.714285714286,-4,0.142857142857,0.714285714286,0.5,0.9,-0.7,0.142857142857,0.1,0
0.285714285714,0.285714285714,0.285714285714,23.5,0.428571428571,23.6,0.714285714286,-0.8,0.428571428571,0.285714285714,0,1,-1,0.142857142857,0.6,0
0.142857142857,0.285714285714,0.142857142857,65.7,0.142857142857,85.6,0.285714285714,0.3,0.285714285714,0.714285714286,0.4,0.14,-0.1,0.142857142857,0.15,1
0.142857142857,0.285714285714,0.285714285714,75.7,0.428571428571,81.1,0.285714285714,0.1,0.285714285714,0.714285714286,0.1,0.72,0,0.142857142857,0.1,1
