Statistic,Value
Mean,24.713553719
Std,6.17431716237
Max,33.0
Min,6.0
Var,38.1221924216
