AAWt,AAMt,Sstruct,SaccW,ShbondsW,SaccM,ShbondsM,yDDG,Result,Positiontype,ProteinPropens,Positionaccept,MOSST,SectorSuperficie,Functionalrelevancefunction,Clinical
0.09090909090909091,0.09090909090909091,0.45454545454545453,0,0.8181818181818182,1.8,1.0,-4.3,0.45454545454545453,0.5454545454545454,0,1,-0.8,0.18181818181818182,0.35,1
0.09090909090909091,0.09090909090909091,0.45454545454545453,3.2,0.09090909090909091,33.2,1.0,-5.8,0.45454545454545453,0.5454545454545454,0.5,0.92,-0.8,0.09090909090909091,0.6,1
0.18181818181818182,0.18181818181818182,0.45454545454545453,0,0.8181818181818182,4.9,1.0,-4,0.45454545454545453,0.09090909090909091,0.9,0.47,-0.3,0.18181818181818182,0.35,0
0.09090909090909091,0.2727272727272727,0.09090909090909091,27.7,0.09090909090909091,34.7,1.0,0.4,0.18181818181818182,0.5454545454545454,0,1,-1.3,0.18181818181818182,0.1,1
0.09090909090909091,0.2727272727272727,0.18181818181818182,41.5,0.8181818181818182,34.9,1.0,1,0.18181818181818182,0.18181818181818182,0.9,0.26,0.5,0.45454545454545453,0,1
0.2727272727272727,0.09090909090909091,0.09090909090909091,42.5,0.8181818181818182,55.3,1.0,0.7,0.18181818181818182,0.18181818181818182,0.5,0.93,-0.6,0.45454545454545453,0.1,0
0.2727272727272727,0.09090909090909091,0.45454545454545453,1.2,0.8181818181818182,4.4,1.0,-0.4,0.18181818181818182,0.5454545454545454,0,1,-0.3,0.45454545454545453,0.1,0
0.18181818181818182,0.09090909090909091,0.09090909090909091,9.8,0.8181818181818182,20.3,1.0,-3.2,0.45454545454545453,0.5454545454545454,0,1,-0.8,0.09090909090909091,0.1,0
0.2727272727272727,0.09090909090909091,0.09090909090909091,6.8,0.8181818181818182,15.1,1.0,-4.9,0.45454545454545453,0.5454545454545454,0.3,0.97,-0.9,0.18181818181818182,0.2,0
0.18181818181818182,0.18181818181818182,0.45454545454545453,0,0.8181818181818182,0,1.0,-1.4,0.09090909090909091,0.18181818181818182,0.7,0.25,-0.1,0.45454545454545453,0,1
0.18181818181818182,0.2727272727272727,0.18181818181818182,11.1,0.8181818181818182,11.3,1.0,1.4,0.09090909090909091,0.18181818181818182,0.5,0.91,-0.4,0.45454545454545453,0.5,1
