AAWt,AAMt,Sstruct,SaccW,ShbondsW,SaccM,ShbondsM,yDDG,Result,Positiontype,ProteinPropens,Positionaccept,MOSST,SectorSuperficie,Functionalrelevancefunction,Clinical
0.0010855119526841286,0.0010855119526841286,0.0010855119526841286,0.7089478562980043,0.005427559763420643,0.7051485644636099,0.005427559763420643,-0.00455915020127334,0.0010855119526841286,0.002171023905368257,0.0,0.0075985836687889,-0.00227957510063667,0.0010855119526841286,0.00227957510063667,0
0.003060879393982509,0.002040586262655006,0.002040586262655006,0.7099199607776766,0.002040586262655006,0.7042063192422425,0.002040586262655006,-0.0035710259596462607,0.003060879393982509,0.0051014656566375155,-0.0007142051919292521,0.00507085686269769,-0.0007142051919292521,0.002040586262655006,0.0014284103838585042,0
0.0012891141635598979,0.0012891141635598979,0.0038673424906796937,0.7047587132181962,0.00644557081779949,0.7092706127906558,0.00644557081779949,-0.009023799144919286,0.0025782283271197958,0.00644557081779949,-0.0009023799144919286,0.0018949978204330499,0.0,0.0038673424906796937,0.0,1
0.0029272797766632325,0.0029272797766632325,0.008781839329989698,0.9487313756165536,0.014636398883316163,0.31351166408063225,0.014636398883316163,-0.004098191687328526,0.008781839329989698,0.005854559553326465,0.0,0.02049095843664263,-0.02049095843664263,0.008781839329989698,0.00717183545282492,1
0.003060879393982509,0.002040586262655006,0.002040586262655006,0.7099199607776766,0.002040586262655006,0.7042063192422425,0.002040586262655006,-0.0035710259596462607,0.003060879393982509,0.0051014656566375155,-0.0007142051919292521,0.00507085686269769,-0.0007142051919292521,0.002040586262655006,0.0014284103838585042,0
0.005344109036056547,0.005344109036056547,0.005344109036056547,0.7519161413731562,0.026720545180282735,0.6471716042664479,0.026720545180282735,-0.11222628975718749,0.005344109036056547,0.026720545180282735,0.0074817526504791666,0.02207117031891354,-0.011222628975718749,0.01603232710816964,0.0037408763252395833,1
0.025694187495524698,0.0085647291651749,0.025694187495524698,0.3597186249373458,0.0428236458258745,0.9232778040058542,0.0428236458258745,-0.083934345818714,0.0171294583303498,0.0428236458258745,0.02997655207811215,0.03657139353529682,-0.017985931246867287,0.0085647291651749,0.035971862493734574,0
