AAWt,AAMt,Sstruct,SaccW,ShbondsW,SaccM,ShbondsM,yDDG,Result,Positiontype,ProteinPropens,Positionaccept,MOSST,SectorSuperficie,Functionalrelevancefunction,Clinical
0.09090909090909091,0.18181818181818182,0.45454545454545453,91.7,0.36363636363636365,64.7,0.7272727272727273,0,0.18181818181818182,0.36363636363636365,0.5,0.9,-0.7,0.2727272727272727,0,0
0.09090909090909091,0.09090909090909091,0.2727272727272727,0,0.6363636363636364,0,0.7272727272727273,2.5,0.09090909090909091,0.45454545454545453,0,1,-0.3,0.09090909090909091,0.5,1
0.18181818181818182,0.09090909090909091,0.2727272727272727,45.4,0.6363636363636364,27.8,0.7272727272727273,-3,0.09090909090909091,0.36363636363636365,0.1,0.57,-0.4,0.2727272727272727,0.1,1
0.2727272727272727,0.2727272727272727,0.2727272727272727,93.3,0.6363636363636364,90.2,0.7272727272727273,-0.5,0.2727272727272727,0.45454545454545453,0,1,-1.1,0.2727272727272727,0.3,0
0.09090909090909091,0.18181818181818182,0.45454545454545453,18.8,0.6363636363636364,25.9,0.7272727272727273,0.7,0.09090909090909091,0.45454545454545453,0,1,-0.7,0.09090909090909091,0.1,0
0.2727272727272727,0.2727272727272727,0.2727272727272727,76.9,0.6363636363636364,43.2,0.7272727272727273,-1.9,0.09090909090909091,0.45454545454545453,0,1,-1,0.18181818181818182,0.3,1
0.18181818181818182,0.09090909090909091,0.45454545454545453,14.4,0.36363636363636365,17.1,0.18181818181818182,1.1,0.18181818181818182,0.09090909090909091,0.2,0.48,0.8,0.2727272727272727,0.8,0
0.09090909090909091,0.09090909090909091,0.45454545454545453,11.1,0.6363636363636364,11.3,0.7272727272727273,1.4,0.18181818181818182,0.36363636363636365,0.5,0.91,-0.4,0.2727272727272727,0.5,1
0.09090909090909091,0.09090909090909091,0.2727272727272727,62.5,0.36363636363636365,76,0.18181818181818182,-0.8,0.2727272727272727,0.36363636363636365,0.7,0.59,0.4,0.09090909090909091,0.25,1
0.2727272727272727,0.2727272727272727,0.45454545454545453,23.5,0.6363636363636364,23.6,0.7272727272727273,-0.8,0.2727272727272727,0.45454545454545453,0,1,-1,0.18181818181818182,0.6,0
0.09090909090909091,0.09090909090909091,0.2727272727272727,74,0.36363636363636365,82.7,0.09090909090909091,0.5,0.18181818181818182,0.09090909090909091,0.9,0.76,0.3,0.2727272727272727,0.1,1
