AAWt,AAMt,Sstruct,SaccW,ShbondsW,SaccM,ShbondsM,yDDG,Result,Positiontype,ProteinPropens,Positionaccept,MOSST,SectorSuperficie,Functionalrelevancefunction,Clinical
0.2857142857142857,0.14285714285714285,0.42857142857142855,40.3,0.7142857142857143,46.6,0.2857142857142857,-2.2,0.42857142857142855,0.42857142857142855,0.6,0.87,-0.6,0.14285714285714285,0.6,0
0.2857142857142857,0.2857142857142857,0.42857142857142855,0,0.7142857142857143,0,0.5714285714285714,-2.4,0.42857142857142855,0.42857142857142855,0.7,0.78,-0.5,0.2857142857142857,0.1,1
0.14285714285714285,0.14285714285714285,0.42857142857142855,62.5,0.14285714285714285,76,0.2857142857142857,-0.8,0.2857142857142857,0.42857142857142855,0.7,0.59,0.4,0.14285714285714285,0.25,1
0.2857142857142857,0.14285714285714285,0.42857142857142855,59.5,0.7142857142857143,67.4,0.5714285714285714,0,0.14285714285714285,0.14285714285714285,0.9,0.56,0.4,0.2857142857142857,0.1,1
0.2857142857142857,0.14285714285714285,0.42857142857142855,93.3,0.7142857142857143,90.2,0.5714285714285714,-0.5,0.2857142857142857,0.2857142857142857,0,1,-1.1,0.14285714285714285,0.3,0
0.14285714285714285,0.14285714285714285,0.14285714285714285,6.8,0.7142857142857143,6,0.5714285714285714,-2.2,0.42857142857142855,0.2857142857142857,0.3,0.97,-0.4,0.14285714285714285,0.2,0
0.14285714285714285,0.2857142857142857,0.42857142857142855,62,0.14285714285714285,61.8,0.14285714285714285,0.6,0.14285714285714285,0.14285714285714285,0.3,0.67,0.6,0.14285714285714285,0.35,1
