Statistic,Value
Mean,12.8042194093
Std,3.617885587
Max,17.0
Min,0.0
Var,13.0890961206
