AAWt,AAMt,Sstruct,SaccW,ShbondsW,SaccM,ShbondsM,yDDG,Result,Positiontype,ProteinPropens,Positionaccept,MOSST,SectorSuperficie,Functionalrelevancefunction,Clinical
0.09090909090909091,0.18181818181818182,0.6363636363636364,78.1,0.6363636363636364,78.6,0.8181818181818182,-1,0.2727272727272727,0.5454545454545454,-0.1,0.21,0,0.36363636363636365,0,1
0.09090909090909091,0.18181818181818182,0.6363636363636364,6,0.6363636363636364,4.7,0.8181818181818182,0.5,0.18181818181818182,0.5454545454545454,0.5,0.61,-0.3,0.18181818181818182,0.6,1
0.09090909090909091,0.09090909090909091,0.6363636363636364,41.5,0.6363636363636364,34.9,0.8181818181818182,1,0.18181818181818182,0.09090909090909091,0.9,0.26,0.5,0.36363636363636365,0,1
0.09090909090909091,0.18181818181818182,0.6363636363636364,111.8,0.6363636363636364,99.8,0.8181818181818182,-1.2,0.2727272727272727,0.5454545454545454,0.5,0.62,0.4,0.09090909090909091,0.55,1
0.09090909090909091,0.09090909090909091,0.09090909090909091,0,0.6363636363636364,0,0.8181818181818182,-2.2,0.18181818181818182,0.36363636363636365,0.3,0.96,-0.4,0.09090909090909091,0.35,0
0.18181818181818182,0.09090909090909091,0.09090909090909091,96.5,0.18181818181818182,95.3,0.09090909090909091,0.3,0.2727272727272727,0.5454545454545454,0.4,0.6,0.2,0.18181818181818182,0.3,0
0.09090909090909091,0.18181818181818182,0.6363636363636364,46.3,0.6363636363636364,18.1,0.8181818181818182,-1.4,0.2727272727272727,0.36363636363636365,0,1,-1.3,0.36363636363636365,0.35,0
0.09090909090909091,0.09090909090909091,0.6363636363636364,66.5,0.18181818181818182,53.3,0.8181818181818182,0.3,0.2727272727272727,0.5454545454545454,0.7,0.85,-0.3,0.36363636363636365,0.25,1
0.18181818181818182,0.18181818181818182,0.18181818181818182,65.7,0.18181818181818182,85.6,0.09090909090909091,0.3,0.2727272727272727,0.5454545454545454,0.4,0.14,-0.1,0.09090909090909091,0.15,1
0.09090909090909091,0.18181818181818182,0.6363636363636364,0,0.6363636363636364,3.2,0.8181818181818182,-0.9,0.09090909090909091,0.36363636363636365,0,1,-0.8,0.18181818181818182,0.15,1
0.09090909090909091,0.09090909090909091,0.18181818181818182,68.8,0.18181818181818182,71.5,0.8181818181818182,-3.7,0.18181818181818182,0.36363636363636365,0,1,-0.5,0.18181818181818182,0,0
