AAWt,AAMt,Sstruct,SaccW,ShbondsW,SaccM,ShbondsM,yDDG,Result,Positiontype,ProteinPropens,Positionaccept,MOSST,SectorSuperficie,Functionalrelevancefunction,Clinical
0.230769230769,0.0769230769231,0.307692307692,0,0.769230769231,0,0.846153846154,-1,0.230769230769,0.538461538462,0,1,-1.1,0.307692307692,0.35,1
0.230769230769,0.0769230769231,0.153846153846,23.5,0.769230769231,23.6,0.846153846154,-0.8,0.230769230769,0.538461538462,0,1,-1,0.0769230769231,0.6,0
0.0769230769231,0.0769230769231,0.307692307692,68.8,0.153846153846,71.8,0.846153846154,-2.4,0.461538461538,0.538461538462,0,1,-1.1,0.307692307692,0,0
0.0769230769231,0.153846153846,0.0769230769231,25.3,0.769230769231,32.4,0.846153846154,-2.5,0.461538461538,0.538461538462,0.3,0.97,0,0.307692307692,0.25,0
0.230769230769,0.230769230769,0.307692307692,9.8,0.769230769231,20.3,0.846153846154,-3.2,0.461538461538,0.538461538462,0,1,-0.8,0.0769230769231,0.1,0
0.230769230769,0.153846153846,0.307692307692,20.1,0.769230769231,17.3,0.846153846154,-3,0.461538461538,0.384615384615,0.2,0.59,-0.3,0.153846153846,0.1,1
0.0769230769231,0.0769230769231,0.0769230769231,6.8,0.769230769231,6.3,0.846153846154,-0.7,0.230769230769,0.538461538462,0.3,0.97,-0.3,0.0769230769231,0.2,1
0.230769230769,0.230769230769,0.307692307692,0,0.769230769231,9.3,0.153846153846,-3,0.461538461538,0.0769230769231,0.9,0.47,-0.4,0.307692307692,0.35,0
0.230769230769,0.0769230769231,0.307692307692,0,0.769230769231,1.8,0.846153846154,-4.3,0.461538461538,0.538461538462,0,1,-0.8,0.307692307692,0.35,1
0.153846153846,0.153846153846,0.153846153846,11.1,0.769230769231,38.8,0.846153846154,1.1,0.153846153846,0.384615384615,0.5,0.91,-0.8,0.153846153846,0.5,1
0.153846153846,0.230769230769,0.0769230769231,3.9,0.153846153846,1.9,0.846153846154,-1.9,0.0769230769231,0.384615384615,0.5,0.88,-0.8,0.307692307692,0.5,0
0.0769230769231,0.153846153846,0.307692307692,6.7,0.769230769231,25.3,0.846153846154,1.2,0.153846153846,0.384615384615,0.7,0.78,-0.6,0.307692307692,0.5,1
0.0769230769231,0.0769230769231,0.307692307692,52.4,0.0769230769231,48,0.153846153846,-0.2,0.0769230769231,0.384615384615,0.2,0.91,-0.7,0.307692307692,0.6,0
