AAWt,AAMt,Sstruct,SaccW,ShbondsW,SaccM,ShbondsM,yDDG,Result,Positiontype,ProteinPropens,Positionaccept,MOSST,SectorSuperficie,Functionalrelevancefunction,Clinical
0.0043397328331512735,0.0043397328331512735,0.013019198499453821,0.5954113447083549,0.017358931332605094,0.7959070015999437,0.02169866416575637,0.10024782844579443,0.008679465666302547,0.017358931332605094,-0.003037812983205892,0.018226877899235352,-0.01518906491602946,0.0043397328331512735,0.004556719474808838,0
0.00917483859143409,0.004587419295717045,0.013762257887151137,0.38855441434723376,0.013762257887151137,0.9184013430025526,0.02293709647858523,0.048167902605028984,0.00917483859143409,0.013762257887151137,0.009633580521005795,0.03114857701791874,-0.02247835454901352,0.004587419295717045,0.01926716104201159,1
0.051898182226641956,0.025949091113320978,0.07784727333996294,0.21797236535189624,0.10379636445328391,0.1453149102345975,0.1297454555666049,-0.9082181889662343,0.025949091113320978,0.07784727333996294,0.0,0.18164363779324685,-0.16347927401392218,0.051898182226641956,0.018164363779324687,0
0.005674973746239105,0.0028374868731195525,0.005674973746239105,0.7090879695925763,0.008512460619358658,0.7031292471590251,0.014187434365597764,0.043697297846041115,0.005674973746239105,0.01134994749247821,0.007944963244734747,0.01509543016499602,-0.007944963244734747,0.0028374868731195525,0.004965602027959217,1
0.02580663615383739,0.012903318076918696,0.012903318076918696,0.6141979404613299,0.05161327230767478,0.7767797482305056,0.012903318076918696,0.04516161326921544,0.012903318076918696,0.038709954230756086,0.027096967961529262,0.08761352974227794,-0.054193935923058524,0.012903318076918696,0.018064645307686176,0
0.0035349246942737327,0.0035349246942737327,0.0035349246942737327,0.27466364874506904,0.014139698777094931,0.9600855469647458,0.017674623471368663,0.027218920145907745,0.0070698493885474655,0.014139698777094931,0.012372236429958066,0.02251747030252368,-0.019795578287932904,0.0070698493885474655,0.012372236429958066,1
0.0015284017800658231,0.0015284017800658231,0.0030568035601316462,0.49856466065747157,0.004585205340197469,0.8666038092973217,0.0015284017800658231,-0.013908456198598991,0.0015284017800658231,0.0061136071202632924,0.006419287476276458,0.009628931214414686,0.003209643738138229,0.0015284017800658231,0.0037445843611612667,1
