AAWt,AAMt,Sstruct,SaccW,ShbondsW,SaccM,ShbondsM,yDDG,Result,Positiontype,ProteinPropens,Positionaccept,MOSST,SectorSuperficie,Functionalrelevancefunction,Clinical
0.0909090909091,0.181818181818,0.454545454545,30.2,0.272727272727,12,1.0,-2.6,0.272727272727,0.545454545455,0.2,0.9,-0.8,0.181818181818,0.1,0
0.0909090909091,0.0909090909091,0.0909090909091,6.8,0.727272727273,15.1,1.0,-4.9,0.272727272727,0.454545454545,0.3,0.97,-0.9,0.0909090909091,0.2,0
0.0909090909091,0.0909090909091,0.181818181818,61,0.727272727273,93.7,1.0,0.3,0.181818181818,0.545454545455,0.1,0.76,0.7,0.181818181818,0.2,1
0.181818181818,0.0909090909091,0.272727272727,4.9,0.272727272727,12.7,1.0,-1.4,0.272727272727,0.545454545455,0.7,0.73,0.2,0.181818181818,0.75,1
0.181818181818,0.181818181818,0.181818181818,3.9,0.272727272727,1.9,1.0,-1.9,0.272727272727,0.545454545455,0.5,0.88,-0.8,0.181818181818,0.5,0
0.181818181818,0.181818181818,0.454545454545,23.5,0.727272727273,23.6,1.0,-0.8,0.181818181818,0.454545454545,0,1,-1,0.0909090909091,0.6,0
0.272727272727,0.0909090909091,0.454545454545,16.3,0.727272727273,30.7,1.0,1,0.0909090909091,0.545454545455,0.8,0.74,-0.4,0.272727272727,0.65,1
0.0909090909091,0.181818181818,0.454545454545,0,0.727272727273,3.2,1.0,-0.9,0.181818181818,0.454545454545,0,1,-0.8,0.272727272727,0.15,1
0.181818181818,0.0909090909091,0.454545454545,0,0.727272727273,0,1.0,-2.4,0.272727272727,0.545454545455,0.7,0.78,-0.5,0.272727272727,0.1,1
0.272727272727,0.0909090909091,0.272727272727,0,0.727272727273,0,1.0,0,0.181818181818,0.454545454545,0,1,-1.3,0.181818181818,0.5,1
0.272727272727,0.0909090909091,0.272727272727,0,0.727272727273,0,1.0,-1.3,0.272727272727,0.454545454545,0,1,-1.1,0.181818181818,0.5,1
