AAWt,AAMt,Sstruct,SaccW,ShbondsW,SaccM,ShbondsM,yDDG,Result,Positiontype,ProteinPropens,Positionaccept,MOSST,SectorSuperficie,Functionalrelevancefunction,Clinical
0.14285714285714285,0.14285714285714285,0.14285714285714285,57.7,1.0,87.8,0.14285714285714285,-1.2,0.14285714285714285,0.42857142857142855,0.7,0.79,0.1,0.14285714285714285,0.35,0
0.2857142857142857,0.14285714285714285,0.42857142857142855,11.1,1.0,38.8,0.8571428571428571,1.1,0.14285714285714285,0.42857142857142855,0.5,0.91,-0.8,0.42857142857142855,0.5,1
0.2857142857142857,0.14285714285714285,0.2857142857142857,0.5,1.0,0.7,0.8571428571428571,-0.2,0.14285714285714285,0.2857142857142857,0,1,-0.8,0.2857142857142857,0,0
0.2857142857142857,0.14285714285714285,0.42857142857142855,0,1.0,10,0.8571428571428571,-3.3,0.2857142857142857,0.2857142857142857,0,1,-0.5,0.14285714285714285,0.75,0
0.14285714285714285,0.14285714285714285,0.14285714285714285,83.7,1.0,89.9,0.8571428571428571,-1,0.2857142857142857,0.2857142857142857,0.7,0.47,-0.1,0.2857142857142857,0.25,1
0.14285714285714285,0.14285714285714285,0.2857142857142857,40.5,1.0,29.7,0.8571428571428571,-3.3,0.2857142857142857,0.2857142857142857,0.3,0.44,-0.3,0.42857142857142855,0.6,0
0.2857142857142857,0.14285714285714285,0.42857142857142855,55.9,1.0,66.1,0.8571428571428571,-0.9,0.2857142857142857,0.42857142857142855,-0.1,0.2,0.4,0.42857142857142855,0,1
