AAWt,AAMt,Sstruct,SaccW,ShbondsW,SaccM,ShbondsM,yDDG,Result,Positiontype,ProteinPropens,Positionaccept,MOSST,SectorSuperficie,Functionalrelevancefunction,Clinical
0.181818181818,0.0909090909091,0.363636363636,68.8,0.363636363636,71.8,0.727272727273,-2.4,0.363636363636,0.454545454545,0,1,-1.1,0.454545454545,0,0
0.181818181818,0.0909090909091,0.363636363636,1.4,0.545454545455,2,0.727272727273,-1.4,0.363636363636,0.454545454545,0,1,-0.6,0.454545454545,0.1,0
0.0909090909091,0.181818181818,0.454545454545,44.8,0.0909090909091,47.1,0.727272727273,-1.4,0.363636363636,0.0909090909091,0.8,0.28,0.6,0.181818181818,0.15,1
0.181818181818,0.272727272727,0.181818181818,14.4,0.363636363636,20.5,0.0909090909091,-3.1,0.363636363636,0.0909090909091,0.2,0.48,-0.2,0.454545454545,0.8,0
0.0909090909091,0.0909090909091,0.454545454545,0,0.545454545455,0,0.727272727273,0,0.181818181818,0.454545454545,0,1,-1.3,0.0909090909091,0.5,1
0.0909090909091,0.272727272727,0.454545454545,4.9,0.363636363636,3.1,0.727272727273,-1.8,0.363636363636,0.363636363636,0.7,0.73,0,0.272727272727,0.75,0
0.0909090909091,0.0909090909091,0.454545454545,20.1,0.545454545455,17.3,0.727272727273,-3,0.363636363636,0.363636363636,0.2,0.59,-0.3,0.272727272727,0.1,1
0.181818181818,0.181818181818,0.454545454545,45.4,0.545454545455,41.5,0.181818181818,-1.8,0.363636363636,0.363636363636,0.1,0.57,-0.2,0.272727272727,0.1,0
0.181818181818,0.181818181818,0.363636363636,68.8,0.363636363636,83.3,0.181818181818,0.4,0.181818181818,0.454545454545,0,1,-1.2,0.454545454545,0,0
0.181818181818,0.181818181818,0.363636363636,1.4,0.545454545455,2,0.727272727273,-3.3,0.363636363636,0.454545454545,0,1,-0.8,0.454545454545,0.1,1
0.0909090909091,0.272727272727,0.181818181818,6,0.545454545455,4.7,0.727272727273,0.5,0.0909090909091,0.363636363636,0.5,0.61,-0.3,0.181818181818,0.6,1
