Statistic,Value
Mean,4.17085862966
Std,1.35128375246
Max,6.0
Min,0.0
Var,1.82596777967
