AAWt,AAMt,Sstruct,SaccW,ShbondsW,SaccM,ShbondsM,yDDG,Result,Positiontype,ProteinPropens,Positionaccept,MOSST,SectorSuperficie,Functionalrelevancefunction,Clinical
0.0769230769231,0.230769230769,0.538461538462,23.5,0.615384615385,34.7,0.615384615385,-1.1,0.384615384615,0.461538461538,0,1,-0.8,0.0769230769231,0.6,1
0.153846153846,0.153846153846,0.0769230769231,96.5,0.384615384615,95.3,0.384615384615,0.3,0.307692307692,0.538461538462,0.4,0.6,0.2,0.0769230769231,0.3,0
0.153846153846,0.153846153846,0.0769230769231,82.8,0.384615384615,74.3,0.384615384615,-0.7,0.153846153846,0.538461538462,0.8,0.64,-0.2,0.153846153846,0.1,0
0.153846153846,0.230769230769,0.0769230769231,65.1,0.384615384615,64.1,0.384615384615,-0.4,0.307692307692,0.538461538462,0.1,0.8,0,0.153846153846,0.5,1
0.153846153846,0.230769230769,0.538461538462,7.3,0.615384615385,16.2,0.615384615385,-1.3,0.384615384615,0.461538461538,0,1,-1.1,0.384615384615,0.95,0
0.0769230769231,0.230769230769,0.153846153846,1.2,0.615384615385,3.8,0.615384615385,-1.7,0.384615384615,0.461538461538,0,1,-0.7,0.384615384615,0.1,1
0.153846153846,0.230769230769,0.538461538462,7.3,0.615384615385,12.6,0.615384615385,1.4,0.0769230769231,0.461538461538,0,1,-1,0.384615384615,0.95,0
0.153846153846,0.0769230769231,0.538461538462,78.1,0.615384615385,78.6,0.615384615385,-1,0.384615384615,0.538461538462,-0.1,0.21,0,0.384615384615,0,1
0.153846153846,0.230769230769,0.538461538462,50.3,0.384615384615,35,0.615384615385,0.1,0.307692307692,0.461538461538,0,1,-1,0.153846153846,0.1,1
0.0769230769231,0.153846153846,0.153846153846,45.4,0.615384615385,36.8,0.615384615385,-3.6,0.0769230769231,0.538461538462,0.1,0.57,-0.3,0.384615384615,0.1,0
0.153846153846,0.153846153846,0.538461538462,75.7,0.384615384615,90.9,0.384615384615,-0.6,0.153846153846,0.538461538462,0.1,0.72,-0.2,0.153846153846,0.1,1
0.153846153846,0.0769230769231,0.0769230769231,39.9,0.615384615385,26.9,0.384615384615,-0.3,0.307692307692,0.538461538462,0.4,0.56,0.6,0.153846153846,0,1
0.153846153846,0.0769230769231,0.538461538462,25.4,0.615384615385,36.1,0.615384615385,-1,0.384615384615,0.461538461538,0,1,-0.5,0.153846153846,0,0
