feature,mean,var,std,min,max
SaccW,0.0878303227843,0.0403090075598,0.200771032671,0.0,0.783780431992
SaccM,0.0868188636279,0.0145986050169,0.120824687117,0.0,0.396012529491
yDDG,-0.760570734216,0.0278426394323,0.166861138173,-0.94148639032,-0.429978587729
ProteinPropens,0.12080438093,0.0137231066741,0.117145664342,-0.0486493691065,0.368603479289
Positionaccept,0.260966167603,0.0124385994309,0.11152846915,0.110337664671,0.538819610847
MOSST,-0.145884780657,0.0167125724039,0.129277114773,-0.462386526364,0.161241970399
Functionalrelevancefunction,0.0609050198097,0.00323421122186,0.0568701259174,0.0,0.210175693802
