AAWt,AAMt,Sstruct,SaccW,ShbondsW,SaccM,ShbondsM,yDDG,Result,Positiontype,ProteinPropens,Positionaccept,MOSST,SectorSuperficie,Functionalrelevancefunction,Clinical
0.0158202105281,0.0316404210562,0.126561684225,0.775190315877,0.0474606315843,0.490426526371,0.126561684225,-0.284763789506,0.0316404210562,0.0316404210562,0.110741473697,0.115487536855,0.0,0.0158202105281,0.118651578961,0
0.0917334684956,0.0917334684956,0.366933873982,0.0,0.321067139734,0.41280060823,0.366933873982,-0.183466936991,0.229333671239,0.0458667342478,0.41280060823,0.215573650965,0.275200405487,0.183466936991,0.160533569867,1
0.0411693484796,0.0411693484796,0.329354787837,0.205846742398,0.288185439357,0.494032181756,0.329354787837,-0.164677393919,0.205846742398,0.247016090878,0.0,0.411693484796,-0.329354787837,0.0411693484796,0.0,0
0.0477595002946,0.0238797501473,0.191038001178,0.764152004713,0.0716392504419,0.0238797501473,0.191038001178,-0.453715252799,0.0477595002946,0.143278500884,0.119398750736,0.219693701355,-0.143278500884,0.0477595002946,0.143278500884,1
0.00176689561894,0.00176689561894,0.00176689561894,0.712058934433,0.0123682693326,0.70145756072,0.0141351649515,0.00353379123788,0.00883447809471,0.00353379123788,0.0106013737136,0.0153719918848,0.0,0.00176689561894,0.0106013737136,0
0.00209996772437,0.00419993544875,0.00209996772437,0.531291834267,0.0146997740706,0.846286992923,0.00419993544875,0.00209996772437,0.0104998386219,0.0125998063462,0.00629990317312,0.0203696869264,-0.0209996772437,0.0083998708975,0.00524991931094,0
0.0114169274404,0.0114169274404,0.0456677097616,0.782059529667,0.0399592460414,0.616514081781,0.0456677097616,0.0114169274404,0.028542318601,0.0057084637202,0.0057084637202,0.0142711593005,0.0114169274404,0.0228338548808,0.0199796230207,0
0.0521882001624,0.0521882001624,0.20875280065,0.835011202598,0.0782823002436,0.0521882001624,0.0521882001624,0.313129200974,0.0260941000812,0.156564600487,0.130470500406,0.240065720747,-0.130470500406,0.0521882001624,0.156564600487,0
0.0320092199832,0.0320092199832,0.256073759866,0.0,0.224064539883,0.0,0.256073759866,0.800230499581,0.0320092199832,0.192055319899,0.0,0.320092199832,-0.0960276599497,0.0320092199832,0.160046099916,1
0.0174680816774,0.0349361633548,0.139744653419,0.0,0.122276571742,0.0,0.139744653419,-0.925808328903,0.0174680816774,0.104808490064,0.0,0.174680816774,-0.192148898452,0.0698723267096,0.0611382858709,1
