Statistic,Value
Mean,0.55123769339
Std,0.0821868604047
Max,0.8
Min,0.2
Var,0.00675468002318
