AAWt,AAMt,Sstruct,SaccW,ShbondsW,SaccM,ShbondsM,yDDG,Result,Positiontype,ProteinPropens,Positionaccept,MOSST,SectorSuperficie,Functionalrelevancefunction,Clinical
0.0769230769231,0.153846153846,0.538461538462,45.9,0.153846153846,58.7,0.0769230769231,-0.1,0.230769230769,0.153846153846,1,0.57,0.4,0.230769230769,0.1,0
0.153846153846,0.0769230769231,0.538461538462,46.3,0.769230769231,18.1,0.923076923077,-1.4,0.230769230769,0.538461538462,0,1,-1.3,0.230769230769,0.35,0
0.0769230769231,0.0769230769231,0.0769230769231,6.8,0.769230769231,7.9,0.923076923077,-1.5,0.230769230769,0.538461538462,0.3,0.97,-0.5,0.153846153846,0.2,1
0.0769230769231,0.0769230769231,0.230769230769,68.8,0.153846153846,71.5,0.923076923077,-3.7,0.307692307692,0.538461538462,0,1,-0.5,0.153846153846,0,0
0.153846153846,0.153846153846,0.538461538462,20.4,0.769230769231,47.5,0.923076923077,0.3,0.230769230769,0.0769230769231,0.6,0.84,0,0.153846153846,0.1,0
0.0769230769231,0.153846153846,0.230769230769,6.7,0.769230769231,17.7,0.923076923077,-0.3,0.230769230769,0.230769230769,0.7,0.78,-0.5,0.153846153846,0.5,1
0.153846153846,0.0769230769231,0.153846153846,45.4,0.769230769231,27.8,0.923076923077,-3,0.307692307692,0.230769230769,0.1,0.57,-0.4,0.230769230769,0.1,1
0.153846153846,0.0769230769231,0.538461538462,0,0.769230769231,4.1,0.923076923077,-2.5,0.307692307692,0.538461538462,0,1,-0.8,0.153846153846,0.15,0
0.0769230769231,0.153846153846,0.538461538462,62,0.0769230769231,37.2,0.923076923077,-0.7,0.230769230769,0.153846153846,0.3,0.67,-0.4,0.153846153846,0.35,0
0.153846153846,0.153846153846,0.230769230769,11.9,0.769230769231,17.4,0.923076923077,-5.3,0.307692307692,0.538461538462,0,1,-1,0.0769230769231,0.1,0
0.0769230769231,0.153846153846,0.153846153846,0,0.769230769231,0,0.923076923077,-1.3,0.230769230769,0.538461538462,0,1,-1.1,0.153846153846,0.5,1
0.153846153846,0.0769230769231,0.538461538462,0,0.769230769231,3.2,0.923076923077,-0.9,0.230769230769,0.538461538462,0,1,-0.8,0.153846153846,0.15,1
0.0769230769231,0.0769230769231,0.538461538462,111.8,0.769230769231,92.1,0.923076923077,-0.5,0.230769230769,0.230769230769,0.5,0.62,-0.1,0.0769230769231,0.55,0
