AAWt,AAMt,Sstruct,SaccW,ShbondsW,SaccM,ShbondsM,yDDG,Result,Positiontype,ProteinPropens,Positionaccept,MOSST,SectorSuperficie,Functionalrelevancefunction,Clinical
0.002010261436,0.001005130718,0.00402052287199,0.691529933982,0.00402052287199,0.721683855522,0.00703591502598,-0.0241231372319,0.00402052287199,0.00502565358999,0.0,0.01005130718,-0.011056437898,0.00502565358999,0.0,0
0.0605782532815,0.0302891266408,0.121156506563,0.424047772971,0.151445633204,0.605782532815,0.212023886485,-0.424047772971,0.121156506563,0.151445633204,0.0,0.302891266408,-0.181734759845,0.151445633204,0.0302891266408,0
0.00153764454747,0.00307528909494,0.00768822273735,0.688864757267,0.00153764454747,0.724230581859,0.0107635118323,-0.0215270236646,0.00615057818988,0.00153764454747,0.0123011563798,0.00430540473292,0.00922586728482,0.00153764454747,0.00230646682121,1
0.00791280403176,0.00791280403176,0.00395640201588,0.569721890287,0.0158256080635,0.811062413255,0.00395640201588,-0.122648462492,0.0158256080635,0.00395640201588,0.00791280403176,0.0189907296762,-0.00791280403176,0.0197820100794,0.031651216127,0
0.0485071250073,0.0485071250073,0.242535625036,0.0,0.242535625036,0.0,0.339549875051,0.0,0.0970142500145,0.242535625036,0.0,0.485071250073,-0.630592625094,0.0485071250073,0.242535625036,1
0.0158639453606,0.0317278907211,0.0793197268029,0.777333322668,0.0634557814423,0.491782306178,0.111047617524,-0.28555101649,0.0634557814423,0.0475918360817,0.111047617524,0.115806801132,0.0,0.0475918360817,0.118979590204,0
0.00374204407217,0.00374204407217,0.0187102203608,0.752150858506,0.0187102203608,0.647373624485,0.0261943085052,-0.112261322165,0.0149681762887,0.0112261322165,0.00748408814433,0.0220780600258,-0.0112261322165,0.0112261322165,0.00374204407217,1
0.00324956555679,0.00324956555679,0.00812391389199,0.737651381392,0.00812391389199,0.674284853035,0.00324956555679,-0.0292460900112,0.00649913111359,0.00487434833519,0.0016247827784,0.00926126183686,-0.00324956555679,0.00487434833519,0.0016247827784,0
0.00185090712108,0.00185090712108,0.00370181424217,0.636712049653,0.00370181424217,0.770902815931,0.00185090712108,0.00370181424217,0.00185090712108,0.00462726780271,0.0,0.00925453560542,-0.0111054427265,0.00462726780271,0.0,0
0.0445656517822,0.0445656517822,0.0891313035643,0.311959562475,0.111414129455,0.445656517822,0.155979781238,-0.735333254406,0.0891313035643,0.111414129455,0.0,0.222828258911,-0.178262607129,0.111414129455,0.0222828258911,1
