AAWt,AAMt,Sstruct,SaccW,ShbondsW,SaccM,ShbondsM,yDDG,Result,Positiontype,ProteinPropens,Positionaccept,MOSST,SectorSuperficie,Functionalrelevancefunction,Clinical
0.009503313662518305,0.003167771220839435,0.009503313662518305,0.5210983658280871,0.01900662732503661,0.8514969041616401,0.01900662732503661,-0.03547903767340167,0.00633554244167887,0.009503313662518305,0.0,0.022174398545876047,-0.019956958691288443,0.00633554244167887,0.013304639127525627,0
0.002638539711795892,0.002638539711795892,0.010554158847183567,0.744332052697621,0.01583123827077535,0.6667589851708219,0.01583123827077535,0.011081866789542746,0.005277079423591784,0.007915619135387676,0.011081866789542746,0.01606870684483698,0.005540933394771373,0.005277079423591784,0.011081866789542746,1
0.0019168303229560033,0.0019168303229560033,0.00575049096886801,0.6158775827657639,0.0019168303229560033,0.7876255797026218,0.0019168303229560033,-0.0013417812260692024,0.0038336606459120066,0.0019168303229560033,0.013417812260692023,0.007648152988594453,0.00536712490427681,0.0019168303229560033,0.0013417812260692024,0
0.006272649184495604,0.006272649184495604,0.025090596737982414,0.29418724675284386,0.03763589510697362,0.9396428478374415,0.03763589510697362,-0.1536799050201423,0.006272649184495604,0.01881794755348681,0.030735981004028457,0.034248664547346,-0.004390854429146923,0.01881794755348681,0.021954272145734616,1
0.003256424582227587,0.001085474860742529,0.004341899442970116,0.7089236315509456,0.006512849164455174,0.7051244695383468,0.006512849164455174,-0.004558994415118622,0.001085474860742529,0.003256424582227587,0.0,0.007598324025197703,-0.002279497207559311,0.003256424582227587,0.002279497207559311,0
0.0031957929264463908,0.0010652643088154637,0.004261057235261855,0.6957241200873793,0.0063915858528927815,0.7180946705725041,0.0063915858528927815,-0.007456850161708246,0.0021305286176309273,0.0031957929264463908,0.0,0.007456850161708246,-0.007456850161708246,0.0031957929264463908,0.0022370550485124735,1
0.018241637576357144,0.018241637576357144,0.05472491272907143,0.7661487782070001,0.10944982545814286,0.6001498762621501,0.10944982545814286,0.06384573151725001,0.018241637576357144,0.05472491272907143,0.06384573151725001,0.07789179245104501,-0.03830743891035,0.018241637576357144,0.0766148778207,1
