Statistic,Value
Mean,15.8244725738
Std,4.28001836576
Max,23.0
Min,0.0
Var,18.3185572113
