AAWt,AAMt,Sstruct,SaccW,ShbondsW,SaccM,ShbondsM,yDDG,Result,Positiontype,ProteinPropens,Positionaccept,MOSST,SectorSuperficie,Functionalrelevancefunction,Clinical
0.09090909090909091,0.09090909090909091,0.18181818181818182,62.5,0.18181818181818182,104.4,0.8181818181818182,-3.6,0.36363636363636365,0.18181818181818182,0.7,0.59,-0.2,0.09090909090909091,0.25,1
0.09090909090909091,0.09090909090909091,0.18181818181818182,68.8,0.18181818181818182,83.3,0.18181818181818182,0.4,0.2727272727272727,0.7272727272727273,0,1,-1.2,0.09090909090909091,0,0
0.18181818181818182,0.09090909090909091,0.5454545454545454,0,0.7272727272727273,0,0.8181818181818182,0.7,0.2727272727272727,0.7272727272727273,0,1,-0.7,0.18181818181818182,0.5,0
0.09090909090909091,0.09090909090909091,0.2727272727272727,0,0.7272727272727273,6,0.8181818181818182,1.6,0.09090909090909091,0.7272727272727273,0,1,-1,0.09090909090909091,0.75,0
0.09090909090909091,0.18181818181818182,0.5454545454545454,44.8,0.09090909090909091,47.1,0.8181818181818182,-1.4,0.2727272727272727,0.09090909090909091,0.8,0.28,0.6,0.18181818181818182,0.15,1
0.18181818181818182,0.09090909090909091,0.5454545454545454,0,0.7272727272727273,0,0.8181818181818182,-5.3,0.36363636363636365,0.7272727272727273,0,1,-1.1,0.18181818181818182,0.35,1
0.18181818181818182,0.18181818181818182,0.5454545454545454,45.4,0.7272727272727273,41.5,0.18181818181818182,-1.8,0.2727272727272727,0.18181818181818182,0.1,0.57,-0.2,0.18181818181818182,0.1,0
0.18181818181818182,0.09090909090909091,0.2727272727272727,46.3,0.7272727272727273,15.3,0.8181818181818182,-0.2,0.2727272727272727,0.7272727272727273,0,1,-1,0.18181818181818182,0.35,1
0.09090909090909091,0.18181818181818182,0.2727272727272727,0,0.7272727272727273,4.1,0.8181818181818182,-2.5,0.36363636363636365,0.7272727272727273,0,1,-0.8,0.18181818181818182,0.15,0
0.18181818181818182,0.18181818181818182,0.5454545454545454,0,0.7272727272727273,5.2,0.8181818181818182,-5,0.36363636363636365,0.7272727272727273,0,1,-0.9,0.18181818181818182,0.35,1
0.18181818181818182,0.09090909090909091,0.5454545454545454,0,0.7272727272727273,0,0.8181818181818182,-1.3,0.2727272727272727,0.7272727272727273,0,1,-1.1,0.18181818181818182,0.5,1
