AAWt,AAMt,Sstruct,SaccW,ShbondsW,SaccM,ShbondsM,yDDG,Result,Positiontype,ProteinPropens,Positionaccept,MOSST,SectorSuperficie,Functionalrelevancefunction,Clinical
0.142857142857,0.285714285714,0.428571428571,29.8,0.714285714286,30.4,0.714285714286,-0.2,0.285714285714,0.285714285714,0,0.81,0.3,0.142857142857,0.2,0
0.142857142857,0.142857142857,0.428571428571,0.3,0.714285714286,0.4,0.714285714286,-2.7,0.285714285714,0.571428571429,0.3,0.95,0,0.142857142857,0.1,1
0.142857142857,0.142857142857,0.428571428571,12.8,0.714285714286,17.4,0.142857142857,-1.2,0.285714285714,0.571428571429,0,1,-0.8,0.142857142857,0.6,0
0.142857142857,0.142857142857,0.428571428571,93.3,0.714285714286,96.3,0.714285714286,-1,0.285714285714,0.571428571429,0,1,-1,0.285714285714,0.3,1
0.142857142857,0.142857142857,0.428571428571,45.5,0.285714285714,50.6,0.142857142857,1.2,0.142857142857,0.285714285714,0.9,0.69,-0.2,0.142857142857,0.1,1
0.142857142857,0.285714285714,0.142857142857,84.5,0.714285714286,84.5,0.714285714286,0.3,0.285714285714,0.142857142857,0.9,0.25,0.2,0.142857142857,0.15,1
0.142857142857,0.142857142857,0.428571428571,68.8,0.285714285714,71.5,0.714285714286,-3.7,0.285714285714,0.571428571429,0,1,-0.5,0.285714285714,0,0
