AAWt,AAMt,Sstruct,SaccW,ShbondsW,SaccM,ShbondsM,yDDG,Result,Positiontype,ProteinPropens,Positionaccept,MOSST,SectorSuperficie,Functionalrelevancefunction,Clinical
0.09090909090909091,0.18181818181818182,0.09090909090909091,6.8,0.8181818181818182,6,0.9090909090909091,-2.2,0.45454545454545453,0.6363636363636364,0.3,0.97,-0.4,0.18181818181818182,0.2,0
0.2727272727272727,0.09090909090909091,0.2727272727272727,20.1,0.8181818181818182,24.2,0.9090909090909091,-4,0.45454545454545453,0.36363636363636365,0.2,0.59,-0.1,0.18181818181818182,0.1,1
0.18181818181818182,0.09090909090909091,0.2727272727272727,0,0.8181818181818182,2.2,0.9090909090909091,-6.5,0.45454545454545453,0.36363636363636365,0.7,0.78,-0.5,0.18181818181818182,0.1,0
0.09090909090909091,0.09090909090909091,0.2727272727272727,18.8,0.8181818181818182,43.1,0.9090909090909091,-0.4,0.36363636363636365,0.6363636363636364,0,1,-0.9,0.18181818181818182,0.1,1
0.09090909090909091,0.18181818181818182,0.2727272727272727,50.3,0.18181818181818182,35,0.9090909090909091,0.1,0.36363636363636365,0.6363636363636364,0,1,-1,0.18181818181818182,0.1,1
0.09090909090909091,0.09090909090909091,0.18181818181818182,52.6,0.8181818181818182,74.5,0.9090909090909091,0.3,0.36363636363636365,0.6363636363636364,0,1,-1.1,0.09090909090909091,0.8,1
0.09090909090909091,0.09090909090909091,0.18181818181818182,18.3,0.8181818181818182,42.6,0.9090909090909091,-2.1,0.45454545454545453,0.36363636363636365,0.5,0.85,-0.8,0.18181818181818182,0.8,0
0.18181818181818182,0.09090909090909091,0.18181818181818182,11.9,0.8181818181818182,15.2,0.9090909090909091,-2.3,0.45454545454545453,0.6363636363636364,0,1,-1.2,0.09090909090909091,0.1,1
0.2727272727272727,0.09090909090909091,0.2727272727272727,0,0.8181818181818182,0,0.9090909090909091,-1,0.09090909090909091,0.6363636363636364,0,1,-1.1,0.09090909090909091,0.35,1
0.2727272727272727,0.09090909090909091,0.18181818181818182,38.7,0.8181818181818182,42.4,0.9090909090909091,0,0.36363636363636365,0.6363636363636364,0,1,-0.6,0.18181818181818182,0.1,0
0.09090909090909091,0.09090909090909091,0.2727272727272727,4.9,0.18181818181818182,3,0.09090909090909091,2.1,0.09090909090909091,0.36363636363636365,0.7,0.73,-0.2,0.18181818181818182,0.75,0
