AAWt,AAMt,Sstruct,SaccW,ShbondsW,SaccM,ShbondsM,yDDG,Result,Positiontype,ProteinPropens,Positionaccept,MOSST,SectorSuperficie,Functionalrelevancefunction,Clinical
0.045240070046159486,0.09048014009231897,0.045240070046159486,0.05428808405539138,0.18096028018463794,0.0,0.13572021013847846,-0.9228974289416534,0.045240070046159486,0.13572021013847846,0.05428808405539138,0.17191226617540603,-0.16286425216617414,0.045240070046159486,0.018096028018463793,1
0.007793297273788707,0.007793297273788707,0.015586594547577414,0.5860559549889108,0.03117318909515483,0.80738559756451,0.023379891821366124,0.02182123236660838,0.015586594547577414,0.023379891821366124,0.0,0.03117318909515483,-0.02182123236660838,0.007793297273788707,0.0031173189095154833,0
0.005441804778756587,0.005441804778756587,0.010883609557513173,0.5528873655216692,0.021767219115026347,0.8315077701940065,0.01632541433626976,0.017413775292021077,0.010883609557513173,0.01632541433626976,0.0,0.021767219115026347,-0.02829738484953425,0.005441804778756587,0.0,1
0.005192392323769163,0.010384784647538326,0.005192392323769163,0.8287058148735584,0.020769569295076652,0.5587014140375619,0.005192392323769163,-0.0062308707885229955,0.005192392323769163,0.005192392323769163,0.008307827718030661,0.011630958805242926,0.012461741577045991,0.005192392323769163,0.0,1
