Statistic,Value
Mean,27.1383966245
Std,6.39008349315
Max,32.0
Min,0.0
Var,40.8331670494
