AAWt,AAMt,Sstruct,SaccW,ShbondsW,SaccM,ShbondsM,yDDG,Result,Positiontype,ProteinPropens,Positionaccept,MOSST,SectorSuperficie,Functionalrelevancefunction,Clinical
0.142857142857,0.142857142857,0.428571428571,0,0.857142857143,5.2,0.857142857143,-5,0.428571428571,0.571428571429,0,1,-0.9,0.142857142857,0.35,1
0.142857142857,0.285714285714,0.428571428571,0.5,0.857142857143,4,0.857142857143,3,0.142857142857,0.571428571429,0,1,-1,0.428571428571,0,0
0.285714285714,0.142857142857,0.428571428571,14.4,0.142857142857,17.1,0.142857142857,1.1,0.285714285714,0.142857142857,0.2,0.48,0.8,0.285714285714,0.8,0
0.142857142857,0.285714285714,0.142857142857,6.7,0.857142857143,25.3,0.857142857143,1.2,0.285714285714,0.285714285714,0.7,0.78,-0.6,0.285714285714,0.5,1
0.142857142857,0.142857142857,0.428571428571,0,0.857142857143,0,0.857142857143,-5.1,0.428571428571,0.571428571429,0.3,0.96,-1,0.428571428571,0.1,1
0.142857142857,0.142857142857,0.428571428571,0,0.857142857143,0.3,0.857142857143,-3.6,0.428571428571,0.285714285714,0.7,0.78,-0.6,0.428571428571,0.1,0
0.285714285714,0.142857142857,0.428571428571,46.3,0.857142857143,11.8,0.857142857143,0.1,0.142857142857,0.571428571429,0,1,-1.2,0.142857142857,0.35,0
