AAWt,AAMt,Sstruct,SaccW,ShbondsW,SaccM,ShbondsM,yDDG,Result,Positiontype,ProteinPropens,Positionaccept,MOSST,SectorSuperficie,Functionalrelevancefunction,Clinical
0.148292890809,0.148292890809,0.148292890809,0.0,0.296585781617,0.0,0.296585781617,-0.711805875882,0.148292890809,0.296585781617,0.207610047132,0.231336909662,-0.148292890809,0.148292890809,0.0296585781617,1
0.124873239953,0.124873239953,0.0624366199767,0.0249746479907,0.249746479907,0.0249746479907,0.249746479907,-0.799188735701,0.124873239953,0.249746479907,0.124873239953,0.224771831916,-0.199797183925,0.124873239953,0.0249746479907,0
0.00444720232784,0.00444720232784,0.00889440465568,0.903671513017,0.0177888093114,0.425152542541,0.0177888093114,-0.0320198567604,0.00444720232784,0.0177888093114,0.0177888093114,0.0112069498662,-0.00533664279341,0.00444720232784,0.00444720232784,0
0.00552261438341,0.00552261438341,0.00552261438341,0.890245438606,0.0220904575337,0.45285437944,0.0220904575337,0.0066271372601,0.00552261438341,0.0220904575337,0.0132542745202,0.0192186980543,-0.00220904575337,0.00552261438341,0.0132542745202,0
