AAWt,AAMt,Sstruct,SaccW,ShbondsW,SaccM,ShbondsM,yDDG,Result,Positiontype,ProteinPropens,Positionaccept,MOSST,SectorSuperficie,Functionalrelevancefunction,Clinical
0.142857142857,0.142857142857,0.428571428571,45.9,0.285714285714,58.7,0.142857142857,-0.1,0.428571428571,0.142857142857,1,0.57,0.4,0.428571428571,0.1,0
0.285714285714,0.142857142857,0.428571428571,46.3,0.714285714286,18.1,0.857142857143,-1.4,0.285714285714,0.428571428571,0,1,-1.3,0.428571428571,0.35,0
0.142857142857,0.142857142857,0.142857142857,6.8,0.714285714286,7.9,0.857142857143,-1.5,0.285714285714,0.428571428571,0.3,0.97,-0.5,0.285714285714,0.2,1
0.142857142857,0.142857142857,0.285714285714,68.8,0.285714285714,71.5,0.857142857143,-3.7,0.285714285714,0.428571428571,0,1,-0.5,0.285714285714,0,0
0.142857142857,0.285714285714,0.428571428571,20.4,0.714285714286,47.5,0.857142857143,0.3,0.428571428571,0.142857142857,0.6,0.84,0,0.285714285714,0.1,0
0.142857142857,0.285714285714,0.285714285714,6.7,0.714285714286,17.7,0.857142857143,-0.3,0.428571428571,0.285714285714,0.7,0.78,-0.5,0.285714285714,0.5,1
0.285714285714,0.142857142857,0.142857142857,45.4,0.714285714286,27.8,0.857142857143,-3,0.285714285714,0.285714285714,0.1,0.57,-0.4,0.428571428571,0.1,1
