AAWt,AAMt,Sstruct,SaccW,ShbondsW,SaccM,ShbondsM,yDDG,Result,Positiontype,ProteinPropens,Positionaccept,MOSST,SectorSuperficie,Functionalrelevancefunction,Clinical
0.00292871515267,0.00292871515267,0.008786145458,0.54942696264,0.017572290916,0.834390946995,0.017572290916,0.0,0.00585743030534,0.0117148606107,0.0,0.0205010060687,-0.0246012072824,0.00292871515267,0.00205010060687,0
0.00421338992531,0.00842677985063,0.00842677985063,0.094379934327,0.00421338992531,0.979191818643,0.0252803395519,-0.171063630968,0.00842677985063,0.0168535597013,0.0147468647386,0.027134231119,-0.0235949835818,0.00421338992531,0.0176962376863,1
0.00646550815707,0.00323275407854,0.00969826223561,0.574783675164,0.0193965244712,0.816916955646,0.0193965244712,-0.0226292785498,0.00646550815707,0.0129310163141,0.0,0.0226292785498,-0.0113146392749,0.00323275407854,0.0,0
0.00414419401402,0.00828838802803,0.00828838802803,0.00580187161962,0.0248651640841,0.989219111145,0.0248651640841,-0.136343983061,0.00828838802803,0.00414419401402,0.0145046790491,0.0263985158693,-0.0203065506687,0.00414419401402,0.00290093580981,0
0.0128712131084,0.0128712131084,0.0257424262168,0.61266974396,0.0772272786505,0.774847029126,0.0128712131084,0.0450492458794,0.0257424262168,0.0514848524336,0.0270295475277,0.0873955370061,-0.0540590950553,0.0128712131084,0.0180196983518,0
0.00254191107884,0.00254191107884,0.00762573323651,0.903903579634,0.015251466473,0.425261723489,0.015251466473,-0.0320280795933,0.00508382215767,0.00508382215767,0.0177933775519,0.0112098278577,-0.00533801326556,0.00254191107884,0.00444834438796,0
0.00867832165281,0.00433916082641,0.00867832165281,0.595332865383,0.0260349649584,0.795802095563,0.0260349649584,0.10023461509,0.00433916082641,0.00867832165281,-0.00303741257848,0.0182244754709,-0.0151870628924,0.00433916082641,0.00455611886773,0
