AAWt,AAMt,Sstruct,SaccW,ShbondsW,SaccM,ShbondsM,yDDG,Result,Positiontype,ProteinPropens,Positionaccept,MOSST,SectorSuperficie,Functionalrelevancefunction,Clinical
0.00340413918898,0.0102124175669,0.0102124175669,0.559980896586,0.0136165567559,0.826865409002,0.0136165567559,-0.0262118717551,0.0102124175669,0.0136165567559,0.0,0.0238289743228,-0.0190631794583,0.00340413918898,0.0142973845937,1
0.00210654741124,0.00210654741124,0.00105327370562,0.711486388145,0.00315982111686,0.702638889018,0.00315982111686,0.0022118747818,0.00210654741124,0.00315982111686,0.00294916637573,0.0044237495636,0.00147458318787,0.00105327370562,0.0022118747818,0
0.00256799706181,0.00256799706181,0.0012839985309,0.744205548512,0.00385199559271,0.667807635923,0.00385199559271,-0.00629159280143,0.0012839985309,0.00385199559271,0.00719039177306,0.00575231341845,-0.00179759794327,0.0012839985309,0.000898798971633,0
0.00156347533874,0.00469042601623,0.00156347533874,0.712475711866,0.00469042601623,0.701531384495,0.00469042601623,-0.00437773094848,0.00312695067749,0.00469042601623,0.00109443273712,0.00875546189697,0.0,0.00156347533874,0.00547216368561,1
0.0159141210462,0.0238711815692,0.0238711815692,0.406605792729,0.0318282420923,0.902330663317,0.0318282420923,-0.07240925076,0.0238711815692,0.0318282420923,0.0,0.0556994236615,-0.0612693660277,0.0238711815692,0.0529144524785,0
0.0306392623655,0.0612785247309,0.0306392623655,0.25736980387,0.122557049462,0.815004378921,0.122557049462,-0.364607222149,0.0919177870964,0.122557049462,0.0,0.214474836558,-0.150132385591,0.0919177870964,0.0214474836558,1
0.0193313764393,0.0193313764393,0.0289970646589,0.493916668024,0.0386627528786,0.852513700972,0.0386627528786,0.0947237445525,0.00966568821964,0.0386627528786,0.0,0.0676598175375,-0.0676598175375,0.0289970646589,0.0642768266606,0
