AAWt,AAMt,Sstruct,SaccW,ShbondsW,SaccM,ShbondsM,yDDG,Result,Positiontype,ProteinPropens,Positionaccept,MOSST,SectorSuperficie,Functionalrelevancefunction,Clinical
0.0909090909091,0.0909090909091,0.363636363636,0,0.818181818182,5.2,0.818181818182,-5,0.272727272727,0.636363636364,0,1,-0.9,0.0909090909091,0.35,1
0.0909090909091,0.181818181818,0.363636363636,0.5,0.818181818182,4,0.818181818182,3,0.181818181818,0.636363636364,0,1,-1,0.272727272727,0,0
0.181818181818,0.0909090909091,0.363636363636,14.4,0.0909090909091,17.1,0.0909090909091,1.1,0.272727272727,0.0909090909091,0.2,0.48,0.8,0.272727272727,0.8,0
0.0909090909091,0.181818181818,0.181818181818,6.7,0.818181818182,25.3,0.818181818182,1.2,0.272727272727,0.181818181818,0.7,0.78,-0.6,0.272727272727,0.5,1
0.0909090909091,0.0909090909091,0.363636363636,0,0.818181818182,0,0.818181818182,-5.1,0.272727272727,0.636363636364,0.3,0.96,-1,0.272727272727,0.1,1
0.0909090909091,0.0909090909091,0.363636363636,0,0.818181818182,0.3,0.818181818182,-3.6,0.272727272727,0.181818181818,0.7,0.78,-0.6,0.272727272727,0.1,0
0.181818181818,0.0909090909091,0.363636363636,46.3,0.818181818182,11.8,0.818181818182,0.1,0.181818181818,0.636363636364,0,1,-1.2,0.181818181818,0.35,0
0.0909090909091,0.0909090909091,0.181818181818,12.8,0.818181818182,39.6,0.0909090909091,2.7,0.181818181818,0.636363636364,0,1,-0.5,0.0909090909091,0.6,0
0.0909090909091,0.0909090909091,0.0909090909091,97.4,0.818181818182,89.5,0.818181818182,-1.8,0.0909090909091,0.0909090909091,0.3,0.77,0,0.0909090909091,0,0
0.0909090909091,0.0909090909091,0.363636363636,12.1,0.0909090909091,10.6,0.818181818182,0.4,0.181818181818,0.636363636364,0.3,0.97,-0.9,0.272727272727,0.6,0
0.0909090909091,0.0909090909091,0.363636363636,7.3,0.818181818182,12.6,0.818181818182,1.4,0.272727272727,0.636363636364,0,1,-1,0.181818181818,0.95,0
