Statistic,Value
Mean,0.737847222222
Std,0.224536291284
Max,1.0
Min,0.0
Var,0.0504165461034
