feature,mean,var,std,min,max
SaccW,0.812245127034,0.00867177421022,0.093122361494,0.660612265506,0.968558273557
SaccM,0.553935319444,0.0223397883888,0.149465007239,0.242662548019,0.749616912056
yDDG,-0.012741237288,0.00122280247899,0.0349685927511,-0.0830454172819,0.0576611911646
ProteinPropens,0.00611823302043,3.39622741768e-05,0.00582771603433,0.0,0.0177946455589
Positionaccept,0.0146165014636,2.47156915899e-05,0.0049714878648,0.00479212138716,0.0213224720048
MOSST,-0.00824685400891,0.000115116902767,0.0107292545299,-0.0261171951482,0.0124639920484
Functionalrelevancefunction,0.00549557837192,1.7472223522e-05,0.00417997889013,0.0,0.0132604925916
