AAWt,AAMt,Sstruct,SaccW,ShbondsW,SaccM,ShbondsM,yDDG,Result,Positiontype,ProteinPropens,Positionaccept,MOSST,SectorSuperficie,Functionalrelevancefunction,Clinical
0.142857142857,0.285714285714,0.285714285714,6.7,0.714285714286,21.4,0.571428571429,-3.5,0.428571428571,0.428571428571,0.7,0.78,-0.1,0.285714285714,0.5,1
0.142857142857,0.142857142857,0.142857142857,39.9,0.714285714286,27.5,0.571428571429,2.8,0.142857142857,0.428571428571,0.4,0.56,-0.4,0.142857142857,0,1
0.142857142857,0.142857142857,0.285714285714,45.9,0.285714285714,58.7,0.428571428571,-0.1,0.285714285714,0.142857142857,1,0.57,0.4,0.142857142857,0.1,0
0.142857142857,0.142857142857,0.142857142857,99.4,0.285714285714,98.6,0.428571428571,-0.5,0.285714285714,0.428571428571,-0.1,0.71,-0.1,0.142857142857,0.2,0
0.285714285714,0.142857142857,0.142857142857,0,0.714285714286,9.3,0.428571428571,-3,0.428571428571,0.142857142857,0.9,0.47,-0.4,0.142857142857,0.35,0
0.142857142857,0.142857142857,0.285714285714,0,0.714285714286,4.9,0.571428571429,1.6,0.142857142857,0.285714285714,0,1,-1.3,0.142857142857,0.15,0
0.285714285714,0.285714285714,0.285714285714,1.4,0.714285714286,2,0.571428571429,-4.9,0.428571428571,0.285714285714,0,1,-1,0.285714285714,0.1,0
