AAWt,AAMt,Sstruct,SaccW,ShbondsW,SaccM,ShbondsM,yDDG,Result,Positiontype,ProteinPropens,Positionaccept,MOSST,SectorSuperficie,Functionalrelevancefunction,Clinical
0.08069503380520437,0.08069503380520437,0.24208510141561312,0.0,0.24208510141561312,0.0,0.4034751690260219,-0.11297304732728614,0.24208510141561312,0.16139006761040875,0.0,0.5648652366364306,-0.45189218930914454,0.08069503380520437,0.2824326183182153,0
0.0025743301753122865,0.0012871650876561432,0.0038614952629684295,0.6667515154058822,0.0038614952629684295,0.7451398692441413,0.0025743301753122865,0.004505077806796502,0.0038614952629684295,0.0012871650876561432,0.008109140052233703,0.006847718266330682,0.002703046684077901,0.0025743301753122865,0.0009010155613593003,1
0.0010532684474681376,0.0010532684474681376,0.0010532684474681376,0.7114828362647271,0.003159805342404413,0.7026353813059947,0.0021065368949362753,0.002211863739683089,0.003159805342404413,0.0042130737898725505,0.002949151652910786,0.004423727479366178,0.001474575826455393,0.003159805342404413,0.002211863739683089,0
0.015930772537430894,0.015930772537430894,0.007965386268715447,0.40703123833135935,0.02389615880614634,0.9032748028723316,0.03982693134357724,-0.07248501504531057,0.015930772537430894,0.015930772537430894,0.0,0.055757703881008126,-0.06133347426910895,0.015930772537430894,0.05296981868695772,0
0.02815086399647873,0.05630172799295746,0.02815086399647873,0.7685185871038694,0.0844525919894362,0.37440649115316715,0.14075431998239366,-0.37440649115316715,0.05630172799295746,0.11260345598591492,0.09852802398767557,0.173409322218309,-0.15764483838028093,0.0844525919894362,0.09852802398767557,0
0.07854732525394542,0.07854732525394542,0.23564197576183626,0.1099662553555236,0.23564197576183626,0.16494938303328538,0.3927366262697271,-0.4398650214220944,0.07854732525394542,0.3141893010157817,0.32989876606657076,0.48934983633208,0.16494938303328538,0.07854732525394542,0.0549831276777618,0
0.0023690936369162637,0.0023690936369162637,0.0023690936369162637,0.8689835460208856,0.0023690936369162637,0.49253456711489124,0.01184546818458132,-0.038142407554351845,0.0023690936369162637,0.009476374547665055,0.0033167310916827697,0.015091126467156601,-0.013266924366731079,0.007107280910748791,0.009950193275048308,0
