AAWt,AAMt,Sstruct,SaccW,ShbondsW,SaccM,ShbondsM,yDDG,Result,Positiontype,ProteinPropens,Positionaccept,MOSST,SectorSuperficie,Functionalrelevancefunction,Clinical
0.0974416377567,0.0974416377567,0.0974416377567,0.0,0.29232491327,0.0,0.389766551027,-0.389766551027,0.194883275513,0.389766551027,0.0,0.389766551027,-0.428743206129,0.194883275513,0.136418292859,1
0.00748599464042,0.00748599464042,0.00748599464042,0.7036834962,0.0224579839213,0.706677894056,0.0299439785617,-0.0239551828494,0.0149719892808,0.0299439785617,0.0,0.0299439785617,-0.0299439785617,0.00748599464042,0.017966387137,0
0.00251269447685,0.00251269447685,0.00251269447685,0.691493520028,0.00251269447685,0.721645853751,0.0100507779074,-0.0241218669777,0.0050253889537,0.0100507779074,0.0,0.0100507779074,-0.0110558556981,0.00251269447685,0.0,0
0.00606260004309,0.00606260004309,0.00606260004309,0.61353512436,0.0181878001293,0.785712965584,0.0242504001723,-0.0606260004309,0.0121252000862,0.0242504001723,0.0072751200517,0.0235228881672,0.0,0.0121252000862,0.00606260004309,0
