AAWt,AAMt,Sstruct,SaccW,ShbondsW,SaccM,ShbondsM,yDDG,Result,Positiontype,ProteinPropens,Positionaccept,MOSST,SectorSuperficie,Functionalrelevancefunction,Clinical
0.18181818181818182,0.18181818181818182,0.18181818181818182,18.3,0.6363636363636364,42.6,0.9090909090909091,-2.1,0.45454545454545453,0.7272727272727273,0.5,0.85,-0.8,0.36363636363636365,0.8,0
0.18181818181818182,0.09090909090909091,0.18181818181818182,47.8,0.2727272727272727,67.9,0.09090909090909091,1.6,0.18181818181818182,0.7272727272727273,0.2,0.92,-0.8,0.09090909090909091,0.35,0
0.2727272727272727,0.09090909090909091,0.2727272727272727,0.1,0.6363636363636364,0.1,0.9090909090909091,-3.2,0.45454545454545453,0.7272727272727273,0.5,0.9,-0.8,0.2727272727272727,0.1,0
0.18181818181818182,0.18181818181818182,0.36363636363636365,111.8,0.6363636363636364,128.5,0.9090909090909091,-3,0.45454545454545453,0.7272727272727273,0.5,0.62,-0.3,0.09090909090909091,0.55,0
0.18181818181818182,0.09090909090909091,0.2727272727272727,0.2,0.6363636363636364,0.3,0.9090909090909091,-1.1,0.2727272727272727,0.7272727272727273,0.6,0.89,-0.1,0.2727272727272727,0.1,0
0.09090909090909091,0.09090909090909091,0.18181818181818182,3.9,0.09090909090909091,3.5,0.9090909090909091,-0.9,0.09090909090909091,0.7272727272727273,0.5,0.88,-0.4,0.36363636363636365,0.5,0
0.09090909090909091,0.09090909090909091,0.36363636363636365,66.5,0.2727272727272727,47.9,0.9090909090909091,-1.4,0.2727272727272727,0.7272727272727273,0.7,0.85,0,0.09090909090909091,0.25,1
0.2727272727272727,0.18181818181818182,0.36363636363636365,0,0.6363636363636364,2.2,0.9090909090909091,-6.5,0.45454545454545453,0.7272727272727273,0.7,0.78,-0.5,0.2727272727272727,0.1,0
0.09090909090909091,0.09090909090909091,0.2727272727272727,12.1,0.2727272727272727,28.6,0.9090909090909091,1.5,0.18181818181818182,0.18181818181818182,0.3,0.97,-0.7,0.36363636363636365,0.6,1
0.09090909090909091,0.09090909090909091,0.36363636363636365,0,0.6363636363636364,0.1,0.9090909090909091,-1.5,0.2727272727272727,0.09090909090909091,-0.1,0.64,-0.5,0.09090909090909091,0.1,1
0.2727272727272727,0.18181818181818182,0.18181818181818182,1.4,0.6363636363636364,2,0.9090909090909091,-4.9,0.45454545454545453,0.18181818181818182,0,1,-1,0.36363636363636365,0.1,0
