AAWt,AAMt,Sstruct,SaccW,ShbondsW,SaccM,ShbondsM,yDDG,Result,Positiontype,ProteinPropens,Positionaccept,MOSST,SectorSuperficie,Functionalrelevancefunction,Clinical
0.18181818181818182,0.09090909090909091,0.36363636363636365,7.3,0.6363636363636364,16.2,0.8181818181818182,-1.3,0.18181818181818182,0.45454545454545453,0,1,-1.1,0.45454545454545453,0.95,0
0.18181818181818182,0.18181818181818182,0.36363636363636365,23.5,0.6363636363636364,38.4,0.8181818181818182,-1.6,0.18181818181818182,0.45454545454545453,0,1,-0.9,0.09090909090909091,0.6,0
0.18181818181818182,0.09090909090909091,0.36363636363636365,7.3,0.6363636363636364,16.4,0.8181818181818182,-3.1,0.09090909090909091,0.45454545454545453,0,1,-1,0.45454545454545453,0.95,1
0.18181818181818182,0.09090909090909091,0.36363636363636365,45.9,0.18181818181818182,58.7,0.18181818181818182,-0.1,0.45454545454545453,0.09090909090909091,1,0.57,0.4,0.45454545454545453,0.1,0
0.09090909090909091,0.18181818181818182,0.09090909090909091,52.4,0.18181818181818182,48,0.18181818181818182,-0.2,0.45454545454545453,0.2727272727272727,0.2,0.91,-0.7,0.18181818181818182,0.6,0
0.18181818181818182,0.18181818181818182,0.18181818181818182,27.7,0.18181818181818182,34.7,0.8181818181818182,0.4,0.45454545454545453,0.45454545454545453,0,1,-1.3,0.18181818181818182,0.1,1
0.18181818181818182,0.18181818181818182,0.2727272727272727,0,0.6363636363636364,0,0.8181818181818182,1.9,0.09090909090909091,0.09090909090909091,0.7,0.25,1.1,0.45454545454545453,0,1
0.09090909090909091,0.18181818181818182,0.09090909090909091,6.8,0.6363636363636364,6.3,0.8181818181818182,-0.7,0.09090909090909091,0.45454545454545453,0.3,0.97,-0.3,0.18181818181818182,0.2,1
0.18181818181818182,0.09090909090909091,0.2727272727272727,0,0.6363636363636364,0.9,0.8181818181818182,-0.4,0.45454545454545453,0.09090909090909091,0.9,0.47,0.6,0.09090909090909091,0.35,1
0.18181818181818182,0.18181818181818182,0.2727272727272727,4.9,0.18181818181818182,2.1,0.8181818181818182,2.5,0.09090909090909091,0.2727272727272727,0.7,0.73,-0.4,0.45454545454545453,0.75,1
0.09090909090909091,0.09090909090909091,0.18181818181818182,61,0.6363636363636364,93.7,0.8181818181818182,0.3,0.45454545454545453,0.2727272727272727,0.1,0.76,0.7,0.18181818181818182,0.2,1
