statistic,value
mean,0.676744096942
max,0.818181818182
min,0.5
var,0.00421479176913
std,0.0649214276578
