statistic,value
mean,0.682674414678
max,0.904761904762
min,0.5
var,0.00566883579046
std,0.0752916714548
