AAWt,AAMt,Sstruct,SaccW,ShbondsW,SaccM,ShbondsM,yDDG,Result,Positiontype,ProteinPropens,Positionaccept,MOSST,SectorSuperficie,Functionalrelevancefunction,Clinical
0.00877789130119499,0.00877789130119499,0.01755578260238998,0.9483048569057655,0.02048174636945498,0.3133707194526612,0.01755578260238998,-0.004096349273890996,0.0058519275341299935,0.01755578260238998,0.0,0.02048174636945498,-0.02048174636945498,0.00877789130119499,0.007168611229309242,1
0.021407816726280202,0.042815633452560405,0.1284469003576812,0.0,0.14985471708396142,0.8991283025037685,0.1284469003576812,0.23976754733433828,0.042815633452560405,0.1284469003576812,0.0,0.14985471708396142,-0.14985471708396142,0.021407816726280202,0.11239103781297106,0
0.03516368207503202,0.03516368207503202,0.011721227358344006,0.631774154614742,0.08204859150840804,0.7384373235756724,0.011721227358344006,-0.16409718301681608,0.023442454716688012,0.07032736415006403,0.0,0.08204859150840804,-0.08204859150840804,0.011721227358344006,0.008204859150840805,0
0.006463482037493718,0.003231741018746859,0.01939044611248115,0.5746035531331914,0.022622187131228013,0.8166609554373313,0.01939044611248115,-0.022622187131228013,0.006463482037493718,0.01939044611248115,0.0,0.022622187131228013,-0.011311093565614007,0.003231741018746859,0.0,0
0.008578634434623969,0.008578634434623969,0.025735903303871908,0.6365346750490986,0.030025220521183893,0.7686456453423077,0.025735903303871908,0.024020176416947116,0.004289317217311984,0.004289317217311984,0.0,0.02492093303258263,-0.018015132312710336,0.004289317217311984,0.007506305130295973,0
0.00877789130119499,0.00877789130119499,0.01755578260238998,0.9483048569057655,0.02048174636945498,0.3133707194526612,0.01755578260238998,-0.004096349273890996,0.0058519275341299935,0.01755578260238998,0.0,0.02048174636945498,-0.02048174636945498,0.00877789130119499,0.007168611229309242,1
0.009622187093195874,0.009622187093195874,0.05773312255917524,0.4916937604623091,0.06735530965237112,0.848676901619876,0.05773312255917524,0.09429743351331955,0.019244374186391747,0.05773312255917524,0.0,0.06735530965237112,-0.06735530965237112,0.02886656127958762,0.06398754416975255,0
