AAWt,AAMt,Sstruct,SaccW,ShbondsW,SaccM,ShbondsM,yDDG,Result,Positiontype,ProteinPropens,Positionaccept,MOSST,SectorSuperficie,Functionalrelevancefunction,Clinical
0.36363636363636365,0.18181818181818182,0.5454545454545454,0,0.8181818181818182,2.2,0.8181818181818182,-6.5,0.36363636363636365,0.6363636363636364,0.7,0.78,-0.5,0.2727272727272727,0.1,0
0.09090909090909091,0.09090909090909091,0.18181818181818182,40.3,0.8181818181818182,36.1,0.8181818181818182,0.6,0.2727272727272727,0.6363636363636364,0.6,0.87,0.3,0.09090909090909091,0.6,1
0.09090909090909091,0.18181818181818182,0.18181818181818182,1.2,0.8181818181818182,3.4,0.8181818181818182,-0.6,0.18181818181818182,0.36363636363636365,0,1,-0.5,0.36363636363636365,0.1,0
0.36363636363636365,0.18181818181818182,0.18181818181818182,35.5,0.8181818181818182,26.6,0.8181818181818182,-3.7,0.36363636363636365,0.36363636363636365,0.3,0.95,-1,0.18181818181818182,0.1,0
0.36363636363636365,0.18181818181818182,0.18181818181818182,0.1,0.8181818181818182,0.1,0.8181818181818182,-3.2,0.36363636363636365,0.6363636363636364,0.5,0.9,-0.8,0.2727272727272727,0.1,0
0.09090909090909091,0.09090909090909091,0.5454545454545454,46.3,0.8181818181818182,18.1,0.8181818181818182,-1.4,0.09090909090909091,0.36363636363636365,0,1,-1.3,0.36363636363636365,0.35,0
0.09090909090909091,0.09090909090909091,0.5454545454545454,50.3,0.18181818181818182,35,0.8181818181818182,0.1,0.2727272727272727,0.36363636363636365,0,1,-1,0.09090909090909091,0.1,1
0.36363636363636365,0.09090909090909091,0.5454545454545454,0,0.8181818181818182,0.3,0.8181818181818182,-3.6,0.36363636363636365,0.6363636363636364,0.7,0.78,-0.6,0.2727272727272727,0.1,0
0.18181818181818182,0.18181818181818182,0.5454545454545454,11.1,0.8181818181818182,38.8,0.8181818181818182,1.1,0.09090909090909091,0.6363636363636364,0.5,0.91,-0.8,0.36363636363636365,0.5,1
0.09090909090909091,0.18181818181818182,0.09090909090909091,96.5,0.18181818181818182,95.3,0.09090909090909091,0.3,0.2727272727272727,0.6363636363636364,0.4,0.6,0.2,0.18181818181818182,0.3,0
0.18181818181818182,0.09090909090909091,0.5454545454545454,11.1,0.8181818181818182,28.8,0.09090909090909091,-0.7,0.18181818181818182,0.6363636363636364,0.5,0.91,-0.7,0.36363636363636365,0.5,1
