AAWt,AAMt,Sstruct,SaccW,ShbondsW,SaccM,ShbondsM,yDDG,Result,Positiontype,ProteinPropens,Positionaccept,MOSST,SectorSuperficie,Functionalrelevancefunction,Clinical
0.18181818181818182,0.18181818181818182,0.2727272727272727,66.5,0.2727272727272727,53.3,0.7272727272727273,0.3,0.6363636363636364,0.7272727272727273,0.7,0.85,-0.3,0.18181818181818182,0.25,1
0.09090909090909091,0.18181818181818182,0.36363636363636365,63.3,0.09090909090909091,97.8,0.18181818181818182,-0.4,0.6363636363636364,0.2727272727272727,0,1,-0.3,0.09090909090909091,1,1
0.09090909090909091,0.09090909090909091,0.2727272727272727,26.8,0.6363636363636364,54.1,0.7272727272727273,-2.8,0.18181818181818182,0.2727272727272727,0,1,-1.2,0.09090909090909091,0.1,0
0.2727272727272727,0.18181818181818182,0.36363636363636365,6.7,0.6363636363636364,30.5,0.18181818181818182,0.5,0.6363636363636364,0.7272727272727273,0.7,0.78,0.1,0.2727272727272727,0.5,0
0.09090909090909091,0.18181818181818182,0.2727272727272727,0.5,0.6363636363636364,0.7,0.7272727272727273,-0.2,0.6363636363636364,0.2727272727272727,0,1,-0.8,0.18181818181818182,0,0
0.09090909090909091,0.09090909090909091,0.09090909090909091,18.3,0.6363636363636364,29.5,0.7272727272727273,0.8,0.09090909090909091,0.7272727272727273,0.5,0.85,-0.5,0.2727272727272727,0.8,0
0.09090909090909091,0.18181818181818182,0.2727272727272727,57.5,0.6363636363636364,70.8,0.7272727272727273,-1.3,0.09090909090909091,0.7272727272727273,0.9,0.31,0.1,0.09090909090909091,0.35,1
0.2727272727272727,0.09090909090909091,0.36363636363636365,6.7,0.6363636363636364,17.7,0.7272727272727273,-0.3,0.6363636363636364,0.7272727272727273,0.7,0.78,-0.5,0.2727272727272727,0.5,1
0.09090909090909091,0.18181818181818182,0.2727272727272727,0.1,0.6363636363636364,0.1,0.7272727272727273,-3.2,0.18181818181818182,0.7272727272727273,0.5,0.9,-0.8,0.18181818181818182,0.1,0
0.18181818181818182,0.18181818181818182,0.2727272727272727,66.5,0.2727272727272727,53.3,0.7272727272727273,0.3,0.6363636363636364,0.7272727272727273,0.7,0.85,-0.3,0.18181818181818182,0.25,1
0.2727272727272727,0.18181818181818182,0.36363636363636365,65.7,0.2727272727272727,85.6,0.09090909090909091,0.3,0.6363636363636364,0.7272727272727273,0.4,0.14,-0.1,0.09090909090909091,0.15,1
