AAWt,AAMt,Sstruct,SaccW,ShbondsW,SaccM,ShbondsM,yDDG,Result,Positiontype,ProteinPropens,Positionaccept,MOSST,SectorSuperficie,Functionalrelevancefunction,Clinical
0.09090909090909091,0.09090909090909091,0.45454545454545453,0,0.9090909090909091,0.1,0.9090909090909091,-1.5,0.18181818181818182,0.09090909090909091,-0.1,0.64,-0.5,0.18181818181818182,0.1,1
0.2727272727272727,0.09090909090909091,0.45454545454545453,111.8,0.9090909090909091,92.1,0.9090909090909091,-0.5,0.18181818181818182,0.6363636363636364,0.5,0.62,-0.1,0.18181818181818182,0.55,0
0.2727272727272727,0.09090909090909091,0.09090909090909091,40.3,0.9090909090909091,46.6,0.09090909090909091,-2.2,0.36363636363636365,0.6363636363636364,0.6,0.87,-0.6,0.18181818181818182,0.6,0
0.09090909090909091,0.18181818181818182,0.36363636363636365,40.5,0.9090909090909091,29.7,0.9090909090909091,-3.3,0.36363636363636365,0.09090909090909091,0.3,0.44,-0.3,0.36363636363636365,0.6,0
0.09090909090909091,0.18181818181818182,0.45454545454545453,23.5,0.9090909090909091,23.6,0.9090909090909091,-0.8,0.18181818181818182,0.18181818181818182,0,1,-1,0.18181818181818182,0.6,0
0.09090909090909091,0.09090909090909091,0.36363636363636365,45.4,0.9090909090909091,36.8,0.9090909090909091,-3.6,0.36363636363636365,0.6363636363636364,0.1,0.57,-0.3,0.36363636363636365,0.1,0
0.18181818181818182,0.09090909090909091,0.36363636363636365,0,0.9090909090909091,0,0.9090909090909091,3.9,0.09090909090909091,0.18181818181818182,0,1,-1.1,0.09090909090909091,0.5,1
0.09090909090909091,0.09090909090909091,0.09090909090909091,42.5,0.9090909090909091,55.3,0.9090909090909091,0.7,0.09090909090909091,0.6363636363636364,0.5,0.93,-0.6,0.36363636363636365,0.1,0
0.18181818181818182,0.09090909090909091,0.45454545454545453,66.5,0.09090909090909091,47.9,0.9090909090909091,-1.4,0.18181818181818182,0.6363636363636364,0.7,0.85,0,0.36363636363636365,0.25,1
0.09090909090909091,0.09090909090909091,0.36363636363636365,29.8,0.9090909090909091,30.4,0.9090909090909091,-0.2,0.09090909090909091,0.6363636363636364,0,0.81,0.3,0.18181818181818182,0.2,0
0.2727272727272727,0.09090909090909091,0.45454545454545453,111.8,0.9090909090909091,128.5,0.9090909090909091,-3,0.36363636363636365,0.6363636363636364,0.5,0.62,-0.3,0.18181818181818182,0.55,0
