AAWt,AAMt,Sstruct,SaccW,ShbondsW,SaccM,ShbondsM,yDDG,Result,Positiontype,ProteinPropens,Positionaccept,MOSST,SectorSuperficie,Functionalrelevancefunction,Clinical
0.14285714285714285,0.14285714285714285,0.2857142857142857,12.8,0.5714285714285714,17.4,0.14285714285714285,-1.2,0.2857142857142857,0.42857142857142855,0,1,-0.8,0.14285714285714285,0.6,0
0.14285714285714285,0.14285714285714285,0.42857142857142855,3.2,0.42857142857142855,0,0.42857142857142855,-2.1,0.14285714285714285,0.42857142857142855,0.5,0.92,-0.5,0.14285714285714285,0.6,1
0.14285714285714285,0.42857142857142855,0.42857142857142855,4.9,0.42857142857142855,1.5,0.42857142857142855,-0.3,0.5714285714285714,0.42857142857142855,0.7,0.73,-0.3,0.2857142857142857,0.75,1
0.2857142857142857,0.42857142857142855,0.2857142857142857,6.7,0.5714285714285714,30.5,0.42857142857142855,0.5,0.5714285714285714,0.42857142857142855,0.7,0.78,0.1,0.2857142857142857,0.5,0
0.2857142857142857,0.2857142857142857,0.14285714285714285,0,0.5714285714285714,3.7,0.42857142857142855,-2,0.2857142857142857,0.42857142857142855,0,1,-1.3,0.14285714285714285,0.15,0
0.2857142857142857,0.2857142857142857,0.42857142857142855,37,0.5714285714285714,69.9,0.42857142857142855,-0.4,0.5714285714285714,0.14285714285714285,0.2,0.89,-0.2,0.2857142857142857,0,0
0.2857142857142857,0.42857142857142855,0.14285714285714285,96.5,0.42857142857142855,95.3,0.42857142857142855,0.3,0.5714285714285714,0.42857142857142855,0.4,0.6,0.2,0.2857142857142857,0.3,0
