feature,mean,var,std,min,max
SaccW,24.8461538462,1100.82556213,33.1786913866,0.0,97.4
SaccM,21.1615384615,914.945443787,30.2480651247,0.0,89.5
yDDG,0.115384615385,2.53668639053,1.59269783403,-1.8,3.9
ProteinPropens,0.223076923077,0.124852071006,0.353344125472,0.0,1.0
Positionaccept,0.874615384615,0.0261633136095,0.161750776225,0.63,1.0
MOSST,-0.6,0.286153846154,0.534933496945,-1.3,0.6
Functionalrelevancefunction,0.4,0.0223076923077,0.149357598761,0.0,0.5
