AAWt,AAMt,Sstruct,SaccW,ShbondsW,SaccM,ShbondsM,yDDG,Result,Positiontype,ProteinPropens,Positionaccept,MOSST,SectorSuperficie,Functionalrelevancefunction,Clinical
0.153846153846,0.0769230769231,0.230769230769,1.4,0.769230769231,2,0.846153846154,-1.4,0.153846153846,0.384615384615,0,1,-0.6,0.153846153846,0.1,0
0.307692307692,0.153846153846,0.153846153846,24.3,0.769230769231,14.2,0.846153846154,1.5,0.230769230769,0.153846153846,0,0.41,0.7,0.153846153846,0,1
0.0769230769231,0.230769230769,0.230769230769,65.7,0.153846153846,85.6,0.0769230769231,0.3,0.230769230769,0.461538461538,0.4,0.14,-0.1,0.0769230769231,0.15,1
0.307692307692,0.230769230769,0.538461538462,0.5,0.769230769231,1.2,0.846153846154,-0.4,0.230769230769,0.384615384615,0,1,-0.8,0.230769230769,0,0
0.0769230769231,0.0769230769231,0.538461538462,74,0.0769230769231,87.1,0.846153846154,0.2,0.230769230769,0.153846153846,0.9,0.76,-0.3,0.153846153846,0.1,1
0.307692307692,0.0769230769231,0.538461538462,0.5,0.769230769231,1.5,0.846153846154,1.4,0.230769230769,0.384615384615,0,1,-1.1,0.230769230769,0,0
0.307692307692,0.153846153846,0.153846153846,55.9,0.769230769231,66.1,0.846153846154,-0.9,0.0769230769231,0.461538461538,-0.1,0.2,0.4,0.153846153846,0,1
0.153846153846,0.153846153846,0.538461538462,0,0.769230769231,0,0.846153846154,2.5,0.153846153846,0.384615384615,0,1,-0.3,0.0769230769231,0.5,1
0.153846153846,0.230769230769,0.538461538462,0.1,0.769230769231,0.3,0.846153846154,-3.1,0.153846153846,0.461538461538,0.5,0.9,-0.7,0.230769230769,0.1,1
0.0769230769231,0.153846153846,0.538461538462,12.1,0.153846153846,28.6,0.846153846154,1.5,0.230769230769,0.384615384615,0.3,0.97,-0.7,0.153846153846,0.6,1
0.0769230769231,0.0769230769231,0.538461538462,29.8,0.769230769231,33.5,0.846153846154,-2.1,0.153846153846,0.461538461538,0,0.81,-0.1,0.153846153846,0.2,0
0.0769230769231,0.0769230769231,0.230769230769,57.7,0.769230769231,87.8,0.0769230769231,-1.2,0.153846153846,0.461538461538,0.7,0.79,0.1,0.0769230769231,0.35,0
0.153846153846,0.0769230769231,0.0769230769231,39.9,0.769230769231,27.5,0.846153846154,2.8,0.153846153846,0.461538461538,0.4,0.56,-0.4,0.0769230769231,0,1
