AAWt,AAMt,Sstruct,SaccW,ShbondsW,SaccM,ShbondsM,yDDG,Result,Positiontype,ProteinPropens,Positionaccept,MOSST,SectorSuperficie,Functionalrelevancefunction,Clinical
0.0909090909091,0.181818181818,0.545454545455,46.3,0.545454545455,11.6,0.909090909091,1.8,0.272727272727,0.636363636364,0,1,-1,0.363636363636,0.35,1
0.181818181818,0.181818181818,0.545454545455,0,0.545454545455,3.2,0.909090909091,-0.9,0.272727272727,0.636363636364,0,1,-0.8,0.181818181818,0.15,1
0.181818181818,0.0909090909091,0.545454545455,0,0.545454545455,4.9,0.909090909091,1.6,0.272727272727,0.636363636364,0,1,-1.3,0.181818181818,0.15,0
0.0909090909091,0.181818181818,0.454545454545,0,0.545454545455,2.4,0.909090909091,-0.8,0.272727272727,0.636363636364,0,1,-0.5,0.0909090909091,0.35,1
0.181818181818,0.0909090909091,0.454545454545,0,0.545454545455,0,0.909090909091,0,0.363636363636,0.636363636364,0,1,-1.3,0.0909090909091,0.5,1
0.181818181818,0.0909090909091,0.545454545455,50.3,0.363636363636,55,0.0909090909091,-1.6,0.0909090909091,0.636363636364,0,1,-1.1,0.0909090909091,0.1,0
0.0909090909091,0.0909090909091,0.545454545455,91.7,0.363636363636,64.7,0.909090909091,0,0.363636363636,0.272727272727,0.5,0.9,-0.7,0.181818181818,0,0
0.181818181818,0.0909090909091,0.545454545455,11.1,0.545454545455,16.5,0.909090909091,0.2,0.363636363636,0.272727272727,0.5,0.91,-0.3,0.363636363636,0.5,0
0.0909090909091,0.0909090909091,0.454545454545,12.1,0.0909090909091,10.6,0.909090909091,0.4,0.363636363636,0.636363636364,0.3,0.97,-0.9,0.181818181818,0.6,0
0.181818181818,0.181818181818,0.454545454545,4.9,0.363636363636,1.5,0.909090909091,-0.5,0.272727272727,0.272727272727,0.7,0.73,-0.6,0.363636363636,0.75,0
0.0909090909091,0.0909090909091,0.454545454545,74,0.363636363636,96.2,0.909090909091,1.6,0.272727272727,0.0909090909091,0.9,0.76,-0.3,0.363636363636,0.1,1
