Statistic,Value
Mean,11.6139210285
Std,3.08865142699
Max,15.0
Min,3.0
Var,9.53976763747
