AAWt,AAMt,Sstruct,SaccW,ShbondsW,SaccM,ShbondsM,yDDG,Result,Positiontype,ProteinPropens,Positionaccept,MOSST,SectorSuperficie,Functionalrelevancefunction,Clinical
0.09090909090909091,0.36363636363636365,0.36363636363636365,0.5,0.8181818181818182,0.7,0.7272727272727273,-0.2,0.5454545454545454,0.5454545454545454,0,1,-0.8,0.09090909090909091,0,0
0.09090909090909091,0.18181818181818182,0.2727272727272727,65.7,0.09090909090909091,85.6,0.09090909090909091,0.3,0.5454545454545454,0.45454545454545453,0.4,0.14,-0.1,0.09090909090909091,0.15,1
0.09090909090909091,0.36363636363636365,0.36363636363636365,0,0.8181818181818182,0,0.7272727272727273,-0.2,0.5454545454545454,0.5454545454545454,0,1,-0.8,0.18181818181818182,0.5,0
0.09090909090909091,0.36363636363636365,0.36363636363636365,14.1,0.8181818181818182,33,0.7272727272727273,-1.7,0.2727272727272727,0.45454545454545453,0.7,0.85,-0.5,0.2727272727272727,0.5,1
0.18181818181818182,0.18181818181818182,0.2727272727272727,40.3,0.8181818181818182,20.5,0.7272727272727273,0.3,0.5454545454545454,0.45454545454545453,0.6,0.87,-0.1,0.09090909090909091,0.6,0
0.09090909090909091,0.09090909090909091,0.09090909090909091,41.8,0.8181818181818182,68.1,0.18181818181818182,1.6,0.09090909090909091,0.5454545454545454,0,0.95,-1,0.09090909090909091,0.1,0
0.09090909090909091,0.09090909090909091,0.2727272727272727,50.8,0.8181818181818182,23.9,0.7272727272727273,-1.8,0.2727272727272727,0.45454545454545453,1,0.63,-0.3,0.18181818181818182,0.25,0
0.09090909090909091,0.18181818181818182,0.2727272727272727,63.3,0.09090909090909091,97.8,0.18181818181818182,-0.4,0.5454545454545454,0.5454545454545454,0,1,-0.3,0.09090909090909091,1,1
0.09090909090909091,0.09090909090909091,0.2727272727272727,46.3,0.8181818181818182,18.1,0.7272727272727273,-1.4,0.2727272727272727,0.5454545454545454,0,1,-1.3,0.2727272727272727,0.35,0
0.18181818181818182,0.18181818181818182,0.2727272727272727,26.8,0.8181818181818182,40.7,0.7272727272727273,0,0.5454545454545454,0.5454545454545454,0,1,-1.2,0.09090909090909091,0.1,0
0.09090909090909091,0.36363636363636365,0.36363636363636365,20.1,0.8181818181818182,17.3,0.7272727272727273,-3,0.09090909090909091,0.45454545454545453,0.2,0.59,-0.3,0.2727272727272727,0.1,1
