AAWt,AAMt,Sstruct,SaccW,ShbondsW,SaccM,ShbondsM,yDDG,Result,Positiontype,ProteinPropens,Positionaccept,MOSST,SectorSuperficie,Functionalrelevancefunction,Clinical
0.14285714285714285,0.14285714285714285,0.42857142857142855,19.6,0.5714285714285714,26.2,0.7142857142857143,3.3,0.2857142857142857,0.5714285714285714,-0.1,0.6,-0.5,0.14285714285714285,0.15,0
0.2857142857142857,0.14285714285714285,0.42857142857142855,12.1,0.42857142857142855,28.6,0.7142857142857143,1.5,0.2857142857142857,0.42857142857142855,0.3,0.97,-0.7,0.14285714285714285,0.6,1
0.2857142857142857,0.14285714285714285,0.42857142857142855,1.2,0.5714285714285714,0.8,0.7142857142857143,-5,0.14285714285714285,0.42857142857142855,0,1,-0.9,0.2857142857142857,0.1,0
0.2857142857142857,0.14285714285714285,0.2857142857142857,35.7,0.42857142857142855,35.4,0.7142857142857143,2.2,0.2857142857142857,0.5714285714285714,0.4,0.76,-0.4,0.14285714285714285,0.25,1
0.2857142857142857,0.14285714285714285,0.14285714285714285,6.8,0.5714285714285714,8.6,0.14285714285714285,0.5,0.14285714285714285,0.42857142857142855,0.3,0.97,-0.6,0.14285714285714285,0.2,0
0.14285714285714285,0.14285714285714285,0.14285714285714285,11.1,0.5714285714285714,38.8,0.7142857142857143,1.1,0.2857142857142857,0.5714285714285714,0.5,0.91,-0.8,0.2857142857142857,0.5,1
0.14285714285714285,0.14285714285714285,0.2857142857142857,46.6,0.42857142857142855,81,0.14285714285714285,-1.3,0.14285714285714285,0.5714285714285714,0.6,0.9,0.3,0.14285714285714285,0.35,1
