Statistic,Value
Mean,0.208213783404
Std,0.21136026043
Max,1.0
Min,0.0
Var,0.0446731596891
