AAWt,AAMt,Sstruct,SaccW,ShbondsW,SaccM,ShbondsM,yDDG,Result,Positiontype,ProteinPropens,Positionaccept,MOSST,SectorSuperficie,Functionalrelevancefunction,Clinical
0.09090909090909091,0.09090909090909091,0.09090909090909091,6.8,0.6363636363636364,7.9,0.7272727272727273,-1.5,0.09090909090909091,0.9090909090909091,0.3,0.97,-0.5,0.36363636363636365,0.2,1
0.09090909090909091,0.09090909090909091,0.45454545454545453,7.3,0.6363636363636364,1.7,0.09090909090909091,-2.3,0.45454545454545453,0.9090909090909091,0,1,-0.3,0.18181818181818182,0.95,1
0.2727272727272727,0.2727272727272727,0.36363636363636365,1.4,0.6363636363636364,2.3,0.7272727272727273,-3.1,0.45454545454545453,0.9090909090909091,0,1,-0.9,0.2727272727272727,0.1,0
0.09090909090909091,0.09090909090909091,0.45454545454545453,0,0.6363636363636364,4.9,0.7272727272727273,1.6,0.09090909090909091,0.9090909090909091,0,1,-1.3,0.09090909090909091,0.15,0
0.2727272727272727,0.2727272727272727,0.36363636363636365,1.4,0.6363636363636364,2.3,0.7272727272727273,-3.1,0.45454545454545453,0.9090909090909091,0,1,-0.9,0.2727272727272727,0.1,0
0.09090909090909091,0.09090909090909091,0.09090909090909091,27.7,0.09090909090909091,34.7,0.7272727272727273,0.4,0.2727272727272727,0.9090909090909091,0,1,-1.3,0.36363636363636365,0.1,1
0.18181818181818182,0.2727272727272727,0.45454545454545453,50.3,0.2727272727272727,72.2,0.7272727272727273,-2.4,0.45454545454545453,0.9090909090909091,0,1,-0.7,0.36363636363636365,0.1,0
0.18181818181818182,0.2727272727272727,0.45454545454545453,50.3,0.2727272727272727,72.2,0.7272727272727273,-2.4,0.45454545454545453,0.9090909090909091,0,1,-0.7,0.36363636363636365,0.1,0
0.09090909090909091,0.2727272727272727,0.45454545454545453,11.1,0.6363636363636364,23.1,0.7272727272727273,-0.4,0.2727272727272727,0.09090909090909091,0.5,0.91,0,0.18181818181818182,0.5,1
0.2727272727272727,0.2727272727272727,0.36363636363636365,93.3,0.6363636363636364,102.6,0.18181818181818182,0.1,0.2727272727272727,0.9090909090909091,0,1,-1.1,0.2727272727272727,0.3,1
0.09090909090909091,0.09090909090909091,0.36363636363636365,63.3,0.2727272727272727,98.4,0.18181818181818182,0.7,0.09090909090909091,0.9090909090909091,0,1,-0.5,0.09090909090909091,1,1
