Metric,Score
accuracy,0.727272727273
recall,0.363636363636
precision,0.363636363636
