AAWt,AAMt,Sstruct,SaccW,ShbondsW,SaccM,ShbondsM,yDDG,Result,Positiontype,ProteinPropens,Positionaccept,MOSST,SectorSuperficie,Functionalrelevancefunction,Clinical
0.272727272727,0.363636363636,0.545454545455,17.3,0.272727272727,0.3,0.727272727273,-1.1,0.363636363636,0.727272727273,0,1,-0.7,0.363636363636,0.85,0
0.272727272727,0.181818181818,0.545454545455,17.3,0.272727272727,16.3,0.181818181818,3.4,0.0909090909091,0.727272727273,0,1,-1.3,0.363636363636,0.85,1
0.0909090909091,0.181818181818,0.545454545455,15.5,0.727272727273,12.6,0.727272727273,-3.5,0.363636363636,0.181818181818,0.3,0.17,-0.1,0.0909090909091,0.1,1
0.0909090909091,0.363636363636,0.545454545455,1.2,0.727272727273,0.8,0.727272727273,-5,0.363636363636,0.727272727273,0,1,-0.9,0.363636363636,0.1,0
0.0909090909091,0.181818181818,0.181818181818,41.5,0.727272727273,34.9,0.727272727273,1,0.0909090909091,0.181818181818,0.9,0.26,0.5,0.363636363636,0,1
0.0909090909091,0.181818181818,0.545454545455,0,0.727272727273,0,0.727272727273,-3.4,0.363636363636,0.727272727273,0.3,0.96,-1,0.181818181818,0.35,1
0.181818181818,0.181818181818,0.181818181818,97.4,0.727272727273,89.5,0.727272727273,-1.8,0.363636363636,0.0909090909091,0.3,0.77,0,0.0909090909091,0,0
0.272727272727,0.181818181818,0.545454545455,3.2,0.272727272727,0.2,0.181818181818,1.2,0.0909090909091,0.727272727273,0.5,0.92,-0.5,0.0909090909091,0.6,0
0.0909090909091,0.0909090909091,0.0909090909091,12.8,0.727272727273,17.4,0.0909090909091,-1.2,0.363636363636,0.727272727273,0,1,-0.8,0.0909090909091,0.6,0
0.181818181818,0.363636363636,0.181818181818,25.3,0.727272727273,32.4,0.727272727273,-2.5,0.363636363636,0.727272727273,0.3,0.97,0,0.181818181818,0.25,0
0.0909090909091,0.363636363636,0.181818181818,25.4,0.727272727273,36.1,0.727272727273,-1,0.363636363636,0.727272727273,0,1,-0.5,0.0909090909091,0,0
