AAWt,AAMt,Sstruct,SaccW,ShbondsW,SaccM,ShbondsM,yDDG,Result,Positiontype,ProteinPropens,Positionaccept,MOSST,SectorSuperficie,Functionalrelevancefunction,Clinical
0.15234375,0.109375,0.0625,4.2,0.7421875,13.7,0.765625,-6.5,0.296875,0.46875,1.0,0.95,-0.9,0.0390625,0.1,0
0.0703125,0.109375,0.30859375,30.2,0.19140625,12.0,0.765625,-2.6,0.296875,0.3828125,0.2,0.9,-0.8,0.2265625,0.1,0
0.09375,0.109375,0.30859375,0.0,0.7421875,0.0,0.765625,0.3,0.23828125,0.46875,0.0,1.0,-0.9,0.0390625,0.75,1
0.09375,0.0234375,0.30859375,0.0,0.7421875,10.0,0.765625,-3.3,0.296875,0.46875,0.0,1.0,-0.5,0.0390625,0.75,0
0.09375,0.0703125,0.30859375,0.0,0.7421875,6.0,0.765625,1.6,0.09375,0.46875,0.0,1.0,-1.0,0.0390625,0.75,0
0.09375,0.05078125,0.30859375,0.0,0.7421875,0.0,0.765625,1.9,0.09375,0.46875,0.0,1.0,-1.3,0.0390625,0.75,0
0.09375,0.02734375,0.30859375,11.1,0.7421875,23.1,0.765625,-0.4,0.23828125,0.3828125,0.5,0.91,0.0,0.2265625,0.5,1
0.09375,0.109375,0.30859375,11.1,0.7421875,16.5,0.765625,0.2,0.23828125,0.3828125,0.5,0.91,-0.3,0.2265625,0.5,0
