AAWt,AAMt,Sstruct,SaccW,ShbondsW,SaccM,ShbondsM,yDDG,Result,Positiontype,ProteinPropens,Positionaccept,MOSST,SectorSuperficie,Functionalrelevancefunction,Clinical
0.0769230769231,0.153846153846,0.307692307692,3.2,0.153846153846,0,1.0,-2.1,0.461538461538,0.461538461538,0.5,0.92,-0.5,0.0769230769231,0.6,1
0.230769230769,0.0769230769231,0.153846153846,40.3,0.846153846154,60.9,1.0,-2.8,0.461538461538,0.461538461538,0.6,0.87,-0.6,0.153846153846,0.6,1
0.153846153846,0.0769230769231,0.307692307692,7.3,0.846153846154,16.4,1.0,-3.1,0.461538461538,0.461538461538,0,1,-1,0.230769230769,0.95,1
0.0769230769231,0.153846153846,0.0769230769231,18.3,0.846153846154,12.9,1.0,-3.5,0.461538461538,0.461538461538,0.5,0.85,-0.8,0.153846153846,0.8,0
0.230769230769,0.0769230769231,0.307692307692,0.2,0.846153846154,0.3,1.0,-0.8,0.0769230769231,0.461538461538,0.6,0.89,0.3,0.230769230769,0.1,0
0.230769230769,0.0769230769231,0.153846153846,40.3,0.846153846154,20.5,1.0,0.3,0.230769230769,0.461538461538,0.6,0.87,-0.1,0.153846153846,0.6,0
0.0769230769231,0.0769230769231,0.307692307692,91.7,0.153846153846,64.7,1.0,0,0.230769230769,0.461538461538,0.5,0.9,-0.7,0.153846153846,0,0
0.0769230769231,0.153846153846,0.307692307692,0.1,0.846153846154,0.3,1.0,-3.1,0.461538461538,0.461538461538,0.5,0.9,-0.7,0.230769230769,0.1,1
0.0769230769231,0.0769230769231,0.0769230769231,6.8,0.846153846154,15.1,1.0,-4.9,0.461538461538,0.461538461538,0.3,0.97,-0.9,0.0769230769231,0.2,0
0.0769230769231,0.153846153846,0.307692307692,0,0.846153846154,0,1.0,-1.3,0.230769230769,0.0769230769231,0.7,0.25,-0.1,0.230769230769,0,1
0.153846153846,0.0769230769231,0.0769230769231,25.3,0.846153846154,15.7,1.0,-1.4,0.230769230769,0.461538461538,0.3,0.97,-0.7,0.0769230769231,0.25,1
0.153846153846,0.153846153846,0.307692307692,7.3,0.846153846154,0.6,1.0,0,0.230769230769,0.461538461538,0,1,-1.1,0.230769230769,0.95,1
0.153846153846,0.153846153846,0.307692307692,0,0.846153846154,3.7,1.0,-2,0.230769230769,0.461538461538,0,1,-1.3,0.230769230769,0.15,0
