AAWt,AAMt,Sstruct,SaccW,ShbondsW,SaccM,ShbondsM,yDDG,Result,Positiontype,ProteinPropens,Positionaccept,MOSST,SectorSuperficie,Functionalrelevancefunction,Clinical
0.00115680357548,0.00115680357548,0.00231360715096,0.636704687945,0.00231360715096,0.770893902701,0.00115680357548,0.00370177144154,0.00462721430193,0.00809762502837,0.0,0.00925442860385,-0.0111053143246,0.00231360715096,0.0,0
0.0298901961992,0.0597803923985,0.0597803923985,0.7651890227,0.0597803923985,0.0239121569594,0.209231373395,-0.454330982228,0.0597803923985,0.209231373395,0.119560784797,0.219991844026,-0.143472941756,0.0298901961992,0.143472941756,1
0.00770659922009,0.00770659922009,0.0154131984402,0.745998804505,0.00770659922009,0.653519613864,0.0539461945407,0.0246611175043,0.0308263968804,0.0539461945407,0.0184958381282,0.0598032099479,-0.0554875143847,0.0154131984402,0.0369916762565,0
0.0207502822576,0.0207502822576,0.0830011290305,0.0,0.103751411288,0.913012419336,0.145251975803,-0.249003387092,0.0415005645153,0.145251975803,0.0,0.166002258061,-0.0996013548366,0.0622508467729,0.0249003387092,1
0.0189734534595,0.037946906919,0.0758938138381,0.0,0.0948672672976,0.910725766057,0.132814174217,0.242860204282,0.0189734534595,0.132814174217,0.0,0.151787627676,-0.151787627676,0.0189734534595,0.113840720757,0
0.00639190236521,0.00639190236521,0.0127838047304,0.608509105168,0.0319595118261,0.77725532761,0.0447433165565,-0.11761100352,0.00639190236521,0.0447433165565,0.0,0.0511352189217,-0.061362262706,0.00639190236521,0.00511352189217,1
0.00139007805586,0.00139007805586,0.00556031222342,0.661677154587,0.00695039027928,0.749530087717,0.00973054639099,0.0,0.00556031222342,0.00139007805586,0.0100085620022,0.00622754969023,0.00444824977874,0.00417023416757,0.00111206244468,1
0.00265559600775,0.00265559600775,0.010622384031,0.399401639566,0.0132779800388,0.915649503473,0.0185891720543,-0.0084979072248,0.010622384031,0.0185891720543,0.0,0.021244768062,-0.0191202912558,0.00796678802325,0.0021244768062,1
