AAWt,AAMt,Sstruct,SaccW,ShbondsW,SaccM,ShbondsM,yDDG,Result,Positiontype,ProteinPropens,Positionaccept,MOSST,SectorSuperficie,Functionalrelevancefunction,Clinical
0.03496394711402591,0.03496394711402591,0.13985578845610364,0.0,0.20978368268415545,0.0,0.2447476297981814,-0.8321419413138167,0.06992789422805182,0.20978368268415545,0.07342428893945442,0.23495772460625414,-0.2447476297981814,0.06992789422805182,0.08566167042936348,1
0.02851399289733291,0.02851399289733291,0.11405597158933165,0.23951754033759648,0.17108395738399748,0.8782309812378538,0.1995979502813304,-0.07983918011253216,0.08554197869199874,0.17108395738399748,0.0,0.1995979502813304,-0.05987938508439912,0.02851399289733291,0.01995979502813304,0
0.027754952504332193,0.027754952504332193,0.11101981001732877,0.0,0.16652971502599317,0.34971240155458566,0.1942846675303254,-0.8354240703803991,0.05550990500866439,0.16652971502599317,0.0,0.1942846675303254,-0.1554277340242603,0.05550990500866439,0.06799963363561387,1
0.05564062710411501,0.05564062710411501,0.22256250841646005,0.19474219486440256,0.33384376262469007,0.4673812676745661,0.3894843897288051,-0.15579375589152206,0.16692188131234503,0.33384376262469007,0.0,0.3894843897288051,-0.3115875117830441,0.11128125420823003,0.0,0
0.0009861657204158988,0.0009861657204158988,0.0019723314408317976,0.7717732927974824,0.0059169943224953924,0.63578103995213,0.006903160042911292,-0.003451580021455646,0.0009861657204158988,0.0009861657204158988,0.003451580021455646,0.004279959226605001,-0.0006903160042911293,0.0009861657204158988,0.003796738023601211,0
0.023621181364777043,0.023621181364777043,0.04724236272955409,0.0,0.14172708818866225,0.9094154825439162,0.16534826955343931,-0.24802240433015896,0.023621181364777043,0.14172708818866225,0.0,0.16534826955343931,-0.09920896173206359,0.04724236272955409,0.024802240433015897,1
0.003213511621744425,0.003213511621744425,0.003213511621744425,0.6230999034562441,0.003213511621744425,0.780561972921721,0.02249458135221098,0.008997832540884392,0.009640534865233277,0.019281069730466553,0.0,0.02249458135221098,-0.02924295575787427,0.003213511621744425,0.002249458135221098,1
