AAWt,AAMt,Sstruct,SaccW,ShbondsW,SaccM,ShbondsM,yDDG,Result,Positiontype,ProteinPropens,Positionaccept,MOSST,SectorSuperficie,Functionalrelevancefunction,Clinical
0.14285714285714285,0.14285714285714285,0.5714285714285714,0,0.8571428571428571,0,1.0,-3.4,0.2857142857142857,0.8571428571428571,0.3,0.96,-1,0.2857142857142857,0.35,1
0.14285714285714285,0.14285714285714285,0.5714285714285714,1.2,0.8571428571428571,4.4,1.0,-0.4,0.42857142857142855,0.8571428571428571,0,1,-0.3,0.14285714285714285,0.1,0
0.14285714285714285,0.14285714285714285,0.5714285714285714,0,0.8571428571428571,1.8,1.0,-4.3,0.2857142857142857,0.8571428571428571,0,1,-0.8,0.2857142857142857,0.35,1
0.14285714285714285,0.14285714285714285,0.5714285714285714,0.5,0.8571428571428571,1.2,1.0,-0.4,0.42857142857142855,0.8571428571428571,0,1,-0.8,0.2857142857142857,0,0
0.14285714285714285,0.14285714285714285,0.2857142857142857,111.8,0.8571428571428571,92.1,1.0,-0.5,0.14285714285714285,0.14285714285714285,0.5,0.62,-0.1,0.14285714285714285,0.55,0
0.14285714285714285,0.14285714285714285,0.2857142857142857,0,0.8571428571428571,5.5,1.0,-1.5,0.14285714285714285,0.8571428571428571,0,1,-0.6,0.2857142857142857,0.15,1
0.14285714285714285,0.14285714285714285,0.14285714285714285,27.7,0.14285714285714285,34.7,1.0,0.4,0.42857142857142855,0.8571428571428571,0,1,-1.3,0.14285714285714285,0.1,1
