AAWt,AAMt,Sstruct,SaccW,ShbondsW,SaccM,ShbondsM,yDDG,Result,Positiontype,ProteinPropens,Positionaccept,MOSST,SectorSuperficie,Functionalrelevancefunction,Clinical
0.0909090909091,0.181818181818,0.181818181818,6.7,0.727272727273,21.4,0.909090909091,-3.5,0.272727272727,0.272727272727,0.7,0.78,-0.1,0.181818181818,0.5,1
0.181818181818,0.0909090909091,0.454545454545,0,0.727272727273,2.4,0.909090909091,-0.8,0.181818181818,0.727272727273,0,1,-0.5,0.0909090909091,0.35,1
0.181818181818,0.0909090909091,0.454545454545,3.2,0.272727272727,0.2,0.0909090909091,1.2,0.0909090909091,0.727272727273,0.5,0.92,-0.5,0.181818181818,0.6,0
0.0909090909091,0.181818181818,0.363636363636,0,0.727272727273,0,0.909090909091,0.3,0.181818181818,0.727272727273,0,1,-0.9,0.0909090909091,0.75,1
0.0909090909091,0.181818181818,0.363636363636,50.3,0.272727272727,35,0.909090909091,0.1,0.181818181818,0.727272727273,0,1,-1,0.0909090909091,0.1,1
0.181818181818,0.0909090909091,0.454545454545,3.2,0.272727272727,0,0.909090909091,-2.1,0.272727272727,0.727272727273,0.5,0.92,-0.5,0.181818181818,0.6,1
0.181818181818,0.181818181818,0.363636363636,0,0.727272727273,0.2,0.909090909091,-1.7,0.181818181818,0.272727272727,0.7,0.78,0.2,0.181818181818,0.1,1
0.0909090909091,0.181818181818,0.454545454545,0,0.727272727273,0,0.909090909091,-0.8,0.181818181818,0.727272727273,0.3,0.96,0,0.181818181818,0.1,0
0.181818181818,0.0909090909091,0.181818181818,93.3,0.727272727273,96.3,0.909090909091,-1,0.181818181818,0.727272727273,0,1,-1,0.181818181818,0.3,1
0.0909090909091,0.181818181818,0.363636363636,25.4,0.727272727273,38.2,0.909090909091,0.8,0.0909090909091,0.727272727273,0,1,-1.3,0.0909090909091,0,1
0.181818181818,0.0909090909091,0.454545454545,20.1,0.727272727273,24.2,0.909090909091,-4,0.272727272727,0.272727272727,0.2,0.59,-0.1,0.0909090909091,0.1,1
