AAWt,AAMt,Sstruct,SaccW,ShbondsW,SaccM,ShbondsM,yDDG,Result,Positiontype,ProteinPropens,Positionaccept,MOSST,SectorSuperficie,Functionalrelevancefunction,Clinical
0.00151713720624,0.00151713720624,0.00151713720624,0.687111440704,0.00758568603118,0.726405294346,0.00151713720624,-0.0031859881331,0.00455141161871,0.00455141161871,0.00743397231056,0.00562857903514,0.00212399208873,0.00151713720624,0.00106199604437,1
0.0686652388092,0.0686652388092,0.205995716428,0.0961313343329,0.343326194046,0.144197001499,0.411991432855,-0.528722338831,0.137330477618,0.205995716428,0.288394002999,0.427784437782,-0.0480656671665,0.137330477618,0.0480656671665,0
0.0185210163406,0.00926050817032,0.027781524511,0.784365042026,0.0185210163406,0.609341437607,0.0555630490219,0.0453764900346,0.00926050817032,0.0185210163406,0.0194470671577,0.0628788504765,-0.0129647114385,0.0185210163406,0.0388941343154,1
0.0176319860362,0.0088159930181,0.0264479790543,0.746714608633,0.0176319860362,0.654146681943,0.0528959581086,0.0246847804507,0.0264479790543,0.0176319860362,0.018513585338,0.0598605925929,-0.0555407560141,0.0176319860362,0.037027170676,0
0.00107982564027,0.00107982564027,0.00107982564027,0.736225121538,0.00539912820136,0.676510763631,0.00647895384164,-0.0136058030674,0.00215965128055,0.00107982564027,0.00226763384457,0.00582026020107,0.0,0.00107982564027,0.0,0
0.00119533728324,0.00119533728324,0.00239067456648,0.707042003037,0.0059766864162,0.707042003037,0.00717202369944,0.00251020829481,0.00358601184972,0.00119533728324,0.00753062488442,0.00209184024567,0.00167347219654,0.00119533728324,0.0012551041474,1
0.0355244471641,0.0355244471641,0.0710488943283,0.0,0.177622235821,0.0746013390447,0.213146682985,-0.895216068536,0.0355244471641,0.106573341492,0.174069791104,0.193963481516,-0.149202678089,0.0710488943283,0.0248671130149,0
