Statistic,Value
Mean,1.84202020202
Std,2.29385347815
Max,6.29
Min,0.0
Var,5.26176377921
