Statistic,Value
Mean,0.332007487462
Std,0.145551386418
Max,0.769230769231
Min,0.0
Var,0.0211852060882
