Statistic,Value
Mean,2.94506887052
Std,2.42832531557
Max,9.0
Min,0.0
Var,5.89676383823
