AAWt,AAMt,Sstruct,SaccW,ShbondsW,SaccM,ShbondsM,yDDG,Result,Positiontype,ProteinPropens,Positionaccept,MOSST,SectorSuperficie,Functionalrelevancefunction,Clinical
0.18181818181818182,0.18181818181818182,0.45454545454545453,0,0.8181818181818182,0,0.7272727272727273,-1.3,0.2727272727272727,0.2727272727272727,0.7,0.25,-0.1,0.36363636363636365,0,1
0.18181818181818182,0.09090909090909091,0.09090909090909091,6.8,0.8181818181818182,6,0.7272727272727273,-2.2,0.45454545454545453,0.45454545454545453,0.3,0.97,-0.4,0.09090909090909091,0.2,0
0.2727272727272727,0.09090909090909091,0.18181818181818182,35.5,0.8181818181818182,58.8,0.18181818181818182,-1.1,0.2727272727272727,0.45454545454545453,0.3,0.95,-0.8,0.2727272727272727,0.1,0
0.09090909090909091,0.09090909090909091,0.18181818181818182,16.3,0.8181818181818182,30.7,0.7272727272727273,1,0.09090909090909091,0.18181818181818182,0.8,0.74,-0.4,0.09090909090909091,0.65,1
0.09090909090909091,0.09090909090909091,0.18181818181818182,68.8,0.18181818181818182,50.2,0.09090909090909091,-0.4,0.18181818181818182,0.45454545454545453,0,1,-0.8,0.2727272727272727,0,0
0.18181818181818182,0.18181818181818182,0.45454545454545453,0,0.8181818181818182,0,0.7272727272727273,-1.3,0.2727272727272727,0.2727272727272727,0.7,0.25,-0.1,0.36363636363636365,0,1
0.2727272727272727,0.09090909090909091,0.09090909090909091,4.2,0.8181818181818182,13.7,0.7272727272727273,-6.5,0.45454545454545453,0.45454545454545453,1,0.95,-0.9,0.09090909090909091,0.1,0
0.09090909090909091,0.18181818181818182,0.45454545454545453,20.1,0.8181818181818182,24.2,0.7272727272727273,-4,0.45454545454545453,0.18181818181818182,0.2,0.59,-0.1,0.36363636363636365,0.1,1
0.18181818181818182,0.09090909090909091,0.45454545454545453,1.2,0.8181818181818182,0.8,0.7272727272727273,-5,0.45454545454545453,0.45454545454545453,0,1,-0.9,0.36363636363636365,0.1,0
0.09090909090909091,0.18181818181818182,0.18181818181818182,14.4,0.18181818181818182,20.5,0.18181818181818182,-3.1,0.45454545454545453,0.09090909090909091,0.2,0.48,-0.2,0.2727272727272727,0.8,0
0.2727272727272727,0.09090909090909091,0.45454545454545453,13.7,0.8181818181818182,10.8,0.7272727272727273,0.2,0.18181818181818182,0.2727272727272727,0.1,0.25,0.2,0.09090909090909091,0.35,0
