Statistic,Value
Mean,0.263748226062
Std,0.041756320562
Max,0.454545454545
Min,0.0909090909091
Var,0.00174359030688
