AAWt,AAMt,Sstruct,SaccW,ShbondsW,SaccM,ShbondsM,yDDG,Result,Positiontype,ProteinPropens,Positionaccept,MOSST,SectorSuperficie,Functionalrelevancefunction,Clinical
0.09090909090909091,0.36363636363636365,0.36363636363636365,65.7,0.09090909090909091,85.6,0.18181818181818182,0.3,0.2727272727272727,0.2727272727272727,0.4,0.14,-0.1,0.18181818181818182,0.15,1
0.09090909090909091,0.09090909090909091,0.2727272727272727,17.3,0.09090909090909091,21,0.7272727272727273,-1.5,0.36363636363636365,0.45454545454545453,0,1,-1,0.2727272727272727,0.85,1
0.09090909090909091,0.09090909090909091,0.2727272727272727,20.1,0.8181818181818182,24.2,0.7272727272727273,-4,0.18181818181818182,0.2727272727272727,0.2,0.59,-0.1,0.2727272727272727,0.1,1
0.36363636363636365,0.36363636363636365,0.2727272727272727,23.5,0.8181818181818182,34.7,0.7272727272727273,-1.1,0.36363636363636365,0.45454545454545453,0,1,-0.8,0.09090909090909091,0.6,1
0.09090909090909091,0.36363636363636365,0.2727272727272727,0,0.8181818181818182,0.1,0.7272727272727273,-1.5,0.36363636363636365,0.09090909090909091,-0.1,0.64,-0.5,0.09090909090909091,0.1,1
0.09090909090909091,0.18181818181818182,0.2727272727272727,45.4,0.8181818181818182,41.5,0.09090909090909091,-1.8,0.36363636363636365,0.2727272727272727,0.1,0.57,-0.2,0.2727272727272727,0.1,0
0.36363636363636365,0.36363636363636365,0.36363636363636365,93.3,0.8181818181818182,99.2,0.18181818181818182,0.1,0.2727272727272727,0.45454545454545453,0,1,-1,0.18181818181818182,0.3,1
0.09090909090909091,0.18181818181818182,0.2727272727272727,84.5,0.8181818181818182,84.5,0.7272727272727273,0.3,0.2727272727272727,0.18181818181818182,0.9,0.25,0.2,0.18181818181818182,0.15,1
0.09090909090909091,0.09090909090909091,0.09090909090909091,83.7,0.8181818181818182,89.9,0.7272727272727273,-1,0.18181818181818182,0.18181818181818182,0.7,0.47,-0.1,0.09090909090909091,0.25,1
0.36363636363636365,0.18181818181818182,0.36363636363636365,93.3,0.8181818181818182,92.8,0.7272727272727273,-0.6,0.18181818181818182,0.45454545454545453,0,1,-0.3,0.18181818181818182,0.3,0
0.36363636363636365,0.18181818181818182,0.36363636363636365,11.9,0.8181818181818182,15.2,0.7272727272727273,-2.3,0.18181818181818182,0.45454545454545453,0,1,-1.2,0.09090909090909091,0.1,1
