AAWt,AAMt,Sstruct,SaccW,ShbondsW,SaccM,ShbondsM,yDDG,Result,Positiontype,ProteinPropens,Positionaccept,MOSST,SectorSuperficie,Functionalrelevancefunction,Clinical
0.18181818181818182,0.09090909090909091,0.2727272727272727,57.5,0.9090909090909091,70.8,0.8181818181818182,-1.3,0.36363636363636365,0.36363636363636365,0.9,0.31,0.1,0.36363636363636365,0.35,1
0.09090909090909091,0.18181818181818182,0.18181818181818182,40.3,0.9090909090909091,39.7,0.8181818181818182,0.2,0.18181818181818182,0.36363636363636365,0.6,0.87,0,0.09090909090909091,0.6,0
0.09090909090909091,0.09090909090909091,0.2727272727272727,7.3,0.9090909090909091,1.7,0.09090909090909091,-2.3,0.36363636363636365,0.5454545454545454,0,1,-0.3,0.09090909090909091,0.95,1
0.18181818181818182,0.09090909090909091,0.09090909090909091,6.8,0.9090909090909091,7.8,0.8181818181818182,-1.1,0.36363636363636365,0.5454545454545454,0.3,0.97,-0.7,0.09090909090909091,0.2,1
0.18181818181818182,0.09090909090909091,0.2727272727272727,6,0.9090909090909091,5.7,0.8181818181818182,2.9,0.09090909090909091,0.36363636363636365,0.5,0.61,-0.4,0.2727272727272727,0.6,0
0.09090909090909091,0.18181818181818182,0.18181818181818182,12.8,0.9090909090909091,33.3,0.8181818181818182,-3.5,0.36363636363636365,0.5454545454545454,0,1,-1.2,0.09090909090909091,0.6,0
0.18181818181818182,0.09090909090909091,0.18181818181818182,25.3,0.9090909090909091,40.3,0.09090909090909091,0.1,0.18181818181818182,0.5454545454545454,0.3,0.97,-1,0.36363636363636365,0.25,0
0.09090909090909091,0.09090909090909091,0.2727272727272727,0,0.9090909090909091,0,0.8181818181818182,-2.2,0.36363636363636365,0.5454545454545454,0.3,0.96,-0.4,0.36363636363636365,0.35,0
0.09090909090909091,0.09090909090909091,0.2727272727272727,44.8,0.09090909090909091,29.5,0.8181818181818182,-2.4,0.36363636363636365,0.09090909090909091,0.8,0.28,-0.1,0.2727272727272727,0.15,0
0.18181818181818182,0.18181818181818182,0.2727272727272727,6,0.9090909090909091,15.4,0.8181818181818182,-1.4,0.36363636363636365,0.36363636363636365,0.5,0.61,-0.3,0.2727272727272727,0.6,0
0.18181818181818182,0.18181818181818182,0.18181818181818182,25.3,0.9090909090909091,15.7,0.8181818181818182,-1.4,0.36363636363636365,0.5454545454545454,0.3,0.97,-0.7,0.36363636363636365,0.25,1
