Statistic,Value
Mean,0.471946583024
Std,0.196251069317
Max,1.0
Min,0.0
Var,0.0385144822082
