AAWt,AAMt,Sstruct,SaccW,ShbondsW,SaccM,ShbondsM,yDDG,Result,Positiontype,ProteinPropens,Positionaccept,MOSST,SectorSuperficie,Functionalrelevancefunction,Clinical
0.0033540795241786677,0.0033540795241786677,0.013416318096714671,0.6158090006392034,0.0033540795241786677,0.7875378722771512,0.0033540795241786677,-0.0013416318096714673,0.0067081590483573355,0.0033540795241786677,0.013416318096714671,0.007647301315127362,0.005366527238685869,0.0033540795241786677,0.0013416318096714673,0
0.023298442858669777,0.023298442858669777,0.0931937714346791,0.0,0.06989532857600933,0.9319377143467911,0.06989532857600933,-0.30753944573444103,0.023298442858669777,0.023298442858669777,0.0,0.0931937714346791,-0.04659688571733955,0.023298442858669777,0.06989532857600933,0
0.0030969800695691274,0.0030969800695691274,0.01238792027827651,0.6293063501364466,0.009290940208707382,0.7767226014479373,0.009290940208707382,0.0037163760834829527,0.006193960139138255,0.006193960139138255,0.01238792027827651,0.007804389775314202,-0.002477584055655302,0.0030969800695691274,0.0030969800695691274,0
0.0965589292413835,0.0965589292413835,0.386235716965534,0.0,0.28967678772415045,0.0772471433931068,0.28967678772415045,-0.6566007188414077,0.0965589292413835,0.193117858482767,0.27036500187587376,0.3012638592331165,0.0772471433931068,0.0965589292413835,0.0386235716965534,1
