Statistic,Value
Mean,4.2249786142
Std,1.6647686832
Max,7.0
Min,0.0
Var,2.77145476858
