AAWt,AAMt,Sstruct,SaccW,ShbondsW,SaccM,ShbondsM,yDDG,Result,Positiontype,ProteinPropens,Positionaccept,MOSST,SectorSuperficie,Functionalrelevancefunction,Clinical
0.0769230769231,0.0769230769231,0.153846153846,25.4,0.692307692308,38.2,0.923076923077,0.8,0.0769230769231,0.538461538462,0,1,-1.3,0.0769230769231,0,1
0.230769230769,0.0769230769231,0.615384615385,0,0.692307692308,2.4,0.923076923077,-0.8,0.0769230769231,0.538461538462,0,1,-0.5,0.153846153846,0.35,1
0.153846153846,0.0769230769231,0.153846153846,12.8,0.692307692308,39.6,0.0769230769231,2.7,0.230769230769,0.538461538462,0,1,-0.5,0.153846153846,0.6,0
0.230769230769,0.0769230769231,0.153846153846,7.3,0.692307692308,14.4,0.923076923077,-2.2,0.384615384615,0.538461538462,0,1,-0.9,0.461538461538,0.95,0
0.230769230769,0.230769230769,0.615384615385,74,0.230769230769,87.1,0.923076923077,0.2,0.153846153846,0.230769230769,0.9,0.76,-0.3,0.461538461538,0.1,1
0.0769230769231,0.0769230769231,0.615384615385,4.9,0.230769230769,2.1,0.923076923077,2.5,0.230769230769,0.230769230769,0.7,0.73,-0.4,0.461538461538,0.75,1
0.230769230769,0.0769230769231,0.615384615385,20.1,0.692307692308,24.2,0.923076923077,-4,0.384615384615,0.230769230769,0.2,0.59,-0.1,0.461538461538,0.1,1
0.0769230769231,0.230769230769,0.0769230769231,4.2,0.692307692308,13.7,0.923076923077,-6.5,0.384615384615,0.538461538462,1,0.95,-0.9,0.0769230769231,0.1,0
0.230769230769,0.0769230769231,0.615384615385,74,0.230769230769,96.2,0.923076923077,1.6,0.0769230769231,0.230769230769,0.9,0.76,-0.3,0.461538461538,0.1,1
0.230769230769,0.153846153846,0.615384615385,0,0.692307692308,5.2,0.923076923077,-5,0.384615384615,0.538461538462,0,1,-0.9,0.153846153846,0.35,1
0.153846153846,0.230769230769,0.615384615385,40.5,0.692307692308,29.7,0.923076923077,-3.3,0.384615384615,0.230769230769,0.3,0.44,-0.3,0.461538461538,0.6,0
0.0769230769231,0.153846153846,0.615384615385,0,0.692307692308,0,0.923076923077,-0.2,0.153846153846,0.538461538462,0,1,-0.8,0.0769230769231,0.5,0
0.0769230769231,0.0769230769231,0.153846153846,35.7,0.0769230769231,35.4,0.923076923077,2.2,0.230769230769,0.230769230769,0.4,0.76,-0.4,0.153846153846,0.25,1
