Statistic,Value
Mean,0.655310291859
Std,0.0799012349992
Max,0.750833333333
Min,0.416666666667
Var,0.0063842073544
