AAWt,AAMt,Sstruct,SaccW,ShbondsW,SaccM,ShbondsM,yDDG,Result,Positiontype,ProteinPropens,Positionaccept,MOSST,SectorSuperficie,Functionalrelevancefunction,Clinical
0.002517334258505264,0.002517334258505264,0.002517334258505264,0.6927703879406486,0.002517334258505264,0.7199575979325055,0.010069337034021056,-0.03725654702587791,0.007552002775515792,0.005034668517010528,0.0,0.010069337034021056,-0.005034668517010528,0.002517334258505264,0.0,0
0.004653538518891598,0.004653538518891598,0.009307077037783195,0.8339141025853742,0.004653538518891598,0.5491175452292085,0.01861415407556639,-0.04467396978135933,0.013960615556674792,0.004653538518891598,0.014891323260453112,0.005211963141158589,-0.001861415407556639,0.009307077037783195,0.0027921231113349583,0
0.014449276362554784,0.014449276362554784,0.028898552725109567,0.0,0.028898552725109567,0.9767710821087032,0.057797105450219134,-0.18495073744070123,0.04334782908766435,0.014449276362554784,0.052017394905197224,0.02716463956160299,-0.011559421090043827,0.014449276362554784,0.020228986907576695,1
0.06517736079527839,0.06517736079527839,0.06517736079527839,0.0,0.13035472159055678,0.8342702181795634,0.26070944318111355,-0.2346384988630022,0.06517736079527839,0.13035472159055678,0.0,0.26070944318111355,-0.20856755454489084,0.13035472159055678,0.039106416477167026,1
