Statistic,Value
Mean,97.1915611814
Std,24.408055591
Max,135.0
Min,0.0
Var,595.753177731
