AAWt,AAMt,Sstruct,SaccW,ShbondsW,SaccM,ShbondsM,yDDG,Result,Positiontype,ProteinPropens,Positionaccept,MOSST,SectorSuperficie,Functionalrelevancefunction,Clinical
0.00414502191741,0.00414502191741,0.00829004383482,0.868796593889,0.00414502191741,0.492428603788,0.0124350657522,-0.0381342016402,0.0124350657522,0.0124350657522,0.00331601753393,0.0150878797794,-0.0132640701357,0.0124350657522,0.00994805260178,0
0.0819522379923,0.163904475985,0.0819522379923,0.0,0.0819522379923,0.0,0.245856713977,-0.786741484726,0.245856713977,0.245856713977,0.229466266378,0.255690982536,-0.163904475985,0.0819522379923,0.0327808951969,1
0.00184317697112,0.00368635394225,0.00184317697112,0.711466310854,0.00368635394225,0.702619061392,0.00184317697112,0.00221181236535,0.00184317697112,0.00552953091337,0.0029490831538,0.0044236247307,0.0014745415769,0.00552953091337,0.00221181236535,0
0.00251271827353,0.00251271827353,0.00502543654707,0.691500068877,0.00502543654707,0.721652688159,0.0075381548206,-0.0241220954259,0.0075381548206,0.00251271827353,0.0,0.0100508730941,-0.0110559604035,0.0075381548206,0.0,0
