AAWt,AAMt,Sstruct,SaccW,ShbondsW,SaccM,ShbondsM,yDDG,Result,Positiontype,ProteinPropens,Positionaccept,MOSST,SectorSuperficie,Functionalrelevancefunction,Clinical
0.00199616534907,0.00199616534907,0.00598849604722,0.73219345004,0.00399233069814,0.679095451754,0.00798466139629,-0.0461114195636,0.00598849604722,0.00598849604722,0.0027946314887,0.0127155732736,-0.0111785259548,0.00598849604722,0.0083838944661,0
0.00592976833584,0.00592976833584,0.00592976833584,0.597720648252,0.00592976833584,0.792810026502,0.0118595366717,-0.107921783712,0.0177893050075,0.00592976833584,0.00830167567017,0.0199240216084,-0.00415083783509,0.0177893050075,0.0332067026807,0
0.00220140656566,0.00110070328283,0.00330210984849,0.718869314016,0.00440281313132,0.694984052778,0.00440281313132,-0.0038524614899,0.00110070328283,0.00220140656566,0.0,0.0077049229798,-0.00847541527779,0.00330210984849,0.00231147689394,0
0.00132383989944,0.00132383989944,0.00397151969832,0.608833969753,0.00264767979888,0.793244867745,0.00264767979888,0.00278006378883,0.00264767979888,0.00397151969832,0.00370675171843,0.00129736310145,-0.000926687929608,0.00132383989944,0.00139003189441,1
0.0786566878635,0.0393283439317,0.0786566878635,0.0275298407522,0.157313375727,0.0275298407522,0.157313375727,-0.880954904071,0.117985031795,0.117985031795,0.137649203761,0.24776856677,-0.220238726018,0.0393283439317,0.0275298407522,0
0.057330129433,0.057330129433,0.114660258866,0.0,0.229320517732,0.0,0.229320517732,0.762490721459,0.057330129433,0.057330129433,0.280917634222,0.100327726508,0.441441996634,0.057330129433,0.0,1
0.00300046213766,0.00300046213766,0.00300046213766,0.53138184458,0.0120018485507,0.846430369035,0.00300046213766,0.00210032349636,0.00600092427533,0.00600092427533,0.00630097048909,0.0203731379147,-0.0210032349636,0.00300046213766,0.00525080874091,0
