AAWt,AAMt,Sstruct,SaccW,ShbondsW,SaccM,ShbondsM,yDDG,Result,Positiontype,ProteinPropens,Positionaccept,MOSST,SectorSuperficie,Functionalrelevancefunction,Clinical
0.00575405901245,0.0172621770374,0.0115081180249,0.391276012847,0.0460324720996,0.86886291088,0.0402784130872,-0.28194889161,0.0172621770374,0.0402784130872,0.0172621770374,0.0558143724208,-0.0517865311121,0.0115081180249,0.0115081180249,0
0.00414951155214,0.00414951155214,0.0165980462086,0.71786549852,0.00829902310428,0.676370382999,0.0124485346564,0.141083392773,0.00414951155214,0.029046580865,0.0,0.0414951155214,-0.0539436501778,0.00414951155214,0.0352708481932,1
0.0980580675691,0.0490290337845,0.196116135138,0.0,0.392232270276,0.0,0.343203236492,0.343203236492,0.147087101354,0.343203236492,0.0,0.490290337845,-0.343203236492,0.0490290337845,0.245145168923,0
0.00106198943232,0.00318596829696,0.00212397886464,0.687107162711,0.00849591545856,0.726400771707,0.00318596829696,-0.00318596829696,0.00318596829696,0.00318596829696,0.00743392602624,0.0056285439913,0.00212397886464,0.00212397886464,0.00106198943232,1
0.0133687330736,0.0401061992208,0.0534749322945,0.0,0.106949864589,0.695174119828,0.0935811315153,-0.668436653681,0.0401061992208,0.0935811315153,0.0,0.133687330736,-0.120318597663,0.0133687330736,0.0467905657577,1
0.00439443326883,0.00439443326883,0.00878886653766,0.294427029012,0.0351554661506,0.940408719529,0.0307610328818,-0.153805164409,0.0131832998065,0.0131832998065,0.0307610328818,0.0342765794969,-0.00439443326883,0.00439443326883,0.0219721663441,1
0.0152671755725,0.0152671755725,0.030534351145,0.0,0.12213740458,0.916030534351,0.106870229008,0.24427480916,0.0458015267176,0.106870229008,0.0,0.152671755725,-0.152671755725,0.0152671755725,0.114503816794,0
0.0340997169735,0.0340997169735,0.136398867894,0.170498584868,0.272797735788,0.511495754603,0.238698018815,0.477396037629,0.102299150921,0.238698018815,0.0,0.340997169735,-0.375096886709,0.068199433947,0.0,0
0.00431704719235,0.00215852359618,0.00431704719235,0.351839346177,0.0172681887694,0.934640717144,0.0151096651732,0.0345363775388,0.00647557078853,0.00647557078853,0.0172681887694,0.0159730746117,-0.00647557078853,0.00431704719235,0.0140304033751,1
0.000858289737971,0.000858289737971,0.00171657947594,0.543297404136,0.00171657947594,0.839407363736,0.00257486921391,-0.00343315895188,0.00257486921391,0.0060080281658,0.0,0.00858289737971,-0.00257486921391,0.000858289737971,0.00858289737971,1
