Statistic,Value
Mean,0.64015973478
Std,0.0811862179712
Max,0.741071428571
Min,0.303571428571
Var,0.00659120198846
