AAWt,AAMt,Sstruct,SaccW,ShbondsW,SaccM,ShbondsM,yDDG,Result,Positiontype,ProteinPropens,Positionaccept,MOSST,SectorSuperficie,Functionalrelevancefunction,Clinical
0.0909090909091,0.181818181818,0.545454545455,29.8,0.636363636364,33.5,1.0,-2.1,0.181818181818,0.272727272727,0,0.81,-0.1,0.272727272727,0.2,0
0.0909090909091,0.0909090909091,0.545454545455,44.8,0.272727272727,47.1,1.0,-1.4,0.363636363636,0.181818181818,0.8,0.28,0.6,0.272727272727,0.15,1
0.181818181818,0.272727272727,0.272727272727,25.4,0.636363636364,36.1,1.0,-1,0.363636363636,0.545454545455,0,1,-0.5,0.181818181818,0,0
0.181818181818,0.272727272727,0.545454545455,0.5,0.636363636364,0.7,1.0,-0.2,0.363636363636,0.545454545455,0,1,-0.8,0.272727272727,0,0
0.272727272727,0.181818181818,0.545454545455,0,0.636363636364,0,1.0,0.7,0.363636363636,0.545454545455,0,1,-0.7,0.0909090909091,0.5,0
0.272727272727,0.272727272727,0.272727272727,66.5,0.272727272727,47.9,1.0,-1.4,0.363636363636,0.272727272727,0.7,0.85,0,0.181818181818,0.25,1
0.0909090909091,0.0909090909091,0.545454545455,0,0.636363636364,0,1.0,-1.4,0.363636363636,0.181818181818,0.7,0.25,-0.1,0.181818181818,0,1
0.0909090909091,0.0909090909091,0.545454545455,0.2,0.636363636364,0.3,1.0,-0.8,0.0909090909091,0.272727272727,0.6,0.89,0.3,0.272727272727,0.1,0
0.0909090909091,0.0909090909091,0.0909090909091,9.8,0.636363636364,20.3,1.0,-3.2,0.181818181818,0.545454545455,0,1,-0.8,0.181818181818,0.1,0
0.0909090909091,0.0909090909091,0.0909090909091,27.7,0.272727272727,34.7,1.0,0.4,0.363636363636,0.545454545455,0,1,-1.3,0.272727272727,0.1,1
0.272727272727,0.0909090909091,0.272727272727,50.3,0.0909090909091,35,1.0,0.1,0.363636363636,0.545454545455,0,1,-1,0.272727272727,0.1,1
