statistic,value
mean,0.663741779223
max,0.85
min,0.567307692308
var,0.00358215771233
std,0.0598511295828
