statistic,value
mean,0.665026043541
max,0.875
min,0.5625
var,0.00330153558477
std,0.0574589904608
