AAWt,AAMt,Sstruct,SaccW,ShbondsW,SaccM,ShbondsM,yDDG,Result,Positiontype,ProteinPropens,Positionaccept,MOSST,SectorSuperficie,Functionalrelevancefunction,Clinical
0.142857142857,0.142857142857,0.285714285714,0,1.0,0.2,1.0,-1.7,0.428571428571,0.571428571429,0.7,0.78,0.2,0.285714285714,0.1,1
0.142857142857,0.142857142857,0.142857142857,18.3,1.0,12.9,1.0,-3.5,0.285714285714,0.571428571429,0.5,0.85,-0.8,0.142857142857,0.8,0
0.142857142857,0.142857142857,0.285714285714,84.5,1.0,84.5,1.0,0.3,0.285714285714,0.285714285714,0.9,0.25,0.2,0.142857142857,0.15,1
0.142857142857,0.285714285714,0.571428571429,57.5,1.0,70.8,1.0,-1.3,0.428571428571,0.571428571429,0.9,0.31,0.1,0.142857142857,0.35,1
0.142857142857,0.142857142857,0.571428571429,0,1.0,0,1.0,-1.3,0.428571428571,0.285714285714,0.7,0.25,-0.1,0.142857142857,0,1
0.142857142857,0.285714285714,0.571428571429,0,1.0,0,1.0,-0.2,0.285714285714,0.142857142857,0,1,-0.8,0.142857142857,0.5,0
0.142857142857,0.142857142857,0.571428571429,0.2,1.0,4.6,1.0,-5.1,0.285714285714,0.571428571429,0.6,0.89,-0.5,0.285714285714,0.1,1
