AAWt,AAMt,Sstruct,SaccW,ShbondsW,SaccM,ShbondsM,yDDG,Result,Positiontype,ProteinPropens,Positionaccept,MOSST,SectorSuperficie,Functionalrelevancefunction,Clinical
0.003032108109064787,0.009096324327194361,0.003032108109064787,0.6136986812747128,0.02122475676345351,0.7859224218695927,0.02122475676345351,-0.060642162181295735,0.012128432436259148,0.012128432436259148,0.007277059461755489,0.023529158926342747,0.0,0.009096324327194361,0.006064216218129574,0
0.056899061833243246,0.17069718549972973,0.28449530916621624,0.22759624733297298,0.3982934328327027,0.3186347462661621,0.3982934328327027,-0.09103849893318919,0.056899061833243246,0.22759624733297298,0.0,0.45519249466594597,-0.36415399573275675,0.11379812366648649,0.0,0
0.0189177676923974,0.0378355353847948,0.094588838461987,0.0,0.1324243738467818,0.7415764935419781,0.1324243738467818,-0.6053685661567167,0.0756710707695896,0.0189177676923974,0.13620792738526127,0.07113080652341422,-0.04540264246175375,0.056753303077192195,0.05296974953871272,0
0.0013373879251600592,0.0013373879251600592,0.0013373879251600592,0.4985782184996701,0.0013373879251600592,0.8666273755037184,0.0013373879251600592,-0.013908834421664617,0.0026747758503201185,0.0026747758503201185,0.0064194620407682845,0.009629193061152426,0.0032097310203841422,0.0013373879251600592,0.0037446861904481656,1
0.03988022017643201,0.03988022017643201,0.19940110088216007,0.0,0.27916154123502407,0.0,0.27916154123502407,0.7976044035286403,0.03988022017643201,0.15952088070572804,0.0,0.31904176141145607,-0.09571252842343682,0.03988022017643201,0.15952088070572804,1
0.02116479143163809,0.06349437429491427,0.10582395715819044,0.0,0.14815354002146663,0.3894321623421408,0.14815354002146663,-0.8465916572655235,0.08465916572655235,0.08465916572655235,0.0,0.1693183314531047,-0.15238649830779424,0.06349437429491427,0.04232958286327618,0
0.0024820722774616505,0.004964144554923301,0.012410361387308253,0.8041914178975748,0.017374505942231555,0.5897403731248881,0.017374505942231555,-0.06552670812498756,0.009928289109846602,0.0024820722774616505,0.005956973465907961,0.00873689441666501,-0.005956973465907961,0.0024820722774616505,0.011913946931815921,0
0.0074975718921507445,0.0074975718921507445,0.0074975718921507445,0.35988345082323575,0.05248300324505521,0.9237008571129718,0.05248300324505521,-0.08397280519208834,0.014995143784301489,0.014995143784301489,0.029990287568602978,0.03658815083369563,-0.017994172541161788,0.014995143784301489,0.035988345082323576,0
