algorithm,desc,actualScore,new score
NuSVC,kernel: poly,0.545454545455,0.51724137931
NuSVC,kernel: rbf,0.727272727273,0.534482758621
SVC,kernel: linear,0.727272727273,0.568965517241
