AAWt,AAMt,Sstruct,SaccW,ShbondsW,SaccM,ShbondsM,yDDG,Result,Positiontype,ProteinPropens,Positionaccept,MOSST,SectorSuperficie,Functionalrelevancefunction,Clinical
0.0909090909091,0.272727272727,0.0909090909091,61,0.909090909091,89.4,0.727272727273,0,0.272727272727,0.454545454545,0.1,0.76,-0.1,0.181818181818,0.2,0
0.181818181818,0.0909090909091,0.0909090909091,9.8,0.909090909091,17.2,0.0909090909091,-3.4,0.363636363636,0.454545454545,0,1,-0.9,0.0909090909091,0.1,0
0.181818181818,0.0909090909091,0.181818181818,0,0.909090909091,2.2,0.727272727273,-6.5,0.363636363636,0.454545454545,0.7,0.78,-0.5,0.272727272727,0.1,0
0.181818181818,0.0909090909091,0.363636363636,0,0.909090909091,0,0.727272727273,2.5,0.0909090909091,0.454545454545,0,1,-0.3,0.0909090909091,0.5,1
0.181818181818,0.272727272727,0.363636363636,1.2,0.909090909091,0.8,0.727272727273,-5,0.363636363636,0.454545454545,0,1,-0.9,0.181818181818,0.1,0
0.181818181818,0.181818181818,0.363636363636,0,0.909090909091,0,0.727272727273,-5.1,0.363636363636,0.454545454545,0.3,0.96,-1,0.272727272727,0.1,1
0.181818181818,0.181818181818,0.0909090909091,39.9,0.909090909091,26.9,0.181818181818,-0.3,0.272727272727,0.454545454545,0.4,0.56,0.6,0.0909090909091,0,1
0.0909090909091,0.272727272727,0.363636363636,14.1,0.909090909091,33,0.727272727273,-1.7,0.0909090909091,0.454545454545,0.7,0.85,-0.5,0.181818181818,0.5,1
0.0909090909091,0.0909090909091,0.0909090909091,96.5,0.0909090909091,95.3,0.181818181818,0.3,0.272727272727,0.454545454545,0.4,0.6,0.2,0.181818181818,0.3,0
0.181818181818,0.0909090909091,0.181818181818,59.5,0.909090909091,54.4,0.727272727273,1,0.0909090909091,0.0909090909091,0.9,0.56,0.3,0.272727272727,0.1,0
0.181818181818,0.0909090909091,0.0909090909091,6.8,0.909090909091,6.3,0.727272727273,-0.7,0.0909090909091,0.454545454545,0.3,0.97,-0.3,0.0909090909091,0.2,1
