statistic,value
mean,0.714782608696
max,0.913043478261
min,0.391304347826
var,0.00696862003782
std,0.0834782608696
