statistic,value
mean,0.715652173913
max,0.913043478261
min,0.391304347826
var,0.00701020793952
std,0.0837269845362
