statistic,value
mean,0.715217391304
max,0.913043478261
min,0.391304347826
var,0.00685727788281
std,0.082808682412
