statistic,value
mean,0.714347826087
max,0.913043478261
min,0.391304347826
var,0.00726862003782
std,0.0852562023422
