statistic,value
mean,0.714782608696
max,0.913043478261
min,0.391304347826
var,0.00704423440455
std,0.0839299374749
