Statistic,Value
Mean,0.0356013824885
Std,0.0369454381492
Max,0.131666666667
Min,0.0
Var,0.00136496540003
