AAWt,AAMt,Sstruct,SaccW,ShbondsW,SaccM,ShbondsM,yDDG,Result,Positiontype,ProteinPropens,Positionaccept,MOSST,SectorSuperficie,Functionalrelevancefunction,Clinical
0.285714285714,0.285714285714,0.428571428571,25.4,0.714285714286,38.2,0.714285714286,0.8,0.285714285714,0.571428571429,0,1,-1.3,0.285714285714,0,1
0.142857142857,0.142857142857,0.142857142857,63.3,0.285714285714,98.4,0.142857142857,0.7,0.285714285714,0.571428571429,0,1,-0.5,0.142857142857,1,1
0.142857142857,0.142857142857,0.428571428571,0,0.714285714286,10,0.714285714286,-3.3,0.142857142857,0.571428571429,0,1,-0.5,0.142857142857,0.75,0
0.142857142857,0.142857142857,0.428571428571,67.5,0.285714285714,32.5,0.142857142857,-0.3,0.285714285714,0.142857142857,0.7,0.87,0.1,0.285714285714,0.25,0
0.142857142857,0.285714285714,0.142857142857,1.2,0.714285714286,3.4,0.714285714286,-0.6,0.142857142857,0.571428571429,0,1,-0.5,0.142857142857,0.1,0
0.285714285714,0.142857142857,0.142857142857,61,0.714285714286,93.7,0.714285714286,0.3,0.285714285714,0.285714285714,0.1,0.76,0.7,0.142857142857,0.2,1
0.142857142857,0.142857142857,0.142857142857,39.9,0.714285714286,27.5,0.714285714286,2.8,0.142857142857,0.285714285714,0.4,0.56,-0.4,0.142857142857,0,1
