AAWt,AAMt,Sstruct,SaccW,ShbondsW,SaccM,ShbondsM,yDDG,Result,Positiontype,ProteinPropens,Positionaccept,MOSST,SectorSuperficie,Functionalrelevancefunction,Clinical
0.142857142857,0.142857142857,0.142857142857,23.5,0.714285714286,38.4,0.714285714286,-1.6,0.714285714286,1.0,0,1,-0.9,0.142857142857,0.6,0
0.285714285714,0.142857142857,0.428571428571,1.2,0.714285714286,3.8,0.714285714286,-1.7,0.714285714286,1.0,0,1,-0.7,0.142857142857,0.1,1
0.285714285714,0.142857142857,0.142857142857,6.8,0.714285714286,15.1,0.714285714286,-4.9,0.285714285714,1.0,0.3,0.97,-0.9,0.142857142857,0.2,0
0.142857142857,0.285714285714,0.142857142857,63.3,0.285714285714,105,0.142857142857,-1.6,0.714285714286,1.0,0,1,-1.2,0.142857142857,1,1
0.142857142857,0.142857142857,0.428571428571,3.2,0.285714285714,0.1,0.714285714286,-1.9,0.714285714286,1.0,0.5,0.92,-0.6,0.142857142857,0.6,1
0.142857142857,0.285714285714,0.142857142857,38.7,0.714285714286,56.6,0.142857142857,-1.7,0.714285714286,1.0,0,1,-1.1,0.142857142857,0.1,1
0.142857142857,0.142857142857,0.428571428571,0.3,0.714285714286,18,0.714285714286,-5.2,0.285714285714,1.0,0.3,0.95,-0.7,0.142857142857,0.1,0
