AAWt,AAMt,Sstruct,SaccW,ShbondsW,SaccM,ShbondsM,yDDG,Result,Positiontype,ProteinPropens,Positionaccept,MOSST,SectorSuperficie,Functionalrelevancefunction,Clinical
0.0018431519243237583,0.0018431519243237583,0.0036863038486475166,0.7114566427889707,0.0018431519243237583,0.7026095135522167,0.0036863038486475166,0.0022117823091885097,0.005529455772971275,0.005529455772971275,0.0029490430789180133,0.004423564618377019,0.0014745215394590067,0.005529455772971275,0.0022117823091885097,0
0.005249684918379463,0.005249684918379463,0.010499369836758926,0.5312681137400017,0.010499369836758926,0.8462492088427693,0.010499369836758926,0.0020998739673517854,0.015749054755138388,0.005249684918379463,0.006299621902055355,0.020368777483312315,-0.02099873967351785,0.005249684918379463,0.005249684918379463,0
0.004145591766726461,0.004145591766726461,0.004145591766726461,0.8689160343058662,0.004145591766726461,0.4924963018871035,0.008291183533452921,-0.03813944425388344,0.004145591766726461,0.012436775300179382,0.0033164734133811686,0.015089954030884317,-0.013265893653524674,0.012436775300179382,0.009949420240143505,0
0.0023096353681991734,0.0023096353681991734,0.0023096353681991734,0.5635510298405983,0.004619270736398347,0.8259256076680246,0.004619270736398347,0.0,0.006928906104597521,0.006928906104597521,0.0009238541472796695,0.007021291519325488,-0.0009238541472796695,0.006928906104597521,0.001847708294559339,1
