Statistic,Value
Mean,0.122352821141
Std,0.0870331421346
Max,0.277777777778
Min,0.0
Var,0.00757476782982
