Statistic,Value
Mean,0.663194971537
Std,0.0992757677769
Max,0.75
Min,0.25
Var,0.00985567806769
