AAWt,AAMt,Sstruct,SaccW,ShbondsW,SaccM,ShbondsM,yDDG,Result,Positiontype,ProteinPropens,Positionaccept,MOSST,SectorSuperficie,Functionalrelevancefunction,Clinical
0.181818181818,0.0909090909091,0.272727272727,23.5,0.727272727273,38.4,0.727272727273,-1.6,0.636363636364,0.818181818182,0,1,-0.9,0.0909090909091,0.6,0
0.181818181818,0.0909090909091,0.272727272727,1.2,0.727272727273,3.8,0.727272727273,-1.7,0.636363636364,0.818181818182,0,1,-0.7,0.0909090909091,0.1,1
0.181818181818,0.0909090909091,0.0909090909091,6.8,0.727272727273,15.1,0.727272727273,-4.9,0.181818181818,0.818181818182,0.3,0.97,-0.9,0.272727272727,0.2,0
0.0909090909091,0.181818181818,0.0909090909091,63.3,0.181818181818,105,0.0909090909091,-1.6,0.636363636364,0.818181818182,0,1,-1.2,0.0909090909091,1,1
0.0909090909091,0.0909090909091,0.272727272727,3.2,0.181818181818,0.1,0.727272727273,-1.9,0.636363636364,0.818181818182,0.5,0.92,-0.6,0.0909090909091,0.6,1
0.0909090909091,0.181818181818,0.181818181818,38.7,0.727272727273,56.6,0.181818181818,-1.7,0.636363636364,0.818181818182,0,1,-1.1,0.0909090909091,0.1,1
0.0909090909091,0.0909090909091,0.272727272727,0.3,0.727272727273,18,0.727272727273,-5.2,0.181818181818,0.818181818182,0.3,0.95,-0.7,0.0909090909091,0.1,0
0.0909090909091,0.0909090909091,0.181818181818,27.7,0.0909090909091,34.7,0.727272727273,0.4,0.181818181818,0.818181818182,0,1,-1.3,0.272727272727,0.1,1
0.181818181818,0.0909090909091,0.272727272727,0,0.727272727273,0.2,0.727272727273,0,0.181818181818,0.0909090909091,0.7,0.78,0,0.0909090909091,0.1,0
0.0909090909091,0.0909090909091,0.272727272727,0,0.727272727273,0.1,0.727272727273,-1.5,0.636363636364,0.0909090909091,-0.1,0.64,-0.5,0.272727272727,0.1,1
0.0909090909091,0.0909090909091,0.0909090909091,7.7,0.727272727273,9,0.181818181818,-2,0.636363636364,0.818181818182,0,1,-1,0.0909090909091,0.1,0
