Statistic,Value
Mean,0.134011914012
Std,0.0833004109359
Max,0.333333333333
Min,0.0
Var,0.00693895846209
