AAWt,AAMt,Sstruct,SaccW,ShbondsW,SaccM,ShbondsM,yDDG,Result,Positiontype,ProteinPropens,Positionaccept,MOSST,SectorSuperficie,Functionalrelevancefunction,Clinical
0.09090909090909091,0.2727272727272727,0.36363636363636365,7.3,0.6363636363636364,0.6,0.7272727272727273,0,0.18181818181818182,0.2727272727272727,0,1,-1.1,0.36363636363636365,0.95,1
0.09090909090909091,0.18181818181818182,0.36363636363636365,20.1,0.6363636363636364,17.3,0.7272727272727273,-3,0.45454545454545453,0.36363636363636365,0.2,0.59,-0.3,0.36363636363636365,0.1,1
0.18181818181818182,0.18181818181818182,0.2727272727272727,52.6,0.6363636363636364,81.8,0.2727272727272727,-1.5,0.2727272727272727,0.2727272727272727,0,1,-1.3,0.18181818181818182,0.8,1
0.2727272727272727,0.2727272727272727,0.36363636363636365,0,0.6363636363636364,4.9,0.7272727272727273,-4,0.45454545454545453,0.2727272727272727,0.9,0.47,-0.3,0.2727272727272727,0.35,0
0.18181818181818182,0.18181818181818182,0.2727272727272727,52.6,0.6363636363636364,81.8,0.2727272727272727,-1.5,0.2727272727272727,0.2727272727272727,0,1,-1.3,0.18181818181818182,0.8,1
0.18181818181818182,0.18181818181818182,0.36363636363636365,62,0.18181818181818182,61.8,0.2727272727272727,0.6,0.09090909090909091,0.09090909090909091,0.3,0.67,0.6,0.09090909090909091,0.35,1
0.2727272727272727,0.18181818181818182,0.36363636363636365,0,0.6363636363636364,16.9,0.7272727272727273,-3.2,0.45454545454545453,0.2727272727272727,0.9,0.47,-0.2,0.2727272727272727,0.35,1
0.09090909090909091,0.18181818181818182,0.36363636363636365,66.5,0.18181818181818182,47.9,0.7272727272727273,-1.4,0.2727272727272727,0.36363636363636365,0.7,0.85,0,0.36363636363636365,0.25,1
0.2727272727272727,0.09090909090909091,0.36363636363636365,0,0.6363636363636364,0.9,0.7272727272727273,-0.4,0.18181818181818182,0.2727272727272727,0.9,0.47,0.6,0.2727272727272727,0.35,1
0.18181818181818182,0.2727272727272727,0.36363636363636365,30.2,0.18181818181818182,12,0.7272727272727273,-2.6,0.45454545454545453,0.36363636363636365,0.2,0.9,-0.8,0.36363636363636365,0.1,0
0.09090909090909091,0.09090909090909091,0.2727272727272727,62.5,0.18181818181818182,104.4,0.7272727272727273,-3.6,0.45454545454545453,0.36363636363636365,0.7,0.59,-0.2,0.09090909090909091,0.25,1
