AAWt,AAMt,Sstruct,SaccW,ShbondsW,SaccM,ShbondsM,yDDG,Result,Positiontype,ProteinPropens,Positionaccept,MOSST,SectorSuperficie,Functionalrelevancefunction,Clinical
0.5714285714285714,0.14285714285714285,0.14285714285714285,0.2,0.8571428571428571,34.1,1.0,-4.7,0.42857142857142855,0.2857142857142857,0.5,0.91,-0.7,0.2857142857142857,0.1,0
0.5714285714285714,0.14285714285714285,0.5714285714285714,0,0.8571428571428571,16.9,1.0,-3.2,0.42857142857142855,0.42857142857142855,0.9,0.47,-0.2,0.5714285714285714,0.35,1
0.14285714285714285,0.14285714285714285,0.14285714285714285,25.3,0.8571428571428571,15.7,1.0,-1.4,0.2857142857142857,0.2857142857142857,0.3,0.97,-0.7,0.5714285714285714,0.25,1
0.5714285714285714,0.2857142857142857,0.5714285714285714,0,0.8571428571428571,4.9,1.0,-4,0.42857142857142855,0.42857142857142855,0.9,0.47,-0.3,0.5714285714285714,0.35,0
0.14285714285714285,0.14285714285714285,0.5714285714285714,1.2,0.8571428571428571,3.8,1.0,-1.7,0.2857142857142857,0.2857142857142857,0,1,-0.7,0.2857142857142857,0.1,1
0.14285714285714285,0.2857142857142857,0.14285714285714285,62,0.14285714285714285,37.2,1.0,-0.7,0.14285714285714285,0.2857142857142857,0.3,0.67,-0.4,0.14285714285714285,0.35,0
0.5714285714285714,0.14285714285714285,0.5714285714285714,0,0.8571428571428571,0.9,1.0,-0.4,0.14285714285714285,0.42857142857142855,0.9,0.47,0.6,0.5714285714285714,0.35,1
