AAWt,AAMt,Sstruct,SaccW,ShbondsW,SaccM,ShbondsM,yDDG,Result,Positiontype,ProteinPropens,Positionaccept,MOSST,SectorSuperficie,Functionalrelevancefunction,Clinical
0.0909090909091,0.0909090909091,0.454545454545,26.8,0.636363636364,28.9,0.181818181818,-2.1,0.363636363636,0.636363636364,0,1,-1.3,0.0909090909091,0.1,0
0.181818181818,0.0909090909091,0.454545454545,16.3,0.636363636364,30.7,0.727272727273,1,0.0909090909091,0.363636363636,0.8,0.74,-0.4,0.0909090909091,0.65,1
0.0909090909091,0.0909090909091,0.363636363636,57.5,0.636363636364,70.8,0.727272727273,-1.3,0.363636363636,0.363636363636,0.9,0.31,0.1,0.0909090909091,0.35,1
0.181818181818,0.272727272727,0.363636363636,17.3,0.363636363636,27.7,0.0909090909091,-2.5,0.363636363636,0.636363636364,0,1,-0.8,0.181818181818,0.85,0
0.272727272727,0.272727272727,0.454545454545,23.5,0.636363636364,34.7,0.727272727273,-1.1,0.363636363636,0.636363636364,0,1,-0.8,0.0909090909091,0.6,1
0.181818181818,0.0909090909091,0.454545454545,50.3,0.363636363636,55,0.181818181818,-1.6,0.363636363636,0.636363636364,0,1,-1.1,0.0909090909091,0.1,0
0.181818181818,0.272727272727,0.363636363636,3.2,0.363636363636,0,0.727272727273,-2.1,0.363636363636,0.636363636364,0.5,0.92,-0.5,0.0909090909091,0.6,1
0.0909090909091,0.0909090909091,0.454545454545,50.8,0.636363636364,62.7,0.727272727273,0.3,0.0909090909091,0.363636363636,1,0.63,-0.2,0.0909090909091,0.25,0
0.0909090909091,0.0909090909091,0.363636363636,4.9,0.363636363636,3.1,0.727272727273,-1.8,0.363636363636,0.363636363636,0.7,0.73,0,0.181818181818,0.75,0
0.272727272727,0.181818181818,0.181818181818,93.3,0.636363636364,90.2,0.727272727273,-0.5,0.0909090909091,0.636363636364,0,1,-1.1,0.181818181818,0.3,0
0.272727272727,0.181818181818,0.181818181818,35.5,0.636363636364,26.6,0.727272727273,-3.7,0.363636363636,0.636363636364,0.3,0.95,-1,0.181818181818,0.1,0
