AAWt,AAMt,Sstruct,SaccW,ShbondsW,SaccM,ShbondsM,yDDG,Result,Positiontype,ProteinPropens,Positionaccept,MOSST,SectorSuperficie,Functionalrelevancefunction,Clinical
0.09090909090909091,0.18181818181818182,0.45454545454545453,30.2,0.09090909090909091,12,1.0,-2.6,0.2727272727272727,0.5454545454545454,0.2,0.9,-0.8,0.2727272727272727,0.1,0
0.09090909090909091,0.18181818181818182,0.45454545454545453,41.5,0.9090909090909091,34.9,1.0,1,0.2727272727272727,0.18181818181818182,0.9,0.26,0.5,0.2727272727272727,0,1
0.09090909090909091,0.09090909090909091,0.36363636363636365,45.4,0.9090909090909091,36.8,1.0,-3.6,0.2727272727272727,0.5454545454545454,0.1,0.57,-0.3,0.2727272727272727,0.1,0
0.09090909090909091,0.18181818181818182,0.45454545454545453,0,0.9090909090909091,0,1.0,1.9,0.18181818181818182,0.2727272727272727,0,1,-1.3,0.09090909090909091,0.75,0
0.09090909090909091,0.2727272727272727,0.45454545454545453,59.5,0.9090909090909091,54.4,1.0,1,0.2727272727272727,0.18181818181818182,0.9,0.56,0.3,0.18181818181818182,0.1,0
0.09090909090909091,0.18181818181818182,0.36363636363636365,0.1,0.9090909090909091,4.9,1.0,-4,0.2727272727272727,0.5454545454545454,0.5,0.9,-0.7,0.18181818181818182,0.1,0
0.18181818181818182,0.09090909090909091,0.09090909090909091,39.9,0.9090909090909091,27.5,1.0,2.8,0.09090909090909091,0.5454545454545454,0.4,0.56,-0.4,0.09090909090909091,0,1
0.09090909090909091,0.09090909090909091,0.36363636363636365,57.5,0.9090909090909091,70.8,1.0,-1.3,0.18181818181818182,0.5454545454545454,0.9,0.31,0.1,0.09090909090909091,0.35,1
0.18181818181818182,0.09090909090909091,0.36363636363636365,0,0.9090909090909091,0,1.0,-1.3,0.18181818181818182,0.2727272727272727,0,1,-1.1,0.09090909090909091,0.5,1
0.09090909090909091,0.2727272727272727,0.45454545454545453,25.4,0.9090909090909091,38.2,1.0,0.8,0.2727272727272727,0.2727272727272727,0,1,-1.3,0.09090909090909091,0,1
0.09090909090909091,0.2727272727272727,0.09090909090909091,6.7,0.9090909090909091,25.3,1.0,1.2,0.18181818181818182,0.5454545454545454,0.7,0.78,-0.6,0.09090909090909091,0.5,1
