Statistic,Value
Mean,0.568433277927
Std,0.0432128525373
Max,0.723232323232
Min,0.363131313131
Var,0.00186735062441
