AAWt,AAMt,Sstruct,SaccW,ShbondsW,SaccM,ShbondsM,yDDG,Result,Positiontype,ProteinPropens,Positionaccept,MOSST,SectorSuperficie,Functionalrelevancefunction,Clinical
0.00222721855572,0.00222721855572,0.00445443711144,0.816943766237,0.00445443711144,0.57640416222,0.00668165566715,0.0,0.00890887422287,0.00668165566715,0.00445443711144,0.00801798680058,-0.00623621195601,0.00445443711144,0.0,0
0.239593992591,0.119796996296,0.119796996296,0.0,0.119796996296,0.0,0.359390988887,0.335431589628,0.479187985183,0.119796996296,0.0,0.479187985183,-0.335431589628,0.119796996296,0.239593992591,0
0.00586516518471,0.00293258259236,0.00586516518471,0.780066969567,0.00293258259236,0.62522660869,0.00879774777707,0.00351909911083,0.0117303303694,0.00879774777707,0.0082112312586,0.00997078081401,-0.00351909911083,0.00293258259236,0.00293258259236,1
0.00184315505512,0.00184315505512,0.00184315505512,0.711457851276,0.00368631011024,0.702610707011,0.00184315505512,0.00221178606614,0.00737262022047,0.00552946516535,0.00294904808819,0.00442357213228,0.00147452404409,0.00368631011024,0.00221178606614,0
