AAWt,AAMt,Sstruct,SaccW,ShbondsW,SaccM,ShbondsM,yDDG,Result,Positiontype,ProteinPropens,Positionaccept,MOSST,SectorSuperficie,Functionalrelevancefunction,Clinical
0.09090909090909091,0.09090909090909091,0.18181818181818182,65.1,0.18181818181818182,64.1,0.18181818181818182,-0.4,0.2727272727272727,0.18181818181818182,0.1,0.8,0,0.18181818181818182,0.5,1
0.18181818181818182,0.09090909090909091,0.2727272727272727,0,0.6363636363636364,10,0.7272727272727273,-3.3,0.5454545454545454,0.45454545454545453,0,1,-0.5,0.09090909090909091,0.75,0
0.18181818181818182,0.09090909090909091,0.36363636363636365,4.9,0.18181818181818182,3,0.09090909090909091,2.1,0.09090909090909091,0.18181818181818182,0.7,0.73,-0.2,0.18181818181818182,0.75,0
0.18181818181818182,0.09090909090909091,0.36363636363636365,0,0.6363636363636364,0,0.7272727272727273,-5.3,0.5454545454545454,0.45454545454545453,0,1,-1.1,0.18181818181818182,0.35,1
0.09090909090909091,0.18181818181818182,0.36363636363636365,44.8,0.18181818181818182,29.5,0.7272727272727273,-2.4,0.5454545454545454,0.18181818181818182,0.8,0.28,-0.1,0.09090909090909091,0.15,0
0.09090909090909091,0.18181818181818182,0.2727272727272727,84.5,0.6363636363636364,84.5,0.7272727272727273,0.3,0.2727272727272727,0.18181818181818182,0.9,0.25,0.2,0.18181818181818182,0.15,1
0.09090909090909091,0.09090909090909091,0.2727272727272727,62,0.18181818181818182,61.8,0.18181818181818182,0.6,0.09090909090909091,0.18181818181818182,0.3,0.67,0.6,0.09090909090909091,0.35,1
0.18181818181818182,0.09090909090909091,0.09090909090909091,0.2,0.6363636363636364,34.1,0.7272727272727273,-4.7,0.5454545454545454,0.18181818181818182,0.5,0.91,-0.7,0.18181818181818182,0.1,0
0.18181818181818182,0.18181818181818182,0.09090909090909091,38.7,0.6363636363636364,42.4,0.7272727272727273,0,0.2727272727272727,0.45454545454545453,0,1,-0.6,0.18181818181818182,0.1,0
0.09090909090909091,0.09090909090909091,0.36363636363636365,0,0.6363636363636364,2.3,0.7272727272727273,-5,0.5454545454545454,0.45454545454545453,0,1,-0.9,0.18181818181818182,0.25,0
0.18181818181818182,0.18181818181818182,0.18181818181818182,1.4,0.6363636363636364,2,0.7272727272727273,-4.9,0.5454545454545454,0.45454545454545453,0,1,-1,0.18181818181818182,0.1,0
