AAWt,AAMt,Sstruct,SaccW,ShbondsW,SaccM,ShbondsM,yDDG,Result,Positiontype,ProteinPropens,Positionaccept,MOSST,SectorSuperficie,Functionalrelevancefunction,Clinical
0.0769230769231,0.153846153846,0.153846153846,4.9,0.384615384615,1.5,0.769230769231,-0.5,0.307692307692,0.384615384615,0.7,0.73,-0.6,0.230769230769,0.75,0
0.0769230769231,0.0769230769231,0.153846153846,62.5,0.384615384615,76,0.230769230769,-0.8,0.307692307692,0.384615384615,0.7,0.59,0.4,0.0769230769231,0.25,1
0.0769230769231,0.153846153846,0.538461538462,23.5,0.615384615385,34.7,0.769230769231,-1.1,0.153846153846,0.461538461538,0,1,-0.8,0.153846153846,0.6,1
0.230769230769,0.153846153846,0.538461538462,26.8,0.615384615385,28.9,0.230769230769,-2.1,0.230769230769,0.461538461538,0,1,-1.3,0.0769230769231,0.1,0
0.0769230769231,0.153846153846,0.153846153846,17.3,0.384615384615,0.3,0.769230769231,-1.1,0.153846153846,0.461538461538,0,1,-0.7,0.230769230769,0.85,0
0.0769230769231,0.153846153846,0.538461538462,50.3,0.384615384615,35,0.769230769231,0.1,0.307692307692,0.461538461538,0,1,-1,0.0769230769231,0.1,1
0.153846153846,0.0769230769231,0.538461538462,14.4,0.384615384615,20.5,0.230769230769,-3.1,0.230769230769,0.0769230769231,0.2,0.48,-0.2,0.153846153846,0.8,0
0.230769230769,0.0769230769231,0.153846153846,40.3,0.615384615385,39.7,0.769230769231,0.2,0.307692307692,0.384615384615,0.6,0.87,0,0.153846153846,0.6,0
0.153846153846,0.153846153846,0.538461538462,46.3,0.615384615385,15.3,0.769230769231,-0.2,0.307692307692,0.461538461538,0,1,-1,0.230769230769,0.35,1
0.0769230769231,0.153846153846,0.0769230769231,83.7,0.615384615385,89.9,0.769230769231,-1,0.307692307692,0.0769230769231,0.7,0.47,-0.1,0.153846153846,0.25,1
0.0769230769231,0.153846153846,0.538461538462,0,0.615384615385,4.1,0.769230769231,-2.5,0.230769230769,0.461538461538,0,1,-0.8,0.153846153846,0.15,0
0.230769230769,0.0769230769231,0.538461538462,111.8,0.615384615385,92.1,0.769230769231,-0.5,0.307692307692,0.384615384615,0.5,0.62,-0.1,0.0769230769231,0.55,0
0.0769230769231,0.0769230769231,0.0769230769231,61,0.615384615385,93.7,0.769230769231,0.3,0.307692307692,0.384615384615,0.1,0.76,0.7,0.153846153846,0.2,1
