Statistic,Value
Mean,-1.30518735566
Std,2.2772972239
Max,-0.678667709414
Min,-16.6189571092
Var,5.18608264599
