Statistic,Value
Mean,0.362644544997
Std,0.155934037733
Max,0.666666666667
Min,0.0
Var,0.0243154241238
