AAWt,AAMt,Sstruct,SaccW,ShbondsW,SaccM,ShbondsM,yDDG,Result,Positiontype,ProteinPropens,Positionaccept,MOSST,SectorSuperficie,Functionalrelevancefunction,Clinical
0.038351249981069174,0.038351249981069174,0.11505374994320752,0.8590679995759496,0.07670249996213835,0.05369174997349685,0.038351249981069174,0.32215049984098104,0.038351249981069174,0.07670249996213835,0.1342293749337421,0.2469820498780855,-0.1342293749337421,0.038351249981069174,0.16107524992049052,0
0.01255546402495795,0.01255546402495795,0.01255546402495795,0.8041774707985567,0.0251109280499159,0.5668792007268515,0.03766639207487385,-0.1538044343057349,0.0251109280499159,0.0251109280499159,0.021972062043676414,0.037352505474249904,-0.03515529926988226,0.01255546402495795,0.03515529926988226,0
0.02454431191769534,0.02454431191769534,0.07363293575308602,0.0,0.09817724767078136,0.39516342187489495,0.14726587150617204,-0.8590509171193369,0.09817724767078136,0.04908862383539068,0.0,0.1718101834238674,-0.15462916508148064,0.02454431191769534,0.04295254585596685,0
0.001677094551927812,0.000838547275963906,0.001677094551927812,0.6562470981693528,0.003354189103855624,0.7542732747295334,0.0050312836557834355,-0.017609492795242026,0.003354189103855624,0.003354189103855624,0.002934915465873671,0.003639295177683352,-0.0017609492795242025,0.000838547275963906,0.0032284070124610383,0
0.05230151811582283,0.026150759057911414,0.07845227717373425,0.03661106268107599,0.10460303623164566,0.09152765670268996,0.1569045543474685,-0.9335820983674376,0.10460303623164566,0.10460303623164566,0.10983318804322795,0.16291922893078814,-0.10983318804322795,0.026150759057911414,0.018305531340537994,0
0.02706921987399081,0.02706921987399081,0.05413843974798162,0.7389897025599491,0.05413843974798162,0.49265980170663276,0.16241531924394484,-0.3410721704122842,0.02706921987399081,0.10827687949596324,0.09474226955896783,0.1667463944237834,0.0,0.05413843974798162,0.09474226955896783,1
0.003950683907169408,0.003950683907169408,0.003950683907169408,0.8572984078557616,0.001975341953584704,0.5143790447134571,0.011852051721508225,-0.00967917557256505,0.001975341953584704,0.001975341953584704,0.004148218102527879,0.009264353762312263,-0.005530957470037172,0.001975341953584704,0.004839587786282525,0
