AAWt,AAMt,Sstruct,SaccW,ShbondsW,SaccM,ShbondsM,yDDG,Result,Positiontype,ProteinPropens,Positionaccept,MOSST,SectorSuperficie,Functionalrelevancefunction,Clinical
0.18181818181818182,0.18181818181818182,0.18181818181818182,62.5,0.45454545454545453,76,0.09090909090909091,-0.8,0.18181818181818182,0.5454545454545454,0.7,0.59,0.4,0.09090909090909091,0.25,1
0.09090909090909091,0.09090909090909091,0.2727272727272727,16.3,0.45454545454545453,30.7,0.7272727272727273,1,0.18181818181818182,0.5454545454545454,0.8,0.74,-0.4,0.09090909090909091,0.65,1
0.09090909090909091,0.09090909090909091,0.09090909090909091,42.5,0.45454545454545453,55.3,0.7272727272727273,0.7,0.18181818181818182,0.5454545454545454,0.5,0.93,-0.6,0.5454545454545454,0.1,0
0.09090909090909091,0.18181818181818182,0.09090909090909091,4.2,0.45454545454545453,13.7,0.7272727272727273,-6.5,0.09090909090909091,0.18181818181818182,1,0.95,-0.9,0.09090909090909091,0.1,0
0.18181818181818182,0.09090909090909091,0.2727272727272727,74,0.45454545454545453,96.2,0.7272727272727273,1.6,0.09090909090909091,0.18181818181818182,0.9,0.76,-0.3,0.5454545454545454,0.1,1
0.09090909090909091,0.09090909090909091,0.09090909090909091,64.7,0.45454545454545453,68.4,0.18181818181818182,-0.3,0.36363636363636365,0.5454545454545454,0.7,0.53,0.2,0.09090909090909091,0.1,1
0.09090909090909091,0.09090909090909091,0.2727272727272727,4.9,0.45454545454545453,1.5,0.7272727272727273,-0.5,0.18181818181818182,0.5454545454545454,0.7,0.73,-0.6,0.5454545454545454,0.75,0
0.09090909090909091,0.09090909090909091,0.18181818181818182,35.7,0.09090909090909091,35.4,0.7272727272727273,2.2,0.09090909090909091,0.5454545454545454,0.4,0.76,-0.4,0.09090909090909091,0.25,1
0.09090909090909091,0.09090909090909091,0.2727272727272727,46.3,0.45454545454545453,11.8,0.7272727272727273,0.1,0.36363636363636365,0.18181818181818182,0,1,-1.2,0.5454545454545454,0.35,0
0.18181818181818182,0.18181818181818182,0.2727272727272727,45.9,0.45454545454545453,58.7,0.18181818181818182,-0.1,0.36363636363636365,0.09090909090909091,1,0.57,0.4,0.5454545454545454,0.1,0
0.18181818181818182,0.18181818181818182,0.2727272727272727,74,0.45454545454545453,87.1,0.7272727272727273,0.2,0.36363636363636365,0.18181818181818182,0.9,0.76,-0.3,0.5454545454545454,0.1,1
