AAWt,AAMt,Sstruct,SaccW,ShbondsW,SaccM,ShbondsM,yDDG,Result,Positiontype,ProteinPropens,Positionaccept,MOSST,SectorSuperficie,Functionalrelevancefunction,Clinical
0.09090909090909091,0.18181818181818182,0.45454545454545453,14.4,0.18181818181818182,20.5,0.18181818181818182,-3.1,0.6363636363636364,0.18181818181818182,0.2,0.48,-0.2,0.2727272727272727,0.8,0
0.09090909090909091,0.18181818181818182,0.45454545454545453,7.3,0.6363636363636364,1.7,0.18181818181818182,-2.3,0.6363636363636364,0.45454545454545453,0,1,-0.3,0.18181818181818182,0.95,1
0.09090909090909091,0.18181818181818182,0.36363636363636365,0,0.6363636363636364,0,0.7272727272727273,-3.4,0.6363636363636364,0.45454545454545453,0.3,0.96,-1,0.2727272727272727,0.35,1
0.09090909090909091,0.18181818181818182,0.36363636363636365,0.1,0.6363636363636364,4.9,0.7272727272727273,-4,0.6363636363636364,0.2727272727272727,0.5,0.9,-0.7,0.18181818181818182,0.1,0
0.09090909090909091,0.09090909090909091,0.36363636363636365,0,0.6363636363636364,0,0.7272727272727273,1.9,0.09090909090909091,0.09090909090909091,0.7,0.25,1.1,0.18181818181818182,0,1
0.18181818181818182,0.09090909090909091,0.45454545454545453,62,0.18181818181818182,61.8,0.09090909090909091,0.6,0.09090909090909091,0.18181818181818182,0.3,0.67,0.6,0.09090909090909091,0.35,1
0.09090909090909091,0.09090909090909091,0.45454545454545453,91.7,0.18181818181818182,64.7,0.7272727272727273,0,0.09090909090909091,0.2727272727272727,0.5,0.9,-0.7,0.2727272727272727,0,0
0.18181818181818182,0.09090909090909091,0.09090909090909091,25.3,0.6363636363636364,32.4,0.7272727272727273,-2.5,0.6363636363636364,0.45454545454545453,0.3,0.97,0,0.2727272727272727,0.25,0
0.09090909090909091,0.18181818181818182,0.36363636363636365,0,0.6363636363636364,0,0.7272727272727273,-5.3,0.6363636363636364,0.45454545454545453,0,1,-1.1,0.2727272727272727,0.35,1
0.18181818181818182,0.09090909090909091,0.09090909090909091,52.4,0.18181818181818182,48.6,0.7272727272727273,-3.3,0.6363636363636364,0.2727272727272727,0.2,0.91,-0.8,0.2727272727272727,0.6,0
0.18181818181818182,0.18181818181818182,0.45454545454545453,0,0.6363636363636364,3.7,0.7272727272727273,-2,0.09090909090909091,0.45454545454545453,0,1,-1.3,0.18181818181818182,0.15,0
