AAWt,AAMt,Sstruct,SaccW,ShbondsW,SaccM,ShbondsM,yDDG,Result,Positiontype,ProteinPropens,Positionaccept,MOSST,SectorSuperficie,Functionalrelevancefunction,Clinical
0.05052212864417746,0.05052212864417746,0.15156638593253238,0.21219294030554534,0.15156638593253238,0.14146196020369692,0.17682745025462113,-0.8841372512731056,0.05052212864417746,0.07578319296626619,0.0,0.17682745025462113,-0.15914470522915902,0.07578319296626619,0.017682745025462115,0
0.003968903615022014,0.007937807230044029,0.023813421690132088,0.3917307868026728,0.023813421690132088,0.9168167350700854,0.027782325305154103,-0.047229953018761976,0.007937807230044029,0.015875614460088058,0.01944762771360787,0.023614976509380988,-0.013891162652577052,0.011906710845066044,0.013891162652577052,1
0.0031797844776384923,0.0031797844776384923,0.019078706865830953,0.6633030420353895,0.019078706865830953,0.7456594600062264,0.022258491343469446,-0.046742831821285837,0.006359568955276985,0.01271913791055397,0.0,0.018029377988210252,-0.002225849134346945,0.006359568955276985,0.00445169826869389,0
0.022933399690171496,0.022933399690171496,0.13760039814102898,0.7866156093728824,0.022933399690171496,0.33712097544552105,0.16053379783120048,0.4013344945780012,0.04586679938034299,0.09173359876068599,0.11237365848184033,0.11718967241677634,-0.06421351913248019,0.06880019907051449,0.12040034837340036,1
0.026709854974559206,0.013354927487279603,0.013354927487279603,0.6356945483945091,0.08012956492367762,0.7385274900465622,0.09348449241095723,-0.14022673861643584,0.026709854974559206,0.04006478246183881,0.028045347723287168,0.0906799576386285,-0.046742246205478614,0.026709854974559206,0.018696898482191446,1
0.00867293453288206,0.00867293453288206,0.026018803598646178,0.5949633089557094,0.026018803598646178,0.7953080966652849,0.03035527086508721,0.10017239385478778,0.00867293453288206,0.01734586906576412,-0.003035527086508721,0.018213162519052323,-0.015177635432543605,0.00867293453288206,0.004553290629763081,0
0.11286473240181415,0.11286473240181415,0.3385941972054424,0.19751328170317478,0.3385941972054424,0.47403187608761943,0.39502656340634956,-0.15801062536253982,0.05643236620090707,0.1692970986027212,0.0,0.39502656340634956,-0.31602125072507964,0.11286473240181415,0.0,0
