AAWt,AAMt,Sstruct,SaccW,ShbondsW,SaccM,ShbondsM,yDDG,Result,Positiontype,ProteinPropens,Positionaccept,MOSST,SectorSuperficie,Functionalrelevancefunction,Clinical
0.142857142857,0.142857142857,0.285714285714,6.7,0.571428571429,25.3,0.714285714286,1.2,0.142857142857,0.714285714286,0.7,0.78,-0.6,0.428571428571,0.5,1
0.285714285714,0.285714285714,0.142857142857,4.2,0.571428571429,13.7,0.714285714286,-6.5,0.142857142857,0.285714285714,1,0.95,-0.9,0.142857142857,0.1,0
0.285714285714,0.142857142857,0.285714285714,93.3,0.571428571429,102.6,0.285714285714,0.1,0.428571428571,0.285714285714,0,1,-1.1,0.428571428571,0.3,1
0.142857142857,0.142857142857,0.571428571429,91.7,0.285714285714,64.7,0.714285714286,0,0.428571428571,0.714285714286,0.5,0.9,-0.7,0.428571428571,0,0
0.142857142857,0.142857142857,0.571428571429,75.7,0.285714285714,90.9,0.285714285714,-0.6,0.142857142857,0.714285714286,0.1,0.72,-0.2,0.142857142857,0.1,1
0.142857142857,0.285714285714,0.571428571429,11.1,0.571428571429,16.5,0.714285714286,0.2,0.428571428571,0.714285714286,0.5,0.91,-0.3,0.285714285714,0.5,0
0.142857142857,0.142857142857,0.571428571429,66.5,0.142857142857,47.9,0.714285714286,-1.4,0.142857142857,0.714285714286,0.7,0.85,0,0.285714285714,0.25,1
