AAWt,AAMt,Sstruct,SaccW,ShbondsW,SaccM,ShbondsM,yDDG,Result,Positiontype,ProteinPropens,Positionaccept,MOSST,SectorSuperficie,Functionalrelevancefunction,Clinical
0.09090909090909091,0.2727272727272727,0.6363636363636364,30.2,0.18181818181818182,12,0.8181818181818182,-2.6,0.6363636363636364,0.45454545454545453,0.2,0.9,-0.8,0.36363636363636365,0.1,0
0.2727272727272727,0.18181818181818182,0.2727272727272727,0,0.8181818181818182,9.3,0.09090909090909091,-3,0.6363636363636364,0.18181818181818182,0.9,0.47,-0.4,0.18181818181818182,0.35,0
0.2727272727272727,0.2727272727272727,0.6363636363636364,0,0.8181818181818182,2.2,0.8181818181818182,-6.5,0.6363636363636364,0.45454545454545453,0.7,0.78,-0.5,0.18181818181818182,0.1,0
0.09090909090909091,0.09090909090909091,0.6363636363636364,14.4,0.18181818181818182,19.1,0.09090909090909091,-2.6,0.6363636363636364,0.09090909090909091,0.2,0.48,-0.1,0.09090909090909091,0.8,0
0.09090909090909091,0.09090909090909091,0.09090909090909091,40.3,0.8181818181818182,20.5,0.8181818181818182,0.3,0.18181818181818182,0.45454545454545453,0.6,0.87,-0.1,0.09090909090909091,0.6,0
0.18181818181818182,0.09090909090909091,0.6363636363636364,0,0.8181818181818182,6,0.8181818181818182,1.6,0.18181818181818182,0.2727272727272727,0,1,-1,0.09090909090909091,0.75,0
0.18181818181818182,0.09090909090909091,0.6363636363636364,11.1,0.8181818181818182,23.1,0.8181818181818182,-0.4,0.18181818181818182,0.45454545454545453,0.5,0.91,0,0.36363636363636365,0.5,1
0.09090909090909091,0.09090909090909091,0.6363636363636364,7.3,0.8181818181818182,16.4,0.8181818181818182,-3.1,0.6363636363636364,0.2727272727272727,0,1,-1,0.36363636363636365,0.95,1
0.2727272727272727,0.18181818181818182,0.6363636363636364,0,0.8181818181818182,0.3,0.8181818181818182,-3.6,0.6363636363636364,0.45454545454545453,0.7,0.78,-0.6,0.18181818181818182,0.1,0
0.09090909090909091,0.09090909090909091,0.2727272727272727,37,0.8181818181818182,48.6,0.8181818181818182,1.7,0.18181818181818182,0.18181818181818182,0.2,0.89,-0.4,0.36363636363636365,0,1
0.09090909090909091,0.2727272727272727,0.2727272727272727,0,0.8181818181818182,0,0.8181818181818182,-3.4,0.6363636363636364,0.2727272727272727,0.3,0.96,-1,0.18181818181818182,0.35,1
