AAWt,AAMt,Sstruct,SaccW,ShbondsW,SaccM,ShbondsM,yDDG,Result,Positiontype,ProteinPropens,Positionaccept,MOSST,SectorSuperficie,Functionalrelevancefunction,Clinical
0.0769230769231,0.153846153846,0.538461538462,30.2,0.307692307692,12,0.692307692308,-2.6,0.307692307692,0.461538461538,0.2,0.9,-0.8,0.461538461538,0.1,0
0.153846153846,0.0769230769231,0.538461538462,11.1,0.692307692308,46.4,0.153846153846,-0.4,0.153846153846,0.461538461538,0.5,0.91,-0.8,0.461538461538,0.5,0
0.0769230769231,0.0769230769231,0.230769230769,6.7,0.692307692308,25.3,0.692307692308,1.2,0.153846153846,0.461538461538,0.7,0.78,-0.6,0.153846153846,0.5,1
0.0769230769231,0.153846153846,0.0769230769231,4.2,0.692307692308,13.7,0.692307692308,-6.5,0.307692307692,0.230769230769,1,0.95,-0.9,0.0769230769231,0.1,0
0.153846153846,0.153846153846,0.538461538462,41.5,0.692307692308,34.9,0.692307692308,1,0.230769230769,0.230769230769,0.9,0.26,0.5,0.461538461538,0,1
0.0769230769231,0.153846153846,0.538461538462,6,0.692307692308,4.7,0.692307692308,0.5,0.230769230769,0.461538461538,0.5,0.61,-0.3,0.0769230769231,0.6,1
0.153846153846,0.0769230769231,0.153846153846,4.9,0.307692307692,1.5,0.692307692308,-0.3,0.153846153846,0.461538461538,0.7,0.73,-0.3,0.461538461538,0.75,1
0.153846153846,0.0769230769231,0.230769230769,52.6,0.692307692308,81.8,0.153846153846,-1.5,0.0769230769231,0.230769230769,0,1,-1.3,0.0769230769231,0.8,1
0.0769230769231,0.153846153846,0.538461538462,14.4,0.307692307692,20.5,0.153846153846,-3.1,0.307692307692,0.0769230769231,0.2,0.48,-0.2,0.153846153846,0.8,0
0.0769230769231,0.0769230769231,0.230769230769,37.1,0.692307692308,41.4,0.153846153846,-0.6,0.0769230769231,0.461538461538,0.6,0.85,0.3,0.0769230769231,0.6,1
0.153846153846,0.153846153846,0.538461538462,41.5,0.692307692308,34.9,0.692307692308,1,0.230769230769,0.230769230769,0.9,0.26,0.5,0.461538461538,0,1
0.153846153846,0.0769230769231,0.538461538462,26.8,0.692307692308,54.1,0.692307692308,-2.8,0.307692307692,0.230769230769,0,1,-1.2,0.0769230769231,0.1,0
0.0769230769231,0.0769230769231,0.153846153846,74,0.307692307692,96.2,0.692307692308,1.6,0.153846153846,0.230769230769,0.9,0.76,-0.3,0.461538461538,0.1,1
