AAWt,AAMt,Sstruct,SaccW,ShbondsW,SaccM,ShbondsM,yDDG,Result,Positiontype,ProteinPropens,Positionaccept,MOSST,SectorSuperficie,Functionalrelevancefunction,Clinical
0.181818181818,0.181818181818,0.272727272727,6.7,0.727272727273,21.4,0.727272727273,-3.5,0.636363636364,0.545454545455,0.7,0.78,-0.1,0.363636363636,0.5,1
0.272727272727,0.181818181818,0.272727272727,0.1,0.727272727273,4.9,0.727272727273,-4,0.636363636364,0.545454545455,0.5,0.9,-0.7,0.181818181818,0.1,0
0.272727272727,0.0909090909091,0.272727272727,1.4,0.727272727273,2.3,0.727272727273,-3.1,0.636363636364,0.363636363636,0,1,-0.9,0.363636363636,0.1,0
0.181818181818,0.181818181818,0.0909090909091,111.8,0.727272727273,93.3,0.272727272727,-0.4,0.0909090909091,0.545454545455,0.5,0.62,-0.4,0.0909090909091,0.55,1
0.0909090909091,0.0909090909091,0.272727272727,17.3,0.272727272727,27.7,0.272727272727,-2.5,0.636363636364,0.363636363636,0,1,-0.8,0.181818181818,0.85,0
0.181818181818,0.181818181818,0.272727272727,0.2,0.727272727273,0.5,0.727272727273,-5.1,0.636363636364,0.545454545455,0.6,0.89,-0.6,0.181818181818,0.1,0
0.181818181818,0.0909090909091,0.272727272727,82.8,0.272727272727,74.3,0.272727272727,-0.7,0.0909090909091,0.545454545455,0.8,0.64,-0.2,0.181818181818,0.1,0
0.0909090909091,0.0909090909091,0.272727272727,68.8,0.272727272727,71.8,0.727272727273,-2.4,0.636363636364,0.363636363636,0,1,-1.1,0.363636363636,0,0
0.0909090909091,0.181818181818,0.0909090909091,18.3,0.727272727273,29.5,0.727272727273,0.8,0.0909090909091,0.545454545455,0.5,0.85,-0.5,0.363636363636,0.8,0
0.272727272727,0.0909090909091,0.272727272727,0.2,0.727272727273,34.1,0.727272727273,-4.7,0.636363636364,0.0909090909091,0.5,0.91,-0.7,0.181818181818,0.1,0
0.0909090909091,0.181818181818,0.272727272727,6.8,0.727272727273,7.8,0.727272727273,-1.1,0.0909090909091,0.363636363636,0.3,0.97,-0.7,0.181818181818,0.2,1
