AAWt,AAMt,Sstruct,SaccW,ShbondsW,SaccM,ShbondsM,yDDG,Result,Positiontype,ProteinPropens,Positionaccept,MOSST,SectorSuperficie,Functionalrelevancefunction,Clinical
0.18181818181818182,0.09090909090909091,0.09090909090909091,3.9,0.2727272727272727,1.9,0.8181818181818182,-1.9,0.2727272727272727,0.18181818181818182,0.5,0.88,-0.8,0.2727272727272727,0.5,0
0.09090909090909091,0.18181818181818182,0.5454545454545454,12.1,0.09090909090909091,28.6,0.8181818181818182,1.5,0.18181818181818182,0.6363636363636364,0.3,0.97,-0.7,0.2727272727272727,0.6,1
0.09090909090909091,0.18181818181818182,0.5454545454545454,0.2,0.6363636363636364,0.3,0.8181818181818182,-1.1,0.2727272727272727,0.18181818181818182,0.6,0.89,-0.1,0.18181818181818182,0.1,0
0.18181818181818182,0.18181818181818182,0.18181818181818182,0,0.6363636363636364,6,0.8181818181818182,1.6,0.18181818181818182,0.6363636363636364,0,1,-1,0.09090909090909091,0.75,0
0.18181818181818182,0.18181818181818182,0.5454545454545454,0,0.6363636363636364,4.9,0.8181818181818182,-4,0.36363636363636365,0.18181818181818182,0.9,0.47,-0.3,0.18181818181818182,0.35,0
0.18181818181818182,0.09090909090909091,0.18181818181818182,50.3,0.2727272727272727,55,0.09090909090909091,-1.6,0.2727272727272727,0.6363636363636364,0,1,-1.1,0.18181818181818182,0.1,0
0.18181818181818182,0.09090909090909091,0.5454545454545454,0,0.6363636363636364,0,0.09090909090909091,0.6,0.09090909090909091,0.6363636363636364,0,1,-1.1,0.09090909090909091,0.5,0
0.09090909090909091,0.18181818181818182,0.09090909090909091,6.8,0.6363636363636364,6,0.8181818181818182,-2.2,0.36363636363636365,0.6363636363636364,0.3,0.97,-0.4,0.18181818181818182,0.2,0
0.09090909090909091,0.18181818181818182,0.09090909090909091,68.8,0.2727272727272727,71.8,0.8181818181818182,-2.4,0.36363636363636365,0.6363636363636364,0,1,-1.1,0.2727272727272727,0,0
0.09090909090909091,0.18181818181818182,0.5454545454545454,0.5,0.6363636363636364,4,0.8181818181818182,3,0.09090909090909091,0.6363636363636364,0,1,-1,0.18181818181818182,0,0
0.18181818181818182,0.18181818181818182,0.5454545454545454,0,0.6363636363636364,4.9,0.8181818181818182,-4,0.36363636363636365,0.18181818181818182,0.9,0.47,-0.3,0.18181818181818182,0.35,0
