AAWt,AAMt,Sstruct,SaccW,ShbondsW,SaccM,ShbondsM,yDDG,Result,Positiontype,ProteinPropens,Positionaccept,MOSST,SectorSuperficie,Functionalrelevancefunction,Clinical
0.14285714285714285,0.14285714285714285,0.14285714285714285,12.8,0.8571428571428571,39.6,0.5714285714285714,2.7,0.2857142857142857,0.5714285714285714,0,1,-0.5,0.14285714285714285,0.6,0
0.14285714285714285,0.14285714285714285,0.2857142857142857,42.5,0.8571428571428571,55.3,0.42857142857142855,0.7,0.2857142857142857,0.42857142857142855,0.5,0.93,-0.6,0.14285714285714285,0.1,0
0.42857142857142855,0.2857142857142857,0.42857142857142855,0,0.8571428571428571,0,0.5714285714285714,0.6,0.2857142857142857,0.5714285714285714,0,1,-1.1,0.2857142857142857,0.5,0
0.14285714285714285,0.14285714285714285,0.42857142857142855,0.5,0.8571428571428571,1.2,0.42857142857142855,-0.4,0.42857142857142855,0.5714285714285714,0,1,-0.8,0.14285714285714285,0,0
0.42857142857142855,0.14285714285714285,0.14285714285714285,39.9,0.8571428571428571,26.9,0.5714285714285714,-0.3,0.42857142857142855,0.42857142857142855,0.4,0.56,0.6,0.14285714285714285,0,1
0.42857142857142855,0.14285714285714285,0.42857142857142855,0,0.8571428571428571,0,0.42857142857142855,3.9,0.2857142857142857,0.5714285714285714,0,1,-1.1,0.2857142857142857,0.5,1
0.14285714285714285,0.2857142857142857,0.2857142857142857,96.5,0.14285714285714285,95.3,0.5714285714285714,0.3,0.42857142857142855,0.42857142857142855,0.4,0.6,0.2,0.14285714285714285,0.3,0
