AAWt,AAMt,Sstruct,SaccW,ShbondsW,SaccM,ShbondsM,yDDG,Result,Positiontype,ProteinPropens,Positionaccept,MOSST,SectorSuperficie,Functionalrelevancefunction,Clinical
0.18181818181818182,0.09090909090909091,0.09090909090909091,18.3,0.8181818181818182,27.8,0.2727272727272727,0.9,0.36363636363636365,0.45454545454545453,0.5,0.85,-0.7,0.18181818181818182,0.8,1
0.36363636363636365,0.18181818181818182,0.45454545454545453,0,0.8181818181818182,0.3,0.5454545454545454,-3.6,0.2727272727272727,0.45454545454545453,0.7,0.78,-0.6,0.18181818181818182,0.1,0
0.09090909090909091,0.09090909090909091,0.45454545454545453,16.3,0.8181818181818182,30.7,0.5454545454545454,1,0.36363636363636365,0.45454545454545453,0.8,0.74,-0.4,0.18181818181818182,0.65,1
0.36363636363636365,0.09090909090909091,0.09090909090909091,0.2,0.8181818181818182,9.3,0.5454545454545454,-6.5,0.2727272727272727,0.18181818181818182,0.5,0.91,-0.8,0.18181818181818182,0.1,1
0.09090909090909091,0.18181818181818182,0.45454545454545453,21.2,0.8181818181818182,25.6,0.5454545454545454,0.8,0.36363636363636365,0.45454545454545453,0,0.83,-0.6,0.18181818181818182,0.25,0
0.09090909090909091,0.09090909090909091,0.45454545454545453,111.8,0.8181818181818182,92.1,0.5454545454545454,-0.5,0.18181818181818182,0.45454545454545453,0.5,0.62,-0.1,0.18181818181818182,0.55,0
0.09090909090909091,0.09090909090909091,0.2727272727272727,63.3,0.09090909090909091,105,0.18181818181818182,-1.6,0.18181818181818182,0.36363636363636365,0,1,-1.2,0.09090909090909091,1,1
0.36363636363636365,0.09090909090909091,0.2727272727272727,9.8,0.8181818181818182,17.2,0.2727272727272727,-3.4,0.2727272727272727,0.36363636363636365,0,1,-0.9,0.09090909090909091,0.1,0
0.18181818181818182,0.09090909090909091,0.45454545454545453,62,0.09090909090909091,61.8,0.18181818181818182,0.6,0.36363636363636365,0.18181818181818182,0.3,0.67,0.6,0.09090909090909091,0.35,1
0.09090909090909091,0.18181818181818182,0.09090909090909091,1.2,0.8181818181818182,3.4,0.5454545454545454,-0.6,0.18181818181818182,0.36363636363636365,0,1,-0.5,0.18181818181818182,0.1,0
0.36363636363636365,0.18181818181818182,0.2727272727272727,35.5,0.8181818181818182,58.8,0.2727272727272727,-1.1,0.18181818181818182,0.36363636363636365,0.3,0.95,-0.8,0.18181818181818182,0.1,0
