statistic,value
mean,0.755
max,1.0
min,0.375
var,0.0165375
std,0.128598211496
