statistic,value
mean,0.74
max,0.944444444444
min,0.5
var,0.0080172839506
std,0.0895392871906
