statistic,value
mean,0.755
max,1.0
min,0.25
var,0.021225
std,0.145688022843
