statistic,value
mean,0.744545454546
max,1.0
min,0.454545454545
var,0.0116851239669
std,0.108097751905
