statistic,value
mean,0.687948717949
max,0.820512820513
min,0.564102564103
var,0.00356416831032
std,0.0597006558617
