statistic,value
mean,0.739
max,1.0
min,0.55
var,0.008879
std,0.0942284458112
