statistic,value
mean,0.763846153846
max,1.0
min,0.538461538462
var,0.0134029585799
std,0.115771147441
