AAWt,AAMt,Sstruct,SaccW,ShbondsW,SaccM,ShbondsM,yDDG,Result,Positiontype,ProteinPropens,Positionaccept,MOSST,SectorSuperficie,Functionalrelevancefunction,Clinical
0.2727272727272727,0.09090909090909091,0.2727272727272727,0.2,0.8181818181818182,0.3,0.8181818181818182,-0.8,0.18181818181818182,0.45454545454545453,0.6,0.89,0.3,0.18181818181818182,0.1,0
0.09090909090909091,0.18181818181818182,0.2727272727272727,41.5,0.8181818181818182,34.9,0.8181818181818182,1,0.09090909090909091,0.09090909090909091,0.9,0.26,0.5,0.09090909090909091,0,1
0.2727272727272727,0.09090909090909091,0.2727272727272727,93.3,0.8181818181818182,90.2,0.8181818181818182,-0.5,0.18181818181818182,0.2727272727272727,0,1,-1.1,0.2727272727272727,0.3,0
0.09090909090909091,0.09090909090909091,0.2727272727272727,52.4,0.09090909090909091,48,0.18181818181818182,-0.2,0.45454545454545453,0.45454545454545453,0.2,0.91,-0.7,0.2727272727272727,0.6,0
0.09090909090909091,0.09090909090909091,0.09090909090909091,99.4,0.09090909090909091,98.6,0.18181818181818182,-0.5,0.45454545454545453,0.45454545454545453,-0.1,0.71,-0.1,0.18181818181818182,0.2,0
0.2727272727272727,0.09090909090909091,0.2727272727272727,20.4,0.8181818181818182,47.5,0.8181818181818182,0.3,0.45454545454545453,0.18181818181818182,0.6,0.84,0,0.18181818181818182,0.1,0
0.2727272727272727,0.09090909090909091,0.2727272727272727,0,0.8181818181818182,16.9,0.8181818181818182,-3.2,0.2727272727272727,0.18181818181818182,0.9,0.47,-0.2,0.09090909090909091,0.35,1
0.09090909090909091,0.18181818181818182,0.09090909090909091,61,0.8181818181818182,89.4,0.8181818181818182,0,0.45454545454545453,0.45454545454545453,0.1,0.76,-0.1,0.2727272727272727,0.2,1
0.2727272727272727,0.18181818181818182,0.2727272727272727,40.3,0.8181818181818182,39.7,0.8181818181818182,0.2,0.45454545454545453,0.45454545454545453,0.6,0.87,0,0.09090909090909091,0.6,0
0.2727272727272727,0.09090909090909091,0.2727272727272727,0.3,0.8181818181818182,0,0.8181818181818182,-5.1,0.2727272727272727,0.2727272727272727,0.3,0.95,-0.9,0.09090909090909091,0.1,1
0.09090909090909091,0.18181818181818182,0.2727272727272727,0,0.8181818181818182,4.1,0.8181818181818182,-2.5,0.2727272727272727,0.2727272727272727,0,1,-0.8,0.18181818181818182,0.15,0
