feature,mean,var,std,min,max
SaccW,0.0854921693368,0.021762241792,0.147520309761,0.0,0.426487961165
SaccM,0.685357382431,0.0176908886593,0.133007100033,0.44667717706,0.848967804171
yDDG,-0.511774608307,0.0322655110378,0.17962603107,-0.737017342149,-0.20467064711
ProteinPropens,0.061751924429,0.0151053634076,0.122903878733,0.0,0.460508955998
Positionaccept,0.195508282876,0.00609121850255,0.0780462587351,0.0719835890261,0.328678021388
MOSST,-0.113727433979,0.0186842673696,0.136690407014,-0.27766419767,0.307005970665
Functionalrelevancefunction,0.0468366160672,0.0021355001549,0.0462114721135,0.00870972941607,0.179086816222
