AAWt,AAMt,Sstruct,SaccW,ShbondsW,SaccM,ShbondsM,yDDG,Result,Positiontype,ProteinPropens,Positionaccept,MOSST,SectorSuperficie,Functionalrelevancefunction,Clinical
0.285714285714,0.142857142857,0.285714285714,23.5,0.428571428571,23.6,0.714285714286,-0.8,0.142857142857,0.285714285714,0,1,-1,0.142857142857,0.6,0
0.142857142857,0.285714285714,0.428571428571,29.8,0.428571428571,33.5,0.714285714286,-2.1,0.571428571429,0.428571428571,0,0.81,-0.1,0.285714285714,0.2,0
0.142857142857,0.142857142857,0.142857142857,3.9,0.428571428571,15.2,0.714285714286,-2.4,0.571428571429,0.428571428571,0.5,0.88,-0.3,0.142857142857,0.5,0
0.142857142857,0.142857142857,0.428571428571,74,0.428571428571,96.2,0.714285714286,1.6,0.142857142857,0.142857142857,0.9,0.76,-0.3,0.142857142857,0.1,1
0.285714285714,0.142857142857,0.428571428571,0,0.428571428571,9.3,0.142857142857,-3,0.571428571429,0.142857142857,0.9,0.47,-0.4,0.142857142857,0.35,0
0.142857142857,0.285714285714,0.285714285714,50.3,0.428571428571,72.2,0.714285714286,-2.4,0.571428571429,0.285714285714,0,1,-0.7,0.285714285714,0.1,0
0.142857142857,0.142857142857,0.142857142857,46.6,0.142857142857,81,0.142857142857,-1.3,0.142857142857,0.428571428571,0.6,0.9,0.3,0.142857142857,0.35,1
