Metric,Score
accuracy,0.75
recall,0.0833333333333
precision,0.0833333333333
