AAWt,AAMt,Sstruct,SaccW,ShbondsW,SaccM,ShbondsM,yDDG,Result,Positiontype,ProteinPropens,Positionaccept,MOSST,SectorSuperficie,Functionalrelevancefunction,Clinical
0.2727272727272727,0.09090909090909091,0.36363636363636365,0,0.7272727272727273,0,0.7272727272727273,-2.4,0.45454545454545453,0.2727272727272727,0.7,0.78,-0.5,0.09090909090909091,0.1,1
0.09090909090909091,0.09090909090909091,0.36363636363636365,0,0.7272727272727273,1.8,0.7272727272727273,-4.3,0.45454545454545453,0.45454545454545453,0,1,-0.8,0.18181818181818182,0.35,1
0.09090909090909091,0.18181818181818182,0.36363636363636365,17.3,0.18181818181818182,21,0.7272727272727273,-1.5,0.2727272727272727,0.45454545454545453,0,1,-1,0.36363636363636365,0.85,1
0.09090909090909091,0.18181818181818182,0.09090909090909091,6.8,0.7272727272727273,7.8,0.7272727272727273,-1.1,0.2727272727272727,0.45454545454545453,0.3,0.97,-0.7,0.09090909090909091,0.2,1
0.2727272727272727,0.09090909090909091,0.36363636363636365,0,0.7272727272727273,4.9,0.7272727272727273,-4,0.45454545454545453,0.09090909090909091,0.9,0.47,-0.3,0.18181818181818182,0.35,0
0.2727272727272727,0.09090909090909091,0.18181818181818182,35.5,0.7272727272727273,58.8,0.18181818181818182,-1.1,0.2727272727272727,0.45454545454545453,0.3,0.95,-0.8,0.18181818181818182,0.1,0
0.18181818181818182,0.09090909090909091,0.18181818181818182,47.8,0.09090909090909091,67.9,0.09090909090909091,1.6,0.18181818181818182,0.2727272727272727,0.2,0.92,-0.8,0.09090909090909091,0.35,0
0.09090909090909091,0.09090909090909091,0.36363636363636365,14.4,0.18181818181818182,17.1,0.18181818181818182,1.1,0.18181818181818182,0.09090909090909091,0.2,0.48,0.8,0.18181818181818182,0.8,0
0.09090909090909091,0.09090909090909091,0.36363636363636365,55.9,0.7272727272727273,66.1,0.7272727272727273,-0.9,0.09090909090909091,0.2727272727272727,-0.1,0.2,0.4,0.36363636363636365,0,1
0.18181818181818182,0.09090909090909091,0.36363636363636365,40.5,0.7272727272727273,73.3,0.7272727272727273,-2.7,0.45454545454545453,0.09090909090909091,0.3,0.44,-0.3,0.36363636363636365,0.6,0
0.09090909090909091,0.09090909090909091,0.36363636363636365,7.3,0.7272727272727273,16.4,0.7272727272727273,-3.1,0.45454545454545453,0.45454545454545453,0,1,-1,0.36363636363636365,0.95,1
