Statistic,Value
Mean,0.467948717949
Std,0.307681309507
Max,1.0
Min,0.0
Var,0.0946677882198
