AAWt,AAMt,Sstruct,SaccW,ShbondsW,SaccM,ShbondsM,yDDG,Result,Positiontype,ProteinPropens,Positionaccept,MOSST,SectorSuperficie,Functionalrelevancefunction,Clinical
0.0501750651607,0.0250875325804,0.0752625977411,0.0,0.100350130321,0.93325621199,0.0250875325804,-0.301050390964,0.0501750651607,0.0250875325804,0.0903151172893,0.0471645612511,-0.0401400521286,0.0501750651607,0.0351225456125,0
0.00274010760611,0.00274010760611,0.00822032281833,0.630224749405,0.0109604304244,0.77599847405,0.00822032281833,-0.0142485595518,0.00274010760611,0.00274010760611,0.00986438738199,0.00339773343157,0.00109604304244,0.00548021521222,0.00383615064855,1
0.10597597585,0.10597597585,0.317927927549,0.0,0.423903903399,0.0,0.317927927549,0.0,0.10597597585,0.2119519517,0.0,0.423903903399,-0.551075074419,0.10597597585,0.2119519517,1
0.108644320104,0.054322160052,0.054322160052,0.304204096291,0.217288640208,0.499763872478,0.162966480156,-0.673594784644,0.108644320104,0.108644320104,0.0,0.217288640208,-0.195559776187,0.054322160052,0.0217288640208,0
