AAWt,AAMt,Sstruct,SaccW,ShbondsW,SaccM,ShbondsM,yDDG,Result,Positiontype,ProteinPropens,Positionaccept,MOSST,SectorSuperficie,Functionalrelevancefunction,Clinical
0.0166776961239,0.0500330883718,0.0667107844957,0.0,0.100066176744,0.693792158756,0.116743872868,-0.667107844957,0.0333553922479,0.0833884806197,0.0,0.133421568991,-0.120079412092,0.0166776961239,0.046697549147,1
0.0804023755072,0.0402011877536,0.160804751014,0.0,0.241207126522,0.0,0.281408314275,0.804023755072,0.0402011877536,0.201005938768,0.0,0.321609502029,-0.0964828506086,0.0402011877536,0.160804751014,1
0.0159833871385,0.0159833871385,0.0639335485539,0.767202582646,0.0959003228308,0.600975356406,0.111883709969,0.0639335485539,0.0159833871385,0.0319667742769,0.0639335485539,0.0779989292357,-0.0383601291323,0.0319667742769,0.0767202582646,1
0.0447034817322,0.0670552225982,0.0894069634643,0.214576712314,0.134110445196,0.143051141543,0.156462186063,-0.894069634643,0.0447034817322,0.11175870433,0.0,0.178813926929,-0.160932534236,0.0670552225982,0.0178813926929,0
0.00557408529843,0.00557408529843,0.0222963411937,0.642134626379,0.00557408529843,0.762534868825,0.00557408529843,0.0490519506261,0.00557408529843,0.00557408529843,0.00891853647748,0.021404487546,0.0356741459099,0.00557408529843,0.0356741459099,0
0.0030493818692,0.0045740728038,0.0060987637384,0.811135577208,0.0015246909346,0.584261566139,0.0106728365422,-0.0170765384675,0.0015246909346,0.0030493818692,0.00853826923376,0.0103678983553,0.0,0.0045740728038,0.0030493818692,1
0.00265587696885,0.00265587696885,0.0106235078754,0.399443896116,0.0159352618131,0.915746378861,0.018591138782,-0.00849880630033,0.00531175393771,0.0132793848443,0.0,0.0212470157508,-0.0191223141757,0.00531175393771,0.00212470157508,1
0.0507046196447,0.0253523098223,0.101409239289,0.243382174294,0.152113858934,0.892401305746,0.177466168756,-0.0811273914315,0.0507046196447,0.126761549112,0.0,0.202818478579,-0.0608455435736,0.076056929467,0.0202818478579,0
