AAWt,AAMt,Sstruct,SaccW,ShbondsW,SaccM,ShbondsM,yDDG,Result,Positiontype,ProteinPropens,Positionaccept,MOSST,SectorSuperficie,Functionalrelevancefunction,Clinical
0.09090909090909091,0.18181818181818182,0.18181818181818182,96.5,0.2727272727272727,68,1.0,-8.7,0.5454545454545454,0.7272727272727273,0.4,0.6,-0.1,0.36363636363636365,0.3,0
0.09090909090909091,0.09090909090909091,0.18181818181818182,83.7,0.7272727272727273,89.9,1.0,-1,0.09090909090909091,0.09090909090909091,0.7,0.47,-0.1,0.2727272727272727,0.25,1
0.2727272727272727,0.09090909090909091,0.5454545454545454,50.8,0.7272727272727273,62.7,1.0,0.3,0.2727272727272727,0.7272727272727273,1,0.63,-0.2,0.18181818181818182,0.25,0
0.09090909090909091,0.09090909090909091,0.09090909090909091,0,0.7272727272727273,0,1.0,-5.3,0.5454545454545454,0.18181818181818182,0,1,-1.1,0.09090909090909091,0.35,1
0.09090909090909091,0.09090909090909091,0.18181818181818182,18.3,0.7272727272727273,42.6,1.0,-2.1,0.5454545454545454,0.7272727272727273,0.5,0.85,-0.8,0.36363636363636365,0.8,0
0.2727272727272727,0.18181818181818182,0.5454545454545454,50.8,0.7272727272727273,23.9,1.0,-1.8,0.09090909090909091,0.7272727272727273,1,0.63,-0.3,0.18181818181818182,0.25,0
0.2727272727272727,0.09090909090909091,0.5454545454545454,91.7,0.2727272727272727,64.7,1.0,0,0.2727272727272727,0.7272727272727273,0.5,0.9,-0.7,0.36363636363636365,0,0
0.18181818181818182,0.09090909090909091,0.5454545454545454,0,0.7272727272727273,0,1.0,-2.4,0.5454545454545454,0.7272727272727273,0.7,0.78,-0.5,0.2727272727272727,0.1,1
0.09090909090909091,0.09090909090909091,0.5454545454545454,50.3,0.2727272727272727,72.2,1.0,-2.4,0.5454545454545454,0.18181818181818182,0,1,-0.7,0.09090909090909091,0.1,0
0.18181818181818182,0.09090909090909091,0.5454545454545454,0,0.7272727272727273,0.3,1.0,-3.6,0.5454545454545454,0.7272727272727273,0.7,0.78,-0.6,0.2727272727272727,0.1,0
0.09090909090909091,0.09090909090909091,0.18181818181818182,61,0.7272727272727273,89.4,1.0,0,0.2727272727272727,0.7272727272727273,0.1,0.76,-0.1,0.36363636363636365,0.2,1
