AAWt,AAMt,Sstruct,SaccW,ShbondsW,SaccM,ShbondsM,yDDG,Result,Positiontype,ProteinPropens,Positionaccept,MOSST,SectorSuperficie,Functionalrelevancefunction,Clinical
0.153846153846,0.307692307692,0.307692307692,75.7,0.230769230769,81.1,0.230769230769,0.1,0.384615384615,0.692307692308,0.1,0.72,0,0.0769230769231,0.1,1
0.153846153846,0.0769230769231,0.153846153846,61,0.692307692308,89.4,0.692307692308,0,0.384615384615,0.692307692308,0.1,0.76,-0.1,0.153846153846,0.2,1
0.0769230769231,0.307692307692,0.230769230769,65.7,0.0769230769231,85.6,0.230769230769,0.3,0.384615384615,0.692307692308,0.4,0.14,-0.1,0.153846153846,0.15,1
0.0769230769231,0.0769230769231,0.307692307692,45.4,0.692307692308,27.8,0.692307692308,-3,0.307692307692,0.692307692308,0.1,0.57,-0.4,0.230769230769,0.1,1
0.153846153846,0.307692307692,0.307692307692,19.6,0.692307692308,26.2,0.692307692308,3.3,0.0769230769231,0.692307692308,-0.1,0.6,-0.5,0.230769230769,0.15,0
0.153846153846,0.0769230769231,0.307692307692,16.3,0.692307692308,30.7,0.692307692308,1,0.0769230769231,0.692307692308,0.8,0.74,-0.4,0.230769230769,0.65,1
0.153846153846,0.307692307692,0.230769230769,63.3,0.230769230769,97.8,0.0769230769231,-0.4,0.384615384615,0.307692307692,0,1,-0.3,0.0769230769231,1,1
0.0769230769231,0.0769230769231,0.307692307692,7.3,0.692307692308,0.6,0.692307692308,0,0.384615384615,0.307692307692,0,1,-1.1,0.230769230769,0.95,1
0.0769230769231,0.153846153846,0.153846153846,3.9,0.230769230769,3.5,0.692307692308,-0.9,0.0769230769231,0.692307692308,0.5,0.88,-0.4,0.153846153846,0.5,0
0.153846153846,0.0769230769231,0.307692307692,0,0.692307692308,0,0.692307692308,-1.3,0.0769230769231,0.307692307692,0,1,-1.1,0.0769230769231,0.5,1
0.153846153846,0.0769230769231,0.307692307692,0,0.692307692308,0,0.692307692308,-2.4,0.307692307692,0.692307692308,0.7,0.78,-0.5,0.230769230769,0.1,1
0.153846153846,0.0769230769231,0.230769230769,9.8,0.692307692308,17.2,0.230769230769,-3.4,0.307692307692,0.307692307692,0,1,-0.9,0.153846153846,0.1,0
0.0769230769231,0.153846153846,0.307692307692,20.1,0.692307692308,24.2,0.692307692308,-4,0.307692307692,0.692307692308,0.2,0.59,-0.1,0.230769230769,0.1,1
