AAWt,AAMt,Sstruct,SaccW,ShbondsW,SaccM,ShbondsM,yDDG,Result,Positiontype,ProteinPropens,Positionaccept,MOSST,SectorSuperficie,Functionalrelevancefunction,Clinical
0.142857142857,0.142857142857,0.428571428571,42.5,0.714285714286,55.3,0.571428571429,0.7,0.142857142857,0.285714285714,0.5,0.93,-0.6,0.142857142857,0.1,0
0.142857142857,0.142857142857,0.142857142857,9.8,0.714285714286,17.2,0.142857142857,-3.4,0.428571428571,0.714285714286,0,1,-0.9,0.142857142857,0.1,0
0.142857142857,0.142857142857,0.285714285714,0,0.714285714286,5.2,0.571428571429,-5,0.428571428571,0.714285714286,0,1,-0.9,0.285714285714,0.35,1
0.142857142857,0.142857142857,0.142857142857,27.7,0.142857142857,34.7,0.571428571429,0.4,0.428571428571,0.714285714286,0,1,-1.3,0.285714285714,0.1,1
0.142857142857,0.142857142857,0.285714285714,0.3,0.714285714286,0,0.571428571429,-5.1,0.428571428571,0.714285714286,0.3,0.95,-0.9,0.142857142857,0.1,1
0.142857142857,0.142857142857,0.428571428571,99.4,0.142857142857,98.6,0.285714285714,-0.5,0.428571428571,0.285714285714,-0.1,0.71,-0.1,0.285714285714,0.2,0
0.142857142857,0.142857142857,0.428571428571,25.3,0.714285714286,40.3,0.285714285714,0.1,0.428571428571,0.714285714286,0.3,0.97,-1,0.285714285714,0.25,0
