Statistic,Value
Mean,0.500348310693
Std,0.0626252552679
Max,0.655172413793
Min,0.293103448276
Var,0.00392192259737
