Statistic,Value
Mean,0.448156130268
Std,0.0624792384521
Max,0.655172413793
Min,0.310344827586
Var,0.00390365523756
