AAWt,AAMt,Sstruct,SaccW,ShbondsW,SaccM,ShbondsM,yDDG,Result,Positiontype,ProteinPropens,Positionaccept,MOSST,SectorSuperficie,Functionalrelevancefunction,Clinical
0.09090909090909091,0.18181818181818182,0.09090909090909091,42.5,0.7272727272727273,55.3,0.9090909090909091,0.7,0.09090909090909091,0.6363636363636364,0.5,0.93,-0.6,0.45454545454545453,0.1,0
0.2727272727272727,0.18181818181818182,0.5454545454545454,0,0.7272727272727273,16.9,0.9090909090909091,-3.2,0.6363636363636364,0.18181818181818182,0.9,0.47,-0.2,0.18181818181818182,0.35,1
0.18181818181818182,0.18181818181818182,0.18181818181818182,78.1,0.7272727272727273,78.6,0.9090909090909091,-1,0.2727272727272727,0.6363636363636364,-0.1,0.21,0,0.45454545454545453,0,1
0.18181818181818182,0.18181818181818182,0.18181818181818182,25.4,0.7272727272727273,36.1,0.9090909090909091,-1,0.2727272727272727,0.18181818181818182,0,1,-0.5,0.09090909090909091,0,0
0.2727272727272727,0.2727272727272727,0.5454545454545454,0.1,0.7272727272727273,0.3,0.9090909090909091,-3.1,0.6363636363636364,0.6363636363636364,0.5,0.9,-0.7,0.09090909090909091,0.1,1
0.09090909090909091,0.2727272727272727,0.09090909090909091,6.7,0.7272727272727273,38.3,0.9090909090909091,-2.2,0.6363636363636364,0.6363636363636364,0.7,0.78,-0.5,0.18181818181818182,0.5,0
0.18181818181818182,0.18181818181818182,0.5454545454545454,4.9,0.2727272727272727,12.7,0.9090909090909091,-1.4,0.2727272727272727,0.6363636363636364,0.7,0.73,0.2,0.45454545454545453,0.75,1
0.2727272727272727,0.18181818181818182,0.5454545454545454,0,0.7272727272727273,16.9,0.9090909090909091,-3.2,0.6363636363636364,0.18181818181818182,0.9,0.47,-0.2,0.18181818181818182,0.35,1
0.09090909090909091,0.18181818181818182,0.5454545454545454,20.1,0.7272727272727273,17.3,0.9090909090909091,-3,0.6363636363636364,0.6363636363636364,0.2,0.59,-0.3,0.45454545454545453,0.1,1
0.18181818181818182,0.18181818181818182,0.09090909090909091,3.9,0.2727272727272727,15.2,0.9090909090909091,-2.4,0.6363636363636364,0.6363636363636364,0.5,0.88,-0.3,0.18181818181818182,0.5,0
0.09090909090909091,0.2727272727272727,0.5454545454545454,17.3,0.2727272727272727,27.7,0.09090909090909091,-2.5,0.6363636363636364,0.18181818181818182,0,1,-0.8,0.45454545454545453,0.85,0
