AAWt,AAMt,Sstruct,SaccW,ShbondsW,SaccM,ShbondsM,yDDG,Result,Positiontype,ProteinPropens,Positionaccept,MOSST,SectorSuperficie,Functionalrelevancefunction,Clinical
0.14285714285714285,0.14285714285714285,0.42857142857142855,0,0.42857142857142855,0,0.7142857142857143,-0.2,0.42857142857142855,0.2857142857142857,0,1,-0.8,0.14285714285714285,0.5,0
0.2857142857142857,0.14285714285714285,0.42857142857142855,74,0.42857142857142855,82.7,0.2857142857142857,0.5,0.42857142857142855,0.14285714285714285,0.9,0.76,0.3,0.2857142857142857,0.1,1
0.14285714285714285,0.14285714285714285,0.14285714285714285,96.5,0.42857142857142855,95.3,0.2857142857142857,0.3,0.42857142857142855,0.5714285714285714,0.4,0.6,0.2,0.42857142857142855,0.3,0
0.2857142857142857,0.2857142857142857,0.14285714285714285,7.3,0.42857142857142855,16.2,0.7142857142857143,-1.3,0.2857142857142857,0.2857142857142857,0,1,-1.1,0.2857142857142857,0.95,0
0.14285714285714285,0.2857142857142857,0.14285714285714285,3.9,0.42857142857142855,1.9,0.7142857142857143,-1.9,0.2857142857142857,0.5714285714285714,0.5,0.88,-0.8,0.42857142857142855,0.5,0
0.14285714285714285,0.14285714285714285,0.42857142857142855,0.2,0.42857142857142855,0.3,0.7142857142857143,-0.8,0.14285714285714285,0.5714285714285714,0.6,0.89,0.3,0.14285714285714285,0.1,0
0.14285714285714285,0.14285714285714285,0.14285714285714285,52.4,0.14285714285714285,29.7,0.7142857142857143,-2.3,0.14285714285714285,0.5714285714285714,0.2,0.91,-0.8,0.42857142857142855,0.6,0
