AAWt,AAMt,Sstruct,SaccW,ShbondsW,SaccM,ShbondsM,yDDG,Result,Positiontype,ProteinPropens,Positionaccept,MOSST,SectorSuperficie,Functionalrelevancefunction,Clinical
0.0909090909091,0.0909090909091,0.181818181818,62,0.0909090909091,37.2,0.636363636364,-0.7,0.363636363636,0.0909090909091,0.3,0.67,-0.4,0.0909090909091,0.35,0
0.181818181818,0.181818181818,0.181818181818,82.8,0.363636363636,74.3,0.272727272727,-0.7,0.363636363636,0.363636363636,0.8,0.64,-0.2,0.272727272727,0.1,0
0.181818181818,0.181818181818,0.0909090909091,96.5,0.363636363636,95.3,0.272727272727,0.3,0.272727272727,0.363636363636,0.4,0.6,0.2,0.181818181818,0.3,0
0.0909090909091,0.181818181818,0.272727272727,68.8,0.363636363636,83.3,0.272727272727,0.4,0.272727272727,0.454545454545,0,1,-1.2,0.181818181818,0,0
0.0909090909091,0.0909090909091,0.272727272727,62.5,0.363636363636,76,0.0909090909091,-0.8,0.363636363636,0.363636363636,0.7,0.59,0.4,0.181818181818,0.25,1
0.181818181818,0.0909090909091,0.181818181818,0,0.545454545455,4.9,0.636363636364,1.6,0.181818181818,0.454545454545,0,1,-1.3,0.0909090909091,0.15,0
0.181818181818,0.0909090909091,0.181818181818,6.8,0.545454545455,15.1,0.636363636364,-4.9,0.181818181818,0.454545454545,0.3,0.97,-0.9,0.272727272727,0.2,0
0.181818181818,0.0909090909091,0.272727272727,37,0.545454545455,48.6,0.636363636364,1.7,0.181818181818,0.0909090909091,0.2,0.89,-0.4,0.181818181818,0,1
0.0909090909091,0.181818181818,0.272727272727,9.8,0.545454545455,20.3,0.636363636364,-3.2,0.181818181818,0.454545454545,0,1,-0.8,0.181818181818,0.1,0
0.0909090909091,0.0909090909091,0.272727272727,29.8,0.545454545455,30.4,0.636363636364,-0.2,0.272727272727,0.363636363636,0,0.81,0.3,0.272727272727,0.2,0
0.181818181818,0.0909090909091,0.272727272727,1.2,0.545454545455,3.4,0.636363636364,-0.6,0.363636363636,0.454545454545,0,1,-0.5,0.181818181818,0.1,0
