AAWt,AAMt,Sstruct,SaccW,ShbondsW,SaccM,ShbondsM,yDDG,Result,Positiontype,ProteinPropens,Positionaccept,MOSST,SectorSuperficie,Functionalrelevancefunction,Clinical
0.153846153846,0.0769230769231,0.384615384615,0,0.846153846154,2.3,0.692307692308,-5,0.230769230769,0.769230769231,0,1,-0.9,0.153846153846,0.25,0
0.153846153846,0.0769230769231,0.384615384615,1.2,0.846153846154,3.8,0.692307692308,-1.7,0.307692307692,0.769230769231,0,1,-0.7,0.384615384615,0.1,1
0.153846153846,0.0769230769231,0.230769230769,46.3,0.846153846154,15.3,0.692307692308,-0.2,0.230769230769,0.769230769231,0,1,-1,0.384615384615,0.35,1
0.0769230769231,0.230769230769,0.153846153846,83.7,0.846153846154,88.2,0.307692307692,-0.3,0.230769230769,0.0769230769231,0.7,0.47,0.3,0.153846153846,0.25,1
0.0769230769231,0.230769230769,0.153846153846,63.3,0.153846153846,105,0.307692307692,-1.6,0.307692307692,0.769230769231,0,1,-1.2,0.153846153846,1,1
0.153846153846,0.153846153846,0.384615384615,0,0.846153846154,0,0.307692307692,0.6,0.0769230769231,0.769230769231,0,1,-1.1,0.153846153846,0.5,0
0.153846153846,0.0769230769231,0.153846153846,25.3,0.846153846154,40.3,0.307692307692,0.1,0.230769230769,0.769230769231,0.3,0.97,-1,0.153846153846,0.25,0
0.153846153846,0.230769230769,0.230769230769,46.3,0.846153846154,18.1,0.692307692308,-1.4,0.307692307692,0.769230769231,0,1,-1.3,0.384615384615,0.35,0
0.153846153846,0.153846153846,0.153846153846,11.9,0.846153846154,15.2,0.692307692308,-2.3,0.230769230769,0.769230769231,0,1,-1.2,0.153846153846,0.1,1
0.153846153846,0.153846153846,0.230769230769,0,0.846153846154,3.2,0.692307692308,-0.9,0.0769230769231,0.769230769231,0,1,-0.8,0.153846153846,0.15,1
0.153846153846,0.153846153846,0.0769230769231,0.2,0.846153846154,9,0.692307692308,-3.6,0.230769230769,0.0769230769231,0.5,0.91,-0.6,0.384615384615,0.1,0
0.153846153846,0.0769230769231,0.384615384615,0,0.846153846154,0,0.692307692308,-1.3,0.307692307692,0.769230769231,0,1,-1.1,0.153846153846,0.5,1
0.0769230769231,0.0769230769231,0.384615384615,4.9,0.153846153846,2.1,0.692307692308,2.5,0.0769230769231,0.0769230769231,0.7,0.73,-0.4,0.384615384615,0.75,1
