AAWt,AAMt,Sstruct,SaccW,ShbondsW,SaccM,ShbondsM,yDDG,Result,Positiontype,ProteinPropens,Positionaccept,MOSST,SectorSuperficie,Functionalrelevancefunction,Clinical
0.181818181818,0.0909090909091,0.363636363636,74.6,0.909090909091,70.3,0.363636363636,1.1,0.0909090909091,0.454545454545,0,0.79,-0.3,0.181818181818,0.35,1
0.0909090909091,0.272727272727,0.272727272727,0,0.909090909091,0,0.545454545455,-2.9,0.272727272727,0.545454545455,0.3,0.96,-0.8,0.0909090909091,0.35,1
0.0909090909091,0.181818181818,0.363636363636,6.7,0.909090909091,17.7,0.545454545455,-0.3,0.272727272727,0.454545454545,0.7,0.78,-0.5,0.181818181818,0.5,1
0.0909090909091,0.0909090909091,0.272727272727,0,0.909090909091,0,0.545454545455,-1.3,0.363636363636,0.545454545455,0,1,-1.1,0.0909090909091,0.5,1
0.0909090909091,0.181818181818,0.363636363636,68.8,0.0909090909091,71.8,0.545454545455,-2.4,0.272727272727,0.545454545455,0,1,-1.1,0.181818181818,0,0
0.272727272727,0.272727272727,0.363636363636,111.8,0.909090909091,93.3,0.363636363636,-0.4,0.272727272727,0.454545454545,0.5,0.62,-0.4,0.0909090909091,0.55,1
0.181818181818,0.0909090909091,0.363636363636,12.8,0.909090909091,17.4,0.0909090909091,-1.2,0.363636363636,0.545454545455,0,1,-0.8,0.0909090909091,0.6,0
0.0909090909091,0.0909090909091,0.363636363636,11.1,0.909090909091,46.4,0.363636363636,-0.4,0.272727272727,0.454545454545,0.5,0.91,-0.8,0.181818181818,0.5,0
0.272727272727,0.272727272727,0.363636363636,52.6,0.909090909091,81.8,0.363636363636,-1.5,0.363636363636,0.545454545455,0,1,-1.3,0.0909090909091,0.8,1
0.0909090909091,0.0909090909091,0.363636363636,0,0.909090909091,5.5,0.545454545455,-1.5,0.363636363636,0.545454545455,0,1,-0.6,0.181818181818,0.15,1
0.272727272727,0.0909090909091,0.272727272727,0.2,0.909090909091,4.6,0.545454545455,-5.1,0.272727272727,0.454545454545,0.6,0.89,-0.5,0.181818181818,0.1,1
